Row ID,Order ID,Order Date,Ship Date,Ship Mode,Customer ID,Customer Name,Segment,Country,City,State,Postal Code,Region,Product ID,Category,Sub-Category,Product Name,Sales,Quantity,Discount,Profit,Upload Source,Approval Status,Internal Notes
1.0,CA-2016-152156,11/8/2016,11/11/2016,Second Class,CG-12520,Claire Gute,Consumer,United States,Henderson,Kentucky,42420.0,South,FUR-BO-10001798,Furniture,Bookcases,Bush Somerset Collection Bookcase,261.96,2.0,0.0,41.9136,Legacy,Pending,Urgent
2.0,CA-2016-152156,11/8/2016,11/11/2016,Second Class,CG-12520,Claire Gute,Consumer,United States,Henderson,Kentucky,42420.0,South,FUR-CH-10000454,Furniture,Chairs,"Hon Deluxe Fabric Upholstered Stacking Chairs, Rounded Back",731.94,3.0,0.0,219.582,CRM,Pending,Check later
3.0,CA-2016-138688,6/12/2016,6/16/2016,Second Class,DV-13045,Darrin Van Huff,Corporate,United States,Los Angeles,California,90036.0,West,OFF-LA-10000240,Office Supplies,Labels,Self-Adhesive Address Labels for Typewriters by Universal,14.62,2.0,0.0,6.8714,Legacy,,
4.0,US-2015-108966,10/11/2015,10/18/2015,Standard Class,SO-20335,Sean O'Donnell,Consumer,United States,Fort Lauderdale,Florida,33311.0,South,FUR-TA-10000577,Furniture,Tables,Bretford CR4500 Series Slim Rectangular Table,957.5775,5.0,0.45,-383.031,ERP,Approved,Duplicate?
5.0,US-2015-108966,10/11/2015,10/18/2015,Standard Class,SO-20335,Sean O'Donnell,Consumer,United States,Fort Lauderdale,Florida,33311.0,South,OFF-ST-10000760,Office Supplies,Storage,Eldon Fold 'N Roll Cart System,22.368,2.0,0.2,2.5164,Legacy,Approved,
6.0,CA-2014-115812,6/9/2014,6/14/2014,Standard Class,BH-11710,Brosina Hoffman,Consumer,United States,Los Angeles,California,90032.0,West,FUR-FU-10001487,Furniture,Furnishings,"Eldon Expressions Wood and Plastic Desk Accessories, Cherry Wood",48.86,7.0,0.0,14.1694,ERP,,Urgent
7.0,CA-2014-115812,6/9/2014,6/14/2014,Standard Class,BH-11710,Brosina Hoffman,Consumer,United States,Los Angeles,California,90032.0,West,OFF-AR-10002833,Office Supplies,Art,Newell 322,7.28,4.0,0.0,1.9656,Manual Upload,Approved,Duplicate?
8.0,CA-2014-115812,6/9/2014,6/14/2014,Standard Class,BH-11710,Brosina Hoffman,Consumer,United States,Los Angeles,California,90032.0,West,TEC-PH-10002275,Technology,Phones,Mitel 5320 IP Phone VoIP phone,907.152,6.0,0.2,90.7152,ERP,Pending,
9.0,CA-2014-115812,6/9/2014,6/14/2014,Standard Class,BH-11710,Brosina Hoffman,Consumer,United States,Los Angeles,California,90032.0,West,OFF-BI-10003910,Office Supplies,Binders,DXL Angle-View Binders with Locking Rings by Samsill,18.504,3.0,0.2,50000.0,Legacy,Approved,Check later
10.0,CA-2014-115812,6/9/2014,6/14/2014,Standard Class,BH-11710,Brosina Hoffman,Consumer,United States,Los Angeles,California,90032.0,West,OFF-AP-10002892,Office Supplies,Appliances,Belkin F5C206VTEL 6 Outlet Surge,114.9,5.0,0.0,34.47,ERP,Pending,Duplicate?
11.0,CA-2014-115812,6/9/2014,6/14/2014,Standard Class,BH-11710,Brosina Hoffman,Consumer,United States,Los Angeles,California,90032.0,West,FUR-TA-10001539,Furniture,Tables,Chromcraft Rectangular Conference Tables,1706.184,9.0,0.2,85.3092,Legacy,,
12.0,CA-2014-115812,6/9/2014,6/14/2014,Standard Class,BH-11710,Brosina Hoffman,Consumer,United States,Los Angeles,California,90032.0,West,TEC-PH-10002033,Technology,Phones,Konftel 250 Conference phone - Charcoal black,911.424,4.0,0.2,68.3568,CRM,,
13.0,CA-2017-114412,4/15/2017,4/20/2017,Standard Class,AA-10480,Andrew Allen,Consumer,United States,Concord,North Carolina,28027.0,South,OFF-PA-10002365,Office Supplies,Paper,Xerox 1967,15.552,3.0,0.2,5.4432,Manual Upload,Pending,
14.0,CA-2016-161389,05 Dec 2016,12/10/2016,Standard Class,IM-15070,Irene Maddox,Consumer,United States,Seattle,Washington,98103.0,West,OFF-BI-10003656,Office Supplies,Binders,Fellowes PB200 Plastic Comb Binding Machine,407.976,3.0,0.2,132.5922,CRM,Pending,Check later
15.0,US-2015-118983,11/22/2015,11/26/2015,Standard Class,HP-14815,Harold Pawlan,Home Office,United States,Fort Worth,Texas,76106.0,Central,OFF-AP-10002311,Office Supplies,Appliances,"Holmes Replacement Filter for HEPA Air Cleaner, Very Large Room, HEPA Filter",68.81,5.0,0.8,-123.858,CRM,,
16.0,US-2015-118983,11/22/2015,11/26/2015,Standard Class,HP-14815,Harold Pawlan,Home Office,United States,Fort Worth,Texas,76106.0,Central,OFF-BI-10000756,Office Supplies,Binders,Storex DuraTech Recycled Plastic Frosted Binders,2.544,3.0,0.8,-3.816,Legacy,Pending,Check later
17.0,CA-2014-105893,11/11/2014,11/18/2014,Standard Class,PK-19075,Pete Kriz,Consumer,United States,Madison,Wisconsin,53711.0,Central,OFF-ST-10004186,Office Supplies,Storage,"Stur-D-Stor Shelving, Vertical 5-Shelf: 72""H x 36""W x 18 1/2""D",665.88,6.0,0.0,13.3176,Legacy,,Check later
18.0,CA-2014-167164,5/13/2014,5/15/2014,Second Class,AG-10270,Alejandro Grove,Consumer,United States,West Jordan,Utah,84084.0,West,OFF-ST-10000107,Office Supplies,Storage,Fellowes Super Stor/Drawer,55.5,2.0,0.0,9.99,ERP,,
19.0,CA-2014-143336,8/27/2014,9/1/2014,Second Class,ZD-21925,Zuschuss Donatelli,Consumer,United States,San Francisco,California,94109.0,West,OFF-AR-10003056,Office Supplies,Art,Newell 341,8.56,2.0,0.0,2.4824,Legacy,,Duplicate?
20.0,CA-2014-143336,8/27/2014,9/1/2014,Second Class,ZD-21925,Zuschuss Donatelli,Consumer,United States,San Francisco,California,94109.0,West,TEC-PH-10001949,Technology,Phones,Cisco SPA 501G IP Phone,213.48,3.0,0.2,16.011,CRM,Approved,
21.0,CA-2014-143336,8/27/2014,9/1/2014,Second Class,ZD-21925,Zuschuss Donatelli,Consumer,United States,San Francisco,California,94109.0,West,OFF-BI-10002215,Office Supplies,Binders,"Wilson Jones Hanging View Binder, White, 1""",22.72,4.0,0.2,7.384,Manual Upload,Rejected,Check later
22.0,CA-2016-137330,12/9/2016,12/13/2016,Standard Class,KB-16585,Ken Black,Corporate,United States,Fremont,Nebraska,68025.0,Central,OFF-AR-10000246,Office Supplies,Art,Newell 318,19.46,7.0,0.0,5.0596,CRM,Pending,
23.0,CA-2016-137330,12/9/2016,12/13/2016,Standard Class,KB-16585,Ken Black,Corporate,United States,Fremont,Nebraska,68025.0,Central,OFF-AP-10001492,Office Supplies,Appliances,"Acco Six-Outlet Power Strip, 4' Cord Length",60.34,7.0,0.0,15.6884,ERP,Approved,Urgent
24.0,US-2017-156909,7/16/2017,7/18/2017,Second Class,SF-20065,Sandra Flanagan,Consumer,United States,Philadelphia,Pennsylvania,19140.0,East,FUR-CH-10002774,Furniture,Chairs,"Global Deluxe Stacking Chair, Gray",-500.0,2.0,0.3,-1.0196,CRM,Pending,Urgent
25.0,CA-2015-106320,9/25/2015,9/30/2015,Standard Class,EB-13870,Emily Burns,Consumer,United States,Orem,Utah,84057.0,West,FUR-TA-10000577,Furniture,Tables,Bretford CR4500 Series Slim Rectangular Table,1044.63,3.0,0.0,240.2649,Manual Upload,Pending,Check later
26.0,CA-2016-121755,1/16/2016,1/20/2016,Second Class,EH-13945,Eric Hoffmann,Consumer,United States,Los Angeles,California,90049.0,West,OFF-BI-10001634,Office Supplies,Binders,Wilson Jones Active Use Binders,11.648,2.0,0.2,4.2224,ERP,Approved,Duplicate?
27.0,CA-2016-121755,1/16/2016,1/20/2016,Second Class,EH-13945,Eric Hoffmann,Consumer,United States,Los Angeles,California,90049.0,West,TEC-AC-10003027,Technology,Accessories,Imation 8GB Mini TravelDrive USB 2.0 Flash Drive,90.57,3.0,0.0,11.7741,ERP,,
28.0,US-2015-150630,9/17/2015,9/21/2015,Standard Class,TB-21520,Tracy Blumstein,Consumer,United States,Philadelphia,Pennsylvania,19140.0,East,FUR-BO-10004834,Furniture,Bookcases,"Riverside Palais Royal Lawyers Bookcase, Royale Cherry Finish",3083.43,7.0,0.5,-1665.0522,ERP,,
29.0,US-2015-150630,9/17/2015,9/21/2015,Standard Class,TB-21520,Tracy Blumstein,Consumer,United States,Philadelphia,Pennsylvania,19140.0,East,OFF-BI-10000474,Office Supplies,Binders,Avery Recycled Flexi-View Covers for Binding Systems,9.618,2.0,0.7,-7.0532,ERP,,
30.0,US-2015-150630,9/17/2015,9/21/2015,Standard Class,TB-21520,Tracy Blumstein,Consumer,United States,Philadelphia,Pennsylvania,19140.0,East,FUR-FU-10004848,Furniture,Furnishings,"Howard Miller 13-3/4"" Diameter Brushed Chrome Round Wall Clock",124.2,3.0,0.2,15.525,ERP,Rejected,Urgent
31.0,US-2015-150630,9/17/2015,9/21/2015,Standard Class,TB-21520,Tracy Blumstein,Consumer,United States,Philadelphia,Pennsylvania,19140.0,East,OFF-EN-10001509,Office Supplies,Envelopes,Poly String Tie Envelopes,3.264,2.0,0.2,1.1016,Legacy,Pending,
32.0,US-2015-150630,9/17/2015,9/21/2015,Standard Class,TB-21520,Tracy Blumstein,Consumer,United States,Philadelphia,Pennsylvania,19140.0,East,OFF-AR-10004042,Office Supplies,Art,"BOSTON Model 1800 Electric Pencil Sharpeners, Putty/Woodgrain",86.304,6.0,0.2,9.7092,CRM,Rejected,
33.0,US-2015-150630,9/17/2015,21/09/2015,Standard Class,TB-21520,Tracy Blumstein,Consumer,United States,Philadelphia,Pennsylvania,19140.0,East,OFF-BI-10001525,Office Supplies,Binders,"Acco Pressboard Covers with Storage Hooks, 14 7/8"" x 11"", Executive Red",6.858,6.0,0.7,-5.715,CRM,Pending,Urgent
34.0,US-2015-150630,9/17/2015,9/21/2015,Standard Class,TB-21520,Tracy Blumstein,Consumer,United States,Philadelphia,Pennsylvania,19140.0,East,OFF-AR-10001683,Office Supplies,Art,Lumber Crayons,15.76,2.0,0.2,3.546,CRM,Pending,
35.0,CA-2017-107727,10/19/2017,10/23/2017,Second Class,MA-17560,Matt Abelman,Home Office,United States,Houston,Texas,77095.0,Central,OFF-PA-10000249,Office Supplies,Paper,Easy-staple paper,29.472,3.0,0.2,9.9468,Manual Upload,Approved,Duplicate?
36.0,CA-2016-117590,12/8/2016,12/10/2016,First Class,GH-14485,Gene Hale,Corporate,United States,Richardson,Texas,75080.0,Central,TEC-PH-10004977,Technology,Phones,GE 30524EE4,1097.544,7.0,0.2,123.4737,CRM,Pending,Duplicate?
37.0,CA-2016-117590,12/8/2016,12/10/2016,First Class,GH-14485,Gene Hale,Corporate,United States,Richardson,Texas,75080.0,Central,FUR-FU-10003664,Furniture,Furnishings,"Electrix Architect's Clamp-On Swing Arm Lamp, Black",190.92,5.0,0.6,-147.963,CRM,,Urgent
38.0,CA-2015-117415,12/27/2015,12/31/2015,Standard Class,SN-20710,Steve Nguyen,Home Office,United States,Houston,Texas,77041.0,Central,OFF-EN-10002986,Office Supplies,Envelopes,"#10-4 1/8"" x 9 1/2"" Premium Diagonal Seam Envelopes",113.328,9.0,0.2,35.415,Manual Upload,,Check later
39.0,CA-2015-117415,12/27/2015,12/31/2015,Standard Class,SN-20710,Steve Nguyen,Home Office,United States,Houston,Texas,77041.0,Central,FUR-BO-10002545,Furniture,Bookcases,"Atlantic Metals Mobile 3-Shelf Bookcases, Custom Colors",532.3992,3.0,0.32,-46.9764,Legacy,Approved,Check later
40.0,CA-2015-117415,12/27/2015,12/31/2015,Standard Class,SN-20710,Steve Nguyen,Home Office,United States,Houston,Texas,77041.0,Central,FUR-CH-10004218,Furniture,Chairs,"Global Fabric Manager's Chair, Dark Gray",212.058,3.0,0.3,-15.147,Manual Upload,,
41.0,CA-2015-117415,12/27/2015,12/31/2015,Standard Class,SN-20710,Steve Nguyen,Home Office,United States,Houston,Texas,77041.0,Central,TEC-PH-10000486,Technology,Phones,Plantronics HL10 Handset Lifter,371.168,4.0,0.2,41.7564,ERP,Pending,Check later
42.0,CA-2017-120999,9/10/2017,9/15/2017,Standard Class,LC-16930,Linda Cazamias,Corporate,United States,Naperville,Illinois,60540.0,Central,TEC-PH-10004093,Technology,Phones,Panasonic Kx-TS550,147.168,4.0,0.2,16.5564,ERP,Pending,Duplicate?
43.0,CA-2016-101343,7/17/2016,7/22/2016,Standard Class,RA-19885,Ruben Ausman,Corporate,United States,Los Angeles,California,90049.0,West,OFF-ST-10003479,Office Supplies,Storage,"Eldon Base for stackable storage shelf, platinum",77.88,2.0,0.0,3.894,Legacy,Rejected,
44.0,CA-2017-139619,9/19/2017,9/23/2017,Standard Class,ES-14080,Erin Smith,Corporate,United States,Melbourne,Florida,32935.0,South,OFF-ST-10003282,Office Supplies,Storage,"Advantus 10-Drawer Portable Organizer, Chrome Metal Frame, Smoke Drawers",95.616,2.0,0.2,9.5616,Manual Upload,,Duplicate?
45.0,CA-2016-118255,3/11/2016,3/13/2016,First Class,ON-18715,Odella Nelson,Corporate,United States,Eagan,Minnesota,55122.0,Central,TEC-AC-10000171,Technology,Accessories,"Verbatim 25 GB 6x Blu-ray Single Layer Recordable Disc, 25/Pack",45.98,2.0,0.0,19.7714,Legacy,Rejected,Urgent
46.0,CA-2016-118255,3/11/2016,3/13/2016,First Class,ON-18715,Odella Nelson,Corporate,United States,Eagan,Minnesota,55122.0,Central,OFF-BI-10003291,Office Supplies,Binders,Wilson Jones Leather-Like Binders with DublLock Round Rings,17.46,2.0,0.0,8.2062,Legacy,,Duplicate?
47.0,CA-2014-146703,10/20/2014,10/25/2014,Second Class,PO-18865,Patrick O'Donnell,Consumer,United States,Westland,Michigan,48185.0,Central,OFF-ST-10001713,Office Supplies,Storage,"Gould Plastics 9-Pocket Panel Bin, 18-3/8w x 5-1/4d x 20-1/2h, Black",211.96,4.0,0.0,8.4784,ERP,,Check later
48.0,CA-2016-169194,6/20/2016,6/25/2016,Standard Class,LH-16900,Lena Hernandez,Consumer,United States,Dover,Delaware,19901.0,East,TEC-AC-10002167,Technology,Accessories,Imation 8gb Micro Traveldrive Usb 2.0 Flash Drive,45.0,3.0,0.0,4.95,Legacy,Pending,Duplicate?
49.0,CA-2016-169194,6/20/2016,6/25/2016,Standard Class,LH-16900,Lena Hernandez,Consumer,United States,Dover,Delaware,19901.0,East,TEC-PH-10003988,Technology,Phones,"LF Elite 3D Dazzle Designer Hard Case Cover, Lf Stylus Pen and Wiper For Apple Iphone 5c Mini Lite",21.8,2.0,0.0,6.104,CRM,Approved,
50.0,CA-2015-115742,4/18/2015,4/22/2015,Standard Class,DP-13000,Darren Powers,Consumer,United States,New Albany,Indiana,47150.0,Central,OFF-BI-10004410,Office Supplies,Binders,"C-Line Peel & Stick Add-On Filing Pockets, 8-3/4 x 5-1/8, 10/Pack",38.22,6.0,0.0,50000.0,Legacy,,Check later
51.0,CA-2015-115742,4/18/2015,4/22/2015,Standard Class,DP-13000,Darren Powers,Consumer,United States,New Albany,Indiana,47150.0,Central,OFF-LA-10002762,Office Supplies,Labels,Avery 485,75.18,6.0,0.0,35.3346,CRM,Pending,
52.0,CA-2015-115742,4/18/2015,4/22/2015,Standard Class,DP-13000,Darren Powers,Consumer,United States,New Albany,Indiana,47150.0,Central,FUR-FU-10001706,Furniture,Furnishings,Longer-Life Soft White Bulbs,6.16,2.0,0.0,2.9568,CRM,,Urgent
53.0,CA-2015-115742,4/18/2015,4/22/2015,Standard Class,DP-13000,Darren Powers,Consumer,United States,New Albany,Indiana,47150.0,Central,FUR-CH-10003061,Furniture,Chairs,"Global Leather Task Chair, Black",89.99,1.0,0.0,17.0981,Manual Upload,Approved,Urgent
54.0,CA-2016-105816,12/11/2016,12/17/2016,Standard Class,JM-15265,Janet Molinari,Corporate,United States,New York City,New York,10024.0,East,OFF-FA-10000304,Office Supplies,Fasteners,Advantus Push Pins,15.26,0.0,0.0,6.2566,Manual Upload,Pending,
55.0,CA-2016-105816,12/11/2016,12/17/2016,Standard Class,JM-15265,Janet Molinari,Corporate,United States,New York City,New York,10024.0,East,TEC-PH-10002447,Technology,Phones,AT&T CL83451 4-Handset Telephone,1029.95,5.0,0.0,298.6855,Manual Upload,,Check later
56.0,CA-2016-111682,6/17/2016,6/18/2016,First Class,TB-21055,Ted Butterfield,Consumer,United States,Troy,New York,12180.0,East,OFF-ST-10000604,Office Supplies,Storage,Home/Office Personal File Carts,208.56,6.0,0.0,52.14,CRM,Approved,Check later
57.0,CA-2016-111682,6/17/2016,6/18/2016,First Class,TB-21055,Ted Butterfield,Consumer,United States,Troy,New York,12180.0,East,OFF-PA-10001569,Office Supplies,Paper,Xerox 232,32.4,5.0,0.0,15.552,Legacy,Rejected,
58.0,CA-2016-111682,6/17/2016,6/18/2016,First Class,TB-21055,Ted Butterfield,Consumer,United States,Troy,New York,12180.0,East,FUR-CH-10003968,Furniture,Chairs,Novimex Turbo Task Chair,319.41,5.0,0.1,7.098,ERP,Rejected,Check later
59.0,CA-2016-111682,6/17/2016,6/18/2016,First Class,TB-21055,Ted Butterfield,Consumer,United States,Troy,New York,12180.0,East,OFF-PA-10000587,Office Supplies,Paper,"Array Parchment Paper, Assorted Colors",14.56,2.0,0.0,6.9888,ERP,,Duplicate?
60.0,CA-2016-111682,6/17/2016,6/18/2016,First Class,TB-21055,Ted Butterfield,Consumer,United States,Troy,New York,12180.0,East,TEC-AC-10002167,Technology,Accessories,Imation 8gb Micro Traveldrive Usb 2.0 Flash Drive,30.0,2.0,0.0,3.3,ERP,Pending,Duplicate?
61.0,CA-2016-111682,6/17/2016,6/18/2016,First Class,TB-21055,Ted Butterfield,Consumer,United States,Troy,New York,12180.0,East,OFF-BI-10001460,Office Supplies,Binders,Plastic Binding Combs,48.48,4.0,0.2,16.362,Legacy,Approved,
62.0,CA-2016-111682,6/17/2016,6/18/2016,First Class,TB-21055,Ted Butterfield,Consumer,United States,Troy,New York,12180.0,East,OFF-AR-10001868,Office Supplies,Art,Prang Dustless Chalk Sticks,1.68,1.0,0.0,0.84,CRM,,
63.0,CA-2015-135545,11/24/2015,11/30/2015,Standard Class,KM-16720,Kunst Miller,Consumer,United States,Los Angeles,California,90004.0,West,TEC-AC-10004633,Technology,Accessories,"Verbatim 25 GB 6x Blu-ray Single Layer Recordable Disc, 3/Pack",0.0,2.0,0.0,6.1512,Legacy,,
64.0,CA-2015-135545,11/24/2015,11/30/2015,Standard Class,KM-16720,Kunst Miller,Consumer,United States,Los Angeles,California,90004.0,West,OFF-BI-10001078,Office Supplies,Binders,"Acco PRESSTEX Data Binder with Storage Hooks, Dark Blue, 14 7/8"" X 11""",25.824,6.0,0.2,9.3612,ERP,Approved,Check later
65.0,CA-2015-135545,11/24/2015,11/30/2015,Standard Class,KM-16720,Kunst Miller,Consumer,United States,Los Angeles,California,90004.0,West,OFF-PA-10003892,Office Supplies,Paper,Xerox 1943,146.73,3.0,0.0,68.9631,CRM,Rejected,Urgent
66.0,CA-2015-135545,11/24/2015,11/30/2015,Standard Class,KM-16720,Kunst Miller,Consumer,United States,Los Angeles,California,90004.0,West,FUR-FU-10000397,Furniture,Furnishings,Luxo Economy Swing Arm Lamp,79.76,4.0,0.0,22.3328,Manual Upload,,Check later
67.0,US-2015-164175,4/30/2015,5/5/2015,Standard Class,PS-18970,Paul Stevenson,Home Office,United States,Chicago,Illinois,60610.0,Central,FUR-CH-10001146,Furniture,Chairs,"Global Value Mid-Back Manager's Chair, Gray",213.115,5.0,0.3,-15.2225,CRM,Approved,Urgent
68.0,CA-2014-106376,12/5/2014,12/10/2014,Standard Class,BS-11590,Brendan Sweed,Corporate,United States,Gilbert,Arizona,85234.0,West,OFF-AR-10002671,Office Supplies,Art,"Hunt BOSTON Model 1606 High-Volume Electric Pencil Sharpener, Beige",1113.024,8.0,0.2,111.3024,Legacy,Approved,Check later
69.0,CA-2014-106376,12/5/2014,12/10/2014,Standard Class,BS-11590,Brendan Sweed,Corporate,United States,Gilbert,Arizona,85234.0,West,TEC-PH-10002726,Technology,Phones,netTALK DUO VoIP Telephone Service,167.968,4.0,0.2,62.988,CRM,,Urgent
70.0,CA-2016-119823,6/4/2016,6/6/2016,First Class,KD-16270,Karen Daniels,consumer,United States,Springfield,Virginia,22153.0,South,OFF-PA-10000482,Office Supplies,Paper,"Snap-A-Way Black Print Carbonless Ruled Speed Letter, Triplicate",75.88,2.0,0.0,35.6636,Legacy,Approved,Urgent
71.0,CA-2016-106075,9/18/2016,9/23/2016,Standard Class,HM-14980,Henry MacAllister,Consumer,United States,New York City,New York,10009.0,East,OFF-BI-10004654,Office Supplies,Binders,Avery Binding System Hidden Tab Executive Style Index Sets,4.616,1.0,0.2,1.731,Legacy,Approved,Duplicate?
72.0,CA-2017-114440,9/14/2017,9/17/2017,Second Class,TB-21520,Tracy Blumstein,Consumer,United States,Jackson,Michigan,49201.0,Central,OFF-PA-10004675,Office Supplies,Paper,"Telephone Message Books with Fax/Mobile Section, 5 1/2"" x 3 3/16""",19.05,3.0,0.0,8.763,CRM,Pending,
73.0,US-2015-134026,4/26/2015,5/2/2015,Standard Class,JE-15745,Joel Eaton,Consumer,United States,Memphis,Tennessee,38109.0,South,FUR-CH-10000513,Furniture,Chairs,High-Back Leather Manager's Chair,831.936,8.0,0.2,-114.3912,Legacy,Pending,Check later
74.0,US-2015-134026,4/26/2015,5/2/2015,Standard Class,JE-15745,Joel Eaton,Consumer,United States,Memphis,Tennessee,38109.0,South,FUR-FU-10003708,Furniture,Furnishings,"Tenex Traditional Chairmats for Medium Pile Carpet, Standard Lip, 36"" x 48""",97.04,2.0,0.2,1.213,ERP,Rejected,
75.0,US-2015-134026,4/26/2015,5/2/2015,Standard Class,JE-15745,Joel Eaton,Consumer,United States,Memphis,Tennessee,38109.0,South,OFF-ST-10004123,Office Supplies,Storage,Safco Industrial Wire Shelving System,72.784,1.0,0.2,-18.196,Legacy,Approved,Duplicate?
76.0,US-2017-118038,12/9/2017,12/11/2017,First Class,KB-16600,Ken Brennan,Corporate,United States,Houston,Texas,77041.0,Central,OFF-BI-10004182,Office Supplies,Binders,Economy Binders,1.248,3.0,0.8,-1.9344,ERP,Rejected,Duplicate?
77.0,US-2017-118038,12/9/2017,12/11/2017,First Class,KB-16600,Ken Brennan,Corporate,United States,Houston,Texas,77041.0,Central,FUR-FU-10000260,Furniture,Furnishings,"6"" Cubicle Wall Clock, Black",9.708,3.0,0.6,-5.8248,CRM,Approved,Check later
78.0,US-2017-118038,12/9/2017,2017-12-11,First Class,KB-16600,Ken Brennan,Corporate,United States,Houston,Texas,77041.0,Central,OFF-ST-10000615,Office Supplies,Storage,"SimpliFile Personal File, Black Granite, 15w x 6-15/16d x 11-1/4h",27.24,3.0,0.2,2.724,ERP,Rejected,
79.0,US-2014-147606,11/26/2014,12/1/2014,Second Class,JE-15745,Joel Eaton,Consumer,United States,Houston,Texas,77070.0,Central,FUR-FU-10003194,Furniture,Furnishings,"Eldon Expressions Desk Accessory, Wood Pencil Holder, Oak",19.3,5.0,0.6,-14.475,ERP,,Urgent
80.0,CA-2016-127208,6/12/2016,6/15/2016,First Class,SC-20770,Stewart Carmichael,Corporate,United States,Decatur,Alabama,35601.0,South,OFF-AP-10002118,Office Supplies,Appliances,"1.7 Cubic Foot Compact ""Cube"" Office Refrigerators",208.16,1.0,0.0,56.2032,Legacy,,Check later
81.0,CA-2016-127208,6/12/2016,6/15/2016,First Class,SC-20770,Stewart Carmichael,Corporate,United States,Decatur,Alabama,35601.0,South,OFF-BI-10002309,Office Supplies,Binders,Avery Heavy-Duty EZD  Binder With Locking Rings,16.74,3.0,0.0,8.0352,Manual Upload,Pending,Urgent
82.0,CA-2014-139451,10/12/2014,10/16/2014,Standard Class,DN-13690,Duane Noonan,Consumer,United States,San Francisco,California,94122.0,West,OFF-AR-10002053,Office Supplies,Art,"Premium Writing Pencils, Soft, #2 by Central Association for the Blind",14.9,5.0,0.0,4.172,Legacy,Rejected,
83.0,CA-2014-139451,10/12/2014,10/16/2014,Standard Class,DN-13690,Duane Noonan,Consumer,United States,San Francisco,California,94122.0,West,OFF-ST-10002370,Office Supplies,Storage,"Sortfiler Multipurpose Personal File Organizer, Black",21.39,1.0,0.0,6.2031,ERP,Pending,Duplicate?
84.0,CA-2015-149734,9/3/2015,9/8/2015,Standard Class,JC-16105,Julie Creighton,Corporate,United States,Durham,North Carolina,27707.0,South,OFF-EN-10000927,Office Supplies,Envelopes,Jet-Pak Recycled Peel 'N' Seal Padded Mailers,200.984,7.0,0.2,62.8075,CRM,Rejected,
85.0,US-2017-119662,11/13/2017,11/16/2017,First Class,CS-12400,Christopher Schild,Home Office,United States,Chicago,Illinois,60623.0,Central,OFF-ST-10003656,Office Supplies,Storage,Safco Industrial Wire Shelving,230.376,3.0,0.2,-48.9549,ERP,Approved,Duplicate?
86.0,CA-2017-140088,5/28/2017,5/30/2017,Second Class,PO-18865,Patrick O'Donnell,Consumer,United States,Columbia,South Carolina,29203.0,South,FUR-CH-10000863,Furniture,Chairs,Novimex Swivel Fabric Task Chair,301.96,2.0,0.0,33.2156,CRM,Approved,Duplicate?
87.0,CA-2017-155558,10/26/2017,11/2/2017,Standard Class,PG-18895,Paul Gonzalez,Consumer,United States,Rochester,Minnesota,55901.0,Central,TEC-AC-10001998,Technology,Accessories,Logitech LS21 Speaker System - PC Multimedia - 2.1-CH - Wired,19.99,1.0,0.0,6.7966,Legacy,Approved,
88.0,CA-2017-155558,10/26/2017,11/2/2017,Standard Class,PG-18895,Paul Gonzalez,Consumer,United States,Rochester,Minnesota,55901.0,Central,OFF-LA-10000134,Office Supplies,Labels,Avery 511,-500.0,2.0,0.0,2.9568,CRM,Approved,
89.0,CA-2016-159695,4/5/2016,4/10/2016,Second Class,GM-14455,Gary Mitchum,Home Office,United States,Houston,Texas,77095.0,Central,OFF-ST-10003442,Office Supplies,Storage,Eldon Portable Mobile Manager,158.368,7.0,0.2,13.8572,CRM,Rejected,Duplicate?
90.0,CA-2016-109806,9/17/2016,9/22/2016,Standard Class,JS-15685,Jim Sink,Corporate,United States,Los Angeles,California,90036.0,West,OFF-AR-10004930,Office Supplies,Art,Turquoise Lead Holder with Pocket Clip,20.1,3.0,0.0,6.633,Manual Upload,Approved,Duplicate?
91.0,CA-2016-109806,9/17/2016,9/22/2016,Standard Class,JS-15685,Jim Sink,Corporate,United States,Los Angeles,California,90036.0,West,TEC-PH-10004093,Technology,Phones,Panasonic Kx-TS550,73.584,2.0,0.2,8.2782,ERP,Rejected,Urgent
92.0,CA-2016-109806,9/17/2016,9/22/2016,Standard Class,JS-15685,Jim Sink,Corporate,United States,Los Angeles,California,90036.0,West,OFF-PA-10000304,Office Supplies,Paper,Xerox 1995,6.48,1.0,0.0,3.1104,Manual Upload,Rejected,
93.0,CA-2015-149587,1/31/2015,2/5/2015,Second Class,KB-16315,Karl Braun,Consumer,United States,Minneapolis,Minnesota,55407.0,Central,OFF-PA-10003177,Office Supplies,Paper,Xerox 1999,12.96,2.0,0.0,6.2208,Legacy,Pending,
94.0,CA-2015-149587,1/31/2015,2/5/2015,Second Class,KB-16315,Karl Braun,Consumer,United States,Minneapolis,Minnesota,55407.0,Central,FUR-FU-10003799,Furniture,Furnishings,"Seth Thomas 13 1/2"" Wall Clock",53.34,3.0,0.0,16.5354,ERP,Rejected,Duplicate?
95.0,CA-2015-149587,1/31/2015,2/5/2015,Second Class,KB-16315,Karl Braun,Consumer,United States,Minneapolis,Minnesota,55407.0,Central,OFF-BI-10002852,Office Supplies,Binders,Ibico Standard Transparent Covers,32.96,2.0,0.0,16.1504,Manual Upload,,Duplicate?
96.0,US-2017-109484,11/6/2017,11/12/2017,Standard Class,RB-19705,Roger Barcio,Home Office,United States,Portland,Oregon,97206.0,West,OFF-BI-10004738,Office Supplies,Binders,Flexible Leather- Look Classic Collection Ring Binder,5.682,1.0,0.7,-3.788,CRM,Pending,
97.0,CA-2017-161018,11/9/2017,11/11/2017,Second Class,PN-18775,Parhena Norris,Home Office,United States,New York City,New York,10009.0,East,FUR-FU-10000629,Furniture,Furnishings,9-3/4 Diameter Round Wall Clock,96.53,7.0,0.0,40.5426,Manual Upload,Rejected,Check later
98.0,CA-2017-157833,6/17/2017,6/20/2017,First Class,KD-16345,Katherine Ducich,Consumer,United States,San Francisco,California,94122.0,West,OFF-BI-10001721,Office Supplies,Binders,Trimflex Flexible Post Binders,51.312,3.0,0.2,17.9592,CRM,Rejected,Check later
99.0,CA-2016-149223,9/6/2016,9/11/2016,Standard Class,ER-13855,Elpida Rittenbach,Corporate,United States,Saint Paul,Minnesota,55106.0,Central,OFF-AP-10000358,Office Supplies,Appliances,Fellowes Basic Home/Office Series Surge Protectors,77.88,6.0,0.0,22.5852,Manual Upload,Pending,
100.0,CA-2016-158568,8/29/2016,9/2/2016,Standard Class,RB-19465,Rick Bensley,Home Office,United States,Chicago,Illinois,60610.0,Central,OFF-PA-10003256,Office Supplies,Paper,Avery Personal Creations Heavyweight Cards,64.624,7.0,0.2,22.6184,ERP,Approved,Check later
101.0,CA-2016-158568,8/29/2016,9/2/2016,Standard Class,RB-19465,Rick Bensley,Home Office,United States,Chicago,Illinois,60610.0,Central,TEC-AC-10001767,Technology,Accessories,SanDisk Ultra 64 GB MicroSDHC Class 10 Memory Card,95.976,3.0,0.2,-10.7973,ERP,Rejected,
102.0,CA-2016-158568,8/29/2016,9/2/2016,Standard Class,RB-19465,Rick Bensley,HOME OFFICE,United States,Chicago,Illinois,60610.0,Central,OFF-BI-10002609,Office Supplies,Binders,Avery Hidden Tab Dividers for Binding Systems,1.788,3.0,0.8,-3.0396,CRM,Approved,Duplicate?
103.0,CA-2016-129903,12/1/2016,12/4/2016,Second Class,GZ-14470,Gary Zandusky,Consumer,United States,Rochester,Minnesota,55901.0,Central,OFF-PA-10004040,Office Supplies,Paper,Universal Premium White Copier/Laser Paper (20Lb. and 87 Bright),23.92,4.0,0.0,11.7208,Manual Upload,Pending,
104.0,US-2015-156867,11/13/2015,11/17/2015,Standard Class,LC-16870,Lena Cacioppo,Consumer,United States,Aurora,Colorado,80013.0,West,TEC-AC-10001552,Technology,Accessories,Logitech K350 2.4Ghz Wireless Keyboard,238.896,6.0,0.2,-26.8758,CRM,Approved,Check later
105.0,US-2015-156867,11/13/2015,11/17/2015,Standard Class,LC-16870,Lena Cacioppo,Consumer,United States,Aurora,Colorado,80013.0,West,FUR-FU-10004006,Furniture,Furnishings,"Deflect-o DuraMat Lighweight, Studded, Beveled Mat for Low Pile Carpeting",102.36,3.0,0.2,-3.8385,Legacy,,Check later
106.0,US-2015-156867,11/13/2015,11/17/2015,Standard Class,LC-16870,Lena Cacioppo,Consumer,United States,Aurora,Colorado,80013.0,West,OFF-BI-10002794,Office Supplies,Binders,"Avery Trapezoid Ring Binder, 3"" Capacity, Black, 1040 sheets",36.882,3.0,0.7,-25.8174,Legacy,Rejected,Check later
107.0,CA-2017-119004,11/23/2017,11/28/2017,Standard Class,JM-15250,Janet Martin,Consumer,United States,Charlotte,North Carolina,28205.0,South,TEC-AC-10003499,Technology,Accessories,Memorex Mini Travel Drive 8 GB USB 2.0 Flash Drive,74.112,8.0,0.2,17.6016,Legacy,,Urgent
108.0,CA-2017-119004,11/23/2017,11/28/2017,Standard Class,JM-15250,Janet Martin,Consumer,United States,Charlotte,North Carolina,28205.0,South,TEC-PH-10002844,Technology,Phones,Speck Products Candyshell Flip Case,27.992,1.0,0.2,2.0994,Legacy,,Check later
109.0,CA-2017-119004,11/23/2017,11/28/2017,Standard Class,JM-15250,Janet Martin,Consumer,United States,Charlotte,North Carolina,28205.0,South,OFF-AR-10000390,Office Supplies,Art,Newell Chalk Holder,3.304,1.0,0.2,1.0738,Legacy,Rejected,Check later
110.0,CA-2015-129476,10/15/2015,10/20/2015,Standard Class,PA-19060,pete armstrong,Home Office,United States,Orland Park,Illinois,60462.0,Central,TEC-AC-10000844,Technology,Accessories,Logitech Gaming G510s - Keyboard,339.96,5.0,0.2,67.992,ERP,,Duplicate?
111.0,CA-2017-146780,12/25/2017,12/30/2017,Standard Class,CV-12805,Cynthia Voltz,Corporate,United States,New York City,N.Y.,10035.0,East,FUR-FU-10001934,Furniture,Furnishings,Magnifier Swing Arm Lamp,41.96,2.0,0.0,10.9096,ERP,,Urgent
112.0,CA-2016-128867,11/3/2016,11/10/2016,Standard Class,CL-12565,Clay Ludtke,Consumer,United States,Urbandale,Iowa,50322.0,Central,OFF-AR-10000380,Office Supplies,Art,"Hunt PowerHouse Electric Pencil Sharpener, Blue",75.96,2.0,0.0,22.788,Legacy,,Check later
113.0,CA-2016-128867,11/3/2016,11/10/2016,Std Class,CL-12565,Clay Ludtke,Consumer,United States,Urbandale,Iowa,50322.0,Central,OFF-BI-10003981,Office Supplies,Binders,"Avery Durable Plastic 1"" Binders",27.24,6.0,0.0,13.3476,Legacy,Pending,Check later
114.0,CA-2014-115259,8/25/2014,8/27/2014,Second Class,RC-19960,Ryan Crowe,Consumer,United States,Columbus,Ohio,43229.0,East,OFF-FA-10000621,Office Supplies,Fasteners,"OIC Colored Binder Clips, Assorted Sizes",40.096,14.0,0.2,14.5348,Legacy,Approved,
115.0,CA-2014-115259,8/25/2014,8/27/2014,Second Class,RC-19960,Ryan Crowe,Consumer,United States,Columbus,Ohio,43229.0,East,OFF-EN-10002600,Office Supplies,Envelopes,"Redi-Strip #10 Envelopes, 4 1/8 x 9 1/2",4.72,2.0,0.2,1.652,CRM,Approved,Check later
116.0,CA-2014-115259,8/25/2014,8/27/2014,Second Class,RC-19960,Ryan Crowe,Consumer,United States,Columbus,Ohio,43229.0,East,OFF-PA-10004965,Office Supplies,Paper,Xerox 1921,23.976,3.0,0.2,7.4925,Manual Upload,Pending,
117.0,CA-2014-115259,25-08-2014,8/27/2014,Second Class,RC-19960,Ryan Crowe,Consumer,United States,Columbus,Ohio,43229.0,East,OFF-EN-10002504,Office Supplies,Envelopes,"Tyvek  Top-Opening Peel & Seel Envelopes, Plain White",130.464,6.0,0.2,44.0316,CRM,Pending,Urgent
118.0,CA-2015-110457,3/2/2015,3/6/2015,Standard Class,DK-13090,Dave Kipp,Consumer,United States,Seattle,Washington,98103.0,West,FUR-TA-10001768,Furniture,Tables,Hon Racetrack Conference Tables,787.53,3.0,0.0,165.3813,CRM,Pending,Check later
119.0,US-2015-136476,4/5/2015,4/10/2015,Standard Class,GG-14650,Greg Guthrie,Corporate,United States,Bristol,Tennessee,37620.0,South,OFF-BI-10003650,Office Supplies,Binders,GBC DocuBind 300 Electric Binding Machine,157.794,1.0,0.7,-115.7156,Manual Upload,Pending,Check later
120.0,CA-2016-103730,6/12/2016,6/15/2016,First Class,SC-20725,Steven Cartwright,Consumer,United States,Wilmington,Delaware,19805.0,East,FUR-FU-10002157,Furniture,Furnishings,Artistic Insta-Plaque,47.04,3.0,0.0,18.3456,CRM,Approved,
121.0,CA-2016-103730,6/12/2016,6/15/2016,First Class,SC-20725,Steven Cartwright,Consumer,United States,Wilmington,Delaware,19805.0,East,OFF-BI-10003910,Office Supplies,Binders,DXL Angle-View Binders with Locking Rings by Samsill,30.84,4.0,0.0,13.878,ERP,Approved,Check later
122.0,CA-2016-103730,6/12/2016,6/15/2016,First Class,SC-20725,Steven Cartwright,Consumer,United States,Wilmington,Delaware,19805.0,East,OFF-ST-10000777,Office Supplies,Storage,"Companion Letter/Legal File, Black",226.56,6.0,0.0,63.4368,ERP,Approved,Check later
123.0,CA-2016-103730,6/12/2016,6/15/2016,First Class,SC-20725,Steven Cartwright,Consumer,United States,Wilmington,Delaware,19805.0,East,OFF-EN-10002500,Office Supplies,Envelopes,Globe Weis Peel & Seel First Class Envelopes,115.02,9.0,0.0,51.759,Legacy,Approved,Duplicate?
124.0,CA-2016-103730,6/12/2016,6/15/2016,First Class,SC-20725,Steven Cartwright,Consumer,United States,Wilmington,Delaware,19805.0,East,TEC-PH-10003875,Technology,Phones,KLD Oscar II Style Snap-on Ultra Thin Side Flip Synthetic Leather Cover Case for HTC One HTC M7,68.04,7.0,0.0,19.7316,CRM,Approved,Check later
125.0,US-2014-152030,12/26/2014,12/28/2014,Second Class,AD-10180,Alan Dominguez,Home Office,United States,Houston,Texas,77041.0,Central,FUR-CH-10004063,Furniture,Chairs,Global Deluxe High-Back Manager's Chair,600.558,3.0,0.3,-8.5794,Manual Upload,Pending,Duplicate?
126.0,US-2014-134614,9/20/2014,9/25/2014,Standard Class,PF-19165,Philip Fox,Consumer ,United States,Bloomington,Illinois,61701.0,Central,FUR-TA-10004534,Furniture,Tables,Bevis 44 x 96 Conference Tables,617.7,6.0,0.5,-407.682,Manual Upload,,
127.0,US-2017-107272,11/5/2017,11/12/2017,Standard Class,TS-21610,Troy Staebel,Consumer,United States,Phoenix,Arizona,85023.0,West,OFF-BI-10003274,Office Supplies,Binders,"Avery Durable Slant Ring Binders, No Labels",2.388,2.0,0.7,-1.8308,CRM,Approved,Urgent
128.0,US-2017-107272,11/5/2017,11/12/2017,Standard Class,TS-21610,Troy Staebel,Consumer,United States,Phoenix,Arizona,85023.0,West,OFF-ST-10002974,Office Supplies,Storage,"Trav-L-File Heavy-Duty Shuttle II, Black",243.992,7.0,0.2,30.499,CRM,Rejected,Check later
129.0,US-2016-125969,11/6/2016,11/10/2016,Second Class,LS-16975,Lindsay Shagiari,Home Office,United States,Los Angeles,California,90004.0,West,FUR-CH-10001146,Furniture,Chairs,"Global Task Chair, Black",81.424,2.0,0.2,-9.1602,Legacy,,
130.0,US-2016-125969,06-11-2016,11/10/2016,Second Class,LS-16975,Lindsay Shagiari,Home Office,United States,Los Angeles,California,90004.0,West,FUR-FU-10003773,Furniture,Furnishings,Eldon Cleatmat Plus Chair Mats for High Pile Carpets,238.56,3.0,0.0,26.2416,CRM,,
131.0,US-2017-164147,2/2/2017,2/5/2017,First Class,DW-13585,Dorothy Wardle,Corporate,United States,Columbus,Ohio,43229.0,EAST,TEC-PH-10002293,Technology,Phones,Anker 36W 4-Port USB Wall Charger Travel Power Adapter for iPhone 5s 5c 5,59.97,5.0,0.4,-11.994,Manual Upload,Rejected,
132.0,US-2017-164147,2/2/2017,2/5/2017,First Class,DW-13585,Dorothy Wardle,Corporate,United States,Columbus,Ohio,43229.0,East,OFF-PA-10002377,Office Supplies,Paper,Xerox 1916,78.304,2.0,0.2,29.364,CRM,Pending,
133.0,US-2017-164147,2/2/2017,2/5/2017,First Class,DW-13585,Dorothy Wardle,Corporate,United States,Columbus,Ohio,43229.0,East,OFF-FA-10002780,Office Supplies,Fasteners,Staples,21.456,9.0,0.2,6.9732,Legacy,Rejected,
134.0,CA-2016-145583,10/13/2016,10/19/2016,Standard Class,LC-16885,Lena Creighton,Consumer,United States,Roseville,California,95661.0,West,OFF-PA-10001804,Office Supplies,Paper,Xerox 195,20.04,3.0,0.0,9.6192,ERP,,Duplicate?
135.0,CA-2016-145583,10/13/2016,10/19/2016,Standard Class,LC-16885,Lena Creighton,Consumer,United States,Roseville,California,95661.0,West,OFF-PA-10001736,Office Supplies,Paper,Xerox 1880,35.44,1.0,0.0,16.6568,CRM,,
136.0,CA-2016-145583,10/13/2016,10/19/2016,Standard Class,LC-16885,Lena Creighton,Consumer,United States,Roseville,California,95661.0,West,OFF-AR-10001149,Office Supplies,Art,"Sanford Colorific Colored Pencils, 12/Box",11.52,4.0,0.0,3.456,CRM,Approved,Check later
137.0,CA-2016-145583,10/13/2016,10/19/2016,Standard Class,LC-16885,Lena Creighton,Consumer,United States,Roseville,California,95661.0,West,OFF-FA-10002988,Office Supplies,Fasteners,Ideal Clamps,4.02,2.0,0.0,1.9698,ERP,Rejected,Urgent
138.0,CA-2016-145583,10/13/2016,10/19/2016,Standard Class,LC-16885,Lena Creighton,Consumer,United States,Roseville,California,95661.0,West,OFF-BI-10004781,Office Supplies,Binders,GBC Wire Binding Strips,76.176,3.0,0.2,26.6616,Legacy,,Duplicate?
139.0,CA-2016-145583,10/13/2016,10/19/2016,Standard Class,LC-16885,Lena Creighton,Consumer,United States,Roseville,California,95661.0,West,OFF-SU-10001218,Office Supplies,Supplies,Fiskars Softgrip Scissors,65.88,6.0,0.0,18.4464,CRM,Pending,
140.0,CA-2016-145583,10/13/2016,10/19/2016,Standard Class,LC-16885,Lena Creighton,Consumer,United States,Roseville,California,95661.0,West,FUR-FU-10001706,Furniture,Furnishings,Longer-Life Soft White Bulbs,43.12,14.0,0.0,20.6976,Legacy,Rejected,
141.0,CA-2016-110366,9/5/2016,9/7/2016,Second Class,JD-15895,Jonathan Doherty,Corporate,United States,Philadelphia,Pennsylvania,19140.0,East,FUR-FU-10004848,Furniture,Furnishings,"Howard Miller 13-3/4"" Diameter Brushed Chrome Round Wall Clock",82.8,2.0,0.2,10.35,Legacy,Approved,
142.0,CA-2017-106180,9/18/2017,9/23/2017,Standard Class,SH-19975,Sally Hughsby,Corporate,United States,San Francisco,California,94122.0,West,OFF-AR-10000940,Office Supplies,Art,Newell 343,8.82,3.0,0.0,2.3814,Legacy,,Urgent
143.0,CA-2017-106180,9/18/2017,9/23/2017,Standard Class,SH-19975,Sally Hughsby,Corporate,United States,San Francisco,California,94122.0,West,OFF-EN-10004030,Office Supplies,Envelopes,Convenience Packs of Business Envelopes,10.86,3.0,0.0,5.1042,CRM,Pending,Check later
144.0,CA-2017-106180,9/18/2017,9/23/2017,Standard Class,SH-19975,Sally Hughsby,Corporate,United States,San Francisco,California,94122.0,West,OFF-PA-10004327,Office Supplies,Paper,Xerox 1911,143.7,3.0,0.0,68.976,CRM,,Check later
145.0,CA-2017-155376,12/22/2017,12/27/2017,Standard Class,SG-20080,Sandra Glassco,Consumer,United States,Independence,Missouri,64055.0,Central,OFF-AP-10001058,Office Supplies,Appliances,Sanyo 2.5 Cubic Foot Mid-Size Office Refrigerators,839.43,3.0,0.0,218.2518,ERP,Rejected,Duplicate?
146.0,CA-2015-110744,9/7/2015,12/09/2015,Standard Class,HA-14920,Helen Andreada,Consumer,United States,Pasadena,California,91104.0,West,OFF-ST-10003656,Office Supplies,Storage,Safco Industrial Wire Shelving,671.93,7.0,0.0,20.1579,ERP,Approved,Urgent
147.0,CA-2014-110072,10/22/2014,10/28/2014,Standard Class,MG-17680,Maureen Gastineau,Home Office,United States,Newark,Ohio,43055.0,East,FUR-FU-10000521,Furniture,Furnishings,"Seth Thomas 14"" Putty-Colored Wall Clock",93.888,4.0,0.2,12.9096,ERP,Pending,
148.0,CA-2016-114489,12/5/2016,12/9/2016,Standard Class,JE-16165,Justin Ellison,Corporate,United States,Franklin,Wisconsin,53132.0,Central,TEC-PH-10000215,Technology,Phones,Plantronics Cordless Phone Headset with In-line Volume - M214C,384.45,11.0,0.0,103.8015,Manual Upload,Pending,Urgent
149.0,CA-2016-114489,12/5/2016,12/9/2016,Standard Class,JE-16165,Justin Ellison,Corporate,United States,Franklin,Wisconsin,53132.0,Central,TEC-PH-10001448,Technology,Phones,Anker Astro 15000mAh USB Portable Charger,149.97,3.0,0.0,5.9988,Manual Upload,Rejected,
150.0,CA-2016-114489,12/5/2016,12/9/2016,Standard Class,JE-16165,Justin Ellison,Corporate,United States,Franklin,Wisconsin,53132.0,Central,FUR-CH-10000454,Furniture,Chairs,"Hon Deluxe Fabric Upholstered Stacking Chairs, Rounded Back",1951.84,8.0,0.0,585.552,CRM,,Duplicate?
151.0,CA-2016-114489,12/5/2016,12/9/2016,Standard Class,JE-16165,Justin Ellison,Corporate,United States,Franklin,Wisconsin,53132.0,Central,OFF-BI-10002735,Office Supplies,Binders,GBC Prestige Therm-A-Bind Covers,171.55,5.0,0.0,80.6285,ERP,Pending,
152.0,CA-2016-158834,3/13/2016,3/16/2016,First Class,TW-21025,Tamara Willingham,Home Office,United States,Scottsdale,Arizona,85254.0,West,OFF-AP-10000326,Office Supplies,Appliances,Belkin 7 Outlet SurgeMaster Surge Protector with Phone Protection,157.92,5.0,0.2,17.766,ERP,Pending,
153.0,CA-2016-158834,3/13/2016,3/16/2016,First Class,TW-21025,Tamara Willingham,Home Office,United States,Scottsdale,Arizona,85254.0,West,TEC-PH-10001254,Technology,Phones,Jabra BIZ 2300 Duo QD Duo Corded Headset,203.184,2.0,0.2,15.2388,ERP,Rejected,
154.0,CA-2015-124919,5/31/2015,6/2/2015,First Class,SP-20650,Stephanie Phelps,Corporate,United States,San Jose,California,95123.0,West,OFF-PA-10001950,Office Supplies,Paper,Southworth 25% Cotton Antique Laid Paper & Envelopes,58.38,7.0,0.0,26.271,CRM,,Check later
155.0,CA-2015-124919,5/31/2015,6/2/2015,First Class,SP-20650,Stephanie Phelps,Corporate,United States,San Jose,California,95123.0,West,OFF-PA-10002254,Office Supplies,Paper,Xerox 1883,105.52,4.0,0.0,48.5392,ERP,,
156.0,CA-2015-124919,5/31/2015,6/2/2015,First Class,SP-20650,Stephanie Phelps,Corporate,United States,San Jose,California,95123.0,West,OFF-ST-10001590,Office Supplies,Storage,"Tenex Personal Project File with Scoop Front Design, Black",80.88,6.0,0.0,21.0288,Manual Upload,Rejected,Urgent
157.0,CA-2015-118948,5/28/2015,6/3/2015,Standard Class,NK-18490,Neil Knudson,Home Office,United States,Seattle,Washington,98105.0,West,OFF-AR-10001547,Office Supplies,Art,Newell 311,6.63,3.0,0.0,1.7901,Legacy,Pending,Check later
158.0,CA-2014-104269,3/1/2014,3/6/2014,Second Class,DB-13060,Dave Brooks,consumer,United States,Seattle,Washington,98115.0,West,FUR-CH-10004063,Furniture,Chairs,Global Deluxe High-Back Manager's Chair,457.568,2.0,0.2,51.4764,Manual Upload,,
159.0,CA-2016-114104,11/20/2016,11/24/2016,Standard Class,NP-18670,Nora Paige,Consumer,United States,Edmond,Oklahoma,73034.0,Central,OFF-LA-10002475,Office Supplies,Labels,Avery 519,14.62,2.0,0.0,6.8714,ERP,Rejected,
160.0,CA-2016-114104,11/20/2016,11/24/2016,Standard Class,NP-18670,Nora Paige,Consumer,United States,Edmond,Oklahoma,73034.0,Central,TEC-PH-10004536,Technology,Phones,Avaya 5420 Digital phone,944.93,7.0,0.0,236.2325,ERP,Approved,Check later
161.0,CA-2016-162733,5/11/2016,5/12/2016,First Class,TT-21070,Ted Trevino,Consumer,United States,Los Angeles,California,90045.0,West,OFF-PA-10002751,Office Supplies,Paper,Xerox 1920,99999.0,1.0,0.0,2.691,ERP,Approved,Check later
162.0,CA-2015-119697,12/28/2015,12/31/2015,Second Class,EM-13960,Eric Murdock,Consumer,United States,Philadelphia,Pennsylvania,19134.0,East,TEC-AC-10003657,Technology,Accessories,Lenovo 17-Key USB Numeric Keypad,54.384,2.0,0.2,1.3596,CRM,Rejected,Urgent
163.0,CA-2016-154508,11/16/2016,11/20/2016,Standard Class,RD-19900,Ruben Dartt,Consumer,United States,Carlsbad,New Mexico,88220.0,West,OFF-EN-10001990,Office Supplies,Envelopes,Staple envelope,28.4,5.0,0.0,13.348,Legacy,Approved,
164.0,CA-2016-113817,11/7/2016,11/11/2016,Standard Class,MJ-17740,Max Jones,Consumer,United States,Seattle,Washington,98115.0,West,OFF-BI-10004002,Office Supplies,Binders,Wilson Jones International Size A4 Ring Binders,27.68,2.0,0.2,9.688,Legacy,Rejected,Urgent
165.0,CA-2014-139892,9/8/2014,9/12/2014,Standard Class,BM-11140,Becky Martin,Consumer,United States,San Antonio,Texas,78207.0,Central,OFF-AR-10004441,Office Supplies,Art,BIC Brite Liner Highlighters,9.936,3.0,0.2,2.7324,ERP,Rejected,Urgent
166.0,CA-2014-139892,08 Sep 2014,9/12/2014,Standard Class,BM-11140,Becky Martin,Consumer,United States,San Antonio,Texas,78207.0,Central,TEC-MA-10000822,Technology,Machines,Lexmark MX611dhe Monochrome Laser Printer,8159.952,8.0,0.4,-1359.992,CRM,Rejected,
167.0,CA-2014-139892,9/8/2014,9/12/2014,Standard Class,BM-11140,Becky Martin,Consumer,United States,San Antonio,Texas,78207.0,Central,OFF-ST-10000991,Office Supplies,Storage,Space Solutions HD Industrial Steel Shelving.,275.928,3.0,0.2,-58.6347,Legacy,Approved,Duplicate?
168.0,CA-2014-139892,9/8/2014,9/12/2014,Standard Class,BM-11140,Becky Martin,Consumer,United States,San Antonio,Texas,78207.0,Central,FUR-CH-10004287,Furniture,Chairs,SAFCO Arco Folding Chair,1740.06,9.0,0.3,-24.858,Manual Upload,Approved,
169.0,CA-2014-139892,9/8/2014,9/12/2014,Standard Class,BM-11140,Becky Martin,Consumer,United States,San Antonio,Texas,78207.0,Central,OFF-AR-10002656,Office Supplies,Art,Sanford Liquid Accent Highlighters,32.064,6.0,0.2,6.8136,Manual Upload,Approved,
170.0,CA-2014-139892,9/8/2014,9/12/2014,Standard Class,BM-11140,Becky Martin,Consumer,United States,San Antonio,Texas,78207.0,Central,OFF-AP-10002518,Office Supplies,Appliances,Kensington 7 Outlet MasterPiece Power Center,177.98,5.0,0.8,-453.849,CRM,Approved,Urgent
171.0,CA-2014-139892,9/8/2014,9/12/2014,Standard Class,BM-11140,Becky Martin,Consumer,United States,San Antonio,Texas,78207.0,Central,TEC-PH-10003931,Technology,Phones,JBL Micro Wireless Portable Bluetooth Speaker,143.976,3.0,0.2,8.9985,Manual Upload,Pending,Duplicate?
172.0,CA-2014-118962,8/5/2014,8/9/2014,Standard Class,CS-12130,Chad Sievert,Consumer,United States,Los Angeles,California,90004.0,West,OFF-PA-10000659,Office Supplies,Paper,"Adams Phone Message Book, Professional, 400 Message Capacity, 5 3/6 x 11",20.94,3.0,0.0,9.8418,CRM,Pending,Check later
173.0,CA-2014-118962,8/5/2014,8/9/2014,Standard Class,CS-12130,Chad Sievert,Consumer,United States,Los Angeles,California,90004.0,West,OFF-PA-10001144,Office Supplies,Paper,Xerox 1913,110.96,2.0,0.0,0.0,Manual Upload,Rejected,
174.0,CA-2014-118962,8/5/2014,8/9/2014,Standard Class,CS-12130,Chad Sievert,Consumer,United States,Los Angeles,California,90004.0,West,FUR-CH-10003817,Furniture,Chairs,"Global Value Steno Chair, Gray",340.144,7.0,0.2,21.259,Manual Upload,Rejected,Urgent
175.0,US-2014-100853,9/14/2014,9/19/2014,Standard Class,JB-15400,Jennifer Braxton,Corporate,United States,Chicago,Illinois,60623.0,Central,OFF-AP-10000891,Office Supplies,Appliances,Kensington 7 Outlet MasterPiece HOMEOFFICE Power Control Center,52.448,2.0,0.8,-131.12,ERP,,Urgent
176.0,US-2014-100853,9/14/2014,9/19/2014,Standard Class,JB-15400,Jennifer Braxton,Corporate,United States,Chicago,Illinois,60623.0,Central,OFF-LA-10003148,Office Supplies,Labels,Avery 51,20.16,4.0,0.2,6.552,Legacy,Rejected,
177.0,US-2017-152366,4/21/2017,4/25/2017,Second Class,SJ-20500,Shirley Jackson,Consumer,United States,Houston,Texas,77036.0,Central,OFF-AP-10002684,Office Supplies,Appliances,"Acco 7-Outlet Masterpiece Power Center, Wihtout Fax/Phone Line Protection",97.264,4.0,0.8,-243.16,ERP,Pending,Duplicate?
178.0,US-2015-101511,11/21/2015,11/23/2015,Second Class,JE-15745,Joel Eaton,CONSUMER,United States,Newark,Ohio,43055.0,East,FUR-CH-10004698,Furniture,Chairs,"Padded Folding Chairs, Black, 4/Carton",396.802,7.0,0.3,-11.3372,Manual Upload,Approved,Check later
179.0,US-2015-101511,11/21/2015,11/23/2015,Second Class,JE-15745,Joel Eaton,Consumer,United States,Newark,Ohio,43055.0,East,OFF-SU-10002189,Office Supplies,Supplies,Acme Rosewood Handle Letter Opener,15.88,5.0,0.2,-3.7715,Manual Upload,Pending,
180.0,CA-2015-137225,12/15/2015,12/19/2015,Standard Class,JK-15640,Jim Kriz,Home Office,United States,New York City,New York,10009.0,East,OFF-AR-10001940,Office Supplies,Art,"Sanford Colorific Eraseable Coloring Pencils, 12 Count",3.28,1.0,0.0,1.4104,ERP,,Check later
181.0,CA-2014-166191,12/5/2014,12/9/2014,Second Class,DK-13150,David Kendrick,Corporate,United States,Decatur,Illinois,62521.0,Central,OFF-ST-10003455,Office Supplies,Storage,"Tenex File Box, Personal Filing Tote with Lid, Black",24.816,2.0,0.2,1.8612,Manual Upload,,Check later
182.0,CA-2014-166191,12/5/2014,12/9/2014,Second Class,DK-13150,David Kendrick,Corporate,United States,Decatur,Illinois,62521.0,Central,TEC-AC-10004659,Technology,Accessories,Imation Secure+ Hardware Encrypted USB 2.0 Flash Drive; 16GB,408.744,7.0,0.2,76.6395,Legacy,Approved,
183.0,CA-2014-158274,11/19/2014,11/24/2014,Second Class,RM-19675,Robert Marley,Home Office,United States,Monroe,Louisiana,71203.0,South,TEC-PH-10003273,Technology,Phones,AT&T TR1909W,503.96,4.0,0.0,131.0296,CRM,,
184.0,CA-2014-158274,11/19/2014,11/24/2014,Second Class,RM-19675,Robert Marley,Home Office,United States,Monroe,Louisiana,71203.0,South,TEC-PH-10004896,Technology,Phones,Nokia Lumia 521 (T-Mobile),149.95,5.0,0.0,41.986,Legacy,Approved,Urgent
185.0,CA-2014-158274,11/19/2014,11/24/2014,Second Class,RM-19675,Robert Marley,Home Office,United States,Monroe,Louisiana,71203.0,South,TEC-AC-10002345,Technology,Accessories,HP Standard 104 key PS/2 Keyboard,29.0,2.0,0.0,7.25,Manual Upload,Rejected,Check later
186.0,CA-2016-105018,11/28/2016,12/2/2016,Standard Class,SK-19990,Sally Knutson,Consumer,United States,Fairfield,Connecticut,6824.0,East,OFF-BI-10001890,Office Supplies,Binders,Avery Poly Binder Pockets,7.16,2.0,0.0,3.4368,Manual Upload,Pending,
187.0,CA-2014-123260,2014/08/26,8/30/2014,Standard Class,FM-14290,Frank Merwin,Home Office,United States,Los Angeles,California,90032.0,West,TEC-AC-10002323,Technology,Accessories,SanDisk Ultra 32 GB MicroSDHC Class 10 Memory Card,176.8,8.0,0.0,22.984,CRM,Rejected,Duplicate?
188.0,CA-2016-157000,7/16/2016,7/22/2016,Standard Class,AM-10360,Alice McCarthy,Corporate,United States,Grand Prairie,Texas,75051.0,Central,OFF-ST-10001328,office supplies,Storage,"Personal Filing Tote with Lid, Black/Gray",37.224,3.0,0.2,3.7224,Manual Upload,,Duplicate?
189.0,CA-2016-157000,7/16/2016,7/22/2016,Standard Class,AM-10360,Alice McCarthy,Corporate,United States,Grand Prairie,TX,75051.0,Central,OFF-PA-10001950,Office Supplies,Paper,Southworth 25% Cotton Antique Laid Paper & Envelopes,20.016,3.0,0.2,6.255,CRM,Pending,Check later
190.0,CA-2015-102281,10/12/2015,10/14/2015,First Class,MP-17470,Mark Packer,Home Office,United States,New York City,New York,10035.0,East,FUR-BO-10002613,Furniture,Bookcases,"Atlantic Metals Mobile 4-Shelf Bookcases, Custom Colors",899.136,4.0,0.2,112.392,CRM,Approved,Urgent
191.0,CA-2015-102281,10/12/2015,10/14/2015,First Class,MP-17470,MarkPacker,Home Office,United States,New York City,New York,10035.0,East,TEC-PH-10001552,Technology,Phones,I Need's 3d Hello Kitty Hybrid Silicone Case Cover for HTC One X 4g with 3d Hello Kitty Stylus Pen Green/pink,71.76,6.0,0.0,20.0928,CRM,,Duplicate?
192.0,CA-2015-102281,10/12/2015,10/14/2015,First Class,MP-17470,Mark Packer,Home Office,United States,New York City,New York,10035.0,East,OFF-PA-10000061,Office Supplies,Paper,Xerox 205,51.84,8.0,0.0,24.8832,Manual Upload,,Check later
193.0,CA-2015-102281,10/12/2015,10/14/2015,First Class,MP-17470,Mark Packer,Home Office,United States,New York City,New York,10035.0,East,FUR-BO-10002545,Furniture,Bookcases,"Atlantic Metals Mobile 3-Shelf Bookcases, Custom Colors",626.352,100.0,0.2,46.9764,Legacy,,Duplicate?
194.0,CA-2015-102281,10/12/2015,10/14/2015,First Class,MP-17470,Mark Packer,Home Office,United States,New York City,New York,10035.0,East,OFF-AR-10003514,Office Supplies,Art,4009 Highlighters by Sanford,19.9,5.0,0.0,6.567,Manual Upload,,Urgent
195.0,CA-2015-131457,10/31/2015,11/6/2015,Standard Class,MZ-17515,Mary Zewe,Corporate,United States,Redlands,California,92374.0,West,OFF-EN-10001509,Office Supplies,Envelopes,Poly String Tie Envelopes,14.28,7.0,0.0,6.7116,Manual Upload,Approved,
196.0,CA-2014-140004,3/21/2014,3/25/2014,Standard Class,CB-12025,Cassandra Brandow,Consumer,United States,Hamilton,Ohio,45011.0,East,OFF-AR-10004685,Office Supplies,Art,"Binney & Smith Crayola Metallic Colored Pencils, 8-Color Set",7.408,2.0,0.2,1.2038,Manual Upload,Approved,
197.0,CA-2014-140004,3/21/2014,3/25/2014,Standard Class,CB-12025,Cassandra Brandow,Consumer,United States,Hamilton,Ohio,45011.0,East,OFF-AR-10004027,Office Supplies,Art,"Binney & Smith inkTank Erasable Desk Highlighter, Chisel Tip, Yellow, 12/Box",6.048,3.0,0.2,1.5876,Manual Upload,Pending,
198.0,CA-2017-107720,11/6/2017,11/13/2017,Standard Class,VM-21685,Valerie Mitchum,Home Office,United States,Westfield,New Jersey,7090.0,East,OFF-ST-10001414,Office Supplies,Storage,Decoflex Hanging Personal Folder File,46.26,3.0,0.0,12.0276,Legacy,Rejected,Check later
199.0,US-2017-124303,7/6/2017,7/13/2017,Standard Class,FH-14365,Fred Hopkins,Corporate,United States,Philadelphia,Pennsylvania,19120.0,East,OFF-BI-10000343,Office Supplies,Binders,"Pressboard Covers with Storage Hooks, 9 1/2"" x 11"", Light Blue",2.946,2.0,0.7,-2.2586,CRM,Pending,Urgent
200.0,US-2017-124303,7/6/2017,7/13/2017,Standard Class,FH-14365,Fred Hopkins,Corporate,United States,Philadelphia,Pennsylvania,19120.0,East,OFF-PA-10002749,Office Supplies,Paper,"Wirebound Message Books, 5-1/2 x 4 Forms, 2 or 4 Forms per Page",16.056,3.0,0.2,5.8203,Manual Upload,,
201.0,CA-2017-105074,6/24/2017,6/29/2017,Standard Class,MB-17305,Maria Bertelson,Consumer,United States,Akron,Ohio,44312.0,East,OFF-PA-10002666,Office Supplies,Paper,Southworth 25% Cotton Linen-Finish Paper & Envelopes,21.744,3.0,0.2,6.795,Manual Upload,Rejected,
202.0,CA-2014-133690,8/3/2014,8/5/2014,First Class,BS-11755,Bruce Stewart,Consumer,United States,Denver,Colorado,80219.0,West,FUR-TA-10004289,Furniture,Tables,BoxOffice By Design Rectangular and Half-Moon Meeting Room Tables,218.75,2.0,0.5,-161.875,Manual Upload,Pending,Check later
203.0,CA-2014-133690,8/3/2014,8/5/2014,First Class,BS-11755,Bruce Stewart,Consumer,United States,Denver,Colorado,80219.0,West,OFF-AP-10003622,Office Supplies,Appliances,"Bravo II Megaboss 12-Amp Hard Body Upright, Replacement Belts, 2 Belts per Pack",2.6,1.0,0.2,0.2925,CRM,Approved,
204.0,US-2017-116701,12/17/2017,12/21/2017,Second Class,LC-17140,Logan Currie,Consumer,United States,Dallas,Texas,75220.0,Central,OFF-AP-10003217,Office Supplies,Appliances,Eureka Sanitaire  Commercial Upright,66.284,2.0,0.8,-178.9668,CRM,Approved,Duplicate?
205.0,CA-2017-126382,6/3/2017,6/7/2017,Standard Class,HK-14890,Heather Kirkland,Corporate,United States,Franklin,Tennessee,37064.0,South,FUR-FU-10002960,Furniture,Furnishings,"Eldon 200 Class Desk Accessories, Burgundy",35.168,7.0,0.2,9.6712,CRM,Approved,
206.0,CA-2017-108329,12/9/2017,12/14/2017,Standard Class,LE-16810,Laurel Elliston,Consumer,United States,Whittier,California,90604.0,West,TEC-PH-10001918,Technology,Phones,Nortel Business Series Terminal T7208 Digital phone,444.768,4.0,0.2,44.4768,CRM,Approved,Urgent
207.0,CA-2017-135860,12/1/2017,12/7/2017,Standard Class,JH-15985,Joseph Holt,Consumer,United States,Saginaw,Michigan,48601.0,Central,OFF-ST-10000642,Office Supplies,Storage,"Tennsco Lockers, Gray",83.92,4.0,0.0,5.8744,CRM,Pending,
208.0,CA-2017-135860,12/1/2017,12/7/2017,Standard Class,JH-15985,Joseph Holt,Consumer,United States,Saginaw,Michigan,48601.0,Central,TEC-PH-10001700,Technology,Phones,Panasonic KX-TG6844B Expandable Digital Cordless Telephone,131.98,2.0,0.0,35.6346,Manual Upload,,
209.0,CA-2017-135860,12/1/2017,12/7/2017,Standard Class,JH-15985,Joseph Holt,Consumer,United States,Saginaw,Michigan,48601.0,Central,OFF-BI-10003274,Office Supplies,Binders,"Avery Durable Slant Ring Binders, No Labels",15.92,4.0,0.0,7.4824,ERP,Approved,Duplicate?
210.0,CA-2017-135860,12/1/2017,12/7/2017,Standard Class,JH-15985,Joseph Holt,Consumer,United States,Saginaw,Michigan,48601.0,Central,OFF-FA-10000134,Office Supplies,Fasteners,"Advantus Push Pins, Aluminum Head",52.29,100.0,0.0,16.2099,Manual Upload,,Check later
211.0,CA-2017-135860,12/1/2017,12/7/2017,Standard Class,JH-15985,Joseph Holt,Consumer,United States,Saginaw,Michigan,48601.0,Central,OFF-ST-10001522,Office Supplies,Storage,"Gould Plastics 18-Pocket Panel Bin, 34w x 5-1/4d x 20-1/2h",91.99,1.0,0.0,3.6796,CRM,Pending,Check later
212.0,CA-2015-101007,2/9/2015,2/13/2015,Second Class,MS-17980,Michael Stewart,Corporate,United States,Dallas,Texas,75220.0,Central,TEC-AC-10001266,Technology,Accessories,Memorex Micro Travel Drive 8 GB,20.8,2.0,0.2,6.5,ERP,Pending,Duplicate?
213.0,CA-2015-146262,1/2/2015,1/9/2015,Standard Class,VW-21775,Victoria Wilson,Corporate,United States,Medina,Ohio,44256.0,East,OFF-LA-10004544,Office Supplies,Labels,Avery 505,0.0,0.0,0.2,8.88,ERP,,Check later
214.0,CA-2015-146262,1/2/2015,1/9/2015,Standard Class,VW-21775,Victoria Wilson,Corporate,United States,Medina,Ohio,44256.0,East,FUR-BO-10004695,Furniture,Bookcases,O'Sullivan 2-Door Barrister Bookcase in Odessa Pine,452.45,5.0,0.5,-244.323,Legacy,Rejected,
215.0,CA-2015-146262,1/2/2015,1/9/2015,Standard Class,VW-21775,Victoria Wilson,Corporate,United States,Medina,Ohio,44256.0,East,TEC-PH-10002844,Technology,Phones,Speck Products Candyshell Flip Case,62.982,3.0,0.4,-14.6958,Legacy,,Urgent
216.0,CA-2015-146262,1/2/2015,1/9/2015,Standard Class,VW-21775,Victoria Wilson,Corporate,United States,Medina,Ohio,44256.0,East,TEC-MA-10000864,Technology,Machines,Cisco 9971 IP Video Phone Charcoal,1188.0,9.0,0.7,-950.4,Manual Upload,Approved,
217.0,CA-2015-146262,1/2/2015,09/01/2015,Standard Class,VW-21775,Victoria Wilson,Corporate,United States,Medina,Ohio,44256.0,East,TEC-AC-10000109,Technology,Accessories,Sony Micro Vault Click 16 GB USB 2.0 Flash Drive,89.584,2.0,0.2,4.4792,CRM,Rejected,
218.0,CA-2016-130162,10/28/2016,11/1/2016,Standard Class,JH-15910,Jonathan Howell,Consumer,United States,Los Angeles,California,90032.0,West,OFF-ST-10001328,Office Supplies,Storage,"Personal Filing Tote with Lid, Black/Gray",93.06,6.0,0.0,26.0568,CRM,Rejected,Check later
219.0,CA-2016-130162,10/28/2016,11/1/2016,Standard Class,JH-15910,Jonathan Howell,Consumer,United States,Los Angeles,California,90032.0,WEST,TEC-PH-10002563,Technology,Phones,Adtran 1202752G1,302.376,3.0,0.2,22.6782,Legacy,,
220.0,CA-2015-169397,12/24/2015,12/27/2015,First Class,JB-15925,Joni Blumstein,Consumer,United States,Dublin,Ohio,43017.0,East,OFF-FA-10000585,Office Supplies,Fasteners,OIC Bulk Pack Metal Binder Clips,5.584,2.0,0.2,1.8148,Legacy,Rejected,Duplicate?
221.0,CA-2015-169397,12/24/2015,12/27/2015,First Class,JB-15925,Joni Blumstein,Consumer,United States,Dublin,Ohio,43017.0,East,OFF-PA-10004000,Office Supplies,Paper,"While You Were Out Pads, 50 per Pad, 4 x 5 1/4, Green Cycle",22.704,6.0,0.2,8.2302,Legacy,,
222.0,CA-2015-169397,12/24/2015,12/27/2015,First Class,JB-15925,Joni Blumstein,Consumer,United States,Dublin,Ohio,43017.0,East,OFF-BI-10002852,Office Supplies,Binders,Ibico Standard Transparent Covers,19.776,4.0,0.7,-13.8432,Manual Upload,,
223.0,CA-2015-169397,12/24/2015,12/27/2015,First Class,JB-15925,Joni Blumstein,Consumer,United States,Dublin,Ohio,43017.0,Est,FUR-FU-10000087,Furniture,Furnishings,"Executive Impressions 14"" Two-Color Numerals Wall Clock",72.704,4.0,0.2,19.0848,Legacy,Pending,Check later
224.0,CA-2015-169397,12/24/2015,12/27/2015,First Class,JB-15925,Joni Blumstein,Consumer,United States,Dublin,Ohio,43017.0,East,TEC-MA-10001148,Technology,Machines,Swingline SM12-08 MicroCut Jam Free Shredder,479.988,4.0,0.7,-383.9904,Legacy,Pending,Check later
225.0,CA-2015-169397,12/24/2015,12/27/2015,First Class,JB-15925,Joni Blumstein,Consumer,United States,Dublin,Ohio,43017.0,East,OFF-AR-10001958,Office Supplies,Art,Stanley Bostitch Contemporary Electric Pencil Sharpeners,27.168,2.0,0.2,2.7168,ERP,Rejected,
226.0,CA-2015-163055,8/9/2015,8/16/2015,Standard Class,DS-13180,David Smith,Corporate,United States,Detroit,Michigan,48227.0,Central,OFF-AR-10001026,Office Supplies,Art,"Sanford Uni-Blazer View Highlighters, Chisel Tip, Yellow",2.2,1.0,0.0,0.968,Manual Upload,Rejected,Check later
227.0,CA-2015-163055,8/9/2015,8/16/2015,Standard Class,DS-13180,David Smith,Corporate,United States,Detroit,Michigan,48227.0,Central,FUR-TA-10003748,Furniture,Tables,Bevis 36 x 72 Conference Tables,622.45,5.0,0.0,136.939,CRM,Rejected,Duplicate?
228.0,CA-2015-163055,8/9/2015,8/16/2015,Standard Class,DS-13180,David Smith,CORP,United States,Detroit,Michigan,48227.0,Central,OFF-ST-10002485,Office Supplies,Storage,Rogers Deluxe File Chest,21.98,1.0,0.0,0.2198,ERP,Rejected,Check later
229.0,US-2015-145436,2/28/2015,3/4/2015,Standard Class,VD-21670,Valerie Dominguez,Consumer,United States,Columbia,Tennessee,38401.0,South,FUR-CH-10004860,Furniture,Chairs,Global Low Back Tilter Chair,161.568,2.0,0.2,-28.2744,ERP,Approved,
230.0,US-2015-145436,2/28/2015,3/4/2015,Standard Class,VD-21670,Valerie Dominguez,Consumer,United States,Columbia,Tennessee,38401.0,South,FUR-CH-10004477,Furniture,Chairs,"Global Push Button Manager's Chair, Indigo",389.696,8.0,0.2,43.8408,Manual Upload,Rejected,
231.0,US-2014-156216,9/13/2014,9/17/2014,Standard Class,EA-14035,Erin Ashbrook,Corporate,United States,Charlotte,North Carolina,28205.0,South,OFF-BI-10001679,Office Supplies,Binders,GBC Instant Index System for Binding Systems,18.648,7.0,0.7,-12.432,CRM,Rejected,
232.0,US-2017-100930,4/7/2017,4/12/2017,Standard Class,CS-12400,Christopher Schild,Home Office,United States,Tampa,Florida,33614.0,South,FUR-TA-10001705,Furniture,Tables,Bush Advantage Collection Round Conference Table,233.86,2.0,0.45,-102.048,Manual Upload,Approved,
233.0,US-2017-100930,4/7/2017,4/12/2017,Standard Class,CS-12400,Christopher Schild,Home Office,United States,Tampa,Florida,33614.0,South,FUR-TA-10003473,Furniture,Tables,Bretford Rectangular Conference Table Tops,620.6145,3.0,0.45,-248.2458,ERP,,Check later
234.0,US-2017-100930,4/7/2017,4/12/2017,Standard Class,CS-12400,Christopher Schild,Home Office,United States,Tampa,Florida,33614.0,South,OFF-BI-10001679,Office Supplies,Binders,GBC Instant Index System for Binding Systems,5.328,2.0,0.7,-3.552,Manual Upload,Pending,Check later
235.0,US-2017-100930,4/7/2017,4/12/2017,Standard Class,CS-12400,Christopher Schild,Home Office,United States,Tampa,Florida,33614.0,South,FUR-FU-10004017,Furniture,Furnishings,"Tenex Contemporary Contur Chairmats for Low and Medium Pile Carpet, Computer, 39"" x 49""",258.072,3.0,0.2,0.0,CRM,Approved,Duplicate?
236.0,US-2017-100930,4/7/2017,4/12/2017,Standard Class,CS-12400,Christopher Schild,Home Office,United States,Tampa,Florida,33614.0,South,TEC-AC-10003832,Technology,Accessories,Logitech P710e Mobile Speakerphone,617.976,3.0,0.2,-7.7247,ERP,,Urgent
237.0,CA-2017-160514,11/12/2017,11/16/2017,Standard Class,DB-13120,David Bremer,Corporate,United States,Santa Clara,California,95051.0,West,OFF-PA-10002479,Office Supplies,Paper,Xerox 4200 Series MultiUse Premium Copy Paper (20Lb. and 84 Bright),10.56,2.0,0.0,4.752,Manual Upload,Pending,
238.0,CA-2016-157749,6/4/2016,6/9/2016,Second Class,KL-16645,Ken Lonsdale,Consumer,United States,Chicago,Illinois,60610.0,Central,OFF-PA-10003349,Office Supplies,Paper,Xerox 1957,25.92,5.0,0.2,9.396,Legacy,Approved,Duplicate?
239.0,CA-2016-157749,6/4/2016,6/9/2016,Second Class,KL-16645,Ken Lonsdale,Consumer,United States,Chicago,Illinois,60610.0,Central,FUR-FU-10000576,Furniture,Furnishings,Luxo Professional Fluorescent Magnifier Lamp with Clamp-Mount Base,419.68,5.0,0.6,-356.728,Legacy,Approved,Urgent
240.0,CA-2016-157749,6/4/2016,6/9/2016,Second Class,KL-16645,Ken Lonsdale,Consumer,United States,Chicago,Illinois,60610.0,Central,FUR-FU-10004351,Furniture,Furnishings,Staple-based wall hangings,11.688,3.0,0.6,-4.6752,CRM,Rejected,Urgent
241.0,CA-2016-157749,6/4/2016,6/9/2016,Second Class,KL-16645,Ken Lonsdale,Consumer,United States,Chicago,Illinois,60610.0,Central,TEC-PH-10000011,Technology,Phones,PureGear Roll-On Screen Protector,31.984,2.0,0.2,11.1944,ERP,,
242.0,CA-2016-157749,6/4/2016,6/9/2016,Second Class,KL-16645,Ken Lonsdale,Consumer,United States,Chicago,Illinois,60610.0,Central,FUR-TA-10002607,Furniture,Tables,KI Conference Tables,177.225,5.0,0.5,-120.513,Legacy,Pending,
243.0,CA-2016-157749,6/4/2016,6/9/2016,Second Class,KL-16645,Ken Lonsdale,Consumer,United States,Chicago,Illinois,60610.0,Central,FUR-FU-10002505,Furniture,Furnishings,Eldon 100 Class Desk Accessories,4.044,3.0,0.6,-2.8308,CRM,Rejected,
244.0,CA-2016-157749,6/4/2016,6/9/2016,Second Class,KL-16645,Ken Lonsdale,Consumer,United States,Chicago,Illinois,60610.0,Central,OFF-AR-10004685,Office Supplies,Art,"Binney & Smith Crayola Metallic Colored Pencils, 8-Color Set",7.408,2.0,0.2,1.2038,ERP,Approved,
245.0,CA-2014-131926,6/1/2014,6/6/2014,Second Class,DW-13480,Dianna Wilson,Home Office,United States,Lakeville,Minnesota,55044.0,Central,FUR-CH-10004063,Furniture,Chairs,Global Deluxe High-Back Manager's Chair,2001.86,7.0,0.0,580.5394,Legacy,Pending,Duplicate?
246.0,CA-2014-131926,6/1/2014,Jun 06 2014,Second Class,DW-13480,Dianna Wilson,Home Office,United States,Lakeville,Minnesota,55044.0,Central,OFF-ST-10002276,Office Supplies,Storage,Safco Steel Mobile File Cart,166.72,2.0,0.0,41.68,CRM,,
247.0,CA-2014-131926,6/1/2014,6/6/2014,Second Class,DW-13480,Dianna Wilson,Home Office,United States,Lakeville,Minnesota,55044.0,Central,OFF-PA-10004082,Office Supplies,Paper,"Adams Telephone Message Book w/Frequently-Called Numbers Space, 400 Messages per Book",47.88,6.0,0.0,23.94,CRM,Rejected,
248.0,CA-2014-131926,6/1/2014,6/6/2014,second class,DW-13480,Dianna Wilson,Home Office,United States,Lakeville,Minnesota,55044.0,Central,OFF-AP-10002945,Office Supplies,Appliances,Honeywell Enviracaire Portable HEPA Air Cleaner for 17' x 22' Room,1503.25,5.0,0.0,496.0725,Legacy,Approved,Check later
249.0,CA-2014-131926,6/1/2014,06/06/2014,Second Class,DW-13480,Dianna Wilson,Home Office,United States,Lakeville,Minnesota,55044.0,Central,OFF-PA-10000061,Office Supplies,Paper,Xerox 205,25.92,4.0,0.0,12.4416,Legacy,Approved,
250.0,CA-2016-154739,12/10/2016,12/15/2016,Second Class,LH-17155,Logan Haushalter,Consumer,United States,San Francisco,California,94109.0,West,FUR-CH-10002965,Furniture,Chairs,"Global Leather Highback Executive Chair with Pneumatic Height Adjustment, Black",321.568,2.0,0.2,28.1372,ERP,Pending,Duplicate?
251.0,CA-2016-145625,9/11/2016,9/17/2016,Standard Class,KC-16540,Kelly Collister,Consumer,United States,San Diego,California,92037.0,West,OFF-PA-10004569,Office Supplies,Paper,"Wirebound Message Books, Two 4 1/4"" x 5"" Forms per Page",7.61,1.0,0.0,3.5767,Manual Upload,Rejected,
252.0,CA-2016-145625,9/11/2016,9/17/2016,Standard Class,KC-16540,Kelly Collister,Consumer,United States,San Diego,California,92037.0,West,TEC-AC-10003832,Technology,Accessories,Logitech P710e Mobile Speakerphone,3347.37,13.0,0.0,636.0003,CRM,Approved,Check later
253.0,CA-2016-146941,12/10/2016,12/13/2016,First Class,DL-13315,Delfina Latchford,Consumer,United States,New York City,New York,10024.0,East,OFF-ST-10001228,Office Supplies,Storage,"Fellowes Personal Hanging Folder Files, Navy",80.58,6.0,0.0,22.5624,Legacy,Rejected,Urgent
254.0,CA-2016-146941,12/10/2016,12/13/2016,First Class,DL-13315,Delfina Latchford,Consumer,United States,New York City,New York,10024.0,East,OFF-EN-10003296,Office Supplies,Envelopes,Tyvek Side-Opening Peel & Seel Expanding Envelopes,361.92,4.0,0.0,162.864,Manual Upload,Rejected,Duplicate?
255.0,US-2015-159982,11/28/2015,12/4/2015,Standard Class,DR-12880,Dan Reichenbach,Corporate,United States,Chicago,Illinois,60623.0,Central,FUR-FU-10002505,Furniture,Furnishings,Eldon 100 Class Desk Accessories,12.132,9.0,0.6,-8.4924,Manual Upload,,Duplicate?
256.0,US-2015-159982,11/28/2015,12/4/2015,Standard Class,DR-12880,Dan Reichenbach,Corporate,United States,Chicago,Illinois,60623.0,Central,OFF-ST-10004804,Office Supplies,Storage,"Belkin 19"" Vented Equipment Shelf, Black",82.368,2.0,0.2,-19.5624,Legacy,Rejected,Duplicate?
257.0,US-2015-159982,11/28/2015,12/4/2015,Standard Class,DR-12880,Dan Reichenbach,Corporate,United States,Chicago,Illinois,60623.0,Central,OFF-ST-10001590,Office Supplies,Storage,"Tenex Personal Project File with Scoop Front Design, Black",53.92,5.0,0.2,4.044,CRM,Approved,
258.0,US-2015-159982,11/28/2015,12/4/2015,Standard Class,DR-12880,Dan Reichenbach,Corporate,United States,Chicago,Illinois,60623.0,Central,TEC-PH-10001580,Technology,Phones,Logitech Mobile Speakerphone P710e - speaker phone,647.904,6.0,0.2,56.6916,Legacy,Pending,Check later
259.0,CA-2017-163139,12/1/2017,12/3/2017,Second Class,CC-12670,Craig Carreira,Consumer,United States,New York City,New York,10009.0,East,TEC-AC-10000290,Technology,Accessories,Sabrent 4-Port USB 2.0 Hub,20.37,3.0,0.0,6.9258,Legacy,Rejected,Urgent
260.0,CA-2017-163139,12/1/2017,12/3/2017,Second Class,CC-12670,Craig Carreira,Consumer,United States,New York City,New York,10009.0,East,OFF-ST-10002790,Office Supplies,Storage,Safco Industrial Shelving,221.55,3.0,0.0,6.6465,Manual Upload,Pending,
261.0,CA-2017-163139,12/1/2017,12/3/2017,Second Class,CC-12670,Craig Carreira,Consumer,United States,New York City,New York,10009.0,Est,OFF-BI-10003460,Office Supplies,Binders,Acco 3-Hole Punch,17.52,5.0,0.2,6.132,ERP,Rejected,
262.0,US-2017-155299,6/8/2017,6/12/2017,Standard Class,Dl-13600,Dorris liebe,Corporate,United States,Pasadena,Texas,77506.0,Central,OFF-AP-10002203,Office Supplies,Appliances,Eureka Disposable Bags for Sanitaire Vibra Groomer I Upright Vac,1.624,2.0,0.8,-4.466,ERP,,Duplicate?
263.0,US-2014-106992,9/19/2014,9/21/2014,Second Class,SB-20290,Sean Braxton,Corporate,United States,Houston,Texas,77036.0,Central,TEC-MA-10000822,Technology,Machines,Lexmark MX611dhe Monochrome Laser Printer,3059.982,3.0,0.4,-509.997,CRM,Approved,Check later
264.0,US-2014-106992,9/19/2014,9/21/2014,Second Class,SB-20290,Sean Braxton,Corporate,United States,Houston,Texas,77036.0,Central,TEC-MA-10003353,Technology,Machines,Xerox WorkCentre 6505DN Laser Multifunction Printer,2519.958,7.0,0.4,-251.9958,CRM,Approved,
265.0,CA-2016-125318,6/6/2016,6/13/2016,Standard Class,RC-19825,Roy Collins,Consumer,United States,Chicago,Illinois,60610.0,Central,TEC-PH-10001433,Technology,Phones,Cisco Small Business SPA 502G VoIP phone,328.224,4.0,0.2,28.7196,ERP,Approved,Check later
266.0,CA-2015-155040,11/10/2015,11/15/2015,Standard Class,AH-10210,Alan Hwang,Consumer,United States,Brentwood,California,94513.0,West,TEC-AC-10004469,Technology,Accessories,Microsoft Sculpt Comfort Mouse,79.9,-1.0,0.0,35.156,CRM,Rejected,Urgent
267.0,CA-2017-136826,6/16/2017,6/20/2017,Standard Class,CB-12535,Claudia Bergmann,Corporate,United States,Chapel Hill,North Carolina,27514.0,South,OFF-AR-10003602,Office Supplies,Art,"Quartet Omega Colored Chalk, 12/Pack",14.016,3.0,0.2,4.7304,CRM,,Urgent
268.0,CA-2016-111010,1/22/2016,1/28/2016,Standard Class,PG-18895,Paul Gonzalez,Consumer,United States,Morristown,New Jersey,7960.0,East,OFF-FA-10003472,Office Supplies,Fasteners,Bagged Rubber Bands,7.56,6.0,0.0,0.3024,ERP,Rejected,
269.0,US-2017-145366,12/9/2017,12/13/2017,Standard Class,CA-12310,Christine Abelman,Corporate,United States,Cincinnati,Ohio,45231.0,East,OFF-ST-10004180,Office Supplies,Storage,Safco Commercial Shelving,37.208,1.0,0.2,-7.4416,CRM,Pending,Check later
270.0,US-2017-145366,12/9/2017,12/13/2017,Standard Class,CA-12310,Christine Abelman,Corporate,United States,Cincinnati,Ohio,45231.0,East,OFF-EN-10004386,Office Supplies,Envelopes,"Recycled Interoffice Envelopes with String and Button Closure, 10 x 13",57.576,3.0,0.2,21.591,ERP,Pending,
271.0,CA-2017-163979,12/28/2017,1/2/2018,Second Class,KH-16690,Kristen Hastings,Corporate,United States,San Francisco,California,94110.0,West,OFF-ST-10003208,Office Supplies,Storage,Adjustable Depth Letter/Legal Cart,725.84,4.0,0.0,210.4936,Legacy,Rejected,Check later
272.0,CA-2015-155334,7/30/2015,7/31/2015,First Class,HA-14920,Helen Andreada,Consumer,United States,San Francisco,California,94109.0,West,TEC-AC-10003628,Technology,Accessories,Logitech 910-002974 M325 Wireless Mouse for Web Scrolling,209.93,7.0,0.0,92.3692,Legacy,Pending,Check later
273.0,CA-2015-155334,7/30/2015,7/31/2015,First Class,HA-14920,Helen Andreada,Consumer,United States,San Francisco,California,94109.0,West,FUR-FU-10003274,Furniture,Furnishings,Regeneration Desk Collection,5.28,3.0,0.0,2.3232,Manual Upload,Pending,Urgent
274.0,CA-2015-155334,7/30/2015,7/31/2015,First Class,HA-14920,Helen Andreada,Consumer,United States,San Francisco,California,94109.0,West,OFF-BI-10002557,Office Supplies,Binders,Presstex Flexible Ring Binders,10.92,3.0,0.2,4.095,ERP,Rejected,Urgent
275.0,CA-2017-118136,9/16/2017,9/17/2017,First Class,BB-10990,Barry Blumstein,Corporate,United States,Inglewood,California,90301.0,west,OFF-PA-10002615,Office Supplies,Paper,"Ampad Gold Fibre Wirebound Steno Books, 6"" x 9"", Gregg Ruled",8.82,2.0,0.0,4.0572,Manual Upload,Approved,Check later
276.0,CA-2017-118136,9/16/2017,9/17/2017,First Class,BB-10990,Barry Blumstein,Corporate,United States,Inglewood,California,90301.0,West,OFF-AR-10001427,Office Supplies,Art,Newell 330,5.98,1.0,0.0,1.5548,ERP,Rejected,Check later
277.0,CA-2017-132976,10/13/2017,10/17/2017,Standard Class,AG-10495,Andrew Gjertsen,Corporate,United States,Philadelphia,Pennsylvania,19140.0,East,OFF-PA-10000673,Office Supplies,Paper,"Post-it Important Message Note Pad, Neon Colors, 50 Sheets/Pad",11.648,2.0,0.2,4.0768,Manual Upload,Approved,
278.0,CA-2017-132976,10/13/2017,10/17/2017,Standard Class,AG-10495,Andrew Gjertsen,Corporate,United States,Philadelphia,Pennsylvania,19140.0,East,OFF-PA-10004470,Office Supplies,Paper,"Adams Write n' Stick Phone Message Book, 11"" X 5 1/4"", 200 Messages",18.176,4.0,0.2,5.9072,Legacy,,Check later
279.0,CA-2017-132976,10/13/2017,10/17/2017,Standard Class,AG-10495,Andrew Gjertsen,Corporate,United States,Philadelphia,Pennsylvania,19140.0,East ,OFF-ST-10000876,Office Supplies,Storage,Eldon Simplefile Box Office,59.712,6.0,0.2,5.9712,Manual Upload,Approved,
280.0,CA-2017-132976,10/13/2017,10/17/2017,Standard Class,AG-10495,Andrew Gjertsen,Corporate,United States,Philadelphia,Pennsylvania,19140.0,East,OFF-LA-10002043,Office Supplies,Labels,Avery 489,24.84,3.0,0.2,8.694,Legacy,Approved,Urgent
281.0,US-2015-161991,9/26/2015,9/28/2015,Second Class,SC-20725,Steven Cartwright,Consumer,United States,Houston,Texas,77070.0,Central,OFF-BI-10004967,Office Supplies,Binders,Round Ring Binders,2.08,5.0,0.8,-3.432,ERP,Approved,Duplicate?
282.0,US-2015-161991,9/26/2015,9/28/2015,Second Class,SC-20725,Steven Cartwright,Consumer,United States,Houston,Texas,77070.0,Central,TEC-PH-10001760,Technology,Phones,Bose SoundLink Bluetooth Speaker,1114.4,7.0,0.2,376.11,ERP,Rejected,Duplicate?
283.0,CA-2015-130890,11/2/2015,11/6/2015,Standard Class,JO-15280,Jas O'Carroll,Consumer,United States,Los Angeles,California,90004.0,West,FUR-TA-10002903,Furniture,Tables,"Bevis Round Bullnose 29"" High Table Top",1038.84,5.0,0.2,51.942,ERP,Rejected,
284.0,CA-2015-130883,9/26/2015,10/2/2015,Standard Class,TB-21520,Tracy Blumstein,Consumer,United States,Portland,Oregon,97206.0,West,OFF-PA-10000474,Office Supplies,Paper,Easy-staple paper,141.76,5.0,0.2,47.844,CRM,,
285.0,CA-2015-130883,9/26/2015,10/2/2015,Standard Class,TB-21520,Tracy Blumstein,Consumer,United States,Portland,Oregon,97206.0,West,TEC-AC-10001956,Technology,Accessories,Microsoft Arc Touch Mouse,239.8,5.0,0.2,47.96,CRM,Rejected,
286.0,CA-2015-130883,9/26/2015,10/2/2015,Standard Class,TB-21520,Tracy Blumstein,Consumer,United States,Portland,Oregon,97206.0,West,OFF-PA-10004100,Office Supplies,Paper,Xerox 216,31.104,6.0,0.2,10.8864,CRM,Pending,Urgent
287.0,CA-2016-112697,12/18/2016,12/20/2016,Second Class,AH-10195,Alan Haines,Corporate,United States,Tamarac,Florida,33319.0,South,OFF-BI-10000778,Office Supplies,Binders,GBC VeloBinder Electric Binding Machine,254.058,7.0,0.7,-169.372,Legacy,Approved,Duplicate?
288.0,CA-2016-112697,12/18/2016,12/20/2016,Second Class,AH-10195,Alan Haines,Corporate,United States,Tamarac,Florida,33319.0,South,OFF-AP-10002684,Office Supplies,Appliances,"Acco 7-Outlet Masterpiece Power Center, Wihtout Fax/Phone Line Protection",194.528,2.0,0.2,24.316,Manual Upload,,
289.0,CA-2016-112697,12/18/2016,12/20/2016,Second Class,AH-10195,Alan Haines,Corporate,United States,Tamarac,Florida,33319.0,South,OFF-SU-10000646,Office Supplies,Supplies,Premier Automatic Letter Opener,961.48,5.0,0.2,-204.3145,Manual Upload,Approved,Urgent
290.0,CA-2016-110772,11/20/2016,11/24/2016,Second Class,NZ-18565,Nick Zandusky,Home Office,United States,Columbus,Ohio,43229.0,East,OFF-FA-10002983,Office Supplies,Fasteners,Advantus SlideClip Paper Clips,19.096,7.0,0.2,6.6836,CRM,Rejected,
291.0,CA-2016-110772,11/20/2016,11/24/2016,Second Class,NZ-18565,Nick Zandusky,Home Office,United States,Columbus,Ohio,43229.0,East,OFF-LA-10004689,Office Supplies,Labels,Avery 512,18.496,8.0,0.2,6.2424,Manual Upload,Rejected,
292.0,CA-2016-110772,11/20/2016,11/24/2016,Second Class,NZ-18565,Nick Zandusky,Home Office,United States,Columbus,Ohio,43229.0,East,TEC-AC-10002001,Technology,Accessories,Logitech Wireless Gaming Headset G930,255.984,2.0,0.2,54.3966,ERP,Pending,Check later
293.0,CA-2016-110772,11/20/2016,11/24/2016,Second Class,NZ-18565,Nick Zandusky,Home Office,United States,Columbus,Ohio,43229.0,East,FUR-BO-10004709,Furniture,Bookcases,"Bush Westfield Collection Bookcases, Medium Cherry Finish",86.97,3.0,0.5,-48.7032,Manual Upload,Rejected,
294.0,CA-2014-111451,12/26/2014,12/28/2014,First Class,KL-16555,Kelly Lampkin,Corporate,United States,Colorado Springs,Colorado,80906.0,West,FUR-FU-10004091,Furniture,Furnishings,"Howard Miller 13"" Diameter Goldtone Round Wall Clock",300.416,8.0,0.2,78.8592,Legacy,Approved,Urgent
295.0,CA-2014-111451,12/26/2014,12/28/2014,First Class,KL-16555,Kelly Lampkin,Corporate,United States,Colorado Springs,Colorado,80906.0,West,FUR-CH-10001891,Furniture,Chairs,Global Deluxe Office Fabric Chairs,230.352,3.0,0.2,20.1558,Manual Upload,Pending,Check later
296.0,CA-2014-111451,12/26/2014,12/28/2014,First Class,KL-16555,Kelly Lampkin,corporate,United States,Colorado Springs,Colorado,80906.0,West,FUR-FU-10002918,Furniture,Furnishings,Eldon ClusterMat Chair Mat with Cordless Antistatic Protection,218.352,3.0,0.2,-24.5646,Manual Upload,Rejected,
297.0,CA-2014-111451,12/26/2014,12/28/2014,First Class,KL-16555,Kelly Lampkin,Corporate,United States,Colorado Springs,Colorado,80906.0,West,OFF-BI-10004593,Office Supplies,Binders,Ibico Laser Imprintable Binding System Covers,78.6,5.0,0.7,-62.88,Legacy,Pending,
298.0,CA-2014-111451,12/26/2014,12/28/2014,First Class,KL-16555,Kelly Lampkin,Corporate,United States,Colorado Springs,Colorado,80906.0,West,OFF-FA-10004854,Office Supplies,Fasteners,"Vinyl Coated Wire Paper Clips in Organizer Box, 800/Box",27.552,3.0,0.2,9.2988,Legacy,Rejected,Check later
299.0,CA-2016-142545,10/28/2016,11/3/2016,Standard Class,JD-15895,Jonathan Doherty,Corporate,United States,Belleville,New Jersey,7109.0,East,OFF-PA-10002105,Office Supplies,Paper,Xerox 223,32.4,5.0,0.0,15.552,Manual Upload,Approved,Duplicate?
300.0,CA-2016-142545,10/28/2016,11/3/2016,Standard Class,JD-15895,Jonathan Doherty,Corporate,United States,Belleville,New Jersey,7109.0,East,OFF-ST-10002756,Office Supplies,Storage,"Tennsco Stur-D-Stor Boltless Shelving, 5 Shelves, 24"" Deep, Sand",1082.48,8.0,0.0,10.8248,Legacy,Pending,
301.0,CA-2016-142545,10/28/2016,11/3/2016,Standard Class,JD-15895,Jonathan Doherty,Corporate,United States,Belleville,New Jersey,7109.0,East,OFF-PA-10004243,Office Supplies,Paper,Xerox 1939,56.91,3.0,0.0,27.3168,ERP,Approved,Check later
302.0,CA-2016-142545,10/28/2016,11/3/2016,Standard Class,JD-15895,Jonathan Doherty,Corporate,United States,Belleville,New Jersey,7109.0,East,FUR-FU-10001861,Furniture,Furnishings,"Floodlight Indoor Halogen Bulbs, 1 Bulb per Pack, 60 Watts",77.6,4.0,0.0,38.024,Manual Upload,Rejected,Check later
303.0,CA-2016-142545,28 Oct 2016,11/3/2016,Standard Class,JD-15895,Jonathan Doherty,Corporate,United States,Belleville,New Jersey,7109.0,East,OFF-BI-10002706,Office Supplies,Binders,Avery Premier Heavy-Duty Binder with Round Locking Rings,14.28,1.0,0.0,6.5688,Legacy,Approved,Duplicate?
304.0,US-2017-152380,11/19/2017,2017-11-23,Standard Class,JH-15910,Jonathan Howell,Consumer,United States,Chicago,Illinois,60623.0,Central,FUR-TA-10002533,Furniture,Tables,BPI Conference Tables,219.075,3.0,0.5,-131.445,ERP,Rejected,Urgent
305.0,CA-2015-144253,5/4/2015,5/9/2015,Second Class,AS-10225,Alan Schoenberger,Corporate,United States,New York City,New York,10024.0,East,FUR-FU-10002671,Furniture,Furnishings,Electrix 20W Halogen Replacement Bulb for Zoom-In Desk Lamp,26.8,2.0,0.0,12.864,CRM,Approved,
306.0,CA-2014-130960,12/30/2014,1/4/2015,Standard Class,KB-16600,Ken Brennan,Corporate,United States,Taylor,Michigan,48180.0,Central,OFF-AR-10003651,Office Supplies,Art,Newell 350,9.84,3.0,0.0,2.8536,Manual Upload,Rejected,Urgent
307.0,CA-2014-111003,6/1/2014,6/6/2014,Standard Class,CR-12625,Corey Roper,Home Office,United States,Lakewood,New Jersey,8701.0,East,OFF-BI-10001072,Office Supplies,Binders,"GBC Clear Cover, 8-1/2 x 11, unpunched, 25 covers per pack",45.48,3.0,0.0,20.9208,Legacy,Pending,Check later
308.0,CA-2014-111003,6/1/2014,6/6/2014,Standard Class,CR-12625,Corey Roper,Home Office,United States,Lakewood,New Jersey,8701.0,East,OFF-AR-10002135,Office Supplies,Art,Boston Heavy-Duty Trimline Electric Pencil Sharpeners,289.2,6.0,0.0,83.868,Legacy,Rejected,Duplicate?
309.0,CA-2017-126774,4/15/2017,4/17/2017,First Class,SH-20395,Shahid Hopkins,Consumer,United States,Arlington,Virginia,22204.0,South,OFF-AR-10002804,Office Supplies,Art,Faber Castell Col-Erase Pencils,4.89,1.0,0.0,2.0049,ERP,,
310.0,CA-2016-142902,9/12/2016,9/14/2016,Second Class,BP-11185,Ben Peterman,Corporate ,United States,Arvada,Colorado,80004.0,West,FUR-FU-10001918,Furniture,Furnishings,C-Line Cubicle Keepers Polyproplyene Holder With Velcro Backings,15.136,4.0,0.2,3.5948,Manual Upload,Rejected,Check later
311.0,CA-2016-142902,9/12/2016,9/14/2016,Second Class,BP-11185,Ben Peterman,Corporate,United States,Arvada,Colorado,80004.0,West,FUR-CH-10004086,Furniture,Chairs,Hon 4070 Series Pagoda Armless Upholstered Stacking Chairs,466.768,2.0,0.2,52.5114,Legacy,Pending,Urgent
312.0,CA-2016-142902,9/12/2016,9/14/2016,Second Class,BP-11185,Ben Peterman,Corporate,United States,Arvada,Colorado,80004.0,West,FUR-FU-10001756,Furniture,Furnishings,"Eldon Expressions Desk Accessory, Wood Photo Frame, Mahogany",15.232,1.0,0.2,1.7136,Legacy,Approved,Check later
313.0,CA-2016-142902,9/12/2016,9/14/2016,Second Class,BP-11185,Ben Peterman,Corporate,United States,Arvada,Colorado,80004.0,West,OFF-LA-10000634,Office Supplies,Labels,Avery 509,6.264,3.0,0.2,2.0358,ERP,Approved,
314.0,CA-2014-120887,9/27/2014,10/3/2014,Standard Class,TS-21205,Thomas Seio,corporate,United States,Hackensack,New Jersey,7601.0,East,FUR-FU-10001588,Furniture,Furnishings,"Deflect-o SuperTray Unbreakable Stackable Tray, Letter, Black",87.54,3.0,0.0,37.6422,ERP,Rejected,
315.0,CA-2014-167850,8/9/2014,8/16/2014,Standard Class,AG-10525,Andy Gerbode,Corporate,United States,Saint Petersburg,Florida,33710.0,South,TEC-PH-10002398,Technology,Phones,AT&T 1070 Corded Phone,178.384,2.0,0.2,22.298,ERP,Pending,Check later
316.0,CA-2014-167850,8/9/2014,8/16/2014,Standard Class,AG-10525,Andy Gerbode,Corporate,United States,Saint Petersburg,Florida,33710.0,South,OFF-PA-10001937,Office Supplies,Paper,Xerox 21,15.552,3.0,0.2,5.4432,Manual Upload,Rejected,Duplicate?
317.0,CA-2014-164259,12/28/2014,12/30/2014,First Class,SP-20860,Sung Pak,Corporate,United States,Philadelphia,Pennsylvania,19143.0,East,OFF-AR-10003373,Office Supplies,Art,"Boston School Pro Electric Pencil Sharpener, 1670",99.136,4.0,0.2,8.6744,ERP,Rejected,
318.0,CA-2014-164973,11/4/2014,11/9/2014,Standard Class,NM-18445,Nathan Mautz,Home Office,United States,New York City,New York,10024.0,East,FUR-CH-10002602,Furniture,Chairs,DMI Arturo Collection Mission-style Design Wood Chair,135.882,1.0,0.1,24.1568,Manual Upload,Pending,Urgent
319.0,CA-2014-164973,11/4/2014,11/9/2014,Standard Class,NM-18445,Nathan Mautz,Home Office,United States,New York City,New York,10024.0,East,TEC-MA-10002927,Technology,Machines,Canon imageCLASS MF7460 Monochrome Digital Laser Multifunction Copier,3991.98,2.0,0.0,1995.99,CRM,Approved,
320.0,CA-2014-164973,11/4/2014,11/9/2014,Standard Class,NM-18445,Nathan Mautz,Home Office,United States,New York City,New York,10024.0,East,TEC-PH-10004093,Technology,Phones,Panasonic Kx-TS550,275.94,6.0,0.0,80.0226,Legacy,Approved,Duplicate?
321.0,CA-2014-164973,11/4/2014,11/9/2014,Standard Class,NM-18445,Nathan Mautz,Home Office,United States,New York City,New York,10024.0,East,TEC-AC-10000892,Technology,Accessories,NETGEAR N750 Dual Band Wi-Fi Gigabit Router,360.0,4.0,0.0,129.6,CRM,Rejected,Duplicate?
322.0,CA-2014-164973,11/4/2014,11/9/2014,Standard Class,NM-18445,Nathan Mautz,Home Office,United States,New York City,New York,10024.0,East,OFF-ST-10002974,Office Supplies,Storage,"Trav-L-File Heavy-Duty Shuttle II, Black",43.57,1.0,0.0,13.071,Legacy,Pending,
323.0,CA-2014-156601,9/19/2014,9/24/2014,Standard Class,FA-14230,Frank Atkinson,Corporate,United States,Long Beach,California,90805.0,West,OFF-FA-10000624,Office Supplies,Fasteners,OIC Binder Clips,7.16,2.0,0.0,3.58,Manual Upload,Approved,
324.0,CA-2016-162138,23-04-2016,4/27/2016,Standard Class,GK-14620,Grace Kelly,Corporate,United States,Hesperia,California,92345.0,West,OFF-BI-10004593,Office Supplies,Binders,Ibico Laser Imprintable Binding System Covers,251.52,6.0,0.2,81.744,CRM,Pending,
325.0,CA-2016-162138,4/23/2016,4/27/2016,Standard Class,GK-14620,Grace Kelly,Corporate,United States,Hesperia,California,92345.0,West,TEC-AC-10001908,Technology,Accessories,Logitech Wireless Headset h800,99.99,1.0,0.0,34.9965,Legacy,Pending,Urgent
326.0,CA-2017-153339,11/3/2017,11/5/2017,Second Class,DJ-13510,Don Jones,Corporate,United States,Murfreesboro,Tennessee,37130.0,South,FUR-FU-10001967,Furniture,Furnishings,Telescoping Adjustable Floor Lamp,15.992,1.0,0.2,0.9995,Manual Upload,Approved,Check later
327.0,US-2016-141544,8/30/2016,9/1/2016,First Class,PO-18850,Patrick O'Brill,Consumer,United States,Philadelphia,Pennsylvania,19143.0,East,TEC-PH-10003645,Technology,Phones,Aastra 57i VoIP phone,290.898,3.0,0.4,-67.8762,CRM,Pending,
328.0,US-2016-141544,8/30/2016,9/1/2016,First Class,PO-18850,Patrick O'Brill,Consumer,United States,Philadelphia,Pennsylvania,19143.0,East,OFF-ST-10000675,Office Supplies,Storage,"File Shuttle II and Handi-File, Black",54.224,2.0,0.2,3.389,Legacy,Pending,Check later
329.0,US-2016-141544,8/30/2016,9/1/2016,First Class,PO-18850,Patrick O'Brill,Consumer,United States,Philadelphia,Pennsylvania,19143.0,East,FUR-CH-10003312,furniture,Chairs,Hon 2090 Pillow Soft Series Mid Back Swivel/Tilt Chairs,786.744,4.0,0.3,-258.5016,Manual Upload,Approved,Check later
330.0,US-2016-141544,8/30/2016,9/1/2016,First Class,PO-18850,Patrick O'Brill ,Consumer,United States,Philadelphia,Pennsylvania,19143.0,East,OFF-LA-10001074,Office Supplies,Labels,Round Specialty Laser Printer Labels,100.24,10.0,0.2,33.831,CRM,Pending,
331.0,US-2016-141544,8/30/2016,9/1/2016,First Class,PO-18850,Patrick O'Brill,Consumer,United States,Philadelphia,Pennsylvania,19143.0,East,OFF-BI-10001524,Office Supplies,Binders,GBC Premium Transparent Covers with Diagonal Lined Pattern,37.764,6.0,0.7,-27.6936,Legacy,Rejected,Check later
332.0,US-2016-150147,4/25/2016,4/29/2016,Second Class,JL-15850,John Lucas,Consumer,United States,Philadelphia,Pennsylvania,19134.0,East,TEC-PH-10004614,Technology,Phones,AT&T 841000 Phone,82.8,2.0,0.4,-20.7,ERP,,Urgent
333.0,US-2016-150147,4/25/2016,4/29/2016,Second Class,JL-15850,John Lucas,Consumer,United States,Philadelphia,Pennsylvania,19134.0,East,OFF-BI-10001153,Office Supplies,Binders,Ibico Recycled Grain-Textured Covers,20.724,2.0,0.7,-13.816,ERP,Rejected,
334.0,US-2016-150147,4/25/2016,4/29/2016,Second Class,JL-15850,John Lucas,Consumer,United States,Philadelphia,Pennsylvania,19134.0,East,OFF-BI-10001982,Office Supplies,Binders,Wilson Jones Custom Binder Spines & Labels,4.896,3.0,0.7,-3.4272,ERP,Approved,Check later
335.0,CA-2015-137946,9/1/2015,9/4/2015,Second Class,DB-13615,Doug Bickford,Consumer,United States,Los Angeles,California,90045.0,West,OFF-BI-10001922,Office Supplies,Binders,Storex Dura Pro Binders,4.752,1.0,0.2,1.6038,Manual Upload,Approved,
336.0,CA-2015-137946,9/1/2015,9/4/2015,Second Class,DB-13615,Doug Bickford,Consumer,United States,Los Angeles,California,90045.0,West,TEC-CO-10001449,Technology,Copiers,Hewlett Packard LaserJet 3310 Copier,959.984,2.0,0.2,335.9944,Manual Upload,Approved,Duplicate?
337.0,CA-2015-137946,9/1/2015,9/4/2015,Second Class,DB-13615,Doug Bickford,Consumer,United States,Los Angeles,California,90045.0,West,OFF-BI-10004140,Office Supplies,Binders,Avery Non-Stick Binders,14.368,4.0,0.2,4.49,Manual Upload,,
338.0,CA-2014-129924,7/12/2014,7/17/2014,Standard Class,AC-10420,Alyssa Crouse,Corporate,United States,San Francisco,California,94122.0,West,OFF-BI-10003314,Office Supplies,Binders,Tuff Stuff Recycled Round Ring Binders,7.712,2.0,0.2,2.7956,Legacy,Pending,Urgent
339.0,CA-2014-129924,7/12/2014,7/17/2014,Standard Class,AC-10420,Alyssa Crouse,Corporate,United States,San Francisco,Calif.,94122.0,West,FUR-TA-10004575,Furniture,Tables,Hon 5100 Series Wood Tables,698.352,3.0,0.2,-17.4588,ERP,Approved,
340.0,CA-2015-128167,6/22/2015,6/26/2015,Second Class,KL-16645,Ken Lonsdale,Consumer,United States,Layton,Utah,84041.0,West,OFF-FA-10000490,Office Supplies,Fasteners,"OIC Binder Clips, Mini, 1/4"" Capacity, Black",4.96,4.0,0.0,2.3312,Manual Upload,Rejected,Urgent
341.0,CA-2014-122336,4/13/2014,4/17/2014,Second Class,JD-15895,Jonathan Doherty,Corporate,United States,Philadelphia,Pennsylvania,19140.0,East,OFF-AR-10000122,Office Supplies,Art,Newell 314,0.01,4.0,0.2,1.116,ERP,Approved,
342.0,CA-2014-122336,4/13/2014,4/17/2014,Second Class,JD-15895,Jonathan Doherty,Corporate,United States,Philadelphia,Pennsylvania,19140.0,East,OFF-BI-10003656,Office Supplies,Binders,Fellowes PB200 Plastic Comb Binding Machine,509.97,10.0,0.7,-407.976,Legacy,,Urgent
343.0,CA-2014-122336,4/13/2014,4/17/2014,Second Class,JD-15895,Jonathan Doherty,Corporate,United States,Philadelphia,Pennsylvania,19140.0,East,OFF-FA-10002780,Office Supplies,Fasteners,Staples,30.992,13.0,0.2,10.0724,CRM,Rejected,
344.0,CA-2014-122336,4/13/2014,4/17/2014,Second Class,JD-15895,Jonathan Doherty,Corporate,United States,Philadelphia,Pennsylvania,19140.0,East,TEC-PH-10000702,Technology,Phones,"Square Credit Card Reader, 4 1/2"" x 4 1/2"" x 1"", White",71.928,12.0,0.4,8.3916,ERP,Approved,
345.0,US-2015-120712,12/20/2015,12/24/2015,Standard Class,CS-12130,Chad Sievert,Consumer,United States,Austin,Texas,78745.0,Central,OFF-ST-10000107,Office Supplies,Storage,Fellowes Super Stor/Drawer,88.8,4.0,0.2,-2.22,Legacy,,Urgent
346.0,CA-2017-169901,6/15/2017,6/19/2017,Standard Class,CC-12550,Clay Cheatham,Consumer,United States,San Francisco,California,94122.0,West,TEC-PH-10002293,Technology,Phones,Anker 36W 4-Port USB Wall Charger Travel Power Adapter for iPhone 5s 5c 5,47.976,3.0,0.2,4.7976,CRM,Pending,
347.0,CA-2017-134306,7/8/2017,7/12/2017,Standard Class,TD-20995,Tamara Dahlen,Consumer,United States,Lowell,Massachusetts,1852.0,East,OFF-AR-10004027,Office Supplies,Art,"Binney & Smith inkTank Erasable Desk Highlighter, Chisel Tip, Yellow, 12/Box",7.56,3.0,0.0,3.0996,CRM,Approved,
348.0,CA-2017-134306,7/8/2017,7/12/2017,Standard Class,TD-20995,Tamara Dahlen,Consumer,United States,Lowell,Massachusetts,1852.0,East,OFF-PA-10000249,Office Supplies,Paper,Easy-staple paper,24.56,2.0,0.0,11.5432,Legacy,Rejected,Check later
349.0,CA-2017-134306,7/8/2017,7/12/2017,Standard Class,TD-20995,Tamara Dahlen,Consumer,United States,Lowell,Massachusetts,1852.0,East,OFF-AR-10001374,Office Supplies,Art,"BIC Brite Liner Highlighters, Chisel Tip",12.96,2.0,0.0,4.1472,Legacy,Pending,Check later
350.0,CA-2016-129714,9/1/2016,03/09/2016,First Class,AB-10060,Adam Bellavance,Home Office,United States,New York City,New York,10009.0,East,TEC-AC-10000290,Technology,Accessories,Sabrent 4-Port USB 2.0 Hub,6.79,1.0,0.0,2.3086,ERP,Pending,Urgent
351.0,CA-2016-129714,9/1/2016,9/3/2016,First Class,AB-10060,Adam Bellavance,Home Office,United States,New York City,New York,10009.0,East,OFF-PA-10001970,Office Supplies,Paper,Xerox 1881,24.56,2.0,0.0,11.5432,Manual Upload,Approved,Check later
352.0,CA-2016-129714,9/1/2016,9/3/2016,First Class,AB-10060,Adam Bellavance,Home Office,United States,New York City,New York,10009.0,East,OFF-BI-10002160,Office Supplies,Binders,Acco Hanging Data Binders,3.048,1.0,0.2,1.0668,Legacy,Approved,Check later
353.0,CA-2016-129714,9/1/2016,9/3/2016,First Class,AB-10060,Adam Bellavance,Home Office,United States,New York City,New York,10009.0,East,OFF-PA-10001970,Office Supplies,Paper,Xerox 1881,49.12,4.0,0.0,23.0864,Manual Upload,,
354.0,CA-2016-129714,9/1/2016,9/3/2016,First Class,AB-10060,Adam Bellavance,Home Office,United States,New York City,New York,10009.0,East,OFF-BI-10004995,Office Supplies,Binders,GBC DocuBind P400 Electric Binding System,4355.168,4.0,0.2,1415.4296,CRM,,
355.0,CA-2016-138520,4/8/2016,4/13/2016,Standard Class,JL-15505,Jeremy Lonsdale,Consumer,United States,New York City,New York,10035.0,East,FUR-BO-10002268,Furniture,Bookcases,Sauder Barrister Bookcases,388.704,6.0,0.2,-4.8588,CRM,Approved,Urgent
356.0,CA-2016-138520,4/8/2016,4/13/2016,Standard Class,JL-15505,Jeremy Lonsdale,Consumer,United States,New York City,New York,10035.0,East,OFF-EN-10001137,Office Supplies,Envelopes,"#10 Gummed Flap White Envelopes, 100/Box",8.26,2.0,0.0,3.7996,Legacy,Rejected,Urgent
357.0,CA-2016-138520,4/8/2016,4/13/2016,Standard Class,JL-15505,Jeremy Lonsdale,Consumer,United States,New York City,New York,10035.0,East,OFF-AR-10002399,Office Supplies,Art,"Dixon Prang Watercolor Pencils, 10-Color Set with Brush",17.04,4.0,0.0,6.9864,ERP,,Check later
358.0,CA-2016-138520,4/8/2016,4/13/2016,Standard Class,JL-15505,Jeremy Lonsdale,Consumer,United States,New York City,New York,10035.0,East,OFF-PA-10002713,Office Supplies,Paper,"Adams Phone Message Book, 200 Message Capacity, 8 1/16 x 11",34.4,5.0,0.0,15.824,ERP,Approved,Urgent
359.0,CA-2016-130001,4/23/2016,4/28/2016,Standard Class,HK-14890,Heather Kirkland,Corporate,United States,Charlotte,North Carolina,28205.0,South,OFF-PA-10002666,Office Supplies,Paper,Southworth 25% Cotton Linen-Finish Paper & Envelopes,36.24,5.0,0.2,11.325,ERP,Rejected,Check later
360.0,CA-2017-155698,3/8/2017,3/11/2017,First Class,VB-21745,Victoria Brennan,Corporate,United States,Columbus,Georgia,31907.0,South,OFF-AP-10001124,Office Supplies,Appliances,Belkin 8 Outlet SurgeMaster II Gold Surge Protector with Phone Protection,647.84,8.0,0.0,168.4384,Legacy,Rejected,
361.0,CA-2017-155698,3/8/2017,3/11/2017,First Class,VB-21745,Victoria Brennan,Corporate,United States,Columbus,Georgia,31907.0,South,OFF-LA-10001158,Office Supplies,Labels,"Avery Address/Shipping Labels for Typewriters, 4"" x 2""",20.7,2.0,0.0,9.936,Manual Upload,Rejected,Check later
362.0,CA-2017-144904,9/25/2017,10/1/2017,Standard Class,KW-16435,Katrina Willman,Consumer,United States,New York City,New York,10009.0,East,OFF-LA-10001158,Office Supplies,Labels,"Avery Address/Shipping Labels for Typewriters, 4"" x 2""",20.7,2.0,0.0,9.936,ERP,Approved,Check later
363.0,CA-2017-144904,9/25/2017,10/1/2017,Standard Class,KW-16435,Katrina Willman,Consumer,United States,New York City,New York,10009.0,East,FUR-CH-10000785,Furniture,Chairs,Global Ergonomic Managers Chair,488.646,3.0,0.1,86.8704,Legacy,Approved,Urgent
364.0,CA-2017-144904,9/25/2017,10/1/2017,Standard Class,KW-16435,Katrina Willman,Consumer,United States,New York City,New York,10009.0,East,OFF-AR-10003732,Office Supplies,Art,Newell 333,5.56,2.0,0.0,1.4456,Manual Upload,Approved,Duplicate?
365.0,CA-2017-144904,9/25/2017,10/1/2017,Standard Class,KW-16435,Katrina Willman,Consumer,United States,New York City,New York,10009.0,East,FUR-FU-10000023,Furniture,Furnishings,Eldon Wave Desk Accessories,47.12,8.0,0.0,20.7328,Manual Upload,Pending,
366.0,CA-2014-123344,9/24/2014,9/29/2014,Standard Class,JD-16060,Julia Dunbar,Consumer,United States,San Francisco,California,94109.0,West,OFF-ST-10001713,Office Supplies,Storage,"Gould Plastics 9-Pocket Panel Bin, 18-3/8w x 5-1/4d x 20-1/2h, Black",211.96,4.0,0.0,8.4784,Manual Upload,Approved,
367.0,CA-2016-155516,10/21/2016,10/21/2016,Same Day,MK-17905,Michael Kennedy,Corporate,United States,Manchester,Connecticut,6040.0,East,OFF-BI-10002412,Office Supplies,Binders,Wilson Jones Snap Scratch Pad Binder Tool for Ring Binders,23.2,4.0,0.0,10.44,ERP,Rejected,Duplicate?
368.0,CA-2016-155516,10/21/2016,10/21/2016,Same Day,MK-17905,Michael Kennedy,Corporate,United States,Manchester,Connecticut,6040.0,East,OFF-SU-10001225,Office Supplies,Supplies,Staple remover,7.36,2.0,0.0,0.1472,Legacy,Rejected,Duplicate?
369.0,CA-2016-155516,10/21/2016,10/21/2016,Same Day,MK-17905,Michael Kennedy,Corporate,United States,Manchester,Connecticut,6040.0,East,OFF-ST-10002406,Office Supplies,Storage,Pizazz Global Quick File,104.79,7.0,0.0,29.3412,Manual Upload,Pending,Duplicate?
370.0,CA-2016-155516,10/21/2016,10/21/2016,Same Day,MK-17905,Michael Kennedy,Corporate,United States,Manchester,Connecticut,6040.0,East,FUR-BO-10002545,Furniture,Bookcases,"Atlantic Metals Mobile 3-Shelf Bookcases, Custom Colors",1043.92,4.0,0.0,271.4192,Legacy,Pending,Duplicate?
371.0,CA-2017-104745,5/29/2017,6/4/2017,Standard Class,GT-14755,Guy Thornton,Consumer,United States,Harlingen,Texas,78550.0,Central,OFF-PA-10002036,Office Supplies,Paper,Xerox 1930,25.92,5.0,0.2,9.396,ERP,,Check later
372.0,CA-2017-104745,5/29/2017,6/4/2017,Standard Class,GT-14755,Guy Thornton,Consumer,United States,Harlingen,Texas,78550.0,Central,OFF-ST-10002205,Office Supplies,Storage,File Shuttle I and Handi-File,53.424,3.0,0.2,4.6746,CRM,Approved,Check later
373.0,US-2014-119137,7/23/2014,7/27/2014,Standard Class,AG-10900,Arthur Gainer,Consumer,United States,Tucson,Arizona,85705.0,West,OFF-BI-10001982,Office Supplies,Binders,Wilson Jones Custom Binder Spines & Labels,8.16,5.0,0.7,-5.712,Legacy,,
374.0,US-2014-119137,7/23/2014,7/27/2014,Standard Class,AG-10900,Arthur Gainer,Consumer,United States,Tucson,Arizona,85705.0,West,TEC-AC-10003911,Technology,Accessories,NETGEAR AC1750 Dual Band Gigabit Smart WiFi Router,1023.936,8.0,0.2,179.1888,Manual Upload,,Urgent
375.0,US-2014-119137,7/23/2014,7/27/2014,Standard Class,AG-10900,Arthur Gainer,Consumer,United States,Tucson,Arizona,85705.0,West,OFF-AR-10000658,Office Supplies,Art,Newell 324,9.24,1.0,0.2,0.924,ERP,Rejected,Urgent
376.0,US-2014-119137,7/23/2014,7/27/2014,Standard Class,AG-10900,Arthur Gainer,Consumer,United States,Tucson,Arizona,85705.0,West,TEC-AC-10002076,Technology,Accessories,Microsoft Natural Keyboard Elite,479.04,10.0,0.2,-29.94,CRM,,Urgent
377.0,US-2016-134656,9/28/2016,10/1/2016,First Class,MM-18280,Muhammed MacIntyre,Corporate,United States,Quincy,Illinois,62301.0,Central,OFF-PA-10003039,Office Supplies,Paper,Xerox 1960,99.136,4.0,0.2,30.98,CRM,Rejected,Duplicate?
378.0,US-2017-134481,8/27/2017,9/1/2017,Standard Class,AR-10405,Allen Rosenblatt,Corporate,United States,Franklin,Massachusetts,2038.0,East,FUR-TA-10004915,Furniture,Tables,"Office Impressions End Table, 20-1/2""H x 24""W x 20""D",1488.424,7.0,0.3,-297.6848,ERP,Approved,Check later
379.0,CA-2015-130792,4/28/2015,5/5/2015,Standard Class,RA-19915,Russell Applegate,Consumer,United States,Houston,Texas,UNKNOWN,Central,OFF-AP-10000696,Office Supplies,Appliances,Holmes Odor Grabber,8.652,3.0,0.8,-20.3322,Manual Upload,Rejected,Urgent
380.0,CA-2015-130792,4/28/2015,5/5/2015,Standard Class,RA-19915,Russell Applegate,Consumer,United States,Houston,Texas,77095.0,Central,OFF-ST-10003327,Office Supplies,Storage,Akro-Mils 12-Gallon Tote,23.832,3.0,0.2,2.6811,CRM,Pending,Check later
381.0,CA-2015-130792,4/28/2015,5/5/2015,Standard Class,RA-19915,Russell Applegate,Consumer,United States,houston,Texas,77095.0,Central,OFF-BI-10000309,Office Supplies,Binders,"GBC Twin Loop Wire Binding Elements, 9/16"" Spine, Black",12.176,4.0,0.8,-18.8728,Manual Upload,Rejected,Check later
382.0,CA-2016-134775,10/28/2016,10/29/2016,First Class,AS-10285,Alejandro Savely,Corporate,United States,San Francisco,California,94109.0,West,OFF-PA-10004734,Office Supplies,Paper,Southworth Structures Collection,50.96,7.0,0.0,25.48,CRM,Approved,Urgent
383.0,CA-2016-134775,10/28/2016,10/29/2016,First Class,AS-10285,Alejandro Savely,Corporate,United States,San Francisco,California,94109.0,West,OFF-BI-10002225,Office Supplies,Binders,"Square Ring Data Binders, Rigid 75 Pt. Covers, 11"" x 14-7/8""",49.536,3.0,0.2,17.3376,Manual Upload,Rejected,Duplicate?
384.0,CA-2015-125395,6/26/2015,6/29/2015,Second Class,LA-16780,Laura Armstrong,Corporate,United States,Taylor,Michigan,48180.0,Central,TEC-AC-10004708,Technology,Accessories,Sony 32GB Class 10 Micro SDHC R40 Memory Card,41.9,2.0,0.0,8.799,ERP,Pending,Urgent
385.0,US-2015-168935,11/27/2015,12/2/2015,Standard Class,DO-13435,Denny Ordway,Consumer,United States,Pembroke Pines,Florida,33024.0,South,FUR-TA-10000617,Furniture,Tables,"Hon Practical Foundations 30 x 60 Training Table, Light Gray/Charcoal",375.4575,3.0,0.45,-157.0095,ERP,,Check later
386.0,US-2015-168935,11/27/2015,12/2/2015,Standard Class,DO-13435,Denny Ordway,Consumer,United States,Pembroke Pines,Florida,33024.0,South,TEC-AC-10002335,Technology,Accessories,Logitech Media Keyboard K200,83.976,3.0,0.2,-1.0497,ERP,Pending,Check later
387.0,CA-2015-122756,12/3/2015,12/7/2015,Standard Class,DK-13225,Dean Katz,Corporate,United States,Philadelphia,Pennsylvania,19140.0,East,TEC-MA-10001681,Technology,Machines,Lexmark MarkNet N8150 Wireless Print Server,482.34,4.0,0.7,-337.638,CRM,Rejected,Urgent
388.0,CA-2015-122756,12/3/2015,12/7/2015,Standard Class,DK-13225,Dean Katz,Corporate,United States,Philadelphia,Pennsylvania,19140.0,East,FUR-FU-10001935,Furniture,Furnishings,3M Hangers With Command Adhesive,2.96,1.0,0.2,0.777,Legacy,Approved,Check later
389.0,CA-2014-115973,11/24/2014,11/26/2014,First Class,NG-18430,Nathan Gelder,Consumer,United States,Cincinnati,Ohio,45231.0,East,OFF-AR-10004757,Office Supplies,Art,Crayola Colored Pencils,2.624,1.0,0.2,0.4264,Legacy,,Urgent
390.0,CA-2017-101798,12/11/2017,12/15/2017,Standard Class,MV-18190,Mike Vittorini,Consumer,United States,New York City,New York,10009.0,East,OFF-BI-10000050,Office Supplies,Binders,"Angle-D Binders with Locking Rings, Label Holders",23.36,4.0,0.2,7.884,ERP,,Check later
391.0,CA-2017-101798,12/11/2017,12/15/2017,Standard Class,MV-18190,Mike Vittorini,Consumer,United States,New York City,New York,10009.0,East,TEC-AC-10001998,Technology,Accessories,Logitech LS21 Speaker System - PC Multimedia - 2.1-CH - Wired,39.98,2.0,0.0,13.5932,CRM,Rejected,
392.0,US-2014-135972,9/21/2014,9/23/2014,Second Class,JG-15115,Jack Garza,Consumer,United States,Des Moines,Washington,98198.0,West,TEC-PH-10003012,Technology,Phones,Nortel Meridian M3904 Professional Digital phone,246.384,2.0,0.2,27.7182,Legacy,Approved,Duplicate?
393.0,US-2014-135972,9/21/2014,9/23/2014,Second Class,JG-15115,Jack Garza,Consumer,United States,Des Moines,Washington,98198.0,West,TEC-CO-10002313,Technology,Copiers,Canon PC1080F Personal Copier,1799.97,3.0,0.0,701.9883,Manual Upload,Pending,Urgent
394.0,US-2014-134971,6/7/2014,6/10/2014,Second Class,BP-11095,BartPistole,Corporate,United States,Peoria,Illinois,61604.0,Central,OFF-BI-10003982,Office Supplies,Binders,Wilson Jones Century Plastic Molded Ring Binders,12.462,3.0,0.8,-20.5623,CRM,,
395.0,CA-2017-102946,6/30/2017,7/5/2017,Standard Class,VP-21730,Victor Preis,Home Office,United States,Las Vegas,Nevada,89115.0,West,OFF-BI-10004492,Office Supplies,Binders,Tuf-Vin Binders,75.792,3.0,0.2,25.5798,Manual Upload,Pending,
396.0,CA-2017-165603,10/17/2017,10/19/2017,Second Class,SS-20140,Saphhira Shifley,Corporate,United States,Warwick,Rhode Island,2886.0,East,OFF-ST-10000798,Office Supplies,Storage,2300 Heavy-Duty Transfer File Systems by Perma,49.96,2.0,0.0,9.4924,CRM,Rejected,
397.0,CA-2017-165603,10/17/2017,10/19/2017,Second Class,SS-20140,Saphhira Shifley,Corporate,United States,Warwick,Rhode Island,2886.0,East,OFF-PA-10002552,Office Supplies,Paper,Xerox 1958,12.96,2.0,0.0,6.2208,Legacy,Pending,Check later
398.0,CA-2015-122259,10/31/2015,11/4/2015,Standard Class,HP-14815,Harold Pawlan,Home Office,United States,Jackson,Michigan,49201.0,Central,OFF-SU-10002573,Office Supplies,Supplies,"Acme 10"" Easy Grip Assistive Scissors",70.12,4.0,0.0,21.036,Manual Upload,Approved,Check later
399.0,CA-2016-108987,9/8/2016,9/10/2016,Second Class,AG-10675,,Consumer,United States,Houston,Texas,77036.0,Central,OFF-ST-10001580,Office Supplies,Storage,Super Decoflex Portable Personal File,35.952,100.0,0.2,3.5952,Legacy,Pending,Check later
400.0,CA-2016-108987,9/8/2016,9/10/2016,Second Class,AG-10675,Anna Gayman,Consumer,United States,Houston,Texas,77036.0,Central,FUR-BO-10004834,Furniture,Bookcases,"Riverside Palais Royal Lawyers Bookcase, Royale Cherry Finish",2396.2656,4.0,0.32,-317.1528,CRM,,Check later
401.0,CA-2016-108987,9/8/2016,9/10/2016,Second Class,AG-10675,Anna Gayman,Consumer,United States,Houston,texas,77036.0,Central,OFF-ST-10000934,Office Supplies,Storage,"Contico 72""H Heavy-Duty Storage System",131.136,4.0,0.2,-32.784,ERP,Rejected,
402.0,CA-2016-108987,9/8/2016,9/10/2016,Second Class,AG-10675,Anna Gayman,Consumer,United States,Houston,Texas,77036.0,Central,TEC-AC-10000158,Technology,Accessories,Sony 64GB Class 10 Micro SDHC R40 Memory Card,57.584,2.0,0.2,0.7198,CRM,Approved,Duplicate?
403.0,CA-2014-113166,12/24/2014,12/26/2014,First Class,LF-17185,Luke Foster,Consumer,United States,Miami,Florida,33180.0,South,OFF-PA-10001947,Office Supplies,Paper,Xerox 1974,9.568,2.0,0.2,3.4684,Legacy,Pending,Check later
404.0,CA-2014-155208,4/16/2014,4/20/2014,Standard Class,SP-20650,Stephanie Phelps,Corporate,United States,Wilmington,North Carolina,28403.0,South,OFF-AR-10003478,Office Supplies,Art,"Avery Hi-Liter EverBold Pen Style Fluorescent Highlighters, 4/Pack",39.072,6.0,0.2,9.768,CRM,Approved,Urgent
405.0,CA-2017-117933,12/24/2017,12/29/2017,Standard Class,RF-19840,Roy Französisch,Consumer,United States,New York City,New York,10024.0,East,OFF-AP-10004249,Office Supplies,Appliances,Staple holder,35.91,3.0,0.0,9.6957,Manual Upload,Approved,Duplicate?
406.0,CA-2017-117457,12/8/2017,12/12/2017,Standard Class,KH-16510,Keith Herrera,Consumer,United States,San Francisco,California,94110.0,West,TEC-AC-10000158,Technology,Accessories,Sony 64GB Class 10 Micro SDHC R40 Memory Card,179.95,5.0,0.0,37.7895,CRM,Pending,Urgent
407.0,CA-2017-117457,12/8/2017,12/12/2017,Standard Class,KH-16510,Keith Herrera,Consumer,United States,San Francisco,California,94110.0,West,TEC-CO-10004115,Technology,Copiers,Sharp AL-1530CS Digital Copier,1199.976,3.0,0.2,434.9913,Manual Upload,,
408.0,CA-2017-117457,12/8/2017,12/12/2017,Standard Class,KH-16510,Keith Herrera,Consumer,United States,San Francisco,California,94110.0,West,OFF-PA-10003724,Office Supplies,Paper,"Wirebound Message Book, 4 per Page",27.15,5.0,0.0,13.3035,Manual Upload,Pending,
409.0,CA-2017-117457,12/8/2017,12/12/2017,Standard Class,KH-16510,Keith Herrera,Consumer,United States,San Francisco,California,94110.0,West,FUR-TA-10002041,Furniture,Tables,"Bevis Round Conference Table Top, X-Base",1004.024,7.0,0.2,-112.9527,ERP,Rejected,Urgent
410.0,CA-2017-117457,12/8/2017,12/12/2017,Standard Class,KH-16510,Keith Herrera,Consumer,United States,San Francisco,California,94110.0,West,OFF-PA-10002893,Office Supplies,Paper,"Wirebound Service Call Books, 5 1/2"" x 4""",9.68,1.0,0.0,4.6464,Legacy,Approved,Check later
411.0,CA-2017-117457,12/8/2017,12/12/2017,Standard Class,KH-16510,Keith Herrera,Consumer,United States,San Francisco,California,94110.0,West,OFF-LA-10003766,Office Supplies,Labels,Self-Adhesive Removable Labels,28.35,9.0,0.0,13.608,ERP,Approved,Check later
412.0,CA-2017-117457,12/8/2017,12/12/2017,Standard Class,KH-16510,Keith Herrera,Consumer,United States,San Francisco,California,94110.0,West,OFF-PA-10001970,Office Supplies,Paper,Xerox 1908,55.98,1.0,0.0,27.4302,CRM,Pending,
413.0,CA-2017-117457,12/8/2017,12/12/2017,Standard Class,KH-16510,Keith Herrera,Consumer,United States,San Francisco,California,94110.0,West,FUR-BO-10001972,Furniture,Bookcases,O'Sullivan 4-Shelf Bookcase in Odessa Pine,1336.829,13.0,0.15,31.4548,Manual Upload,Approved,Duplicate?
414.0,CA-2017-117457,12/8/2017,12/12/2017,Standard Class,KH-16510,Keith Herrera,Consumer,United States,San Francisco,California,94110.0,West,FUR-CH-10003956,Furniture,Chairs,Novimex High-Tech Fabric Mesh Task Chair,113.568,2.0,0.2,-18.4548,CRM,Rejected,Urgent
415.0,CA-2017-142636,11/3/2017,11/7/2017,Standard Class,KC-16675,Kimberly Carter,Corporate,United States,Seattle,Washington,98105.0,West,OFF-PA-10000157,Office Supplies,Paper,Xerox 191,139.86,7.0,0.0,65.7342,CRM,Approved,
416.0,CA-2017-142636,11/3/2017,11/7/2017,Standard Class,KC-16675,Kimberly Carter,Corporate,United States,Seattle,Washington,98105.0,West,FUR-CH-10001891,Furniture,Chairs,Global Deluxe Office Fabric Chairs,307.136,4.0,0.2,26.8744,CRM,Rejected,
417.0,CA-2017-122105,6/24/2017,6/28/2017,Standard Class,CJ-12010,Caroline Jumper,Consumer,United States,Huntington Beach,California,92646.0,West,OFF-AR-10004344,Office Supplies,Art,Bulldog Vacuum Base Pencil Sharpener,95.92,8.0,0.0,25.8984,Manual Upload,Rejected,Duplicate?
418.0,CA-2016-148796,4/14/2016,4/18/2016,Standard Class,PB-19150,Philip Brown,Consumer,United States,Los Angeles,California,90004.0,West,FUR-CH-10004886,Furniture,Chairs,Bevis Steel Folding Chairs,383.8,5.0,0.2,38.38,Legacy,Approved,Duplicate?
419.0,CA-2017-154816,11/6/2017,11/10/2017,Standard Class,VB-21745,Victoria Brennan,Corporate,United States,Richmond,Kentucky,40475.0,South,OFF-PA-10003845,Office Supplies,Paper,Xerox 1987,5.78,1.0,0.0,2.8322,ERP,Rejected,Check later
420.0,CA-2017-110478,3/4/2017,3/9/2017,Standard Class,SP-20860,Sung Pak,Corporate,United States,Los Angeles,California,90045.0,West,OFF-AR-10001573,Office Supplies,Art,American Pencil,9.32,4.0,0.0,2.7028,Legacy,Pending,
421.0,CA-2017-110478,3/4/2017,3/9/2017,Standard Class,SP-20860,Sung Pak,Corporate,United States,Los Angeles,California,00000,West,OFF-EN-10000483,Office Supplies,Envelopes,"White Envelopes, White Envelopes with Clear Poly Window",15.25,1.0,0.0,7.015,Manual Upload,Approved,
422.0,CA-2014-142048,6/22/2014,6/25/2014,First Class,JE-15745,Joel Eaton,Consumer,United States,Louisville,Colorado,80027.0,West,TEC-AC-10004114,Technology,Accessories,KeyTronic 6101 Series - Keyboard - Black,196.752,6.0,0.2,56.5662,ERP,Pending,
423.0,CA-2017-125388,10/19/2017,10/23/2017,Standard Class,MP-17965,Michael Paige,Corporate,United States,Lawrence,Massachusetts,1841.0,East,FUR-FU-10004712,Furniture,Furnishings,"Westinghouse Mesh Shade Clip-On Gooseneck Lamp, Black",56.56,4.0,0.0,14.7056,ERP,Rejected,
424.0,CA-2017-125388,10/19/2017,10/23/2017,Standard Class,MP-17965,Michael Paige,Corporate,United States,Lawrence,Massachusetts,1841.0,East,OFF-ST-10000918,Office Supplies,Storage,Crate-A-Files,32.7,3.0,0.0,8.502,Legacy,Approved,Urgent
425.0,CA-2017-155705,8/21/2017,8/23/2017,Second Class,NF-18385,Natalie Fritzler,Consumer,United States,Jackson,Mississippi,39212.0,South,FUR-CH-10000015,Furniture,Chairs,Hon Multipurpose Stacking Arm Chairs,866.4,4.0,0.0,225.264,CRM,Approved,Duplicate?
426.0,CA-2017-149160,11/23/2017,11/26/2017,Second Class,JM-15265,Janet Molinari,Corporate,United States,Canton,Michigan,48187.0,Central,FUR-FU-10003347,Furniture,Furnishings,Coloredge Poster Frame,28.4,2.0,0.0,11.076,CRM,Approved,
427.0,CA-2017-149160,11/23/2017,11/26/2017,Second Class,JM-15265,Janet Molinari,Corporate,United States,Canton,Michigan,48187.0,Central,OFF-BI-10001543,Office Supplies,Binders,GBC VeloBinder Manual Binding System,287.92,8.0,0.0,138.2016,ERP,,
428.0,CA-2014-101476,9/12/2014,9/13/2014,First Class,SD-20485,Shirley Daniels,Home Office,United States,New Rochelle,New York,10801.0,East,TEC-MA-10000029,Technology,Machines,"Epson WorkForce WF-2530 All-in-One Printer, Copier Scanner",69.99,1.0,0.0,30.0957,ERP,Approved,
429.0,CA-2017-152275,10/1/2017,10/8/2017,Standard Class,KH-16630,Ken Heidel,Corporate,United States,San Antonio,Texas,78207.0,Central,OFF-AR-10000369,Office Supplies,Art,Design Ebony Sketching Pencil,6.672,6.0,0.2,0.5004,CRM,Approved,Duplicate?
430.0,US-2016-123750,4/15/2016,4/21/2016,Standard Class,RB-19795,Ross Baird,Home Office,United States,Gastonia,North Carolina,28052.0,South,OFF-BI-10004584,Office Supplies,Binders,GBC ProClick 150 Presentation Binding System,189.588,2.0,0.7,-145.3508,CRM,,
431.0,US-2016-123750,4/15/2016,4/21/2016,Standard Class,RB-19795,Ross Baird,Home Office,United States,Gastonia,North Carolina,28052.0,South,TEC-AC-10004659,Technology,Accessories,Imation Secure+ Hardware Encrypted USB 2.0 Flash Drive; 16GB,408.744,7.0,0.2,76.6395,CRM,,
432.0,US-2016-123750,4/15/2016,4/21/2016,Standard Class,RB-19795,Ross Baird,Home Office,United States,Gastonia,North Carolina,28052.0,South,TEC-AC-10004659,Technology,Accessories,Imation Secure+ Hardware Encrypted USB 2.0 Flash Drive; 16GB,291.96,5.0,0.2,54.7425,CRM,Rejected,
433.0,US-2016-123750,4/15/2016,4/21/2016,Standard Class,RB-19795,Ross Baird,Home Office,United States,Gastonia,North Carolina,28052.0,South,OFF-ST-10000617,Office Supplies,Storage,Woodgrain Magazine Files by Perma,4.768,2.0,0.2,-0.7748,Legacy,Approved,Urgent
434.0,CA-2016-127369,6/6/2016,6/7/2016,First Class,DB-13060,Dave Brooks,Consumer,United States,Lowell,Massachusetts,1852.0,East,OFF-ST-10003306,Office Supplies,Storage,Letter Size Cart,714.3,5.0,0.0,207.147,ERP,Approved,Duplicate?
435.0,US-2014-150574,12/19/2014,12/25/2014,Standard Class,MK-18160,Mike Kennedy,Consumer,United States,Jacksonville,Florida,32216.0,South,OFF-BI-10000773,Office Supplies,Binders,Insertable Tab Post Binder Dividers,4.812,2.0,0.7,-3.6892,Manual Upload,,Check later
436.0,US-2014-150574,12/19/2014,12/25/2014,Standard Class,MK-18160,Mike Kennedy,Consumer,United States,Jacksonville,Florida,32216.0,South,TEC-AC-10002600,Technology,Accessories,Belkin QODE FastFit Bluetooth Keyboard,247.8,5.0,0.2,-18.585,Legacy,Approved,Duplicate?
437.0,CA-2016-147375,6/12/2016,6/14/2016,Second Class,PO-19180,Philisse Overcash,Home Office,United States,Chicago,Illinois,60623.0,Central,TEC-MA-10002937,Technology,Machines,"Canon Color ImageCLASS MF8580Cdw Wireless Laser All-In-One Printer, Copier, Scanner",1007.979,3.0,0.3,43.1991,ERP,,Urgent
438.0,CA-2016-147375,6/12/2016,6/14/2016,Second Class,PO-19180,Philisse Overcash,Home Office,United States,Chicago,Illinois,60623.0,Central,OFF-PA-10001970,OfficeSupply,Paper,Xerox 1908,313.488,7.0,0.2,113.6394,Legacy,Approved,Urgent
439.0,CA-2017-130043,9/15/2017,9/19/2017,Standard Class,BB-11545,Brenda Bowman,Corporate,United States,Houston,Texas,77070.0,Central,OFF-PA-10002230,Office Supplies,Paper,Xerox 1897,31.872,8.0,0.2,11.5536,CRM,,Urgent
440.0,CA-2017-157252,1/20/2017,1/23/2017,Second Class,CV-12805,Cynthia Voltz,Corporate,United States,New York City,New York,10024.0,East,FUR-CH-10003396,Furniture,Chairs,Global Deluxe Steno Chair,207.846,3.0,0.1,2.3094,ERP,Pending,Duplicate?
441.0,CA-2016-115756,9/5/2016,9/7/2016,second class,PK-19075,Pete Kriz,Consumer,United States,Detroit,Michigan,48227.0,Central,FUR-FU-10000246,Furniture,Furnishings,Aluminum Document Frame,12.22,1.0,0.0,3.666,CRM,,Duplicate?
442.0,CA-2016-115756,9/5/2016,9/7/2016,Second Class,PK-19075,Pete Kriz,Consumer,United States,Detroit,Michigan,48227.0,Central,OFF-ST-10000060,Office Supplies,Storage,Fellowes Bankers Box Staxonsteel Drawer File/Stacking System,194.94,3.0,0.0,23.3928,Legacy,,Check later
443.0,CA-2016-115756,9/5/2016,9/7/2016,Second Class,PK-19075,Pete Kriz,Consumer,United States,Detroit,Michigan,48227.0,Central,OFF-ST-10003058,Office Supplies,Storage,Eldon Mobile Mega Data Cart  Mega Stackable  Add-On Trays,70.95,3.0,0.0,20.5755,ERP,,Check later
444.0,CA-2016-115756,9/5/2016,9/7/2016,Second Class,PK-19075,Pete Kriz,Consumer,United States,Detroit,Michigan,48227.0,Central,OFF-PA-10002222,Office Supplies,Paper,"Xerox Color Copier Paper, 11"" x 17"", Ream",91.36,4.0,0.0,42.0256,ERP,,Check later
445.0,CA-2016-115756,9/5/2016,9/7/2016,Second Class,PK-19075,Pete Kriz,Consumer,United States,Detroit,Michigan,48227.0,Central,FUR-CH-10002372,Furniture,Chairs,Office Star - Ergonomically Designed Knee Chair,242.94,3.0,0.0,29.1528,Manual Upload,,
446.0,CA-2016-115756,9/5/2016,9/7/2016,Second Class,PK-19075,Pete Kriz,Consumer,United States,Detroit,Michigan,48227.0,Central,OFF-LA-10001317,OfficeSupply,Labels,Avery 520,22.05,7.0,0.0,10.584,ERP,Rejected,Check later
447.0,CA-2017-154214,3/20/2017,3/25/2017,Second Class,TB-21595,Troy Blackwell,Consumer,United States,Columbus,Indiana,47201.0,Central,FUR-FU-10000206,Furniture,Furnishings,"GE General Purpose, Extra Long Life, Showcase & Floodlight Incandescent Bulbs",2.91,1.0,0.0,1.3677,ERP,Approved,
448.0,CA-2016-166674,4/1/2016,4/3/2016,Second Class,RB-19360,Raymond Buch,Consumer,United States,Auburn,New York,13021.0,East,OFF-AR-10000588,Office Supplies,Art,Newell 345,59.52,3.0,0.0,15.4752,Manual Upload,,Duplicate?
449.0,CA-2016-166674,4/1/2016,4/3/2016,Second Class,RB-19360,Raymond Buch,Consumer,United States,Auburn,New York,13021.0,East,OFF-ST-10001469,Office Supplies,Storage,Fellowes Bankers Box Recycled Super Stor/Drawer,161.94,3.0,0.0,9.7164,ERP,Rejected,Urgent
450.0,CA-2016-166674,4/1/2016,4/3/2016,Second Class,RB-19360,Raymond Buch,Consumer,United States,Auburn,New York,13021.0,East,OFF-AR-10001953,Office Supplies,Art,Boston 1645 Deluxe Heavier-Duty Electric Pencil Sharpener,263.88,6.0,0.0,71.2476,ERP,Pending,Urgent
451.0,CA-2016-166674,4/1/2016,4/3/2016,Second Class,RB-19360,Raymond Buch,Consumer,United States,Auburn,New York,13021.0,East,OFF-AR-10003156,Office Supplies,Art,50 Colored Long Pencils,30.48,3.0,0.0,7.9248,CRM,,Check later
452.0,CA-2016-166674,4/1/2016,4/3/2016,Second Class,RB-19360,Raymond Buch,Consumer,United States,Auburn,New York,13021.0,East,OFF-AR-10004974,Office Supplies,Art,Newell 342,9.84,3.0,0.0,2.8536,CRM,Rejected,
453.0,CA-2016-166674,4/1/2016,4/3/2016,Second Class,RB-19360,Raymond Buch,Consumer,United States,Auburn,New York,13021.0,East,TEC-PH-10002365,Technology,Phones,Belkin Grip Candy Sheer Case / Cover for iPhone 5 and 5S,35.12,4.0,0.0,9.1312,CRM,,Check later
454.0,CA-2017-147277,10/20/2017,10/24/2017,Standard Class,EB-13705,Ed Braxton,Corporate,United States,Akron,Ohio,44312.0,East,FUR-TA-10001539,Furniture,Tables,Chromcraft Rectangular Conference Tables,284.364,2.0,0.4,-75.8304,CRM,Pending,
455.0,CA-2017-147277,10/20/2017,10/24/2017,Standard Class,EB-13705,Ed Braxton,Corporate,United States,Akron,Ohio,44312.0,East,OFF-ST-10000142,Office Supplies,Storage,Deluxe Rollaway Locking File with Drawer,665.408,2.0,0.2,66.5408,Manual Upload,Pending,
456.0,CA-2016-100153,12/13/2016,12/17/2016,Standard Class,KH-16630,Ken Heidel,Corporate,United States,Norman,Oklahoma,73071.0,Central,TEC-AC-10001772,Technology,Accessories,Memorex Mini Travel Drive 16 GB USB 2.0 Flash Drive,63.88,4.0,0.0,24.9132,Manual Upload,Pending,
457.0,US-2014-110674,2/12/2014,2/18/2014,Standard Class,SC-20095,Sanjit Chand,Consumer,United States,Concord,California,94521.0,West,FUR-CH-10000225,Furniture,Chairs,"Global Geo Office Task Chair, Gray",129.568,2.0,0.2,-24.294,CRM,Approved,Urgent
458.0,US-2016-157945,9/26/2016,10/1/2016,Standard Class,NF-18385,Natalie Fritzler,Consumer,United States,Decatur,Illinois,62521.0,Central,FUR-CH-10002331,Furniture,Chairs,Hon 4700 Series Mobuis Mid-Back Task Chairs with Adjustable Arms,747.558,3.0,0.3,-96.1146,ERP,,Duplicate?
459.0,US-2016-157945,9/26/2016,10/1/2016,Standard Class,NF-18385,NATALIE FRITZLER,Consumer,United States,Decatur,Illinois,62521.0,Central,OFF-EN-10001415,Office Supplies,Envelopes,Staple envelope,8.928,2.0,0.2,3.348,ERP,,
460.0,CA-2015-109638,12/15/2015,12/22/2015,Standard Class,JH-15985,Joseph Holt,Consumer,United States,Seattle,Washington,98115.0,West,OFF-AP-10002472,Office Supplies,Appliances,3M Office Air Cleaner,103.92,4.0,0.0,36.372,ERP,Pending,Duplicate?
461.0,CA-2015-109638,12/15/2015,12/22/2015,Standard Class,JH-15985,Joseph Holt,Consumer,United States,seatle,Washington,98115.0,West,TEC-AC-10004571,Technology,Accessories,Logitech G700s Rechargeable Gaming Mouse,899.91,9.0,0.0,377.9622,CRM,Pending,Check later
462.0,CA-2015-109638,12/15/2015,12/22/2015,Standard Class,JH-15985,Joseph Holt,Consumer,United States,Seattle,Washington,98115.0,West,OFF-BI-10001098,Office Supplies,Binders,Acco D-Ring Binder w/DublLock,51.312,3.0,0.2,18.6006,Legacy,Approved,Duplicate?
463.0,CA-2016-109869,4/22/2016,4/29/2016,Standard Class,TN-21040,Tanja Norvell,Home Office,United States,Phoenix,Arizona,85023.0,West,FUR-FU-10000023,Furniture,Furnishings,Eldon Wave Desk Accessories,23.56,5.0,0.2,7.068,Legacy,Approved,Urgent
464.0,CA-2016-109869,4/22/2016,4/29/2016,Standard Class,TN-21040,Tanja Norvell,Home Office,United States,Phoenix,Arizona,85023.0,West,FUR-TA-10001889,Furniture,Tables,Bush Advantage Collection Racetrack Conference Table,1272.63,6.0,0.5,-814.4832,CRM,Pending,
465.0,CA-2016-109869,4/22/2016,4/29/2016,Standard Class,TN-21040,Tanja Norvell,Home Office,United States,Phoenix,Arizona,85023.0,West,OFF-BI-10000315,Office Supplies,Binders,Poly Designer Cover & Back,28.485,5.0,0.7,-20.889,CRM,,Duplicate?
466.0,CA-2016-109869,4/22/2016,4/29/2016,Standard Class,TN-21040,Tanja Norvell,Home Office,United States,Phoenix,Arizona,85023.0,West,OFF-SU-10003505,Office Supplies,Supplies,Premier Electric Letter Opener,185.376,2.0,0.2,-34.758,ERP,Rejected,
467.0,CA-2016-109869,4/22/2016,4/29/2016,Standard Class,TN-21040,Tanja Norvell,Home Office,United States,Phoenix,Arizona,85023.0,West,OFF-AP-10002578,Office Supplies,Appliances,"Fellowes Premier Superior Surge Suppressor, 10-Outlet, With Phone and Remote",78.272,2.0,0.2,5.8704,Manual Upload,Pending,
468.0,US-2015-101399,1/17/2015,1/24/2015,Standard Class,JS-15940,Joni Sundaresam,Home Office,United States,Park Ridge,Illinois,60068.0,Central,FUR-FU-10002918,Furniture,Furnishings,Eldon ClusterMat Chair Mat with Cordless Antistatic Protection,254.744,7.0,0.6,-312.0614,CRM,Rejected,
469.0,CA-2017-154907,3/31/2017,4/4/2017,Standard Class,DS-13180,David Smith,Corporate,United States,Amarillo,Texas,79109.0,Central,FUR-BO-10002824,Furniture,Bookcases,Bush Mission Pointe Library,205.3328,2.0,0.32,-36.2352,CRM,,Check later
470.0,US-2016-100419,2016/12/16,12/20/2016,Second Class,CC-12670,Craig Carreira,Consumer,United States,Chicago,Illinois,60610.0,Central,OFF-BI-10002194,Office Supplies,Binders,Cardinal Hold-It CD Pocket,4.788,3.0,0.8,-7.9002,CRM,Rejected,Check later
471.0,CA-2015-154144,12/20/2015,12/24/2015,Standard Class,MH-17785,Maya Herman,Corporate,United States,Lindenhurst,New York,11757.0,East,OFF-PA-10004071,Office Supplies,Paper,"Eaton Premium Continuous-Feed Paper, 25% Cotton, Letter Size, White, 1000 Shts/Box",55.48,1.0,0.0,26.6304,ERP,Rejected,Urgent
472.0,CA-2014-144666,11/9/2014,11/11/2014,Second Class,JP-15520,Jeremy Pistek,Consumer,United States,San Francisco,California,94110.0,West,OFF-ST-10002743,Office Supplies,Storage,SAFCO Boltless Steel Shelving,340.92,3.0,0.0,3.4092,CRM,,Urgent
473.0,CA-2014-144666,11/9/2014,11/11/2014,Second Class,JP-15520,jeremy pistek,Consumer,United States,San Francisco,California,94110.0,West,FUR-BO-10001601,Furniture,Bookcases,"Sauder Mission Library with Doors, Fruitwood Finish",222.666,2.0,0.15,10.4784,CRM,,Urgent
474.0,CA-2014-144666,11/9/2014,11/11/2014,Second Class,JP-15520,Jeremy Pistek,Consumer,United States,San Francisco,California,94110.0,West,TEC-PH-10002680,Technology,Phones,Samsung Galaxy Note 3,703.968,4.0,0.2,87.996,CRM,,
475.0,CA-2014-144666,11/9/2014,11/11/2014,Second Class,JP-15520,Jeremy Pistek,Consumer,United States,San Francisco,California,94110.0,West,OFF-ST-10001321,Office Supplies,Storage,"Decoflex Hanging Personal Folder File, Blue",92.52,6.0,0.0,24.9804,ERP,Approved,Urgent
476.0,CA-2014-144666,11/9/2014,11/11/2014,Second Class,JP-15520,Jeremy Pistek,Consumer,United States,San Francisco,California,94110.0,West,OFF-PA-10001509,Office Supplies,Paper,"Recycled Desk Saver Line ""While You Were Out"" Book, 5 1/2"" X 4""",62.65,7.0,0.0,28.819,CRM,Approved,Check later
477.0,CA-2014-144666,11/9/2014,11/11/2014,Second Class,JP-15520,Jeremy Pistek,Consumer,United States,San Francisco,California,94110.0,West,OFF-PA-10003465,Office Supplies,Paper,Xerox 1912,94.85,5.0,0.0,45.528,Legacy,Rejected,Urgent
478.0,CA-2016-103891,7/12/2016,7/19/2016,Standard Class,KH-16690,Kristen Hastings,Corporate,United States,Los Angeles,California,90008.0,West,TEC-PH-10000149,Technology,Phones,Cisco SPA525G2 IP Phone - Wireless,95.76,6.0,0.2,7.182,ERP,Approved,
479.0,CA-2016-152632,10/27/2016,11/2/2016,Standard Class,JE-15475,Jeremy Ellison,Consumer,United States,Troy,New York,12180.0,East,FUR-FU-10002671,Furniture,Furnishings,Electrix 20W Halogen Replacement Bulb for Zoom-In Desk Lamp,40.2,3.0,0.0,19.296,Legacy,,Check later
480.0,CA-2016-100790,6/26/2016,7/2/2016,Standard Class,JG-15805,John Grady,Corporate,United States,New York City,New York,10024.0,East,OFF-AR-10003045,Office Supplies,Art,Prang Colored Pencils,14.7,5.0,0.0,6.615,CRM,Approved,Duplicate?
481.0,CA-2016-100790,6/26/2016,7/2/2016,Standard Class,JG-15805,John Grady,Corporate,United States,New York City,New York,10024.0,East,OFF-ST-10000689,Office Supplies,Storage,"Fellowes Strictly Business Drawer File, Letter/Legal Size",704.25,5.0,0.0,84.51,CRM,Rejected,Duplicate?
482.0,CA-2014-134677,10/6/2014,10/10/2014,Standard Class,XP-21865,Xylona Preis,Consumer,United States,San Diego,California,92024.0,West,TEC-AC-10001445,Technology,Accessories,Imation USB 2.0 Swivel Flash Drive USB flash drive - 4 GB - Pink,9.09,3.0,0.0,1.9089,Manual Upload,Rejected,Duplicate?
483.0,CA-2014-127691,7/22/2014,7/27/2014,Standard Class,EM-14065,,Consumer,United States,New York City,New York,10024.0,East,OFF-AR-10002053,Office Supplies,Art,"Premium Writing Pencils, Soft, #2 by Central Association for the Blind",5.96,2.0,0.0,1.6688,Manual Upload,Pending,Check later
484.0,CA-2014-127691,7/22/2014,7/27/2014,Standard Class,EM-14065,Erin Mull,Consumer,United States,New York City,New York,10024.0,East,TEC-AC-10002567,Technology,Accessories,Logitech G602 Wireless Gaming Mouse,159.98,2.0,0.0,57.5928,Manual Upload,Pending,Check later
485.0,CA-2017-140963,6/10/2017,6/13/2017,First Class,MT-18070,Michelle Tran,Home Office,United States,Los Angeles,California,90045.0,West,OFF-LA-10003923,Office Supplies,Labels,Alphabetical Labels for Top Tab Filing,29.6,2.0,0.0,14.8,ERP,Rejected,Duplicate?
486.0,CA-2017-140963,6/10/2017,6/13/2017,First Class,MT-18070,Michelle Tran,Home Office,United States,Los Angeles,California,90045.0,West,FUR-BO-10001337,Furniture,Bookcases,O'Sullivan Living Dimensions 2-Shelf Bookcases,514.165,5.0,0.15,-30.245,Manual Upload,Approved,Urgent
487.0,CA-2017-140963,6/10/2017,6/13/2017,First Class,MT-18070,Michelle Tran,Home Office,United States,Los Angeles,California,90045.0,West,TEC-PH-10001924,Technology,Phones,iHome FM Clock Radio with Lightning Dock,279.96,5.0,0.2,17.4975,ERP,,Urgent
488.0,CA-2014-154627,10/29/2014,10/31/2014,First Class,SA-20830,Sue Ann Reed,Consumer,United States,Chicago,Illinois,60610.0,Central,TEC-PH-10001363,Technology,Phones,Apple iPhone 5S,2735.952,6.0,0.2,341.994,Legacy,Pending,
489.0,CA-2014-133753,6/9/2014,6/13/2014,Second Class,CW-11905,Carl Weiss,Home Office,United States,Huntsville,Texas,77340.0,Central,TEC-PH-10000376,Technology,Phones,Square Credit Card Reader,7.992,1.0,0.2,0.5994,ERP,,
490.0,CA-2014-133753,6/9/2014,6/13/2014,Second Class,CW-11905,Carl Weiss,Home Office,United States,Huntsville,Texas,77340.0,Central,TEC-AC-10000303,Technology,Accessories,Logitech M510 Wireless Mouse,63.984,2.0,0.2,10.3974,Manual Upload,,Check later
491.0,CA-2014-133753,6/9/2014,6/13/2014,Second Class,CW-11905,Carl Weiss,Home Office,United States,Huntsville,Texas,77340.0,Central,OFF-AR-10001953,Office Supplies,Art,Boston 1645 Deluxe Heavier-Duty Electric Pencil Sharpener,70.368,2.0,0.2,6.1572,ERP,Approved,
492.0,CA-2014-113362,9/14/2014,9/19/2014,Standard Class,AJ-10960,Astrea Jones,Consumer,United States,Rochester,New York,14609.0,East,OFF-ST-10001809,Office Supplies,Storage,Fellowes Officeware Wire Shelving,449.15,5.0,0.0,8.983,ERP,Approved,Check later
493.0,CA-2014-113362,9/14/2014,9/19/2014,Standard Class,AJ-10960,Astrea Jones,Consumer,United States,Rochester,New York,14609.0,East,OFF-EN-10003845,Office Supplies,Envelopes,Colored Envelopes,11.07,3.0,0.0,5.0922,Manual Upload,Pending,Duplicate?
494.0,CA-2016-169166,5/9/2016,5/14/2016,Standard Class,SS-20590,Sonia Sunley,Consumer,United States,Seattle,Washington,98115.0,West,TEC-AC-10000991,Technology,Accessories,Sony Micro Vault Click 8 GB USB 2.0 Flash Drive,93.98,2.0,0.0,13.1572,Manual Upload,Rejected,Check later
495.0,US-2016-120929,3/18/2016,3/21/2016,Second Class,RO-19780,Rose O'Brian,Consumer,United States,Memphis,Tennessee,38109.0,South,FUR-TA-10001857,Furniture,Tables,Balt Solid Wood Rectangular Table,189.882,3.0,0.4,-94.941,ERP,Rejected,
496.0,CA-2015-134782,12/27/2015,12/31/2015,Standard Class,MD-17350,Maribeth Dona,Consumer,United States,Fayetteville,Arkansas,72701.0,South,OFF-EN-10001434,Office Supplies,Envelopes,"Strathmore #10 Envelopes, Ultimate White",105.42,2.0,0.0,51.6558,Legacy,,Urgent
497.0,CA-2016-126158,7/25/2016,7/31/2016,Standard Class,SC-20095,Sanjit Chand,Consumer,United States,Costa Mesa,California,92627.0,West,OFF-BI-10002498,Office Supplies,Binders,Clear Mylar Reinforcing Strips,119.616,8.0,0.2,40.3704,CRM,Approved,
498.0,CA-2016-126158,7/25/2016,7/31/2016,Standard Class,SC-20095,Sanjit Chand,Consumer,United States,Costa Mesa,California,92627.0,West,FUR-FU-10004864,Furniture,Furnishings,"Howard Miller 14-1/2"" Diameter Chrome Round Wall Clock",255.76,4.0,0.0,81.8432,Manual Upload,Rejected,Urgent
499.0,CA-2016-126158,7/25/2016,7/31/2016,Standard Class,SC-20095,Sanjit Chand,Consumer,United States,Costa Mesa,California,92627.0,West,FUR-CH-10002602,Furniture,Chairs,DMI Arturo Collection Mission-style Design Wood Chair,241.568,2.0,0.2,18.1176,Legacy,,Check later
500.0,CA-2016-126158,7/25/2016,7/31/2016,standard class,SC-20095,Sanjit Chand,Consumer,United States,Costa Mesa,California,92627.0,West,FUR-FU-10000073,Furniture,Furnishings,Deflect-O Glasstique Clear Desk Accessories,69.3,9.0,0.0,22.869,Manual Upload,Pending,Urgent
501.0,US-2016-105578,5/30/2016,6/4/2016,Standard Class,MY-17380,Maribeth Yedwab,Corporate,United States,Parker,Colorado,80134.0,West,OFF-BI-10001670,Office Supplies,Binders,Vinyl Sectional Post Binders,22.62,2.0,0.7,-15.08,Legacy,,
502.0,US-2016-105578,2016/05/30,6/4/2016,Standard Class,MY-17380,Maribeth Yedwab,Corporate,United States,Parker,Colorado,80134.0,West,OFF-BI-10001658,Office Supplies,Binders,GBC Standard Therm-A-Bind Covers,14.952,2.0,0.7,-11.9616,ERP,Rejected,
503.0,US-2016-105578,5/30/2016,6/4/2016,Standard Class,MY-17380,Maribeth Yedwab,Corporate,United States,Parker,Colorado,80134.0,West,FUR-CH-10001215,Furniture,Chairs,Global Troy Executive Leather Low-Back Tilter,801.568,2.0,0.2,50.098,CRM,Pending,Check later
504.0,US-2016-105578,5/30/2016,6/4/2016,Standard Class,MY-17380,Maribeth Yedwab,Corporate,United States,Parker,Colorado,80134.0,West,OFF-BI-10000831,Office Supplies,Binders,Storex Flexible Poly Binders with Double Pockets,2.376,3.0,0.7,-1.9008,Legacy,,Duplicate?
505.0,US-2016-105578,5/30/2016,6/4/2016,Standard Class,MY-17380,Maribeth Yedwab,Corporate,United States,Parker,Colorado,80134.0,West,OFF-PA-10000357,Office Supplies,Paper,"White Dual Perf Computer Printout Paper, 2700 Sheets, 1 Part, Heavyweight, 20 lbs., 14 7/8 x 11",32.792,1.0,0.2,11.8871,ERP,Rejected,Duplicate?
506.0,CA-2017-134978,11/12/2017,11/15/2017,Second Class,EB-13705,Ed Braxton,Corporate,United States,New York City,New York,10024.0,East,OFF-BI-10003274,Office Supplies,Binders,"Avery Durable Slant Ring Binders, No Labels",15.92,5.0,0.2,5.373,Legacy,,
507.0,CA-2015-145352,3/16/2015,3/22/2015,Standard Class,CM-12385,Christopher Martinez,Consumer,United States,Atlanta,Georgia,30318.0,South,OFF-AR-10001662,Office Supplies,Art,Rogers Handheld Barrel Pencil Sharpener,2.74,1.0,0.0,0.7398,Legacy,Approved,
508.0,CA-2015-145352,3/16/2015,3/22/2015,Standard Class,CM-12385,Christopher Martinez,Consumer,United States,Atlanta,Georgia,30318.0,South,OFF-AR-10003856,Office Supplies,Art,Newell 344,8.34,3.0,0.0,2.1684,ERP,,
509.0,CA-2015-145352,3/16/2015,3/22/2015,Standard Class,CM-12385,Christopher Martinez,Consumer,United States,Atlanta,Georgia,30318.0,South,OFF-ST-10001228,Office Supplies,Storage,Personal File Boxes with Fold-Down Carry Handle,46.74,3.0,0.0,11.685,Legacy,Rejected,
510.0,CA-2015-145352,3/16/2015,3/22/2015,Standard Class,CM-12385,Christopher Martinez,Consumer,United States,Atlanta,Georgia,30318.0,South,OFF-BI-10003527,Office Supplies,Binders,Fellowes PB500 Electric Punch Plastic Comb Binding Machine with Manual Bind,6354.95,5.0,0.0,3177.475,ERP,Pending,Duplicate?
511.0,CA-2017-135307,11/26/2017,11/27/2017,First Class,LS-17245,Lynn Smith,Consumer,United States,Gladstone,Missouri,64118.0,Central,FUR-FU-10001290,Furniture,Furnishings,Executive Impressions Supervisor Wall Clock,126.3,3.0,0.0,40.416,Legacy,Approved,
512.0,CA-2017-135307,11/26/2017,11/27/2017,First Class,LS-17245,Lynn Smith,Consumer,United States,Gladstone,Missouri,64118.0,Central,TEC-AC-10002399,Technology,Accessories,SanDisk Cruzer 32 GB USB Flash Drive,38.04,2.0,0.0,12.1728,ERP,Pending,Duplicate?
513.0,CA-2016-106341,10/20/2016,10/23/2016,First Class,LF-17185,Luke Foster,Consumer,United States,Newark,Ohio,43055.0,East,OFF-AR-10002053,Office Supplies,Art,"Premium Writing Pencils, Soft, #2 by Central Association for the Blind",7.152,3.0,0.2,0.7152,Manual Upload,Pending,Duplicate?
514.0,CA-2017-163405,12/21/2017,12/25/2017,Standard Class,BN-11515,Bradley Nguyen,Consumer,United States,Los Angeles,California,90049.0,West,OFF-AR-10003811,Office Supplies,Art,Newell 327,6.63,3.0,0.0,1.7901,Legacy,Approved,
515.0,CA-2017-163405,12/21/2017,12/25/2017,Standard Class,BN-11515,Bradley Nguyen,Consumer,United States,Los Angeles,California,90049.0,West,OFF-AR-10001246,Office Supplies,Art,Newell 317,5.88,2.0,0.0,1.7052,ERP,Pending,
516.0,CA-2017-127432,1/22/2017,1/27/2017,Standard Class,AD-10180,Alan Dominguez,Home Office,United States,Great Falls,Montana,59405.0,West,TEC-CO-10003236,Technology,Copiers,Canon Image Class D660 Copier,2999.95,5.0,0.0,1379.977,Manual Upload,Approved,Urgent
517.0,CA-2017-127432,1/22/2017,1/27/2017,Standard Class,AD-10180,Alan Dominguez,Home Office,United States,Great Falls,Montana,59405.0,West,OFF-ST-10004507,Office Supplies,Storage,Advantus Rolling Storage Box,51.45,3.0,0.0,13.8915,CRM,,
518.0,CA-2017-127432,1/22/2017,1/27/2017,Standard Class,AD-10180,Alan Dominguez,Home Office,United States,Great Falls,Montana,59405.0,West,OFF-PA-10001667,Office Supplies,Paper,Great White Multi-Use Recycled Paper (20Lb. and 84 Bright),11.96,2.0,0.0,5.382,Legacy,Approved,
519.0,CA-2017-127432,1/22/2017,1/27/2017,Standard Class,AD-10180,Alan Dominguez,Home Office,United States,Great Falls,Montana,59405.0,West,OFF-ST-10004459,Office Supplies,Storage,Tennsco Single-Tier Lockers,1126.02,3.0,0.0,56.301,CRM,Pending,
520.0,CA-2015-157812,3/22/2015,3/26/2015,Standard Class,DB-13210,Dean Braden,Consumer,United States,Houston,Texas,77041.0,Central,TEC-AC-10000171,Technology,Accessories,"Verbatim 25 GB 6x Blu-ray Single Layer Recordable Disc, 25/Pack",18.392,1.0,0.2,5.2877,CRM,Rejected,Duplicate?
521.0,CA-2015-157812,3/22/2015,3/26/2015,Standard Class,DB-13210,Dean Braden,Consumer,United States,Houston,Texas,77041.0,Central,OFF-ST-10000736,Office Supplies,Storage,Carina Double Wide Media Storage Towers in Natural & Black,99999.0,2.0,0.2,-25.9136,Manual Upload,Pending,Duplicate?
522.0,CA-2015-157812,3/22/2015,3/26/2015,Standard Class,DB-13210,Dean Braden,Consumer,United States,Houston,Texas,77041.0,Central,OFF-BI-10000285,Office Supplies,Binders,XtraLife ClearVue Slant-D Ring Binders by Cardinal,14.112,9.0,0.8,-21.168,Legacy,Rejected,Duplicate?
523.0,CA-2017-145142,1/23/2017,1/25/2017,First Class,MC-17605,Matt Connell,Corporate,United States,Detroit,Michigan,48234.0,Central,FUR-TA-10001857,Furniture,Tables,Balt Solid Wood Rectangular Table,210.98,2.0,0.0,21.098,Legacy,,
524.0,US-2016-139486,5/21/2016,5/23/2016,First Class,LH-17155,Logan Haushalter,Consumer,United States,Los Angeles,California,90032.0,West,TEC-PH-10003555,Technology,Phones,Motorola HK250 Universal Bluetooth Headset,55.176,3.0,0.2,-12.4146,CRM,,Check later
525.0,US-2016-139486,5/21/2016,5/23/2016,First Class,LH-17155,Logan Haushalter,Consumer,United States,Los Angeles,California,90032.0,West,TEC-AC-10003832,Technology,Accessories,Imation 16GB Mini TravelDrive USB 2.0 Flash Drive,66.26,2.0,0.0,27.1666,Manual Upload,Rejected,Duplicate?
526.0,CA-2015-158792,12/26/2015,1/2/2016,Standard Class,BD-11605,Brian Dahlen,Consumer,United States,Lawrence,Massachusetts,1841.0,East,OFF-FA-10002815,Office Supplies,Fasteners,Staples,22.2,5.0,0.0,10.434,ERP,Pending,Duplicate?
527.0,CA-2017-113558,10/21/2017,10/26/2017,Standard Class,PH-18790,Patricia Hirasaki,Home Office,United States,Lakeland,Florida,33801.0,South,FUR-CH-10003379,Furniture,Chairs,Global Commerce Series High-Back Swivel/Tilt Chairs,683.952,3.0,0.2,42.747,Legacy,,
528.0,CA-2017-113558,10/21/2017,10/26/2017,Standard Class,PH-18790,Patricia Hirasaki,Home Office,United States,Lakeland,Florida,33801.0,South,FUR-FU-10001756,Furniture,Furnishings,"Eldon Expressions Desk Accessory, Wood Photo Frame, Mahogany",45.696,3.0,0.2,5.1408,ERP,,
529.0,US-2015-138303,9/3/2015,9/7/2015,Standard Class,MG-18145,Mike Gockenbach,Consumer,United States,Philadelphia,Pennsylvania,19134.0,East,OFF-ST-10004963,Office Supplies,Storage,Eldon Gobal File Keepers,36.336,3.0,0.2,-7.2672,CRM,,Duplicate?
530.0,US-2015-138303,9/3/2015,9/7/2015,Standard Class,MG-18145,Mike Gockenbach,Consumer,United States,Philadelphia,Pennsylvania,19134.0,East,OFF-SU-10002881,Office Supplies,Supplies,Martin Yale Chadless Opener Electric Letter Opener,666.248,1.0,0.2,-149.9058,Legacy,Rejected,Duplicate?
531.0,US-2015-138303,9/3/2015,9/7/2015,Standard Class,MG-18145,Mike Gockenbach,Consumer,United States,Philadelphia,Pennsylvania,19134.0,East,OFF-EN-10001335,Office Supplies,Envelopes,"White Business Envelopes with Contemporary Seam, Recycled White Business Envelopes",52.512,6.0,0.2,19.692,Legacy,Rejected,
532.0,CA-2015-102848,11/7/2015,11/9/2015,Second Class,KB-16240,Karen Bern,Corporate,United States,LA,California,90036.0,West,FUR-CH-10000595,Furniture,Chairs,Safco Contoured Stacking Chairs,190.72,1.0,0.2,11.92,Manual Upload,Pending,
533.0,US-2017-129441,9/7/2017,9/11/2017,Standard Class,JC-15340,Jasper Cacioppo,Consumer,United States,Los Angeles,California,90032.0,West,FUR-FU-10000448,Furniture,Furnishings,Tenex Chairmats For Use With Carpeted Floors,47.94,3.0,0.0,2.397,Manual Upload,Pending,Check later
534.0,CA-2016-168753,5/29/2016,6/1/2016,Second Class,RL-19615,Rob Lucas,Consumer,United States,Montgomery,Alabama,36116.0,South,TEC-PH-10000984,Technology,Phones,Panasonic KX-TG9471B,979.95,5.0,0.0,274.386,CRM,Rejected,Duplicate?
535.0,CA-2016-168753,5/29/2016,6/1/2016,Second Class,RL-19615,Rob Lucas,Consumer,United States,Montgomery,Alabama,36116.0,South,OFF-BI-10002557,Office Supplies,Binders,Presstex Flexible Ring Binders,22.75,5.0,0.0,11.375,CRM,Approved,Urgent
536.0,CA-2016-126613,7/10/2016,7/16/2016,Standard Class,AA-10375,Allen Armold,Consumer,United States,Mesa,Arizona,85204.0,West,OFF-ST-10001325,Office Supplies,Storage,Sterilite Officeware Hinged File Box,16.768,2.0,0.2,1.4672,ERP,Pending,Check later
537.0,US-2017-122637,9/3/2017,9/8/2017,Second Class,EP-13915,Emily Phan,Consumer,United States,Chicago,Illinois,60653.0,Central,OFF-BI-10002429,Office Supplies,Binders,"Premier Elliptical Ring Binder, Black",42.616,7.0,0.8,-68.1856,Manual Upload,Rejected,
538.0,CA-2015-147851,12/3/2015,12/8/2015,Standard Class,MP-17470,Mark Packer,Home Office,United States,New York City,New York,10009.0,East,OFF-BI-10004528,Office Supplies,Binders,Cardinal Poly Pocket Divider Pockets for Ring Binders,10.752,4.0,0.2,3.36,ERP,Approved,Urgent
539.0,CA-2015-134894,12/7/2015,12/11/2015,Standard Class,DK-12985,Darren Koutras,Consumer,United States,Henderson,Kentucky,42420.0,South,OFF-AP-10001271,Office Supplies,Appliances,Eureka The Boss Cordless Rechargeable Stick Vac,152.94,3.0,0.0,41.2938,Legacy,Rejected,
540.0,CA-2015-134894,12/7/2015,12/11/2015,Standard Class,DK-12985,Darren Koutras,Consumer,United States,Henderson,Kentucky,42420.0,South,FUR-CH-10002647,Furniture,Chairs,"Situations Contoured Folding Chairs, 4/Set",283.92,4.0,0.0,70.98,Manual Upload,Pending,Check later
541.0,CA-2014-140795,2/1/2014,2/3/2014,First Class,BD-11500,Bradley Drucker,Consumer,United States,Green Bay,Wisconsin,54302.0,Central,TEC-AC-10001432,Technology,Accessories,Enermax Aurora Lite Keyboard,468.9,6.0,0.0,206.316,Manual Upload,Rejected,Check later
542.0,CA-2016-136924,7/14/2016,7/17/2016,First Class,ES-14080,Erin Smith,Corporate,United States,Tucson,Arizona,85705.0,West,TEC-PH-10002262,Technology,Phones,LG Electronics Tone+ HBS-730 Bluetooth Headset,380.864,8.0,0.2,38.0864,Legacy,Pending,
543.0,US-2015-120161,12/18/2015,12/23/2015,Standard Class,LM-17065,Liz MacKendrick,Consumer,United States,Springfield,Ohio,45503.0,East,OFF-ST-10001809,Office Supplies,Storage,Fellowes Officeware Wire Shelving,646.776,9.0,0.2,-145.5246,ERP,,Urgent
544.0,CA-2014-103849,5/11/2014,5/16/2014,Standard Class,PG-18895,Paul Gonzalez,Consumer,United States,Fort Worth,Texas,76106.0,Central,TEC-AC-10001465,Technology,Accessories,SanDisk Cruzer 64 GB USB Flash Drive,58.112,2.0,1.5,7.264,ERP,Approved,Urgent
545.0,CA-2014-103849,5/11/2014,5/16/2014,Standard Class,PG-18895,Paul Gonzalez,Consumer,United States,Fort Worth,Texas,76106.0,Central,TEC-PH-10002597,Technology,Phones,Xblue XB-1670-86 X16 Small Office Telephone - Titanium,100.792,1.0,0.2,6.2995,Manual Upload,Rejected,
546.0,CA-2014-103849,5/11/2014,5/16/2014,Standard Class,PG-18895,Paul Gonzalez,Consumer,United States,Fort Worth,Texas,76106.0,Central,FUR-FU-10000723,Furniture,Furnishings,"Deflect-o EconoMat Studded, No Bevel Mat for Low Pile Carpeting",66.112,4.0,0.6,-84.2928,CRM,Approved,Check later
547.0,CA-2017-162929,11/19/2017,11/22/2017,First Class,AS-10135,Adrian Shami,Home Office,United States,New York City,New York,10035.0,East,OFF-BI-10000404,Office Supplies,Binders,Avery Printable Repositionable Plastic Tabs,41.28,6.0,0.2,13.932,Manual Upload,Approved,Duplicate?
548.0,CA-2017-162929,11/19/2017,11/22/2017,First Class,AS-10135,Adrian Shami,Home Office,United States,New York City,New York,10035.0,East,OFF-PA-10002986,Office Supplies,Paper,Xerox 1898,13.36,2.0,0.0,6.4128,Manual Upload,Rejected,Duplicate?
549.0,CA-2015-113173,2015/11/15,11/17/2015,Second Class,DK-13225,Dean Katz,Corporate,United States,Chicago,Illinois,60653.0,Central,OFF-ST-10000604,Office Supplies,Storage,Home/Office Personal File Carts,250.272,9.0,0.2,15.642,CRM,Approved,
550.0,CA-2015-113173,11/15/2015,11/17/2015,Second Class,DK-13225,Dean Katz,Corporate,United States,Chicago,Illinois,60653.0,Central,OFF-BI-10004738,Office Supplies,Binders,Flexible Leather- Look Classic Collection Ring Binder,11.364,3.0,0.8,-17.046,CRM,Rejected,Urgent
551.0,CA-2015-113173,11/15/2015,11/17/2015,Second Class,DK-13225,Dean Katz,Corporate,United States,Chicago,Illinois,60653.0,Central,OFF-SU-10001935,Office Supplies,Supplies,Staple remover,8.72,5.0,0.2,-1.744,Manual Upload,Approved,Duplicate?
552.0,CA-2016-136406,4/15/2016,4/17/2016,Second Class,BD-11320,Bill Donatelli,Consumer,United States,San Francisco,California,94110.0,West,FUR-CH-10002024,Furniture,Chairs,HON 5400 Series Task Chairs for Big and Tall,1121.568,2.0,0.2,0.0,Manual Upload,Approved,
553.0,CA-2017-112774,9/11/2017,9/12/2017,First Class,RC-19960,Ryan Crowe,Consumer,United States,Jacksonville,Florida,32216.0,South,FUR-FU-10003039,Furniture,Furnishings,"Howard Miller 11-1/2"" Diameter Grantwood Wall Clock",34.504,1.0,0.2,6.0382,Legacy,Pending,Urgent
554.0,CA-2017-101945,11/24/2017,11/28/2017,Standard Class,GT-14710,Greg Tran,Consumer,United States,Houston,Texas,77070.0,Central,OFF-FA-10004248,Office Supplies,Fasteners,Advantus T-Pin Paper Clips,10.824,3.0,0.2,2.5707,ERP,Rejected,
555.0,CA-2017-100650,6/29/2017,7/3/2017,Second Class,DK-13225,Dean Katz,Corporate,United States,Anaheim,Cali,92804.0,West,OFF-ST-10001780,Office Supplies,Storage,Tennsco 16-Compartment Lockers with Coat Rack,1295.78,2.0,0.0,310.9872,ERP,Rejected,Urgent
556.0,CA-2014-155852,03/03/2014,3/7/2014,Second Class,AJ-10945,Ashley Jarboe,Consumer,United States,Wilmington,North Carolina,28403.0,South,OFF-AR-10003560,Office Supplies,Art,Zebra Zazzle Fluorescent Highlighters,19.456,4.0,0.2,3.4048,Legacy,Rejected,
557.0,CA-2016-113243,6/10/2016,15/06/2016,Standard Class,OT-18730,Olvera Toch,Consumer,United States,Los Angeles,California,90045.0,West,OFF-LA-10001297,Office Supplies,Labels,Avery 473,20.7,2.0,0.0,9.936,Legacy,,
558.0,CA-2016-113243,6/10/2016,6/15/2016,Standard Class,OT-18730,Olvera Toch,Consumer,United States,Los Angeles,California,90045.0,West,FUR-TA-10004256,Furniture,Tables,Bretford Just In Time Height-Adjustable Multi-Task Work Tables,1335.68,4.0,0.2,-217.048,Manual Upload,Rejected,Duplicate?
559.0,CA-2016-113243,6/10/2016,6/15/2016,Standard Class,OT-18730,Olvera Toch,Consumer,United States,Los Angeles,California,90045.0,West,OFF-PA-10003441,Office Supplies,Paper,Xerox 226,32.4,5.0,0.0,15.552,Manual Upload,Rejected,Check later
560.0,CA-2017-118731,11/20/2017,11/22/2017,Second Class,LP-17080,Liz Pelletier,Consumer,United States,San Francisco,California,94110.0,West,FUR-FU-10003347,Furniture,Furnishings,Coloredge Poster Frame,42.6,3.0,0.0,16.614,ERP,,
561.0,CA-2017-118731,11/20/2017,11/22/2017,Second Class,LP-17080,Liz Pelletier,Consumer,United States,San Francisco,California,94110.0,West,OFF-BI-10000069,Office Supplies,Binders,"GBC Prepunched Paper, 19-Hole, for Binding Systems, 24-lb",84.056,7.0,0.2,27.3182,CRM,Rejected,
562.0,CA-2014-145576,9/14/2014,9/18/2014,Second Class,CA-12775,Cynthia Arntzen,Consumer,United States,Tampa,Florida,33614.0,South,OFF-AP-10003914,Office Supplies,Appliances,"Sanitaire Vibra Groomer IR Commercial Upright Vacuum, Replacement Belts",13.0,5.0,0.2,1.3,CRM,Approved,Duplicate?
563.0,CA-2014-145576,9/14/2014,9/18/2014,Second Class,CA-12775,Cynthia Arntzen,Consumer,United States,Tampa,Florida,33614.0,South,FUR-FU-10004020,Furniture,Furnishings,Advantus Panel Wall Acrylic Frame,13.128,3.0,0.2,3.7743,Legacy,Approved,
564.0,CA-2015-130736,12/7/2015,12/9/2015,First Class,JF-15490,Jeremy Farry,CONSUMER,United States,Seattle,Washington,98105.0,West,OFF-FA-10003467,Office Supplies,Fasteners,"Alliance Big Bands Rubber Bands, 12/Pack",3.96,2.0,0.0,0.0,Manual Upload,Pending,Urgent
565.0,CA-2015-130736,12/7/2015,Dec 09 2015,First Class,JF-15490,Jeremy Farry,Consumer,United States,Seattle,Washington,98105.0,West,OFF-LA-10000634,Office Supplies,Labels,Avery 509,2.61,1.0,0.0,1.2006,ERP,Pending,
566.0,CA-2017-137099,12/7/2017,12/10/2017,First Class,FP-14320,Frank Preis,Consumer,United States,Los Angeles,California,90008.0,West,TEC-PH-10002496,Technology,Phones,Cisco SPA301,374.376,3.0,0.2,46.797,CRM,Approved,Duplicate?
567.0,CA-2017-156951,10/1/2017,10/8/2017,Standard Class,EB-13840,Ellis Ballard,Corporate,United States,Seattle,Washington,98105.0,West,OFF-PA-10004530,Office Supplies,Paper,Personal Creations Ink Jet Cards and Labels,91.84,8.0,0.0,45.0016,ERP,,
568.0,CA-2017-156951,10/1/2017,10/8/2017,Standard Class,EB-13840,Ellis Ballard,Corporate,United States,Seattle,Washington,98105.0,West,OFF-BI-10001107,Office Supplies,Binders,"GBC White Gloss Covers, Plain Front",81.088,7.0,0.2,27.3672,ERP,Rejected,Check later
569.0,CA-2017-156951,10/1/2017,10/8/2017,Standard Class,EB-13840,ellis ballard,Corporate,United States,Seattle,Washington,98105.0,West,OFF-PA-10004451,Office Supplies,Paper,Xerox 222,19.44,3.0,0.0,9.3312,CRM,Pending,Urgent
570.0,CA-2017-156951,10/1/2017,10/8/2017,Standard Class,EB-13840,Ellis Ballard,Corporate,United States,Seattle ,Washington,98105.0,West,FUR-CH-10004997,Furniture,Chairs,Hon Every-Day Series Multi-Task Chairs,451.152,3.0,0.2,0.0,Manual Upload,,Duplicate?
571.0,CA-2017-164826,12/28/2017,1/4/2018,Standard Class,JF-15415,Jennifer Ferguson,Consumer,United States,New York City,New York,10024.0,East,OFF-LA-10001297,Office Supplies,Labels,Avery 473,72.45,7.0,0.0,34.776,ERP,Rejected,
572.0,CA-2017-164826,12/28/2017,1/4/2018,Standard Class,JF-15415,Jennifer Ferguson,Consumer,United States,New York City,New York,10024.0,East,OFF-FA-10000585,Office Supplies,Fasteners,OIC Bulk Pack Metal Binder Clips,13.96,4.0,0.0,6.4216,CRM,Rejected,Duplicate?
573.0,CA-2017-164826,12/28/2017,1/4/2018,Standard Class,JF-15415,Jennifer Ferguson,Consumer,United States,New York City,New York,10024.0,East,OFF-BI-10001922,Office Supplies,Binders,Storex Dura Pro Binders,33.264,7.0,0.2,11.2266,CRM,Pending,Duplicate?
574.0,CA-2017-164826,12/28/2017,1/4/2018,Standard Class,JF-15415,Jennifer Ferguson,Consumer,United States,New York City,New York,10024.0,East,TEC-PH-10000347,Technology,Phones,Cush Cases Heavy Duty Rugged Cover Case for Samsung Galaxy S5 - Purple,14.85,3.0,0.0,4.0095,ERP,,Check later
575.0,CA-2016-127250,11/3/2016,11/7/2016,Standard Class,SF-20200,Sarah Foster,Consumer,United States,Marysville,Washington,98270.0,West,OFF-AR-10003394,Office Supplies,Art,Newell 332,8.82,3.0,0.0,2.3814,Legacy,,Urgent
576.0,CA-2015-149713,9/18/2015,9/22/2015,Second Class,TG-21640,Trudy Glocke,Consumer,United States,Long Beach,California,90805.0,West,OFF-PA-10004530,Office Supplies,Paper,Personal Creations Ink Jet Cards and Labels,160.72,14.0,0.0,78.7528,Manual Upload,,
577.0,CA-2015-149713,9/18/2015,9/22/2015,Second Class,TG-21640,Trudy Glocke,Consumer,United States,Long Beach,California,90805.0,West,OFF-PA-10001450,Office Supplies,Paper,Rediform S.O.S. Phone Message Books,19.92,4.0,0.0,9.7608,Manual Upload,Approved,Duplicate?
578.0,CA-2015-149713,9/18/2015,9/22/2015,Second Class,TG-21640,Trudy Glocke,Consumer,United States,Long Beach,California,90805.0,West,OFF-SU-10001574,Office Supplies,Supplies,Acme Value Line Scissors,7.3,2.0,0.0,2.19,Legacy,Rejected,Urgent
579.0,CA-2017-118640,7/20/2017,7/26/2017,Standard Class,CS-11950,Carlos Soltero,Consumer,United States,Chicago,Illinois,60610.0,Central,OFF-ST-10002974,Office Supplies,Storage,"Trav-L-File Heavy-Duty Shuttle II, Black",69.712,2.0,0.2,8.714,ERP,Rejected,Urgent
580.0,CA-2017-118640,7/20/2017,7/26/2017,Standard Class,CS-11950,Carlos Soltero,Consumer,United States,Chicago,Illinois,60610.0,Central,FUR-FU-10001475,Furniture,Furnishings,"Contract Clock, 14"", Brown",8.792,1.0,0.6,-5.7148,CRM,Approved,Check later
581.0,CA-2015-132906,9/10/2015,9/14/2015,Standard Class,CC-12145,Charles Crestani,Consumer,United States,Los Angeles,California,90004.0,West,OFF-SU-10004498,Office Supplies,Supplies,Martin-Yale Premier Letter Opener,51.52,4.0,0.0,1.5456,Legacy,,Check later
582.0,CA-2017-145233,12/1/2017,12/5/2017,Standard Class,DV-13465,Dianna Vittorini,Consumer,United States,Denver,Colorado,80219.0,West,TEC-PH-10004977,Technology,Phones,GE 30524EE4,470.376,3.0,0.2,52.9173,Manual Upload,Rejected,Duplicate?
583.0,CA-2017-145233,12/1/2017,12/5/2017,Standard Class,DV-13465,Dianna Vittorini,Consumer,United States,Denver,Colorado,80219.0,West,TEC-PH-10000586,Technology,Phones,AT&T SB67148 SynJ,105.584,2.0,0.2,9.2386,CRM,Pending,Check later
584.0,CA-2017-145233,12/1/2017,12/5/2017,Standard Class,DV-13465,Dianna Vittorini,Consumer,United States,Denver,Colorado,80219.0,West,OFF-AP-10000358,Office Supplies,Appliances,Fellowes Basic Home/Office Series Surge Protectors,31.152,3.0,0.2,3.5046,CRM,,
585.0,CA-2017-145233,12/1/2017,12/5/2017,Standard Class,DV-13465,Dianna Vittorini,Consumer,United States,Denver,Colorado,80219.0,West,OFF-BI-10002764,Office Supplies,Binders,Recycled Pressboard Report Cover with Reinforced Top Hinge,6.783,7.0,0.7,-4.7481,CRM,,Duplicate?
586.0,CA-2017-145233,12/1/2017,12/5/2017,Standard Class,DV-13465,Dianna Vittorini,Consumer,United States,Denver,Colorado,80219.0,West,TEC-PH-10001254,Technology,Phones,Jabra BIZ 2300 Duo QD Duo Corded Headset,406.368,4.0,0.2,30.4776,Legacy,Pending,Duplicate?
587.0,CA-2015-128139,7/3/2015,7/9/2015,Standard Class,BD-11725,Bruce Degenhardt,Consumer,United States,Richmond,Kentucky,40475.0,South,FUR-CH-10003956,Furniture,Chairs,Novimex High-Tech Fabric Mesh Task Chair,70.98,1.0,0.0,4.9686,CRM,,
588.0,CA-2015-128139,7/3/2015,7/9/2015,Standard Class,BD-11725,Bruce Degenhardt,Consumer,United States,Richmond,Kentucky,40475.0,South,OFF-LA-10003930,Office Supplies,Labels,"Dot Matrix Printer Tape Reel Labels, White, 5000/Box",294.93,3.0,0.0,144.5157,ERP,Rejected,Check later
589.0,US-2016-156986,3/20/2016,3/24/2016,Standard Class,ZC-21910,Zuschuss Carroll,Consumer,United States,Salem,Oregon,97301.0,West,TEC-PH-10003800,Technology,Phones,i.Sound Portable Power - 8000 mAh,84.784,2.0,0.2,-20.1362,CRM,Rejected,
590.0,US-2016-156986,3/20/2016,3/24/2016,Standard Class,ZC-21910,Zuschuss Carroll,Consumer,United States,Salem,Oregon,97301.0,West,OFF-PA-10002005,Office Supplies,Paper,Xerox 225,20.736,4.0,0.2,7.2576,ERP,Approved,Check later
591.0,US-2016-156986,3/20/2016,3/24/2016,Standard Class,ZC-21910,Zuschuss Carroll,Consumer,United States,Salem,Oregon,97301.0,West,OFF-BI-10002498,Office Supplies,Binders,Clear Mylar Reinforcing Strips,16.821,3.0,0.7,-12.8961,Manual Upload,Approved,Duplicate?
592.0,US-2016-156986,3/20/2016,3/24/2016,Standard Class,ZC-21910,Zuschuss Carroll,Consumer,United States,Salem,Oregon,97301.0,West,OFF-PA-10004101,Office Supplies,Paper,Xerox 1894,10.368,2.0,0.2,3.6288,ERP,,Urgent
593.0,CA-2014-135405,1/9/2014,1/13/2014,Standard Class,MS-17830,Melanie Seite,Consumer,United States,Laredo,Texas,78041.0,Central,OFF-AR-10004078,Office Supplies,Art,Newell 312,9.344,2.0,0.2,1.168,Manual Upload,,Duplicate?
594.0,CA-2014-135405,1/9/2014,1/13/2014,Standard Class,MS-17830,Melanie Seite,Consumer,United States,Laredo,Texas,78041.0,Central,TEC-AC-10001266,Technology,Accessories,Memorex Micro Travel Drive 8 GB,31.2,3.0,0.2,9.75,ERP,Pending,Urgent
595.0,CA-2014-131450,8/8/2014,8/15/2014,Standard Class,LR-16915,Lena Radford,Consumer,United States,San Diego,California,92024.0,West,OFF-AP-10004708,Office Supplies,Appliances,Fellowes Superior 10 Outlet Split Surge Protector,76.12,2.0,0.0,22.0748,CRM,Approved,Check later
596.0,CA-2014-131450,8/8/2014,8/15/2014,Standard Class,LR-16915,Lena Radford,Consumer,United States,San Diego,California,92024.0,West,TEC-CO-10004115,Technology,Copiers,Sharp AL-1530CS Digital Copier,1199.976,3.0,0.2,434.9913,Legacy,,Check later
597.0,CA-2014-131450,8/8/2014,8/15/2014,Standard Class,LR-16915,Lena Radford,Consumer,United States,San Diego,California,92024.0,West,TEC-PH-10002398,Technology,Phones,AT&T 1070 Corded Phone,445.96,5.0,0.2,55.745,CRM,Pending,
598.0,CA-2014-131450,8/8/2014,8/15/2014,Standard Class,LR-16915,Lena Radford,Consumer,United States,San Diego,California,92024.0,West,FUR-FU-10001979,Furniture,Furnishings,Dana Halogen Swing-Arm Architect Lamp,327.76,8.0,0.0,91.7728,Legacy,Rejected,Check later
599.0,CA-2016-120180,7/14/2016,7/16/2016,First Class,TP-21130,Theone Pippenger,Consumer,United States,Philadelphia,Pennsylvania,19134.0,East,OFF-SU-10004115,Office Supplies,Supplies,Acme Stainless Steel Office Snips,11.632,2.0,0.2,1.0178,CRM,Approved,Urgent
600.0,US-2016-100720,7/16/2016,7/21/2016,Standard Class,CK-12205,Chloris Kastensmidt,Consumer,United States,Philadelphia,Pennsylvania,19120.0,East,TEC-PH-10001425,Technology,Phones,Mophie Juice Pack Helium for iPhone,143.982,3.0,0.4,-28.7964,Manual Upload,Rejected,
601.0,US-2016-100720,7/16/2016,7/21/2016,Standard Class,CK-12205,Chloris Kastensmidt,Consumer,United States,Philadelphia,Pennsylvania,19120.0,East,TEC-PH-10003963,Technology,Phones,GE 2-Jack Phone Line Splitter,494.376,4.0,0.4,-115.3544,ERP,Approved,
602.0,US-2016-100720,7/16/2016,7/21/2016,Standard Class,CK-12205,Chloris Kastensmidt,consumer,United States,Philadelphia,Pennsylvania,19120.0,East,OFF-SU-10001574,Office Supplies,Supplies,Acme Value Line Scissors,5.84,2.0,0.2,0.73,Legacy,,Check later
603.0,CA-2014-149958,3/15/2014,3/19/2014,Standard Class,AS-10240,Alan Shonely,Consumer,United States,Tampa,Florida,33614.0,South,OFF-ST-10001490,Office Supplies,Storage,"Hot File 7-Pocket, Floor Stand",142.776,1.0,0.2,17.847,CRM,,Urgent
604.0,CA-2014-149958,3/15/2014,3/19/2014,Standard Class,AS-10240,Alan Shonely,Consumer,United States,Tampa,Florida,33614.0,South,FUR-FU-10001756,Furniture,Furnishings,"Eldon Expressions Desk Accessory, Wood Photo Frame, Mahogany",45.696,3.0,0.2,5.1408,CRM,Approved,
605.0,CA-2014-149958,3/15/2014,3/19/2014,Standard Class,AS-10240,Alan Shonely,Consumer,United States,Tampa,Florida,33614.0,South,OFF-BI-10000773,Office Supplies,Binders,Insertable Tab Post Binder Dividers,7.218,3.0,0.7,-5.5338,Manual Upload,Rejected,Urgent
606.0,CA-2014-149958,3/15/2014,3/19/2014,Standard Class,AS-10240,Alan Shonely,Consumer,United States,Tampa,Florida,33614.0,South,OFF-BI-10001543,Office Supplies,Binders,GBC VeloBinder Manual Binding System,43.188,4.0,0.7,-31.6712,Legacy,Approved,Check later
607.0,CA-2014-149958,3/15/2014,3/19/2014,Standard Class,AS-10240,Alan Shonely,Consumer,United States,Tampa,Florida,33614.0,South,OFF-PA-10002120,Office Supplies,Paper,Xerox 1889,131.904,3.0,0.2,47.8152,CRM,Approved,
608.0,US-2014-105767,5/23/2014,5/27/2014,Standard Class,AR-10510,Andrew Roberts,Consumer,United States,Philadelphia,Pennsylvania,19134.0,East,OFF-BI-10000848,Office Supplies,Binders,Angle-D Ring Binders,3.282,2.0,0.7,-2.6256,Manual Upload,Approved,Duplicate?
609.0,US-2014-105767,5/23/2014,5/27/2014,Standard Class,AR-10510,Andrew Roberts,Consumer,United States,Philadelphia,Pennsylvania,00000,East,OFF-AR-10001246,Office Supplies,Art,Newell 317,21.168,9.0,0.2,2.3814,Manual Upload,Approved,Urgent
610.0,US-2014-105767,5/23/2014,5/27/2014,Standard Class,AR-10510,Andrew Roberts,Consumer,United States,Philadelphia,Pennsylvania,19134.0,East,TEC-PH-10003092,Technology,Phones,Motorola L804,55.188,2.0,0.4,-10.1178,ERP,Approved,
611.0,CA-2016-161816,4/28/2016,5/1/2016,First Class,NB-18655,Nona Balk,Corporate,United States,Dallas,Texas,75217.0,Central,TEC-PH-10003012,Technology,Phones,Nortel Meridian M3904 Professional Digital phone,369.576,3.0,0.2,41.5773,Manual Upload,,Urgent
612.0,CA-2016-161816,4/28/2016,5/1/2016,First Class,NB-18655,Nona Balk,Corporate,United States,Dallas,Texas,75217.0,Central,OFF-LA-10004345,Office Supplies,Labels,Avery 493,15.712,4.0,0.2,5.6956,ERP,Pending,Urgent
613.0,CA-2016-121223,9/11/2016,9/13/2016,Second Class,GD-14590,Giulietta Dortch,Corporate,United States,Philadelphia,Pennsylvania,19143.0,East,OFF-PA-10001204,Office Supplies,Paper,Xerox 1972,8.448,2.0,0.2,2.64,CRM,Approved,
614.0,CA-2016-121223,9/11/2016,9/13/2016,Second Class,GD-14590,Giulietta Dortch,Corporate,United States,Philadelphia,Pennsylvania,19143.0,East,TEC-PH-10004667,Technology,Phones,Cisco 8x8 Inc. 6753i IP Business Phone System,728.946,9.0,0.4,-157.9383,Legacy,Approved,Duplicate?
615.0,CA-2017-138611,11/14/2017,11/17/2017,Second Class,CK-12595,Clytie Kelty,Consumer,United States,Grove City,Ohio,43123.0,East,TEC-PH-10000011,Technology,Phones,PureGear Roll-On Screen Protector,119.94,10.0,0.4,15.992,Legacy,Approved,Check later
616.0,CA-2017-138611,11/14/2017,11/17/2017,Second Class,CK-12595,Clytie Kelty,Consumer,United States,Grove City,Ohio,43123.0,East,OFF-BI-10002949,Office Supplies,Binders,Prestige Round Ring Binders,3.648,2.0,0.7,-2.7968,Legacy,,Check later
617.0,CA-2017-117947,8/18/2017,8/23/2017,Second Class,NG-18355,Nat Gilpin,Corporate,United States,New York City,N.Y.,10011.0,East,FUR-FU-10003849,Furniture,Furnishings,"DAX Metal Frame, Desktop, Stepped-Edge",40.48,2.0,0.0,15.7872,Manual Upload,Rejected,Urgent
618.0,CA-2017-117947,8/18/2017,8/23/2017,Second Class,NG-18355,Nat Gilpin,Corporate,United States,New York City,N.Y.,10011.0,East,FUR-FU-10000010,Furniture,Furnishings,"DAX Value U-Channel Document Frames, Easel Back",9.94,2.0,0.0,3.0814,CRM,Rejected,Urgent
619.0,CA-2017-117947,8/18/2017,8/23/2017,Second Class,NG-18355,Nat Gilpin,Corporate,United States,New York City,New York,10011.0,East,OFF-BI-10002824,Office Supplies,Binders,Recycled Easel Ring Binders,107.424,9.0,0.2,33.57,Legacy,Approved,Check later
620.0,CA-2017-117947,8/18/2017,8/23/2017,Second Class,NG-18355,Nat Gilpin,Corporate,United States,New York City,New York,10011.0,East,TEC-PH-10002538,Technology,Phones,Grandstream GXP1160 VoIP phone,37.91,1.0,0.0,10.9939,ERP,Pending,Urgent
621.0,CA-2017-117947,8/18/2017,8/23/2017,Second Class,NG-18355,Nat Gilpin,Corporate,United States,New York City,New York,10011.0,East,FUR-FU-10000521,Furniture,Furnishings,"Seth Thomas 14"" Putty-Colored Wall Clock",88.02,3.0,0.0,27.2862,CRM,,
622.0,US-2014-111171,12/26/2014,12/31/2014,Standard Class,CA-12265,Christina Anderson,Consumer,United States,Chicago,Illinois,60610.0,Central,OFF-BI-10002103,Office Supplies,Binders,"Cardinal Slant-D Ring Binder, Heavy Gauge Vinyl",8.69,5.0,0.8,-14.773,ERP,Rejected,
623.0,CA-2015-138009,11/29/2015,12/3/2015,Standard Class,SF-20965,Sylvia Foulston,Corporate,United States,Dearborn,Michigan,48126.0,Central,FUR-CH-10004853,Furniture,Chairs,"Global Manager's Adjustable Task Chair, Storm",301.96,2.0,0.0,87.5684,Legacy,Rejected,
624.0,CA-2015-138009,11/29/2015,12/3/2015,Standard Class,SF-20965,Sylvia Foulston,Corporate,United States,Dearborn,Michigan,48126.0,Central,OFF-AP-10000179,Office Supplies,Appliances,Honeywell Enviracaire Portable HEPA Air Cleaner for up to 10 x 16 Room,555.21,5.0,0.1,178.901,Legacy,,Duplicate?
625.0,CA-2015-138009,11/29/2015,12/3/2015,Standard Class,SF-20965,Sylvia Foulston,Corporate,United States,Dearborn,Michigan,48126.0,Central,OFF-ST-10001272,Office Supplies,Storage,"Mini 13-1/2 Capacity Data Binder Rack, Pearl",523.48,4.0,0.0,130.87,ERP,Rejected,Check later
626.0,CA-2015-138009,11/29/2015,03/12/2015,Standard Class,SF-20965,Sylvia Foulston,Corporate,United States,Dearborn,Michigan,48126.0,Central,OFF-AR-10004042,Office Supplies,Art,"BOSTON Model 1800 Electric Pencil Sharpeners, Putty/Woodgrain",161.82,9.0,0.0,46.9278,CRM,Rejected,
627.0,CA-2017-163020,9/15/2017,9/19/2017,Standard Class,MO-17800,Meg O'Connel,Home Office,United States,New York City,New York,10009.0,East,FUR-FU-10000221,Furniture,Furnishings,"Master Caster Door Stop, Brown",35.56,7.0,0.0,12.0904,ERP,,Check later
628.0,CA-2017-153787,5/19/2017,5/23/2017,Standard Class,AT-10735,Annie Thurman,Consumer,United States,Seattle,Washington,98115.0,West,OFF-AP-10001563,Office Supplies,Appliances,Belkin Premiere Surge Master II 8-outlet surge protector,97.16,2.0,0.0,28.1764,CRM,Rejected,
629.0,CA-2017-133431,12/17/2017,12/21/2017,Standard Class,LC-17140,Logan Currie,Consumer,United States,San Francisco,California,94122.0,West,OFF-BI-10000605,Office Supplies,Binders,"Acco Pressboard Covers with Storage Hooks, 9 1/2"" x 11"", Executive Red",15.24,5.0,0.2,5.1435,ERP,Pending,Duplicate?
630.0,CA-2017-133431,12/17/2017,12/21/2017,Standard Class,LC-17140,Logan Currie,Consumer,United States,San Francisco,California,94122.0,West,OFF-PA-10002615,Office Supplies,Paper,"Ampad Gold Fibre Wirebound Steno Books, 6"" x 9"", Gregg Ruled",13.23,3.0,0.0,6.0858,Legacy,Pending,Duplicate?
631.0,US-2016-135720,12/11/2016,12/13/2016,Second Class,FM-14380,Fred McMath,Consumer,United States,Aurora,Colorado,80013.0,West,OFF-ST-10001963,Office Supplies,Storage,Tennsco Regal Shelving Units,243.384,3.0,0.2,-51.7191,ERP,,Check later
632.0,US-2016-135720,12/11/2016,12/13/2016,Second Class,FM-14380,Fred McMath,Consumer,United States,Aurora,Colorado,80013.0,West,TEC-AC-10001267,Technology,Accessories,Imation 32GB Pocket Pro USB 3.0 Flash Drive - 32 GB - Black - 1 P ...,119.8,5.0,0.2,29.95,Legacy,Approved,
633.0,US-2016-135720,2016/12/11,12/13/2016,Second Class,FM-14380,Fred McMath,Consumer,United States,Aurora,Colorado,80013.0,West,TEC-PH-10002103,Technology,Phones,Jabra SPEAK 410,300.768,4.0,0.2,30.0768,CRM,,Duplicate?
634.0,CA-2017-144694,9/24/2017,9/26/2017,Second Class,BD-11605,Brian Dahlen,Consumer,United States,Miami,Florida,33180.0,South,TEC-AC-10002857,Technology,Accessories,"Verbatim 25 GB 6x Blu-ray Single Layer Recordable Disc, 1/Pack",17.88,3.0,0.2,2.4585,CRM,Rejected,
635.0,CA-2017-144694,9/24/2017,9/26/2017,Second Class,BD-11605,Brian Dahlen,Consumer,United States,Miami,Florida,33180.0,South,OFF-LA-10003930,Office Supplies,Labels,"Dot Matrix Printer Tape Reel Labels, White, 5000/Box",235.944,3.0,0.2,85.5297,ERP,Rejected,Check later
636.0,CA-2015-168004,10/4/2015,10/9/2015,Second Class,DJ-13420,Denny Joy,Corporate,United States,Warner Robins,Georgia,31088.0,South,FUR-CH-10001482,Furniture,Chairs,Office Star - Mesh Screen back chair with Vinyl seat,392.94,3.0,0.0,43.2234,ERP,Rejected,Duplicate?
637.0,US-2016-123470,8/15/2016,8/21/2016,Standard Class,ME-17725,Max Engle,Consumer,United States,Aurora,Colorado,80013.0,West,OFF-BI-10001989,Office Supplies,Binders,Premium Transparent Presentation Covers by GBC,18.882,3.0,0.7,-13.8468,Legacy,,Check later
638.0,US-2016-123470,8/15/2016,8/21/2016,Standard Class,ME-17725,Max Engle,Consumer,United States,Aurora,Colorado,80013.0,West,OFF-AP-10003287,Office Supplies,Appliances,Tripp Lite TLP810NET Broadband Surge for Modem/Fax,122.328,3.0,0.2,12.2328,CRM,Pending,
639.0,CA-2016-115917,5/20/2016,5/25/2016,Standard Class,RB-19465,Rick Bensley,Home Office,United States,Vallejo,California,94591.0,West,FUR-FU-10000576,Furniture,Furnishings,Luxo Professional Fluorescent Magnifier Lamp with Clamp-Mount Base,1049.2,5.0,0.0,272.792,Manual Upload,Rejected,
640.0,CA-2016-115917,5/20/2016,5/25/2016,Standard Class,RB-19465,Rick Bensley,Home Office,United States,Vallejo,California,94591.0,West,OFF-BI-10004728,Office Supplies,Binders,Wilson Jones Turn Tabs Binder Tool for Ring Binders,15.424,4.0,0.2,5.0128,Manual Upload,Approved,Check later
641.0,CA-2016-147067,12/18/2016,12/22/2016,Standard Class,JD-16150,Justin Deggeller,Corporate,United States,Minneapolis,Minnesota,55407.0,Central,FUR-FU-10000732,Furniture,Furnishings,Eldon 200 Class Desk Accessories,18.84,3.0,0.0,6.0288,CRM,Approved,Duplicate?
642.0,CA-2017-167913,7/30/2017,8/3/2017,Second Class,JL-15835,John Lee,Consumer,United States,Mission Viejo,California,92691.0,West,OFF-ST-10000585,Office Supplies,Storage,Economy Rollaway Files,330.4,2.0,0.0,85.904,ERP,Rejected,
643.0,CA-2017-167913,7/30/2017,8/3/2017,Second Class,JL-15835,John Lee,Consumer,United States,Mission Viejo,California,92691.0,West,OFF-LA-10002787,Office Supplies,Labels,Avery 480,26.25,7.0,0.0,12.6,CRM,Pending,Check later
644.0,CA-2017-106103,6/10/2017,6/15/2017,Standard Class,SC-20305,Sean Christensen,Consumer,United States,Rochester Hills,Michigan,48307.0,Central,TEC-AC-10003832,Technology,Accessories,Imation 16GB Mini TravelDrive USB 2.0 Flash Drive,132.52,4.0,0.0,54.3332,CRM,Rejected,Urgent
645.0,US-2017-127719,7/21/2017,7/25/2017,Standard Class,TW-21025,Tamara Willingham,Home Office,United States,Plainfield,New Jersey,7060.0,East,OFF-PA-10001934,Office Supplies,Paper,Xerox 1993,6.48,1.0,0.0,3.1752,Manual Upload,Approved,Urgent
646.0,CA-2017-126221,12/30/2017,1/5/2018,Standard Class,CC-12430,Chuck Clark,Home Office,United States,Columbus,Indiana,47201.0,Central,OFF-AP-10002457,Office Supplies,Appliances,"Eureka The Boss Plus 12-Amp Hard Box Upright Vacuum, Red",209.3,2.0,0.0,56.511,CRM,Approved,
647.0,CA-2016-103947,4/1/2016,4/8/2016,Standard Class,BB-10990,Barry Blumstein,Corporate,United States,Sierra Vista,Arizona,85635.0,West,OFF-FA-10003112,Office Supplies,Fasteners,Staples,31.56,5.0,0.2,9.8625,ERP,,Check later
648.0,CA-2016-103947,4/1/2016,4/8/2016,Standard Class,BB-10990,Barry Blumstein,Corporate,United States,Sierra Vista,Arizona,85635.0,West,OFF-AP-10002350,Office Supplies,Appliances,Belkin F9H710-06 7 Outlet SurgeMaster Surge Protector,30.144,2.0,0.2,3.0144,Legacy,,
649.0,CA-2016-160745,12/11/2016,12/16/2016,Second Class,AR-10825,Anthony Rawles,Corporate,United States,Vancouver,Washington,98661.0,West,FUR-FU-10001935,Furniture,Furnishings,3M Hangers With Command Adhesive,14.8,4.0,0.0,6.068,CRM,,Check later
650.0,CA-2016-160745,12/11/2016,12/16/2016,Second Class,AR-10825,Anthony Rawles,Corporate,United States,Vancouver,Washington,98661.0,West,TEC-PH-10003273,Technology,Phones,AT&T TR1909W,302.376,3.0,0.2,22.6782,ERP,Approved,Urgent
651.0,CA-2016-160745,12/11/2016,12/16/2016,Second Class,AR-10825,Anthony Rawles,Corporate,United States,Vancouver,Washington,98661.0,West,TEC-AC-10001142,Technology,Accessories,First Data FD10 PIN Pad,316.0,4.0,0.0,31.6,Legacy,,Duplicate?
652.0,CA-2016-132661,10/23/2016,10/29/2016,Standard Class,SR-20740,Steven Roelle,Home Office,United States,New York City,New York,10024.0,East,OFF-PA-10000482,Office Supplies,Paper,"Snap-A-Way Black Print Carbonless Ruled Speed Letter, Triplicate",379.4,10.0,0.0,178.318,ERP,,Urgent
653.0,CA-2017-140844,6/19/2017,6/23/2017,Standard Class,AR-10405,Allen Rosenblatt,Corporate,United States,New York City,New York,10035.0,East,OFF-PA-10003892,Office Supplies,Paper,Xerox 1943,97.82,2.0,0.0,45.9754,CRM,,Duplicate?
654.0,CA-2017-140844,6/19/2017,6/23/2017,Standard Class,AR-10405,Allen Rosenblatt,Corporate,United States,New York City,New York,10035.0,East,TEC-AC-10001101,Technology,Accessories,Sony 16GB Class 10 Micro SDHC R40 Memory Card,103.12,8.0,0.0,10.312,CRM,Approved,Urgent
655.0,CA-2016-137239,8/22/2016,8/28/2016,Standard Class,CR-12730,Craig Reiter,Consumer,United States,Columbus,Ohio,43229.0,East,OFF-AP-10002439,Office Supplies,Appliances,Tripp Lite Isotel 8 Ultra 8 Outlet Metal Surge,113.552,2.0,0.2,8.5164,CRM,Approved,Check later
656.0,CA-2016-137239,8/22/2016,8/28/2016,Standard Class,CR-12730,Craig Reiter,Consumer,United States,Columbus,Ohio,43229.0,East,OFF-BI-10002827,Office Supplies,Binders,Avery Durable Poly Binders,3.318,2.0,0.7,-2.6544,CRM,Rejected,Urgent
657.0,CA-2016-137239,8/22/2016,8/28/2016,Standard Class,CR-12730,Craig Reiter,Consumer,United States,Columbus,Ohio,43229.0,East,OFF-EN-10002230,Office Supplies,Envelopes,Airmail Envelopes,134.288,2.0,0.2,45.3222,CRM,Pending,Urgent
658.0,US-2016-156097,9/19/2016,9/19/2016,Same Day,EH-14125,Eugene Hildebrand,Home Office,United States,Aurora,Illinois,60505.0,Central,FUR-CH-10001215,Furniture,Chairs,Global Troy Executive Leather Low-Back Tilter,701.372,2.0,0.3,-50.098,ERP,Approved,Urgent
659.0,US-2016-156097,9/19/2016,9/19/2016,Same Day,EH-14125,Eugene Hildebrand,Home Office,United States,Aurora,Illinois,60505.0,Central,OFF-BI-10004654,Office Supplies,Binders,Avery Binding System Hidden Tab Executive Style Index Sets,2.308,2.0,0.8,-3.462,ERP,Pending,Duplicate?
660.0,CA-2015-146563,8/24/2015,8/28/2015,Standard Class,CB-12025,Cassandra Brandow,Consumer,United States,Arlington,texas,76017.0,CENTRAL,OFF-ST-10001490,Office Supplies,Storage,"Hot File 7-Pocket, Floor Stand",999.432,7.0,0.2,124.929,ERP,Approved,Urgent
661.0,CA-2015-146563,8/24/2015,8/28/2015,Standard Class,CB-12025,Cassandra Brandow,Consumer,United States,Arlington,Texas,76017.0,Central,OFF-ST-10001511,Office Supplies,Storage,Space Solutions Commercial Steel Shelving,724.08,14.0,0.2,-135.765,ERP,Rejected,Urgent
662.0,CA-2015-146563,8/24/2015,8/28/2015,Standard Class,CB-12025,Cassandra Brandow,Consumer,United States,Arlington,Texas,76017.0,Central,FUR-TA-10001768,Furniture,Tables,Hon Racetrack Conference Tables,918.785,5.0,0.3,-118.1295,ERP,Rejected,Urgent
663.0,CA-2015-146563,8/24/2015,8/28/2015,Standard Class,CB-12025,Cassandra Brandow,Consumer,United States,Arlington,Texas,76017.0,Central,OFF-BI-10003981,Office Supplies,Binders,"Avery Durable Plastic 1"" Binders",2.724,3.0,0.8,-4.2222,Manual Upload,,Urgent
664.0,CA-2016-123666,3/26/2016,3/30/2016,Standard Class,SP-20545,Sibella Parks,Corporate,United States,New York City,New York,10011.0,East,OFF-ST-10001522,Office Supplies,Storage,"Gould Plastics 18-Pocket Panel Bin, 34w x 5-1/4d x 20-1/2h",459.95,5.0,0.0,18.398,ERP,Rejected,Check later
665.0,CA-2016-143308,11/4/2016,11/4/2016,Same Day,RC-19825,Roy Collins,Consumer,United States,Louisville,Kentucky,40214.0,South,OFF-FA-10000621,Office Supplies,Fasteners,"OIC Colored Binder Clips, Assorted Sizes",10.74,3.0,0.0,5.2626,Manual Upload,Rejected,Check later
666.0,CA-2017-132682,6/8/2017,6/10/2017,Second Class,TH-21235,Tiffany House,Corporate,United States,Dallas,Texas,75081.0,Central,OFF-SU-10004231,Office Supplies,Supplies,Acme Tagit Stainless Steel Antibacterial Scissors,23.76,3.0,0.2,2.079,Legacy,Approved,
667.0,CA-2017-132682,6/8/2017,6/10/2017,Second Class,TH-21235,Tiffany House,Corporate,United States,Dallas,Texas,75081.0,Central,OFF-PA-10000474,Office Supplies,Paper,Easy-staple paper,85.056,3.0,0.2,28.7064,Legacy,Pending,Duplicate?
668.0,CA-2017-132682,6/8/2017,6/10/2017,Second Class,TH-21235,Tiffany House,Corporate,United States,Dallas,Texas,75081.0,Central,TEC-PH-10004042,Technology,Phones,ClearOne Communications CHAT 70 OC Speaker Phone,381.576,3.0,0.2,28.6182,CRM,Approved,
669.0,CA-2014-156314,12/24/2014,12/26/2014,First Class,RP-19390,Resi Pölking,Consumer,United States,Cleveland,Ohio,44105.0,East,FUR-FU-10003096,Furniture,Furnishings,"Master Giant Foot Doorstop, Safety Yellow",30.36,5.0,0.2,8.7285,Manual Upload,Rejected,
670.0,US-2017-106663,6/9/2017,6/13/2017,Standard Class,MO-17800,Meg O'Connel,Home Office,United States,Chicago,Illinois,60653.0,Central,FUR-FU-10002759,Furniture,Furnishings,12-1/2 Diameter Round Wall Clock,23.976,3.0,0.6,-14.3856,Legacy,Approved,Duplicate?
671.0,US-2017-106663,6/9/2017,6/13/2017,Standard Class,MO-17800,Meg O'Connel,Home Office,United States,Chicago,Illinois,60653.0,Central,FUR-TA-10000688,Furniture,Tables,"Chromcraft Bull-Nose Wood Round Conference Table Top, Wood Base",108.925,1.0,0.5,-71.8905,CRM,Pending,Check later
672.0,US-2017-106663,6/9/2017,6/13/2017,Standard Class,MO-17800,Meg O'Connel,Home Office,United States,Chicago,Illinois,60653.0,Central,OFF-PA-10002377,office supplies,Paper,"Adams Telephone Message Book W/Dividers/Space For Phone Numbers, 5 1/4""X8 1/2"", 200/Messages",36.352,8.0,0.2,11.36,Manual Upload,Approved,
673.0,CA-2017-111178,6/15/2017,6/22/2017,Standard Class,TD-20995,Tamara Dahlen,Consumer,United States,Quincy,Illinois,62301.0,Central,OFF-AR-10001954,Office Supplies,Art,Newell 331,19.56,5.0,0.2,1.7115,Legacy,,Check later
674.0,CA-2017-130351,2017/12/05,12/8/2017,first class,RB-19570,Rob Beeghly,Consumer,United States,Columbus,Indiana,47201.0,Central,OFF-AP-10004532,Office Supplies,Appliances,Kensington 6 Outlet Guardian Standard Surge Protector,61.44,3.0,0.0,16.5888,CRM,,
675.0,CA-2017-130351,12/5/2017,12/8/2017,First Class,RB-19570,Rob Beeghly,Consumer,United States,Columbus,Indiana,47201.0,Central,OFF-PA-10002137,Office Supplies,Paper,"Southworth 100% Résumé Paper, 24lb.",38.9,5.0,0.0,17.505,CRM,,Check later
676.0,CA-2017-130351,12/5/2017,12/8/2017,First Class,RB-19570,Rob Beeghly,Consumer,United States,Columbus,Indiana,47201.0,Central,TEC-AC-10003832,Technology,Accessories,Imation 16GB Mini TravelDrive USB 2.0 Flash Drive,99.39,3.0,0.0,40.7499,Manual Upload,Rejected,Duplicate?
677.0,US-2017-119438,3/18/2017,3/23/2017,Standard Class,CD-11980,Carol Darley,Consumer,United States,Tyler,Texas,75701.0,Central,OFF-AP-10000804,Office Supplies,Appliances,Hoover Portapower Portable Vacuum,2.688,3.0,0.8,-7.392,ERP,,
678.0,US-2017-119438,3/18/2017,3/23/2017,Standard Class,CD-11980,Carol Darley,Consumer,United States,Tyler,Texas,75701.0,Central,TEC-AC-10003614,Technology,Accessories,"Verbatim 25 GB 6x Blu-ray Single Layer Recordable Disc, 10/Pack",27.816,3.0,0.2,4.5201,ERP,Rejected,Urgent
679.0,US-2017-119438,3/18/2017,3/23/2017,Standard Class,CD-11980,Carol Darley,Consumer,United States,Tyler,Texas,75701.0,Central,FUR-FU-10003553,Furniture,Furnishings,"Howard Miller 13-1/2"" Diameter Rosebrook Wall Clock",82.524,3.0,0.6,-41.262,Legacy,,
680.0,US-2017-119438,3/18/2017,3/23/2017,Standard Class,CD-11980,Carol Darley,Consumer,United States,Tyler,Texas,75701.0,Central,OFF-BI-10004632,Office Supplies,Binders,Ibico Hi-Tech Manual Binding System,182.994,3.0,0.8,-320.2395,Manual Upload,Rejected,
681.0,CA-2016-164511,11/19/2016,11/24/2016,Standard Class,DJ-13630,Doug Jacobs,Consumer,United States,New York City,New York,10024.0,East,OFF-BI-10003305,Office Supplies,Binders,Avery Hanging File Binders,14.352,3.0,0.2,4.6644,Manual Upload,Rejected,
682.0,CA-2016-164511,11/19/2016,11/24/2016,Standard Class,DJ-13630,Doug Jacobs,Consumer,United States,New York City,New York,10024.0,East,OFF-ST-10002583,Office Supplies,Storage,Fellowes Neat Ideas Storage Cubes,64.96,2.0,0.0,2.5984,CRM,,Duplicate?
683.0,CA-2016-164511,11/19/2016,11/24/2016,Standard Class,DJ-13630,Doug Jacobs,Consumer,United States,New York City,New York,10024.0,East,OFF-ST-10004507,Office Supplies,Storage,Advantus Rolling Storage Box,68.6,4.0,0.0,18.522,Manual Upload,Approved,Check later
684.0,US-2017-168116,11/4/2017,11/4/2017,Same Day,GT-14635,Grant Thornton,Corporate,United States,Burlington,North Carolina,27217.0,South,TEC-MA-10004125,Technology,Machines,Cubify CubeX 3D Printer Triple Head Print,7999.98,4.0,0.5,-3839.9904,Legacy,Rejected,Urgent
685.0,US-2017-168116,11/4/2017,11/4/2017,Same Day,GT-14635,Grant Thornton,Corporate,United States,Burlington,North Carolina,27217.0,South,OFF-AP-10002457,Office Supplies,Appliances,"Eureka The Boss Plus 12-Amp Hard Box Upright Vacuum, Red",167.44,2.0,0.2,14.651,Manual Upload,Approved,Check later
686.0,CA-2014-157784,7/5/2014,7/8/2014,First Class,MC-17845,Michael Chen,Consumer,United States,Jackson,Mississippi,39212.0,South,TEC-AC-10003911,Technology,Accessories,NETGEAR AC1750 Dual Band Gigabit Smart WiFi Router,479.97,3.0,0.0,163.1898,Legacy,Rejected,
687.0,CA-2014-157784,7/5/2014,7/8/2014,First Class,MC-17845,Michael Chen,Consumer,United States,Jackson,Mississippi,39212.0,South,OFF-LA-10001934,Office Supplies,Labels,Avery 516,14.62,2.0,0.0,6.8714,ERP,Approved,Check later
688.0,CA-2014-157784,7/5/2014,7/8/2014,First Class,MC-17845,Michael Chen,Consumer,United States,Jackson,Mississippi,39212.0,South,OFF-PA-10000304,Office Supplies,Paper,Xerox 1995,19.44,3.0,0.0,9.3312,ERP,Rejected,Check later
689.0,CA-2017-161480,12/25/2017,12/29/2017,Standard Class,RA-19285,Ralph Arnett,Consumer,United States,New York City,New York,10035.0,East,FUR-BO-10004015,Furniture,Bookcases,"Bush Andora Bookcase, Maple/Graphite Gray Finish",191.984,2.0,0.2,4.7996,Legacy,Approved,Check later
690.0,US-2014-117135,6/21/2014,6/23/2014,Second Class,NP-18325,Naresj Patel,Consumer,United States,Waynesboro,Virginia,22980.0,South,FUR-FU-10004071,Furniture,Furnishings,Luxo Professional Magnifying Clamp-On Fluorescent Lamps,104.01,1.0,0.0,14.5614,CRM,Rejected,
691.0,US-2014-117135,6/21/2014,6/23/2014,Second Class,NP-18325,Naresj Patel,Consumer,United States,Waynesboro,Virginia,22980.0,South,TEC-PH-10002033,Technology,Phones,Konftel 250 Conference phone - Charcoal black,284.82,1.0,0.0,74.0532,CRM,Rejected,Duplicate?
692.0,US-2014-117135,6/21/2014,6/23/2014,Second Class,NP-18325,Naresj Patel,Consumer,United States,Waynesboro,Virginia,22980.0,South,OFF-ST-10002444,Office Supplies,Storage,Recycled Eldon Regeneration Jumbo File,36.84,3.0,0.0,10.3152,Legacy,Rejected,Check later
693.0,CA-2015-131534,3/28/2015,4/2/2015,Standard Class,AB-10165,Alan Barnes,Consumer,United States,Los Angeles,California,90036.0,West,TEC-AC-10002253,Technology,Accessories,Imation Bio 8GB USB Flash Drive Imation Corp,166.24,1.0,0.0,24.936,CRM,Pending,Check later
694.0,CA-2015-131534,3/28/2015,4/2/2015,Standard Class,AB-10165,Alan Barnes,Consumer,United States,Los Angeles,California,90036.0,West,OFF-PA-10000743,Office Supplies,Paper,Xerox 1977,33.4,5.0,0.0,16.032,Manual Upload,,
695.0,CA-2015-119291,5/14/2015,5/17/2015,First Class,JO-15550,Jesus Ocampo,Home Office,United States,Chester,Pennsylvania,19013.0,East,OFF-AR-10003373,Office Supplies,Art,"Boston School Pro Electric Pencil Sharpener, 1670",198.272,8.0,0.2,17.3488,CRM,Approved,Duplicate?
696.0,CA-2015-119291,5/14/2015,5/17/2015,First Class,JO-15550,Jesus Ocampo,Home Office,United States,Chester,Pennsylvania,19013.0,East,OFF-LA-10002312,Office Supplies,Labels,Avery 490,47.36,4.0,0.2,17.76,CRM,Approved,
697.0,CA-2015-119291,5/14/2015,5/17/2015,First Class,JO-15550,Jesus Ocampo,Home Office,United States,Chester,Pennsylvania,19013.0,East,OFF-EN-10000927,Office Supplies,Envelopes,Jet-Pak Recycled Peel 'N' Seal Padded Mailers,200.984,7.0,0.2,62.8075,Legacy,Rejected,
698.0,CA-2015-119291,5/14/2015,5/17/2015,First Class,JO-15550,Jesus Ocampo,Home Office,United States,Chester,Pennsylvania,19013.0,East,OFF-LA-10003510,Office Supplies,Labels,"Avery 4027 File Folder Labels for Dot Matrix Printers, 5000 Labels per Box, White",97.696,4.0,0.2,31.7512,CRM,,Urgent
699.0,CA-2015-119291,5/14/2015,5/17/2015,First Class,JO-15550,Jesus Ocampo,Home Office,United States,Chester,Pennsylvania,19013.0,East,OFF-AR-10001118,Office Supplies,Art,"Binney & Smith Crayola Metallic Crayons, 16-Color Pack",2.696,1.0,0.2,0.8088,Manual Upload,,
700.0,CA-2015-119291,5/14/2015,17/05/2015,First Class,JO-15550,Jesus Ocampo,Home Office,United States,Chester,Pennsylvania,19013.0,East,OFF-BI-10001575,Office Supplies,Binders,GBC Linen Binding Covers,18.588,2.0,0.7,-13.6312,CRM,Pending,Duplicate?
701.0,CA-2015-119291,5/14/2015,5/17/2015,First Class,JO-15550,Jesus Ocampo,Home Office,United States,Chester,Pennsylvania,19013.0,East,OFF-BI-10001982,Office Supplies,Binders,Wilson Jones Custom Binder Spines & Labels,4.896,3.0,0.7,-3.4272,Manual Upload,Rejected,Check later
702.0,CA-2017-114552,9/2/2017,9/8/2017,Standard Class,Dl-13600,Dorris liebe,Corporate,United States,Cleveland,Ohio,44105.0,East,FUR-FU-10002960,Furniture,Furnishings,"Eldon 200 Class Desk Accessories, Burgundy",15.072,3.0,0.2,4.1448,Legacy,,Urgent
703.0,CA-2016-163755,11/4/2016,11/8/2016,Second Class,AS-10285,Alejandro Savely,Corporate,United States,Seattle,Washington,98103.0,West,FUR-FU-10003394,Furniture,Furnishings,"Tenex ""The Solids"" Textured Chair Mats",209.88,3.0,0.0,35.6796,CRM,Approved,Check later
704.0,CA-2015-142027,4/9/2015,4/14/2015,Standard Class,JK-15370,Jay Kimmel,Consumer,United States,Long Beach,California,90805.0,West,FUR-TA-10002774,Furniture,Tables,Laminate Occasional Tables,369.912,3.0,0.2,-13.8717,Manual Upload,Approved,Check later
705.0,CA-2014-138527,9/12/2014,9/17/2014,Standard Class,BN-11470,Brad Norvell,Corporate,United States,Cary,North Carolina,27511.0,South,OFF-PA-10001800,Office Supplies,Paper,Xerox 220,10.368,2.0,0.2,3.6288,Manual Upload,Rejected,
706.0,CA-2014-138527,9/12/2014,9/17/2014,Standard Class,BN-11470,Brad Norvell,Corporate,United States,Cary,North Carolina,27511.0,South,OFF-AP-10001469,Office Supplies,Appliances,Fellowes 8 Outlet Superior Workstation Surge Protector,166.84,5.0,0.2,18.7695,CRM,Rejected,
707.0,CA-2014-138527,9/12/2014,9/17/2014,Standard Class,BN-11470,Brad Norvell,Corporate,United States,Cary,North Carolina,27511.0,South,TEC-AC-10002399,Technology,Accessories,SanDisk Cruzer 32 GB USB Flash Drive,15.216,1.0,0.2,2.2824,Legacy,Approved,Check later
708.0,CA-2014-112158,12/2/2014,12/4/2014,First Class,DP-13165,David Philippe,Consumer,United States,New York City,New York,10035.0,East,TEC-AC-10003628,Technology,Accessories,Logitech 910-002974 M325 Wireless Mouse for Web Scrolling,119.96,4.0,0.0,52.7824,ERP,,
709.0,CA-2014-112158,12/2/2014,12/4/2014,First Class,DP-13165,David Philippe,Consumer,United States,New York City,New York,10035.0,East,FUR-BO-10003272,Furniture,Bookcases,O'Sullivan Living Dimensions 5-Shelf Bookcases,883.92,5.0,0.2,-110.49,ERP,,Urgent
710.0,CA-2014-112158,12/2/2014,12/4/2014,First Class,DP-13165,David Philippe,Consumer,United States,New York City,New York,10035.0,East,OFF-BI-10000050,Office Supplies,Binders,"Angle-D Binders with Locking Rings, Label Holders",46.72,8.0,0.2,15.768,ERP,,Check later
711.0,CA-2014-113887,4/5/2014,4/7/2014,First Class,TH-21550,Tracy Hopkins,Home Office,United States,New York City,New York,10035.0,East,OFF-PA-10004071,Office Supplies,Paper,"Eaton Premium Continuous-Feed Paper, 25% Cotton, Letter Size, White, 1000 Shts/Box",55.48,1.0,0.0,26.6304,Manual Upload,Approved,Check later
712.0,CA-2017-146136,9/3/2017,9/7/2017,Standard Class,AP-10915,Arthur Prichep,Consumer,United States,Palm Coast,Florida,32137.0,South,OFF-EN-10001219,Office Supplies,Envelopes,"#10- 4 1/8"" x 9 1/2"" Security-Tint Envelopes",24.448,4.0,0.2,8.8624,Manual Upload,Pending,Duplicate?
713.0,US-2017-100048,5/19/2017,5/24/2017,Standard Class,RS-19765,Roland Schwarz,Corporate,United States,Mount Vernon,New York,10550.0,East,OFF-AP-10001154,Office Supplies,Appliances,Bionaire Personal Warm Mist Humidifier/Vaporizer,281.34,6.0,0.0,109.7226,Manual Upload,Rejected,
714.0,US-2017-100048,5/19/2017,5/24/2017,Standard Class,RS-19765,Roland Schwarz,Corporate,United States,Mount Vernon,New York,10550.0,East,TEC-PH-10003012,Technology,Phones,Nortel Meridian M3904 Professional Digital phone,307.98,2.0,0.0,89.3142,CRM,,Check later
715.0,US-2017-100048,5/19/2017,5/24/2017,Standard Class,RS-19765,Roland Schwarz,Corporate,United States,Mount Vernon,New York,10550.0,East,TEC-AC-10001606,Technology,Accessories,Logitech Wireless Performance Mouse MX for PC and Mac,299.97,3.0,0.0,113.9886,Manual Upload,Rejected,Duplicate?
716.0,CA-2014-153150,7/1/2014,7/6/2014,Second Class,Dl-13600,Dorris liebe,Corporate,United States,Seattle,Washington,98105.0,West,OFF-BI-10003355,Office Supplies,Binders,Cardinal Holdit Business Card Pockets,19.92,5.0,0.2,6.972,CRM,,
717.0,CA-2014-130092,1/11/2014,1/14/2014,First Class,SV-20365,Seth Vernon,Consumer,United States,Dover,Delaware,19901.0,East,FUR-FU-10000010,Furniture,Furnishings,"DAX Value U-Channel Document Frames, Easel Back",9.94,2.0,0.0,3.0814,ERP,,
718.0,CA-2017-108910,9/24/2017,9/29/2017,Standard Class,KC-16540,Kelly Collister,Consumer,United States,Newark,Ohio,43055.0,East,FUR-FU-10002253,Furniture,Furnishings,"Howard Miller 13"" Diameter Pewter Finish Round Wall Clock",103.056,3.0,0.2,24.4758,Manual Upload,,
719.0,CA-2014-104472,6/2/2014,6/7/2014,Standard Class,CK-12325,Christine Kargatis,Home Office,United States,Orem,Utah,84057.0,West,OFF-BI-10001658,Office Supplies,Binders,GBC Standard Therm-A-Bind Covers,59.808,3.0,0.2,19.4376,ERP,Rejected,Duplicate?
720.0,CA-2014-104472,6/2/2014,6/7/2014,Standard Class,CK-12325,Christine Kargatis,Home Office,United States,Orem,Utah,84057.0,West,FUR-FU-10000246,Furniture,Furnishings,Aluminum Document Frame,73.32,6.0,2.0,21.996,Manual Upload,,Check later
721.0,CA-2016-112942,2/13/2016,2/18/2016,Standard Class,RD-19810,Ross DeVincentis,Home Office,United States,Los Angeles,California,90045.0,West,OFF-PA-10004092,Office Supplies,Paper,Tops Green Bar Computer Printout Paper,146.82,3.0,0.0,73.41,CRM,Approved,
722.0,CA-2016-142335,12/15/2016,12/19/2016,Standard Class,MP-17965,Michael Paige,Corporate,United States,Detroit,Michigan,48205.0,Central,FUR-TA-10000198,Furniture,Tables,Chromcraft Bull-Nose Wood Oval Conference Tables & Bases,1652.94,3.0,0.0,231.4116,ERP,Pending,
723.0,CA-2016-142335,12/15/2016,12/19/2016,Standard Class,MP-17965,Michael Paige,Corporate,United States,Detroit,Michigan,48205.0,Central,OFF-ST-10000036,Office Supplies,Storage,"Recycled Data-Pak for Archival Bound Computer Printouts, 12-1/2 x 12-1/2 x 16",296.37,3.0,0.0,80.0199,ERP,Rejected,Check later
724.0,CA-2014-117429,10/7/2014,10/13/2014,Standard Class,MR-17545,Mathew Reese,Home Office,United States,Philadelphia,Pennsylvania,19140.0,East,FUR-FU-10000222,Furniture,Furnishings,"Seth Thomas 16"" Steel Case Clock",129.92,5.0,0.2,21.112,Legacy,,
725.0,CA-2016-114713,7/7/2016,7/12/2016,Standard Class,SC-20695,Steve Chapman,Corporate,United States,Hialeah,Florida,33012.0,South,OFF-SU-10004664,Office Supplies,Supplies,Acme Softgrip Scissors,45.584,7.0,0.2,5.1282,ERP,Approved,Duplicate?
726.0,CA-2017-144113,9/16/2017,9/20/2017,Standard Class,JF-15355,Jay Fein,Consumer,United States,Austin,Texas,78745.0,Central,OFF-EN-10001141,Office Supplies,Envelopes,"Manila Recycled Extra-Heavyweight Clasp Envelopes, 6"" x 9""",17.568,2.0,0.2,6.3684,Legacy,Approved,Urgent
727.0,CA-2017-144113,9/16/2017,9/20/2017,Standard Class,JF-15355,Jay Fein,Consumer,United States,Austin,Texas,78745.0,Central,TEC-PH-10002170,Technology,Phones,ClearSounds CSC500 Amplified Spirit Phone Corded phone,55.992,1.0,0.2,5.5992,CRM,,Urgent
728.0,US-2016-150861,12/3/2016,12/6/2016,First Class,EG-13900,Emily Grady,Consumer,United States,Oceanside,New York,11572.0,East,OFF-PA-10001954,Office Supplies,Paper,Xerox 1964,182.72,8.0,0.0,84.0512,Legacy,Approved,
729.0,US-2016-150861,12/3/2016,12/6/2016,First Class,EG-13900,Emily Grady,Consumer,United States,Oceanside,New York,11572.0,East,FUR-TA-10002228,Furniture,Tables,"Bevis Traditional Conference Table Top, Plinth Base",400.032,2.0,0.4,-153.3456,Manual Upload,,Urgent
730.0,US-2016-150861,12/3/2016,12/6/2016,First Class,EG-13900,Emily Grady,Consumer,United States,Oceanside,New York,11572.0,East,OFF-ST-10004634,Office Supplies,Storage,"Personal Folder Holder, Ebony",33.63,3.0,0.0,10.089,CRM,Approved,Duplicate?
731.0,US-2016-150861,12/3/2016,12/6/2016,First Class,EG-13900,Emily Grady,Consumer,United States,Oceanside,New York,11572.0,East,FUR-CH-10002965,Furniture,Chairs,"Global Leather Highback Executive Chair with Pneumatic Height Adjustment, Black",542.646,3.0,0.1,102.4998,ERP,Rejected,Duplicate?
732.0,US-2016-150861,12/3/2016,12/6/2016,First Class,EG-13900,Emily Grady,Consumer,United States,Oceanside,New York,11572.0,East,OFF-LA-10001317,Office Supplies,Labels,Avery 520,6.3,2.0,0.0,3.024,Legacy,Approved,Urgent
733.0,CA-2017-131954,1/21/2017,1/25/2017,Standard Class,DS-13030,Darrin Sayre,Home Office,United States,Seattle,Washington,98115.0,West,OFF-ST-10000736,Office Supplies,Storage,Carina Double Wide Media Storage Towers in Natural & Black,242.94,3.0,0.0,9.7176,Manual Upload,Pending,
734.0,CA-2017-131954,1/21/2017,1/25/2017,Standard Class,DS-13030,Darrin Sayre,Home Office,United States,Seattle,Washington,98115.0,West,TEC-AC-10003610,Technology,Accessories,Logitech Illuminated - Keyboard,179.97,3.0,0.0,86.3856,Manual Upload,Approved,Urgent
735.0,CA-2017-131954,1/21/2017,1/25/2017,Std Class,DS-13030,Darrin Sayre,Home Office,United States,Seattle,Washington,98115.0,West,OFF-BI-10003982,Office Supplies,Binders,Wilson Jones Century Plastic Molded Ring Binders,99.696,6.0,0.2,33.6474,Legacy,Pending,Urgent
736.0,CA-2017-131954,1/21/2017,1/25/2017,Standard Class,DS-13030,Darrin Sayre,Home Office,United States,Seattle,Washington,98115.0,West,OFF-BI-10003291,Office Supplies,Binders,Wilson Jones Leather-Like Binders with DublLock Round Rings,27.936,4.0,0.2,9.4284,Manual Upload,Pending,Duplicate?
737.0,CA-2017-131954,1/21/2017,1/25/2017,Standard Class,DS-13030,Darrin Sayre,Home Office,United States,Seattle,Washington,98115.0,West,FUR-BO-10001619,Furniture,Bookcases,O'Sullivan Cherrywood Estates Traditional Bookcase,84.98,1.0,0.0,18.6956,CRM,Approved,Duplicate?
738.0,CA-2017-131954,1/21/2017,1/25/2017,Standard Class,DS-13030,Darrin Sayre,Home Office,United States,Seattle,Washington,98115.0,West,OFF-BI-10000138,Office Supplies,Binders,Acco Translucent Poly Ring Binders,18.72,5.0,0.2,6.552,Manual Upload,,
739.0,CA-2014-132500,9/8/2014,9/12/2014,Standard Class,GZ-14470,Gary Zandusky,Consumer,United States,San Francisco,California,94110.0,West,TEC-AC-10001383,Technology,Accessories,Logitech Wireless Touch Keyboard K400,49.98,2.0,0.0,8.4966,CRM,Rejected,
740.0,CA-2014-112326,1/4/2014,1/8/2014,Standard Class,PO-19195,Phillina Ober,Home Office,United States,Naperville,Illinois,60540.0,Central,OFF-LA-10003223,Office Supplies,Labels,Avery 508,11.784,3.0,0.2,4.2717,Legacy,Approved,Check later
741.0,CA-2014-112326,1/4/2014,1/8/2014,Standard Class,PO-19195,Phillina Ober,Home Office,United States,Naperville,Illinois,60540.0,Central,OFF-ST-10002743,Office Supplies,Storage,SAFCO Boltless Steel Shelving,272.736,3.0,0.2,-64.7748,ERP,Approved,Urgent
742.0,CA-2014-112326,1/4/2014,1/8/2014,Standard Class,PO-19195,Phillina Ober,Home Office,United States,Naperville,Illinois,60540.0,Central,OFF-BI-10004094,Office Supplies,Binders,GBC Standard Plastic Binding Systems Combs,3.54,2.0,0.8,-5.487,ERP,Pending,Duplicate?
743.0,US-2016-146710,8/27/2016,9/1/2016,Standard Class,SS-20875,Sung Shariari,Consumer,United States,Dallas,Texas,75220.0,Central,OFF-SU-10004498,Office Supplies,Supplies,Martin-Yale Premier Letter Opener,51.52,5.0,0.2,-10.948,Legacy,Approved,Urgent
744.0,US-2016-146710,8/27/2016,9/1/2016,Standard Class,SS-20875,Sung Shariari,Consumer,United States,Dallas,Texas,75220.0,Central,OFF-PA-10002615,Office Supplies,Paper,"Ampad Gold Fibre Wirebound Steno Books, 6"" x 9"", Gregg Ruled",3.528,1.0,0.2,1.1466,ERP,Rejected,Urgent
745.0,US-2016-146710,8/27/2016,9/1/2016,Standard Class,SS-20875,Sung Shariari,Consumer,United States,Dallas,Texas,75220.0,Central,OFF-PA-10004971,Office Supplies,Paper,Xerox 196,4.624,1.0,0.2,1.6762,Legacy,Pending,Check later
746.0,US-2016-146710,8/27/2016,01/09/2016,Standard Class,SS-20875,Sung Shariari,Consumer,United States,Dallas,Texas,75220.0,Central,OFF-SU-10004261,Office Supplies,Supplies,"Fiskars 8"" Scissors, 2/Pack",55.168,4.0,0.2,6.2064,Legacy,Rejected,Check later
747.0,CA-2014-124429,5/27/2014,5/27/2014,Same Day,MH-17785,Maya Herman,Corporate,United States,San Diego,California,92105.0,West,FUR-TA-10002607,Furniture,Tables,KI Conference Tables,567.12,10.0,0.2,-28.356,ERP,,
748.0,CA-2014-124429,5/27/2014,5/27/2014,Same Day,MH-17785,Maya Herman,Corporate,United States,San Diego,California,92105.0,West,OFF-ST-10001809,Office Supplies,Storage,Fellowes Officeware Wire Shelving,359.32,4.0,0.0,7.1864,Legacy,Pending,Duplicate?
749.0,CA-2016-150889,3/20/2016,3/22/2016,Second Class,PB-19105,Peter Bühler,Consumer,United States,Evanston,Illinois,60201.0,Central,TEC-PH-10000004,Technology,Phones,Belkin iPhone and iPad Lightning Cable,11.992,1.0,0.2,0.8994,Manual Upload,,
750.0,CA-2017-126074,10/2/2017,10/6/2017,Standard Class,RF-19735,Roland Fjeld,Consumer,United States,Trenton,Michigan,48183.0,Central,OFF-BI-10003638,Office Supplies,Binders,GBC Durable Plastic Covers,58.05,3.0,0.0,26.703,Legacy,,
751.0,CA-2017-126074,10/2/2017,10/6/2017,Standard Class,RF-19735,Roland Fjeld,Consumer,United States,Trenton,Michigan,48183.0,Central,FUR-FU-10003577,Furniture,Furnishings,Nu-Dell Leatherette Frames,157.74,11.0,0.0,56.7864,Legacy,,Check later
752.0,CA-2017-126074,10/2/2017,10/6/2017,Standard Class,RF-19735,Roland Fjeld,Consumer,United States,Trenton,Michigan,48183.0,Central,OFF-AR-10003478,Office Supplies,Art,"Avery Hi-Liter EverBold Pen Style Fluorescent Highlighters, 4/Pack",56.98,7.0,2.0,22.792,CRM,Pending,Urgent
753.0,CA-2017-126074,10/2/2017,10/6/2017,Standard Class,RF-19735,Roland Fjeld,Consumer,United States,Trenton,Michigan,48183.0,Central,OFF-BI-10000546,Office Supplies,Binders,Avery Durable Binders,2.88,1.0,0.0,1.4112,Legacy,Approved,Urgent
754.0,CA-2016-110499,4/7/2016,4/9/2016,First Class,YC-21895,Yoseph Carroll,Corporate,United States,San Francisco,California,94110.0,West,TEC-CO-10002095,tech,Copiers,Hewlett Packard 610 Color Digital Copier / Printer,1199.976,3.0,0.2,374.9925,ERP,Pending,Duplicate?
755.0,CA-2015-135272,12/7/2015,12/12/2015,Standard Class,MS-17830,Melanie Seite,Consumer,United States,Los Angeles,California,90036.0,West,FUR-FU-10002759,Furniture,Furnishings,12-1/2 Diameter Round Wall Clock,79.92,4.0,0.0,28.7712,ERP,Pending,Duplicate?
756.0,CA-2016-140928,9/18/2016,9/22/2016,Standard Class,NB-18655,Nona Balk,Corporate,United States,Jacksonville,Florida,32216.0,South,FUR-TA-10001095,Furniture,Tables,Chromcraft Round Conference Tables,383.438,4.0,0.45,-167.3184,Legacy,Pending,
757.0,CA-2014-106803,12/29/2014,1/2/2015,Standard Class,DC-13285,Debra Catini,Consumer,United States,Cottage Grove,Minnesota,55016.0,Central,OFF-ST-10002444,Office Supplies,Storage,Recycled Eldon Regeneration Jumbo File,24.56,2.0,0.0,6.8768,CRM,Pending,Duplicate?
758.0,CA-2014-106803,12/29/2014,1/2/2015,Standard Class,DC-13285,Debra Catini,Consumer,United States,Cottage Grove,Minnesota,55016.0,Central,TEC-AC-10001267,Technology,Accessories,Imation 32GB Pocket Pro USB 3.0 Flash Drive - 32 GB - Black - 1 P ...,119.8,4.0,0.0,47.92,Legacy,Rejected,Urgent
759.0,CA-2017-117240,7/23/2017,7/28/2017,Standard Class,CP-12340,Christine Phan,Corporate,United States,New York City,New York,10009.0,East,OFF-BI-10000848,Office Supplies,Binders,Angle-D Ring Binders,13.128,3.0,0.2,4.2666,ERP,Approved,Check later
760.0,CA-2017-133333,9/18/2017,9/22/2017,Standard Class,BF-11020,Barry Französisch,Corporate,United States,Green Bay,Wisconsin,54302.0,Central,OFF-PA-10002377,Office Supplies,Paper,"Adams Telephone Message Book W/Dividers/Space For Phone Numbers, 5 1/4""X8 1/2"", 200/Messages",22.72,4.0,0.0,10.224,ERP,Pending,Check later
761.0,CA-2015-112319,8/31/2015,9/5/2015,Standard Class,AR-10510,Andrew Roberts,Consumer,United States,Los Angeles,California,90004.0,West,OFF-PA-10003441,Office Supplies,Paper,Xerox 226,58.32,9.0,0.0,27.9936,ERP,Pending,Urgent
762.0,CA-2017-126046,11/3/2017,11/7/2017,Standard Class,JC-16105,Julie Creighton,Corporate,United States,Atlanta,Georgia,30318.0,South,OFF-LA-10004484,Office Supplies,Labels,Avery 476,12.39,3.0,0.0,5.6994,ERP,Pending,
763.0,CA-2015-114923,2/8/2015,2/13/2015,Standard Class,LH-17020,Lisa Hazard,Consumer,United States,Columbus,Ohio,43229.0,East,TEC-PH-10003931,Technology,Phones,JBL Micro Wireless Portable Bluetooth Speaker,107.982,3.0,0.4,-26.9955,Legacy,,Duplicate?
764.0,CA-2014-162775,1/13/2014,1/15/2014,Second Class,CS-12250,Chris Selesnick,Corporate,United States,Bossier City,Louisiana,71111.0,South,OFF-EN-10001990,Office Supplies,Envelopes,Staple envelope,11.36,2.0,0.0,5.3392,ERP,Pending,
765.0,CA-2014-162775,1/13/2014,1/15/2014,Second Class,CS-12250,Chris Selesnick,Corporate,United States,Bossier City,Louisiana,71111.0,South,OFF-EN-10001532,Office Supplies,Envelopes,Brown Kraft Recycled Envelopes,50.94,3.0,0.0,25.47,CRM,Pending,Check later
766.0,CA-2014-162775,1/13/2014,1/15/2014,Second Class,CS-12250,Chris Selesnick,Corporate,United States,Bossier City,Louisiana,71111.0,South,TEC-AC-10003174,Technology,Accessories,Plantronics S12 Corded Telephone Headset System,646.74,6.0,0.0,258.696,ERP,Approved,
767.0,CA-2014-162775,1/13/2014,1/15/2014,Second Class,CS-12250,Chris Selesnick,Corporate,United States,Bossier City,Louisiana,71111.0,South,OFF-BI-10004187,Office Supplies,Binders,3-ring staple pack,5.64,3.0,0.0,2.7072,ERP,Rejected,
768.0,CA-2014-162775,1/13/2014,1/15/2014,Second Class,CS-12250,Chris Selesnick,Corporate,United States,Bossier City,Louisiana,71111.0,South,OFF-ST-10000025,Office Supplies,Storage,Fellowes Stor/Drawer Steel Plus Storage Drawers,572.58,6.0,0.0,34.3548,CRM,,Check later
769.0,CA-2014-106810,5/14/2014,5/20/2014,Standard Class,AJ-10795,Anthony Johnson,Corporate,United States,Saint Petersburg,Florida,33710.0,South,FUR-FU-10004306,Furniture,Furnishings,Electrix Halogen Magnifier Lamp,310.88,2.0,0.2,23.316,Manual Upload,Pending,
770.0,CA-2016-157245,5/19/2016,5/24/2016,Standard Class,LE-16810,Laurel Elliston,Consumer,United States,Arlington,Virginia,22204.0,South,FUR-CH-10003746,Furniture,Chairs,Hon 4070 Series Pagoda Round Back Stacking Chairs,641.96,2.0,0.0,179.7488,Legacy,Rejected,Urgent
771.0,CA-2017-104220,1/30/2017,2/5/2017,Standard Class,BV-11245,Benjamin Venier,Corporate,United States,Des Moines,Iowa,50315.0,Central,OFF-BI-10001036,Office Supplies,Binders,Cardinal EasyOpen D-Ring Binders,18.28,2.0,0.0,9.14,ERP,Rejected,
772.0,CA-2017-104220,1/30/2017,2/5/2017,Standard Class,BV-11245,Benjamin Venier,Corporate,United States,Des Moines,Iowa,50315.0,Central,TEC-PH-10004614,Technology,Phones,AT&T 841000 Phone,207.0,3.0,0.0,51.75,Manual Upload,Pending,Urgent
773.0,CA-2017-104220,1/30/2017,2/5/2017,Standard Class,BV-11245,Benjamin Venier,Corporate,United States,Des Moines,Iowa,50315.0,Central,OFF-BI-10000301,Office Supplies,Binders,GBC Instant Report Kit,32.35,5.0,0.0,16.175,ERP,,Duplicate?
774.0,CA-2017-104220,1/30/2017,2/5/2017,Standard Class,BV-11245,Benjamin Venier,Corporate,United States,Des Moines,Iowa,50315.0,Central,OFF-BI-10003910,Office Supplies,Binders,DXL Angle-View Binders with Locking Rings by Samsill,7.71,1.0,0.0,3.4695,Legacy,Pending,
775.0,CA-2017-104220,1/30/2017,2/5/2017,Std Class,BV-11245,Benjamin Venier,Corporate,United States,Des Moines,Iowa,50315.0,Central,OFF-AR-10004648,Office Supplies,Art,Boston 19500 Mighty Mite Electric Pencil Sharpener,40.3,2.0,0.0,10.881,CRM,Approved,
776.0,CA-2017-104220,1/30/2017,2/5/2017,Standard Class,BV-11245,Benjamin Venier,Corporate,United States,Des Moines,Iowa,50315.0,Central,FUR-FU-10002597,furniture,Furnishings,"C-Line Magnetic Cubicle Keepers, Clear Polypropylene",34.58,7.0,0.0,14.5236,CRM,Pending,Duplicate?
777.0,CA-2014-165974,6/29/2014,7/6/2014,Standard Class,DL-12865,Dan Lawera,Consumer,United States,Cincinnati,Ohio,45231.0,East,OFF-AR-10003405,Office Supplies,Art,"Dixon My First Ticonderoga Pencil, #2",32.76,7.0,0.2,3.6855,Manual Upload,Approved,
778.0,CA-2015-144267,8/21/2015,8/23/2015,First Class,NZ-18565,Nick Zandusky,Home Office,United States,San Francisco,California,94110.0,West,FUR-CH-10002335,Furniture,Chairs,Hon GuestStacker Chair,544.008,3.0,0.2,40.8006,ERP,Approved,
779.0,CA-2015-144267,8/21/2015,8/23/2015,First Class,NZ-18565,Nick Zandusky,Home Office,United States,San Francisco,California,94110.0,West,OFF-PA-10000157,Office Supplies,Paper,Xerox 191,59.94,3.0,0.0,28.1718,Manual Upload,,
780.0,CA-2015-144267,8/21/2015,8/23/2015,First Class,NZ-18565,Nick Zandusky,Home Office,United States,San Francisco,California,94110.0,West,OFF-PA-10001947,Office Supplies,Paper,Xerox 1974,23.92,4.0,0.0,11.7208,CRM,Rejected,
781.0,CA-2015-144267,8/21/2015,8/23/2015,First Class,NZ-18565,Nick Zandusky,Home Office,United States,San Francisco,California,94110.0,West,OFF-PA-10003657,Office Supplies,Paper,Xerox 1927,4.28,1.0,0.0,1.926,ERP,Rejected,
782.0,US-2015-157014,10/3/2015,10/6/2015,Second Class,BM-11785,Bryan Mills,Consumer,United States,Columbus,Ohio,43229.0,East,OFF-BI-10001098,Office Supplies,Binders,Acco D-Ring Binder w/DublLock,32.07,5.0,0.7,-22.449,CRM,Approved,Check later
783.0,US-2015-157014,10/3/2015,10/6/2015,Second Class,BM-11785,Bryan Mills,Consumer,United States,Columbus,Ohio,43229.0,East,TEC-AC-10002167,Technology,Accessories,Imation 8gb Micro Traveldrive Usb 2.0 Flash Drive,24.0,2.0,0.2,-2.7,Manual Upload,Pending,Duplicate?
784.0,US-2015-157014,10/3/2015,10/6/2015,Second Class,BM-11785,Bryan Mills,Consumer,United States,Columbus,Ohio,43229.0,East,FUR-BO-10004409,Furniture,Bookcases,"Safco Value Mate Series Steel Bookcases, Baked Enamel Finish on Steel, Gray",35.49,1.0,0.5,-15.6156,ERP,Approved,Urgent
785.0,US-2015-157014,10/3/2015,10/6/2015,Second Class,BM-11785,Bryan Mills,Consumer,United States,Columbus,Ohio,43229.0,East,TEC-AC-10000057,Technology,Accessories,Microsoft Natural Ergonomic Keyboard 4000,47.984,2.0,0.2,0.5998,Legacy,Approved,Duplicate?
786.0,CA-2015-154921,5/23/2015,5/28/2015,Standard Class,EA-14035,Erin Ashbrook,Corporate,United States,Columbia,South Carolina,29203.0,South,OFF-EN-10000056,Office Supplies,Envelopes,Cameo Buff Policy Envelopes,186.69,3.0,0.0,87.7443,Legacy,Rejected,Duplicate?
787.0,CA-2017-129567,3/17/2017,3/21/2017,Second Class,CL-12565,Clay Ludtke,Consumer,United States,Lancaster,California,93534.0,West,OFF-BI-10000014,Office Supplies,Binders,Heavy-Duty E-Z-D Binders,17.456,2.0,0.2,5.8914,Manual Upload,Rejected,
788.0,CA-2015-154620,12/12/2015,12/16/2015,Standard Class,LT-17110,Liz Thompson,Consumer,United States,Lancaster,California,93534.0,West,FUR-CH-10004675,Furniture,Chairs,"Lifetime Advantage Folding Chairs, 4/Carton",348.928,2.0,0.2,34.8928,Legacy,Pending,Urgent
789.0,CA-2015-115938,6/26/2015,6/30/2015,Standard Class,SA-20830,Sue Ann Reed,Consumer,United States,Richmond,Virginia,23223.0,South,OFF-BI-10001543,Office Supplies,Binders,GBC VeloBinder Manual Binding System,143.96,4.0,0.0,69.1008,Legacy,,Check later
790.0,CA-2015-115938,6/26/2015,6/30/2015,Standard Class,SA-20830,Sue Ann Reed,Consumer,United States,Richmond,Virginia,23223.0,South,OFF-ST-10001321,Office Supplies,Storage,"Decoflex Hanging Personal Folder File, Blue",15.42,1.0,0.0,4.1634,ERP,Approved,
791.0,CA-2015-115938,6/26/2015,6/30/2015,Standard Class,SA-20830,Sue Ann Reed,Consumer,United States,Richmond,Virginia,23223.0,South,OFF-BI-10001132,Office Supplies,Binders,"Acco PRESSTEX Data Binder with Storage Hooks, Dark Blue, 9 1/2"" X 11""",43.04,8.0,0.0,21.0896,Legacy,Pending,Urgent
792.0,CA-2015-115938,6/26/2015,6/30/2015,Standard Class,SA-20830,Sue Ann Reed,Consumer,United States,Richmond,Virginia,23223.0,South,FUR-CH-10003199,Furniture,Chairs,Office Star - Contemporary Task Swivel Chair,332.94,3.0,0.0,79.9056,CRM,Pending,Urgent
793.0,CA-2016-105256,5/20/2016,5/20/2016,Same Day,JK-15730,Joe Kamberova,Consumer,United States,Asheville,North Carolina,28806.0,South,TEC-PH-10001530,Technology,Phones,Cisco Unified IP Phone 7945G VoIP phone,1363.96,5.0,0.2,85.2475,ERP,Pending,Duplicate?
794.0,CA-2014-156433,9/20/2014,9/26/2014,Standard Class,ES-14020,Erica Smith,Consumer,United States,San Francisco,California,94110.0,West,OFF-LA-10001569,Office Supplies,Labels,Avery 499,9.96,2.0,0.0,4.5816,Manual Upload,,
795.0,CA-2014-156433,9/20/2014,9/26/2014,Standard Class,ES-14020,Erica Smith,Consumer,United States,San Francisco,California,94110.0,West,OFF-PA-10003724,Office Supplies,Paper,"Wirebound Message Book, 4 per Page",21.72,4.0,0.0,10.6428,Legacy,Pending,
796.0,CA-2017-151428,9/21/2017,9/26/2017,Standard Class,RH-19495,Rick Hansen,Consumer,United States,Rochester,Minnesota,55901.0,Central,OFF-BI-10000546,Office Supplies,Binders,Avery Durable Binders,20.16,7.0,0.0,9.8784,CRM,,
797.0,CA-2015-124653,12/24/2015,12/26/2015,First Class,DB-13120,David Bremer,Corporate,United States,Rochester,New York,14609.0,East,OFF-PA-10000176,Office Supplies,Paper,Xerox 1887,132.79,7.0,0.0,63.7392,Legacy,Approved,Duplicate?
798.0,CA-2015-124653,12/24/2015,12/26/2015,First Class,DB-13120,David Bremer,Corporate,United States,Rochester,New York,14609.0,East,OFF-PA-10002365,Office Supplies,Paper,Xerox 1967,12.96,2.0,0.0,6.2208,Legacy,Approved,Check later
799.0,CA-2015-124653,12/24/2015,12/26/2015,First Class,DB-13120,David Bremer,Corporate,United States,Rochester,New York,14609.0,East,OFF-LA-10002271,Office Supplies,Labels,Smead Alpha-Z Color-Coded Second Alphabetical Labels and Starter Set,21.56,7.0,0.0,10.3488,CRM,,Urgent
800.0,CA-2015-101910,11/27/2015,12/3/2015,Standard Class,CD-11920,Carlos Daly,Consumer,United States,Lake Elsinore,California,92530.0,West,FUR-CH-10002647,Furniture,Chairs,"Situations Contoured Folding Chairs, 4/Set",283.92,5.0,0.2,17.745,ERP,Approved,
801.0,CA-2017-105809,2/20/2017,2/23/2017,First Class,HW-14935,Helen Wasserman,Corporate,United States,San Diego,California,92105.0,West,FUR-FU-10004090,Furniture,Furnishings,"Executive Impressions 14"" Contract Wall Clock",22.23,1.0,0.0,7.3359,CRM,Rejected,
802.0,CA-2017-105809,2/20/2017,2/23/2017,First Class,HW-14935,Helen Wasserman,Corporate,United States,San Diego,California,92105.0,West,TEC-PH-10001580,Technology,Phones,Logitech Mobile Speakerphone P710e - speaker phone,215.968,2.0,0.2,18.8972,Manual Upload,Rejected,Check later
803.0,CA-2016-136133,8/18/2016,8/23/2016,Second Class,HW-14935,Helen Wasserman,Corporate,United States,New York City,New York,10024.0,East,OFF-AP-10000576,Office Supplies,Appliances,Belkin 7 Outlet SurgeMaster II,355.32,9.0,0.0,99.4896,Manual Upload,Approved,Duplicate?
804.0,CA-2016-115504,3/12/2016,3/17/2016,Standard Class,MC-18130,Mike Caudle,Corporate,United States,Monroe,Louisiana,71203.0,South,OFF-PA-10003953,Office Supplies,Paper,Xerox 218,12.96,2.0,0.0,6.2208,Legacy,Pending,
805.0,CA-2017-135783,4/22/2017,4/24/2017,First Class,GM-14440,Gary McGarr,Consumer,United States,San Francisco,California,94122.0,West ,FUR-FU-10000794,Furniture,Furnishings,"Eldon Stackable Tray, Side-Load, Legal, Smoke",18.28,2.0,0.0,6.2152,Manual Upload,,Duplicate?
806.0,CA-2014-134313,11/1/2014,11/7/2014,Standard Class,RA-19915,Russell Applegate,Consumer,United States,Denver,Colorado,80219.0,West,OFF-AR-10001897,Office Supplies,Art,Model L Table or Wall-Mount Pencil Sharpener,43.176,3.0,0.2,4.3176,CRM,Approved,Urgent
807.0,CA-2014-134313,11/1/2014,11/7/2014,Standard Class,RA-19915,Russell Applegate,Consumer,United States,Denver,Colorado,80219.0,West,TEC-PH-10001795,Technology,Phones,ClearOne CHATAttach 160 - speaker phone,1983.968,4.0,0.2,247.996,CRM,Approved,
808.0,CA-2015-140921,2/3/2015,2/5/2015,First Class,AA-10375,Allen Armold,Consumer,United States,Omaha,Nebraska,68104.0,Central,FUR-FU-10003347,Furniture,Furnishings,Coloredge Poster Frame,28.4,2.0,0.0,11.076,ERP,Rejected,Urgent
809.0,CA-2015-140921,2/3/2015,2/5/2015,First Class,AA-10375,Allen Armold,Consumer,United States,Omaha,Nebraska,68104.0,Central,TEC-AC-10004901,Technology,Accessories,Kensington SlimBlade Notebook Wireless Mouse with Nano Receiver ,149.97,3.0,0.0,50.9898,CRM,Rejected,
810.0,CA-2014-151995,10/13/2014,10/15/2014,First Class,ZC-21910,Zuschuss Carroll,Consumer,United States,Edmonds,Washington,98026.0,West,OFF-AR-10003190,Office Supplies,Art,Newell 32,11.52,4.0,0.0,3.2256,Manual Upload,Pending,
811.0,CA-2014-151995,10/13/2014,10/15/2014,First Class,ZC-21910,Zuschuss Carroll,Consumer,United States,Edmonds,Washington,98026.0,West,FUR-TA-10002903,Furniture,Tables,"Bevis Round Bullnose 29"" High Table Top",1298.55,5.0,0.0,311.652,CRM,,Check later
812.0,CA-2014-151995,10/13/2014,10/15/2014,First Class,ZC-21910,Zuschuss Carroll,Consumer,United States,Edmonds,Washington,98026.0,West,OFF-AP-10000240,Office Supplies,Appliances,Belkin F9G930V10-GRY 9 Outlet Surge,213.92,4.0,0.0,62.0368,CRM,,
813.0,CA-2014-151995,2014/10/13,10/15/2014,First Class,ZC-21910,Zuschuss Carroll,Consumer,United States,Edmonds,Washington,98026.0,West,TEC-AC-10001101,Technology,Accessories,Sony 16GB Class 10 Micro SDHC R40 Memory Card,25.78,2.0,0.0,2.578,CRM,,Duplicate?
814.0,CA-2017-143686,5/14/2017,5/14/2017,Same Day,PJ-19015,Pauline Johnson,Consumer,United States,Santa Ana,California,92704.0,West,FUR-FU-10000794,Furniture,Furnishings,"Eldon Stackable Tray, Side-Load, Legal, Smoke",18.28,2.0,0.0,6.2152,Legacy,Approved,
815.0,CA-2017-143686,5/14/2017,5/14/2017,Same Day,PJ-19015,Pauline Johnson,Consumer,United States,Santa Ana,California,92704.0,West,TEC-AC-10001838,Technology,Accessories,Razer Tiamat Over Ear 7.1 Surround Sound PC Gaming Headset,1399.93,7.0,0.0,601.9699,Legacy,Approved,
816.0,CA-2015-106565,3/20/2015,3/23/2015,First Class,BW-11110,Bart Watters,Corporate,United States,Milwaukee,Wisconsin,53209.0,Central,OFF-PA-10000061,Office Supplies,Paper,Xerox 205,51.84,8.0,0.0,24.8832,Legacy,Approved,Check later
817.0,CA-2016-149370,9/15/2016,19/09/2016,Standard Class,DB-13210,Dean Braden,Consumer,United States,Philadelphia,Pennsylvania,19140.0,East,OFF-PA-10003651,Office Supplies,Paper,Xerox 1968,5.344,1.0,0.2,1.8704,Legacy,Approved,Duplicate?
818.0,CA-2014-140858,6/28/2014,7/2/2014,Standard Class,CA-12775,Cynthia Arntzen,Consumer,United States,Philadelphia,Pennsylvania,19140.0,East,OFF-PA-10000304,Office Supplies,Paper,Xerox 1995,41.472,8.0,0.2,14.5152,Manual Upload,Approved,Urgent
819.0,CA-2014-140858,6/28/2014,7/2/2014,Standard Class,CA-12775,Cynthia Arntzen,Consumer,United States,Philadelphia,Pennsylvania,19140.0,East,OFF-BI-10003094,Office Supplies,Binders,Self-Adhesive Ring Binder Labels,3.168,3.0,0.7,-2.4288,Manual Upload,Rejected,Urgent
820.0,CA-2014-140858,6/28/2014,7/2/2014,Standard Class,CA-12775,Cynthia Arntzen,Consumer,United States,Philadelphia,Pennsylvania,19140.0,East,FUR-CH-10001394,Furniture,Chairs,Global Leather Executive Chair,1228.465,5.0,0.3,0.0,CRM,Pending,Urgent
821.0,CA-2014-140858,6/28/2014,7/2/2014,Standard Class,CA-12775,Cynthia Arntzen,Consumer,United States,Philadelphia,Pennsylvania,19140.0,east,OFF-BI-10004230,Office Supplies,Binders,GBC Recycled Grain Textured Covers,31.086,3.0,0.7,-22.7964,Manual Upload,Rejected,Duplicate?
822.0,CA-2014-140858,6/28/2014,7/2/2014,Standard Class,CA-12775,Cynthia Arntzen,Consumer,United States,Philadelphia,Pennsylvania,19140.0,East,OFF-PA-10003395,Office Supplies,Paper,Xerox 1941,335.52,4.0,0.2,117.432,Legacy,Pending,Urgent
823.0,CA-2017-101434,6/20/2017,6/27/2017,Standard Class,TR-21325,Toby Ritter,Consumer,United States,Belleville,New Jersey,7109.0,East,TEC-AC-10002402,Technology,Accessories,Razer Kraken PRO Over Ear PC and Music Headset,239.97,3.0,0.0,71.991,Manual Upload,Rejected,Urgent
824.0,CA-2017-101434,6/20/2017,6/27/2017,Standard Class,TR-21325,Toby Ritter,Consumer,United States,Belleville,New Jersey,7109.0,East,OFF-LA-10003223,Office Supplies,Labels,Avery 508,9.82,2.0,0.0,4.8118,CRM,Approved,Check later
825.0,US-2014-102071,5/9/2014,5/15/2014,Standard Class,PG-18820,Patrick Gardner,Consumer,United States,San Francisco,California,94110.0,West,TEC-AC-10003441,Technology,Accessories,Kingston Digital DataTraveler 32GB USB 2.0,67.8,4.0,0.0,4.068,CRM,Pending,Urgent
826.0,US-2014-102071,5/9/2014,5/15/2014,Standard Class,PG-18820,Patrick Gardner,Consumer,United States,San Francisco,California,94110.0,West,TEC-AC-10000109,Technology,Accessories,Sony Micro Vault Click 16 GB USB 2.0 Flash Drive,167.97,3.0,0.0,40.3128,Legacy,,Duplicate?
827.0,CA-2017-126956,8/21/2017,8/28/2017,Standard Class,GT-14710,Greg Tran,Consumer,United States,Lakeville,Minnesota,55044.0,Central,OFF-FA-10002280,Office Supplies,Fasteners,Advantus Plastic Paper Clips,35.0,7.0,0.0,16.8,ERP,Rejected,Urgent
828.0,CA-2017-126956,8/21/2017,8/28/2017,Standard Class,GT-14710,Greg Tran,Consumer,United States,Lakeville,Minnesota,55044.0,Central,OFF-SU-10000381,Office Supplies,Supplies,Acme Forged Steel Scissors with Black Enamel Handles,37.24,4.0,0.0,10.7996,CRM,,Duplicate?
829.0,CA-2017-126956,8/21/2017,8/28/2017,Standard Class,GT-14710,Greg Tran,Consumer,United States,Lakeville,Minnesota,55044.0,Central,OFF-EN-10004459,Office Supplies,Envelopes,Security-Tint Envelopes,15.28,2.0,0.0,7.4872,Manual Upload,Approved,Check later
830.0,CA-2017-129462,6/16/2017,6/21/2017,Second Class,JE-15745,Joel Eaton,Consumer,United States,Florence,Kentucky,41042.0,South,FUR-CH-10000665,Furniture,Chairs,"Global Airflow Leather Mesh Back Chair, Black",301.96,2.0,0.0,90.588,ERP,,
831.0,CA-2017-129462,6/16/2017,6/21/2017,Second Class,JE-15745,Joel Eaton,Consumer,United States,Florence,Kentucky,41042.0,South,OFF-AP-10003884,Office Supplies,Appliances,"Fellowes Smart Surge Ten-Outlet Protector, Platinum",180.66,3.0,0.0,50.5848,CRM,,Urgent
832.0,CA-2017-129462,6/16/2017,6/21/2017,Second Class,JE-15745,Joel Eaton,Consumer,United States,Florence,Kentucky,41042.0,South,TEC-PH-10001557,Technology,Phones,Pyle PMP37LED,191.98,2.0,0.0,51.8346,ERP,Approved,Check later
833.0,CA-2017-129462,6/16/2017,6/21/2017,Second Class,JE-15745,Joel Eaton,Consumer,United States,Florence,Kentucky,41042.0,South,TEC-PH-10002085,Technology,Phones,Clarity 53712,65.99,1.0,0.0,17.1574,CRM,Rejected,
834.0,CA-2016-165316,7/23/2016,7/27/2016,Standard Class,JB-15400,Jennifer Braxton,Corporate,United States,Tampa,Florida,33614.0,South,OFF-AR-10002956,Office Supplies,Art,Boston 16801 Nautilus Battery Pencil Sharpener,99999.0,2.0,0.2,2.6412,Legacy,Pending,Urgent
835.0,CA-2016-165316,7/23/2016,7/27/2016,Standard Class,JB-15400,Jennifer Braxton,Corporate,United States,Tampa,Florida,33614.0,South,OFF-AP-10003266,Office Supplies,Appliances,"Holmes Replacement Filter for HEPA Air Cleaner, Large Room",23.696,2.0,0.2,6.5164,Legacy,Rejected,
836.0,CA-2016-165316,7/23/2016,7/27/2016,Standard Class,JB-15400,Jennifer Braxton,Corporate,United States,Tampa,Florida,33614.0,South,TEC-MA-10004002,Technology,Machines,Zebra GX420t Direct Thermal/Thermal Transfer Printer,265.475,1.0,0.5,-111.4995,Legacy,Approved,Duplicate?
837.0,US-2014-115987,9/8/2014,9/13/2014,Second Class,LH-17020,Lisa Hazard ,Consumer,United States,Tyler,Texas,75701.0,Central,OFF-BI-10001071,Office Supplies,Binders,GBC ProClick Punch Binding System,51.184,4.0,0.8,-79.3352,Legacy,Approved,Check later
838.0,US-2017-156083,11/4/2017,11/11/2017,Standard Class,JL-15175,James Lanier,Home Office,United States,Columbia,Tennessee,38401.0,South,OFF-PA-10001560,Office Supplies,Paper,"Adams Telephone Message Books, 5 1/4 x 11",0.0,2.0,0.2,3.2616,Legacy,Approved,
839.0,US-2016-137547,3/7/2016,3/12/2016,Standard Class,EB-13705,Ed Braxton,Corporate,United States,Fort Worth,Texas,76106.0,Central,TEC-PH-10002365,Technology,Phones,Belkin Grip Candy Sheer Case / Cover for iPhone 5 and 5S,21.072,3.0,0.2,1.5804,ERP,,Duplicate?
840.0,CA-2015-100454,11/20/2015,11/25/2015,Standard Class,BM-11650,Brian Moss,Corporate,United States,New York City,New York,10035.0,East,OFF-AR-10004648,Office Supplies,Art,Boston 19500 Mighty Mite Electric Pencil Sharpener,60.45,3.0,0.0,16.3215,Legacy,Rejected,Duplicate?
841.0,CA-2015-100454,11/20/2015,11/25/2015,Standard Class,BM-11650,Brian Moss,Corporate,United States,New York City,New York,10035.0,East,OFF-AR-10002578,Office Supplies,Art,Newell 335,11.52,4.0,0.0,3.3408,Manual Upload,Pending,
842.0,CA-2015-100454,11/20/2015,2015-11-25,Standard Class,BM-11650,Brian Moss,Corporate,United States,New York City,New York,10035.0,East,FUR-BO-10001519,Furniture,Bookcases,O'Sullivan 3-Shelf Heavy-Duty Bookcases,186.048,4.0,0.2,9.3024,Manual Upload,,
843.0,CA-2016-161669,11/7/2016,11/9/2016,First Class,EM-14095,Eudokia Martin,Corporate,United States,Los Angeles,California,90036.0,West,OFF-BI-10001294,Office Supplies,Binders,Fellowes Binding Cases,37.44,4.0,0.2,11.7,CRM,Pending,Check later
844.0,CA-2016-161669,11/7/2016,11/9/2016,First Class,EM-14095,Eudokia Martin,Corporate,United States,Los Angeles,California,90036.0,West,OFF-BI-10001636,Office Supplies,Binders,Ibico Plastic and Wire Spiral Binding Combs,26.976,4.0,0.2,8.7672,Manual Upload,Rejected,Duplicate?
845.0,CA-2016-161669,11/7/2016,11/9/2016,First Class,EM-14095,Eudokia Martin,Corporate,United States,Los Angeles,California,90036.0,West,OFF-SU-10002503,Office Supplies,Supplies,Acme Preferred Stainless Steel Scissors,11.36,2.0,0.0,3.2944,Legacy,Approved,Check later
846.0,CA-2016-161669,11/7/2016,11/9/2016,First Class,EM-14095,Eudokia Martin,Corporate,United States,Los Angeles,California,90036.0,West,OFF-LA-10004093,Office Supplies,Labels,Avery 486,14.62,2.0,0.0,6.8714,CRM,,Duplicate?
847.0,CA-2015-114300,10/13/2015,10/17/2015,Standard Class,AF-10885,Art Foster,Consumer,United States,Louisville,Kentucky,40214.0,South,TEC-PH-10001552,Technology,Phones,I Need's 3d Hello Kitty Hybrid Silicone Case Cover for HTC One X 4g with 3d Hello Kitty Stylus Pen Green/pink,83.72,7.0,0.99,23.4416,Legacy,,Duplicate?
848.0,CA-2015-114300,10/13/2015,10/17/2015,Standard Class,AF-10885,Art Foster,Consumer,United States,Louisville,Kentucky,40214.0,South,FUR-CH-10001891,Furniture,Chairs,Global Deluxe Office Fabric Chairs,287.94,3.0,0.0,77.7438,CRM,Rejected,
849.0,CA-2017-107503,1/1/2017,1/6/2017,Standard Class,GA-14725,Guy Armstrong,Consumer,United States,Lorain,Ohio,44052.0,East,FUR-FU-10003878,Furniture,Furnishings,"Linden 10"" Round Wall Clock, Black",48.896,4.0,0.2,8.5568,Manual Upload,Pending,Duplicate?
850.0,CA-2014-107755,2/7/2014,2/12/2014,Standard Class,CK-12760,Cyma Kinney,Corporate,United States,Linden,New Jersey,7036.0,East,TEC-AC-10000710,Technology,Accessories,Maxell DVD-RAM Discs,115.36,7.0,0.0,49.6048,ERP,,Duplicate?
851.0,CA-2016-152534,6/20/2016,6/25/2016,Second Class,DP-13105,Dave Poirier,Corporate,United States,Salinas,California,93905.0,West,OFF-AR-10002335,Office Supplies,Art,DIXON Oriole Pencils,5.16,2.0,0.0,1.3416,ERP,,Duplicate?
852.0,CA-2016-152534,6/20/2016,6/25/2016,Second Class,DP-13105,Dave Poirier,Corporate,United States,Salinas,California,93905.0,West,OFF-PA-10001870,Office Supplies,Paper,Xerox 202,38.88,6.0,0.0,18.6624,CRM,Rejected,Urgent
853.0,CA-2016-113747,5/28/2016,6/4/2016,Standard Class,VD-21670,Valerie Dominguez,Consumer,United States,Jackson,Mississippi,39212.0,South,OFF-AR-10003373,Office Supplies,Art,"Boston School Pro Electric Pencil Sharpener, 1670",185.88,6.0,0.0,50.1876,CRM,,Check later
854.0,CA-2016-123274,2/19/2016,2/24/2016,Standard Class,GT-14710,Greg Tran,Consumer,United States,New York City,New York,10035.0,East,FUR-FU-10004090,Furniture,Furnishings,"Executive Impressions 14"" Contract Wall Clock",44.46,2.0,0.0,14.6718,Legacy,Approved,Duplicate?
855.0,CA-2016-123274,2/19/2016,2/24/2016,Standard Class,GT-14710,Greg Tran,Consumer,United States,New York City,New York,10035.0,East,OFF-ST-10000736,Office Supplies,Storage,Carina Double Wide Media Storage Towers in Natural & Black,242.94,3.0,0.0,9.7176,Manual Upload,Pending,Duplicate?
856.0,CA-2014-125612,8/3/2014,Aug 08 2014,Standard Class,BK-11260,Berenike Kampe,Consumer,United States,New York City,New York,10035.0,East,OFF-PA-10001019,Office Supplies,Paper,Xerox 1884,39.96,2.0,0.0,18.7812,CRM,Rejected,Urgent
857.0,CA-2014-125612,8/3/2014,8/8/2014,Standard Class,BK-11260,Berenike Kampe,Consumer,United States,New York City,New York,UNKNOWN,East,OFF-SU-10002537,Office Supplies,Supplies,Acme Box Cutter Scissors,102.3,10.0,0.0,26.598,Manual Upload,,
858.0,CA-2014-125612,8/3/2014,8/8/2014,Standard Class,BK-11260,Berenike Kampe,Consumer,United States,New York City,New York,10035.0,East,OFF-ST-10003221,Office Supplies,Storage,Staple magnet,21.36,2.0,0.0,5.7672,CRM,,Urgent
859.0,CA-2017-161984,4/10/2017,4/15/2017,Standard Class,SJ-20125,Sanjit Jacobs,Home Office,United States,New Brunswick,New Jersey,8901.0,east,OFF-PA-10004569,Office Supplies,Paper,"Wirebound Message Books, Two 4 1/4"" x 5"" Forms per Page",7.61,1.0,0.0,3.5767,Legacy,Pending,Duplicate?
860.0,CA-2017-161984,4/10/2017,4/15/2017,Standard Class,SJ-20125,Sanjit Jacobs,Home Office,United States,New Brunswick,New Jersey,8901.0,Est,OFF-FA-10000624,Office Supplies,Fasteners,OIC Binder Clips,7.16,2.0,0.0,3.58,Legacy,Pending,
861.0,CA-2014-133851,6/9/2014,6/16/2014,Standard Class,CM-12445,Chuck Magee,Consumer,United States,San Francisco,California,94122.0,West,OFF-SU-10001225,Office Supplies,Supplies,Staple remover,7.36,2.0,0.0,0.1472,CRM,Pending,Check later
862.0,CA-2014-133851,6/9/2014,6/16/2014,Standard Class,CM-12445,Chuck Magee,Consumer,United States,San Francisco,California,94122.0,West,OFF-AR-10003752,Office Supplies,Art,Deluxe Chalkboard Eraser Cleaner,23.1,2.0,0.0,10.626,CRM,,Duplicate?
863.0,CA-2016-134474,1/5/2016,1/7/2016,Second Class,AJ-10795,Anthony Johnson,Corporate,United States,Jacksonville,Florida,32216.0,South,TEC-AC-10001714,Technology,Accessories,Logitech MX Performance Wireless Mouse,191.472,6.0,0.2,40.6878,Legacy,Pending,Duplicate?
864.0,CA-2016-134474,1/5/2016,1/7/2016,Second Class,AJ-10795,Anthony Johnson,Corporate,United States,Jacksonville,Florida,32216.0,South,OFF-AR-10003958,Office Supplies,Art,Newell 337,5.248,2.0,0.2,0.5904,CRM,,Urgent
865.0,CA-2016-134474,1/5/2016,1/7/2016,Second Class,AJ-10795,Anthony Johnson,Corporate,United States,Jacksonville,Florida,32216.0,South,TEC-PH-10002923,Technology,Phones,"Logitech B530 USB Headset - headset - Full size, Binaural",59.184,2.0,0.2,5.1786,CRM,,Check later
866.0,CA-2014-149020,1/10/2014,1/15/2014,Standard Class,AJ-10780,Anthony Jacobs,Corporate,United States,Springfield,Virginia,22153.0,South,OFF-LA-10004272,Office Supplies,Labels,Avery 482,2.89,1.0,0.0,1.3583,ERP,Pending,Urgent
867.0,CA-2014-149020,1/10/2014,1/15/2014,Standard Class,AJ-10780,Anthony Jacobs,Corporate,United States,Springfield,Virginia,22153.0,South,FUR-FU-10000965,Furniture,Furnishings,"Howard Miller 11-1/2"" Diameter Ridgewood Wall Clock",51.94,1.0,0.0,21.2954,Legacy,,Duplicate?
868.0,CA-2016-134362,9/29/2016,10/2/2016,First Class,LS-16945,Linda Southworth,Corporate,United States,Philadelphia,Pennsylvania,19140.0,East,OFF-LA-10004853,Office Supplies,Labels,Avery 483,15.936,4.0,0.2,5.1792,Manual Upload,Approved,Urgent
869.0,CA-2014-136742,4/6/2014,4/10/2014,Standard Class,GP-14740,Guy Phonely,Corporate,United States,Lancaster,Pennsylvania,17602.0,East,OFF-BI-10003719,Office Supplies,Binders,Large Capacity Hanging Post Binders,44.91,6.0,0.7,-35.928,Manual Upload,Pending,Urgent
870.0,CA-2016-158099,9/3/2016,9/5/2016,First Class,PK-18910,Paul Knutson,Home Office,United States,Philadelphia,Pennsylvania,19143.0,East,OFF-BI-10000545,Office Supplies,Binders,GBC Ibimaster 500 Manual ProClick Binding System,1141.47,5.0,0.7,-760.98,Legacy,Pending,Urgent
871.0,CA-2016-158099,9/3/2016,9/5/2016,First Class,PK-18910,Paul Knutson,Home Office,United States,Philadelphia,Pennsylvania,19143.0,East,TEC-PH-10002496,Technology,Phones,Cisco SPA301,280.782,3.0,0.4,-46.797,Manual Upload,Approved,
872.0,CA-2015-131128,10/19/2015,10/20/2015,First Class,TB-21520,Tracy Blumstein,Consumer,United States,Concord,New Hampshire,3301.0,East,OFF-PA-10003591,Office Supplies,Paper,Southworth 100% Cotton The Best Paper,34.44,3.0,0.0,17.22,Manual Upload,Approved,Duplicate?
873.0,CA-2014-148488,12/10/2014,12/15/2014,Standard Class,SM-20005,Sally Matthias,Consumer,United States,New York City,New York,10009.0,East,OFF-PA-10004470,Office Supplies,Paper,"Adams Write n' Stick Phone Message Book, 11"" X 5 1/4"", 200 Messages",11.36,2.0,0.0,5.2256,Manual Upload,Rejected,Check later
874.0,CA-2014-148488,12/10/2014,12/15/2014,Standard Class,SM-20005,Sally Matthias,Consumer,United States,New York City,New York,10009.0,East,OFF-BI-10000315,Office Supplies,Binders,Poly Designer Cover & Back,106.344,7.0,0.2,37.2204,Manual Upload,,
875.0,CA-2017-114636,8/25/2017,8/29/2017,Standard Class,GA-14725,Guy Armstrong,Consumer,United States,Charlotte,North Carolina,28205.0,South,OFF-PA-10001790,Office Supplies,Paper,Xerox 1910,192.16,5.0,0.2,67.256,ERP,Rejected,
876.0,CA-2016-116736,1/17/2016,1/21/2016,Standard Class,CC-12430,Chuck Clark,Home Office,United States,Concord,New Hampshire,3301.0,East,FUR-FU-10004017,Furniture,Furnishings,"Tenex Contemporary Contur Chairmats for Low and Medium Pile Carpet, Computer, 39"" x 49""",322.59,3.0,0.0,64.518,CRM,Pending,Urgent
877.0,CA-2016-116736,1/17/2016,1/21/2016,Standard Class,CC-12430,Chuck Clark,Home Office,United States,Concord,New Hampshire,3301.0,Est,TEC-AC-10003628,Technology,Accessories,Logitech 910-002974 M325 Wireless Mouse for Web Scrolling,29.99,1.0,0.0,13.1956,CRM,Rejected,Check later
878.0,CA-2016-116736,1/17/2016,1/21/2016,Standard Class,CC-12430,Chuck Clark,Home Office,United States,Concord,New Hampshire,3301.0,East,TEC-AC-10002049,Technology,Accessories,Logitech G19 Programmable Gaming Keyboard,371.97,3.0,0.0,66.9546,Legacy,Approved,
879.0,US-2014-158638,9/17/2014,9/21/2014,Standard Class,AG-10765,Anthony Garverick,Home Office,United States,Philadelphia,Pennsylvania,19120.0,East,OFF-BI-10003712,Office Supplies,Binders,"Acco Pressboard Covers with Storage Hooks, 14 7/8"" x 11"", Light Blue",5.892,4.0,0.7,-4.1244,ERP,Approved,Duplicate?
880.0,CA-2017-111689,11/30/2017,12/2/2017,Second Class,HP-14815,Harold Pawlan,Home Office,United States,New York City,New York,10024.0,East,OFF-BI-10003984,Office Supplies,Binders,Lock-Up Easel 'Spel-Binder',68.472,3.0,0.2,23.1093,Legacy,,Check later
881.0,CA-2017-111689,11/30/2017,12/2/2017,Second Class,HP-14815,Harold Pawlan,Home Office,United States,New York City,New York,10024.0,East,FUR-CH-10004287,Furn,Chairs,SAFCO Arco Folding Chair,1242.9,5.0,0.1,262.39,CRM,Pending,Urgent
882.0,CA-2015-129098,10/9/2015,10/13/2015,Standard Class,DK-13090,Dave Kipp,CONSUMER,United States,Springfield,Virginia,22153.0,Sth,OFF-ST-10001321,Office Supplies,Storage,"Decoflex Hanging Personal Folder File, Blue",30.84,2.0,0.0,8.3268,CRM,,
883.0,US-2017-123463,12/23/2017,12/23/2017,Same Day,GZ-14470,Gary Zandusky,Consumer,United States,San Francisco,California,94109.0,West,OFF-AR-10001118,Office Supplies,Art,"Binney & Smith Crayola Metallic Crayons, 16-Color Pack",13.48,4.0,0.0,5.9312,Manual Upload,,Duplicate?
884.0,CA-2016-165148,10/22/2016,10/24/2016,First Class,PM-19135,Peter McVee,Home Office,United States,Detroit,Michigan,48227.0,Central,FUR-FU-10000732,Furniture,Furnishings,Eldon 200 Class Desk Accessories,31.4,5.0,0.0,10.048,ERP,Pending,Duplicate?
885.0,CA-2014-134061,4/29/2014,5/4/2014,Standard Class,LL-16840,Lauren Leatherbury,Consumer,United States,Rochester,New York,14609.0,East,FUR-FU-10001424,Furniture,Furnishings,Dax Clear Box Frame,17.46,2.0,0.0,5.9364,Legacy,,Check later
886.0,CA-2015-143602,4/25/2015,4/28/2015,Second Class,JS-15595,Jill Stevenson,Corporate,United States,Los Angeles,California,90045.0,West,OFF-BI-10002071,Office Supplies,Binders,Fellowes Black Plastic Comb Bindings,13.944,3.0,0.2,4.5318,CRM,Approved,Check later
887.0,CA-2017-115364,6/26/2017,7/2/2017,Standard Class,OT-18730,Olvera Toch,Consumer,United States,San Diego,California,92105.0,West,OFF-ST-10002486,Office Supplies,Storage,Eldon Shelf Savers Cubes and Bins,83.76,12.0,0.0,0.0,Manual Upload,Pending,Check later
888.0,CA-2017-150707,10/14/2017,10/19/2017,Standard Class,EL-13735,Ed Ludwig,Home Office,United States,Columbia,Maryland,21044.0,East,OFF-BI-10001078,Office Supplies,Binders,"Acco PRESSTEX Data Binder with Storage Hooks, Dark Blue, 14 7/8"" X 11""",37.66,7.0,0.0,18.4534,Legacy,Rejected,
889.0,CA-2014-104976,12/9/2014,12/16/2014,Standard Class,CK-12760,Cyma Kinney,Corporate,United States,San Francisco,California,94122.0,West,OFF-PA-10003845,Office Supplies,Paper,Xerox 1987,34.68,6.0,0.0,16.9932,Manual Upload,Rejected,Duplicate?
890.0,CA-2017-132934,6/20/2017,6/26/2017,Standard Class,JE-15475,Jeremy Ellison,Consumer,United States,New Rochelle,New York,10801.0,East,TEC-AC-10000927,Technology,Accessories,Anker Ultrathin Bluetooth Wireless Keyboard Aluminum Cover with Stand ,149.95,5.0,0.0,14.995,Legacy,Pending,
891.0,CA-2017-132934,6/20/2017,2017-06-26,Standard Class,JE-15475,Jeremy Ellison,Consumer,United States,New Rochelle,New York,10801.0,East,OFF-BI-10001098,Office Supplies,Binders,Acco D-Ring Binder w/DublLock,51.312,3.0,0.2,18.6006,Legacy,Rejected,Check later
892.0,CA-2017-133256,6/26/2017,6/27/2017,First Class,TH-21550,Tracy Hopkins,Home Office,United States,Detroit,Michigan,48227.0,Central,OFF-PA-10001622,Office Supplies,Paper,"Ampad Poly Cover Wirebound Steno Book, 6"" x 9"" Assorted Colors, Gregg Ruled",4.54,1.0,0.0,2.043,CRM,Approved,Urgent
893.0,CA-2017-133256,6/26/2017,6/27/2017,First Class,TH-21550,Tracy Hopkins,Home Office,United States,Detroit,Michigan,48227.0,Central,OFF-AR-10003158,Office Supplies,Art,Fluorescent Highlighters by Dixon,15.92,4.0,0.0,5.4128,ERP,Approved,Urgent
894.0,CA-2017-133256,6/26/2017,6/27/2017,First Class,TH-21550,Tracy Hopkins,Home Office,United States,Detroit,Michigan,48227.0,Central,TEC-PH-10002660,Technology,Phones,Nortel Networks T7316 E Nt8 B27,543.92,8.0,0.0,135.98,Legacy,,Check later
895.0,CA-2016-105494,11/10/2016,11/12/2016,First Class,PC-18745,Pamela Coakley,Corporate,United States,San Francisco,California,94122.0,West,OFF-ST-10002205,Office Supplies,Storage,File Shuttle I and Handi-File,155.82,7.0,0.0,42.0714,CRM,,Check later
896.0,CA-2016-105494,11/10/2016,11/12/2016,First Class,PC-18745,Pamela Coakley,Corporate,United States,San Francisco,California,94122.0,West,OFF-BI-10003364,Office Supplies,Binders,Binding Machine Supplies,70.008,3.0,0.2,24.5028,ERP,,
897.0,CA-2016-140634,10/3/2016,10/6/2016,Second Class,HL-15040,Hunter Lopez,Consumer,United States,Houston,Texas,77095.0,Central,OFF-EN-10001099,Office Supplies,Envelopes,Staple envelope,15.648,2.0,0.2,5.0856,Legacy,Pending,
898.0,CA-2014-144407,09-09-2014,9/15/2014,Standard Class,MS-17365,Maribeth Schnelling,Consumer,United States,Detroit,Michigan,48227.0,Central,OFF-LA-10003923,Office Supplies,Labels,Alphabetical Labels for Top Tab Filing,103.6,7.0,0.0,51.8,Manual Upload,Rejected,
899.0,CA-2017-160983,10/29/2017,10/31/2017,Second Class,GB-14530,George Bell,Corporate,United States,Auburn,New York,13021.0,East,OFF-PA-10002250,Office Supplies,Paper,Things To Do Today Pad,46.96,8.0,0.0,22.5408,Legacy,,
900.0,US-2016-114622,4/10/2016,4/12/2016,First Class,JR-16210,Justin Ritter,Corporate,United States,Springfield,Ohio,45503.0,East,OFF-BI-10004716,Office Supplies,Binders,Wilson Jones Hanging Recycled Pressboard Data Binders,8.904,2.0,0.7,-6.5296,Manual Upload,,Check later
901.0,CA-2017-150959,11/11/2017,11/13/2017,First Class,TD-20995,Tamara Dahlen,Consumer,United States,Garland,Texas,75043.0,Central,OFF-LA-10001045,Office Supplies,Labels,Permanent Self-Adhesive File Folder Labels for Typewriters by Universal,10.44,5.0,0.2,3.393,Legacy,Pending,Duplicate?
902.0,CA-2017-150959,11/11/2017,11/13/2017,First Class,TD-20995,Tamara Dahlen,Consumer,United States,Garland,Texas,75043.0,Central,OFF-BI-10001510,Office Supplies,Binders,Deluxe Heavy-Duty Vinyl Round Ring Binder,18.336,4.0,0.8,-32.088,ERP,Rejected,Duplicate?
903.0,CA-2017-132353,9/15/2017,9/17/2017,First Class,DB-13060,Dave Brooks,Consumer,United States,Chicago,Illinois,60653.0,Central,TEC-PH-10004536,Technology,Phones,Avaya 5420 Digital phone,323.976,3.0,0.2,20.2485,CRM,Pending,Check later
904.0,CA-2016-130477,4/8/2016,4/12/2016,Standard Class,LC-17140,Logan Currie,Consumer,United States,Los Angeles,California,90032.0,West,OFF-PA-10002947,Office Supplies,Paper,Xerox 1923,20.04,3.0,0.0,9.6192,Manual Upload,Pending,
905.0,CA-2016-130477,4/8/2016,4/12/2016,Standard Class,LC-17140,Logan Currie,Consumer,United States,Los Angeles,California,90032.0,West,OFF-ST-10002583,Office Supplies,Storage,Fellowes Neat Ideas Storage Cubes,64.96,2.0,0.0,2.5984,Legacy,Rejected,
906.0,CA-2016-130477,4/8/2016,4/12/2016,Standard Class,LC-17140,Logan Currie,Consumer,United States,Los Angeles,California,90032.0,West,OFF-PA-10000019,Office Supplies,Paper,Xerox 1931,12.96,2.0,0.0,6.2208,CRM,Rejected,Urgent
907.0,CA-2017-143259,12/30/2017,1/3/2018,Standard Class,PO-18865,Patrick O'Donnell,Consumer,United States,New York City,New York,10009.0,East,FUR-BO-10003441,Furniture,Bookcases,"Bush Westfield Collection Bookcases, Fully Assembled",323.136,4.0,0.2,12.1176,ERP,Rejected,Urgent
908.0,CA-2017-143259,12/30/2017,1/3/2018,Standard Class,PO-18865,Patrick O'Donnell,Consumer,United States,New York City,New York,10009.0,East,TEC-PH-10004774,Technology,Phones,Gear Head AU3700S Headset,90.93,7.0,0.0,2.7279,Legacy,Rejected,Duplicate?
909.0,CA-2017-143259,12/30/2017,1/3/2018,Standard Class,PO-18865,Patrick O'Donnell,Consumer,United States,New York City,New York,10009.0,East,OFF-BI-10003684,Office Supplies,Binders,Wilson Jones Legal Size Ring Binders,52.776,3.0,0.2,19.791,Manual Upload,Approved,
910.0,CA-2017-137596,9/2/2017,9/7/2017,Standard Class,BE-11335,Bill Eplett,Home Office,United States,Jackson,Michigan,49201.0,Central,TEC-PH-10001494,Technology,Phones,Polycom CX600 IP Phone VoIP phone,1199.8,4.0,0.0,323.946,Manual Upload,,
911.0,CA-2017-137596,9/2/2017,9/7/2017,Standard Class,BE-11335,Bill Eplett,Home Office,United States,Jackson,Michigan,49201.0,Central,TEC-AC-10004666,Technology,Accessories,Maxell iVDR EX 500GB Cartridge,1928.78,7.0,0.0,829.3754,Legacy,Approved,
912.0,CA-2017-137596,9/2/2017,9/7/2017,Standard Class,BE-11335,Bill Eplett,Home Office,United States,Jackson,Michigan,49201.0,Central,OFF-ST-10003816,Office Supplies,Storage,Fellowes High-Stak Drawer Files,352.38,2.0,0.0,81.0474,Legacy,Pending,
913.0,CA-2015-133627,5/31/2015,6/7/2015,Standard Class,SC-20050,Sample Company A,Home Office,United States,Norwich,Connecticut,6360.0,East,FUR-FU-10001935,Furniture,Furnishings,3M Hangers With Command Adhesive,22.2,6.0,0.0,9.102,Manual Upload,Rejected,
914.0,CA-2017-102519,11/27/2017,11/29/2017,First Class,BM-11650,Brian Moss,Corporate,United States,Milwaukee,Wisconsin,53209.0,Cntrl,FUR-FU-10004091,Furniture,Furnishings,"Howard Miller 13"" Diameter Goldtone Round Wall Clock",46.94,1.0,0.0,19.2454,Legacy,Approved,
915.0,CA-2017-102519,11/27/2017,11/29/2017,First Class,BM-11650,Brian Moss,Corporate,United States,Milwaukee,Wisconsin,53209.0,Central,TEC-AC-10001772,Technology,Accessories,Memorex Mini Travel Drive 16 GB USB 2.0 Flash Drive,143.73,9.0,0.0,56.0547,Legacy,,
916.0,US-2014-141215,6/15/2014,6/21/2014,Standard Class,KL-16555,Kelly Lampkin,Corporate,United States,San Antonio,Texas,78207.0,Central,FUR-TA-10001520,Furniture,Tables,"Lesro Sheffield Collection Coffee Table, End Table, Center Table, Corner Table",99.918,2.0,0.3,-18.5562,ERP,Rejected,Urgent
917.0,US-2014-141215,6/15/2014,6/21/2014,Standard Class,KL-16555,Kelly Lampkin,Corporate,United States,San Antonio,Texas,78207.0,Central,FUR-CH-10003379,Furniture,Chairs,Global Commerce Series High-Back Swivel/Tilt Chairs,797.944,4.0,0.3,-56.996,Manual Upload,,Duplicate?
918.0,US-2014-141215,6/15/2014,6/21/2014,Standard Class,KL-16555,Kelly Lampkin,Corporate,United States,San Antonio,Texas,78207.0,Central,OFF-BI-10002706,Office Supplies,Binders,Avery Premier Heavy-Duty Binder with Round Locking Rings,8.568,3.0,0.8,-14.5656,CRM,Pending,Duplicate?
919.0,CA-2016-165218,3/5/2016,3/11/2016,Standard Class,RW-19630,Rob Williams,Corporate,United States,Dallas,Texas,75220.0,Central,OFF-EN-10000056,Office Supplies,Envelopes,Cameo Buff Policy Envelopes,149.352,3.0,0.2,50.4063,CRM,Approved,Check later
920.0,CA-2016-165218,3/5/2016,3/11/2016,Standard Class,RW-19630,Rob Williams,Corporate,United States,Dallas,Texas,75220.0,Central,OFF-ST-10001558,Office Supplies,Storage,Acco Perma 4000 Stacking Storage Drawers,12.992,1.0,0.2,-0.812,ERP,,Check later
921.0,CA-2014-138296,12/5/2014,12/12/2014,Standard Class,RC-19825,Roy Collins,Consumer,United States,Alexandria,Virginia,22304.0,South,OFF-ST-10002444,Office Supplies,Storage,Recycled Eldon Regeneration Jumbo File,24.56,2.0,0.0,6.8768,ERP,Pending,Duplicate?
922.0,CA-2015-111164,4/11/2015,4/15/2015,Standard Class,SE-20110,Sanjit Engle,Consumer,United States,New York City,New York,10009.0,East,TEC-AC-10002473,Technology,Accessories,Maxell 4.7GB DVD-R,85.14,3.0,0.0,34.9074,Manual Upload,Approved,Duplicate?
923.0,CA-2015-111164,4/11/2015,4/15/2015,Standard Class,SE-20110,Sanjit Engle,Consumer,United States,New York City,New York,10009.0,East,TEC-PH-10004531,Technology,Phones,OtterBox Commuter Series Case - iPhone 5 & 5s,21.99,1.0,0.0,10.5552,Legacy,Rejected,Urgent
924.0,CA-2015-111164,4/11/2015,4/15/2015,Standard Class,SE-20110,Sanjit Engle,Consumer,United States,New York City,New York,10009.0,East,OFF-AP-10004487,Office Supplies,Appliances,Kensington 4 Outlet MasterPiece Compact Power Control Center,406.6,5.0,0.0,113.848,Manual Upload,Approved,Duplicate?
925.0,CA-2016-149797,9/15/2016,9/20/2016,Standard Class,AH-10075,Adam Hart,Corporate,United States,New York City,New York,10011.0,East,OFF-BI-10003650,Office Supplies,Binders,GBC DocuBind 300 Electric Binding Machine,841.568,2.0,0.2,294.5488,ERP,Approved,Duplicate?
926.0,CA-2014-132962,9/13/2014,9/16/2014,First Class,JM-15535,Jessica Myrick,Consumer,United States,Philadelphia,Pennsylvania,19143.0,East,OFF-PA-10003543,Office Supplies,Paper,Xerox 1985,15.552,3.0,0.2,5.4432,Manual Upload,Approved,Check later
927.0,CA-2014-132962,9/13/2014,9/16/2014,First Class,JM-15535,Jessica Myrick,Consumer,United States,Philadelphia,Pennsylvania,19143.0,East,TEC-AC-10004353,Technology,Accessories,Hypercom P1300 Pinpad,252.0,5.0,0.2,53.55,CRM,Approved,Urgent
928.0,CA-2015-115091,10/5/2015,10/9/2015,Standard Class,JJ-15760,Joel Jenkins,Home Office,United States,Springfield,Virginia,22153.0,South,OFF-AR-10000658,Office Supplies,Art,Newell 324,46.2,4.0,0.0,12.936,Legacy,,Urgent
929.0,CA-2015-115091,10/5/2015,10/9/2015,Standard Class,JJ-15760,Joel Jenkins,Home Office,United States,Springfield,Virginia,22153.0,South,OFF-AP-10000696,Office Supplies,Appliances,Holmes Odor Grabber,28.84,2.0,0.0,9.5172,Legacy,,Urgent
930.0,CA-2017-144932,4/14/2017,4/17/2017,First Class,AB-10165,Alan Barnes,Consumer,United States,Toledo,Ohio,43615.0,East,OFF-AR-10003560,Office Supplies,Art,Zebra Zazzle Fluorescent Highlighters,14.592,3.0,0.2,2.5536,Legacy,,Duplicate?
931.0,CA-2017-144932,4/14/2017,4/17/2017,First Class,AB-10165,Alan Barnes,Consumer,United States,Toledo,Ohio,43615.0,East,OFF-AR-10001468,Office Supplies,Art,"Sanford Prismacolor Professional Thick Lead Art Pencils, 36-Color Set",89.856,3.0,0.2,21.3408,Manual Upload,Approved,
932.0,CA-2017-144932,4/14/2017,4/17/2017,First Class,AB-10165,Alan Barnes,Consumer,United States,Toledo,Ohio,43615.0,East,OFF-PA-10004971,Office Supplies,Paper,Xerox 196,13.872,3.0,0.2,5.0286,Legacy,Rejected,Check later
933.0,CA-2017-114216,9/2/2017,9/6/2017,Standard Class,RK-19300,Ralph Kennedy,Consumer,United States,Philadelphia,Pennsylvania,19140.0,East,OFF-PA-10002195,Office Supplies,Paper,"RSVP Cards & Envelopes, Blank White, 8-1/2"" X 11"", 24 Cards/25 Envelopes/Set",12.192,3.0,0.2,4.1148,CRM,Pending,Urgent
934.0,CA-2016-140081,6/20/2016,6/24/2016,Standard Class,CG-12040,Catherine Glotzbach,Home Office,United States,Philadelphia,Pennsylvania,19120.0,East,OFF-PA-10001745,Office Supplies,Paper,"Wirebound Message Books, 2 7/8"" x 5"", 3 Forms per Page",45.056,8.0,0.2,15.2064,Manual Upload,Approved,
935.0,CA-2016-140081,6/20/2016,6/24/2016,Standard Class,CG-12040,Catherine Glotzbach,Home Office,United States,Philadelphia,Pennsylvania,19120.0,East,OFF-BI-10004826,Office Supplies,Binders,JM Magazine Binder,29.718,6.0,0.7,-21.7932,Legacy,Approved,Duplicate?
936.0,CA-2016-140081,6/20/2016,6/24/2016,Standard Class,CG-12040,Catherine Glotzbach,Home Office,United States,Philadelphia,Pennsylvania,19120.0,East,OFF-PA-10001870,Office Supplies,Paper,Xerox 202,15.552,3.0,0.2,5.4432,CRM,Approved,Duplicate?
937.0,CA-2016-140081,6/20/2016,6/24/2016,Standard Class,CG-12040,Catherine Glotzbach,Home Office,United States,Philadelphia,Pennsylvania,19120.0,East,OFF-AP-10001058,Office Supplies,Appliances,Sanyo 2.5 Cubic Foot Mid-Size Office Refrigerators,447.696,2.0,0.2,33.5772,Legacy,Approved,
938.0,US-2017-111745,11/5/2017,11/6/2017,First Class,RA-19885,Ruben Ausman,Corporate,United States,Farmington,New Mexico,87401.0,West,TEC-AC-10003911,Technology,Accessories,NETGEAR AC1750 Dual Band Gigabit Smart WiFi Router,159.99,100.0,0.0,54.3966,CRM,Approved,Urgent
939.0,CA-2015-148250,12/13/2015,12/17/2015,Standard Class,RP-19270,Rachel Payne,Corporate,United States,Riverside,California,92503.0,West,OFF-PA-10000289,Office Supplies,Paper,Xerox 213,12.96,2.0,0.0,6.2208,ERP,Approved,Urgent
940.0,CA-2015-148250,12/13/2015,12/17/2015,Standard Class,RP-19270,Rachel Payne,Corporate,United States,Riverside,California,92503.0,West,OFF-AP-10003040,Office Supplies,Appliances,Fellowes 8 Outlet Superior Workstation Surge Protector w/o Phone/Fax/Modem Protection,134.48,4.0,0.0,34.9648,CRM,,Duplicate?
941.0,CA-2016-105760,6/19/2016,6/20/2016,First Class,KC-16255,Karen Carlisle,Corporate,United States,San Francisco,California,94110.0,West,OFF-PA-10000350,Office Supplies,Paper,"Message Book, Standard Line ""While You Were Out"", 5 1/2"" X 4"", 200 Sets/Book",17.12,2.0,0.0,8.0464,CRM,Rejected,
942.0,CA-2016-142958,12/13/2016,12/20/2016,Standard Class,RW-19630,Rob Williams,Corporate,United States,Torrance,California,90503.0,West,OFF-BI-10001759,Office Supplies,Binders,"Acco Pressboard Covers with Storage Hooks, 14 7/8"" x 11"", Dark Blue",6.096,2.0,0.2,2.2098,ERP,Pending,
943.0,CA-2016-142958,12/13/2016,12/20/2016,Standard Class,RW-19630,Rob Williams,Corporate,United States,Torrance,California,90503.0,West,FUR-TA-10000577,Furniture,Tables,Bretford CR4500 Series Slim Rectangular Table,1114.272,4.0,0.2,41.7852,Manual Upload,Rejected,Duplicate?
944.0,CA-2015-120880,5/29/2015,6/3/2015,Standard Class,JL-15850,John Lucas,Consumer,United States,Seattle,Washington,98105.0,West,OFF-PA-10004101,Office Supplies,Paper,Xerox 1894,32.4,5.0,0.0,15.552,CRM,Rejected,Duplicate?
945.0,CA-2015-120880,5/29/2015,6/3/2015,Standard Class,JL-15850,John Lucas,Consumer,United States,Seattle,Washington,98105.0,West,OFF-ST-10001496,Office Supplies,Storage,Standard Rollaway File with Lock,540.57,3.0,0.0,140.5482,ERP,,Urgent
946.0,CA-2015-120880,5/29/2015,6/3/2015,Standard Class,JL-15850,John Lucas,Consumer,United States,Seattle,Washington,98105.0,West,OFF-BI-10002931,Office Supplies,Binders,"Avery Trapezoid Extra Heavy Duty 4"" Binders",167.76,5.0,0.2,62.91,Manual Upload,Rejected,
947.0,US-2015-140200,7/26/2015,7/28/2015,First Class,CA-12775,Cynthia Arntzen,Consumer,United States,Mesa,Arizona,85204.0,West,FUR-TA-10002356,Furniture,Tables,Bevis Boat-Shaped Conference Table,393.165,3.0,0.5,-204.4458,Manual Upload,Approved,
948.0,US-2017-110576,11/28/2017,12/2/2017,Standard Class,RB-19795,Ross Baird,Home Office,United States,Philadelphia,Pennsylvania,19120.0,East,FUR-FU-10003601,Furniture,Furnishings,"Deflect-o RollaMat Studded, Beveled Mat for Medium Pile Carpeting",516.488,7.0,0.2,-12.9122,ERP,Rejected,Duplicate?
949.0,US-2017-110576,11/28/2017,12/2/2017,Standard Class,RB-19795,Ross Baird,Home Office,United States,Philadelphia,Pennsylvania,19120.0,East,FUR-FU-10000576,Furniture,Furnishings,Luxo Professional Fluorescent Magnifier Lamp with Clamp-Mount Base,1007.232,6.0,0.2,75.5424,Legacy,Approved,Check later
950.0,US-2017-110576,11/28/2017,12/2/2017,Standard Class,RB-19795,Ross Baird,Home Office,United States,Philadelphia,Pennsylvania,19120.0,East,FUR-TA-10004154,Furniture,Tables,"Riverside Furniture Oval Coffee Table, Oval End Table, End Table with Drawer",2065.32,12.0,0.4,-619.596,Legacy,Approved,
951.0,US-2017-110576,11/28/2017,12/2/2017,Standard Class,RB-19795,Ross Baird,Home Office,United States,Philadelphia,Pennsylvania,19120.0,East,OFF-PA-10000788,Office Supplies,Paper,Xerox 210,15.552,3.0,0.2,5.4432,Legacy,,Urgent
952.0,US-2017-110576,11/28/2017,12/2/2017,Standard Class,RB-19795,Ross Baird,Home Office,United States,Philadelphia,Pennsylvania,19120.0,East,OFF-PA-10002479,Office Supplies,Paper,Xerox 4200 Series MultiUse Premium Copy Paper (20Lb. and 84 Bright),25.344,6.0,0.2,7.92,ERP,Rejected,Urgent
953.0,CA-2017-131156,4/3/2017,4/7/2017,Standard Class,KH-16360,Katherine Hughes,Consumer,United States,Philadelphia,Pennsylvania,19143.0,East,FUR-FU-10001940,Furniture,Furnishings,Staple-based wall hangings,25.472,4.0,0.2,7.6416,Manual Upload,Approved,
954.0,CA-2017-136539,12/28/2017,1/1/2018,Standard Class,GH-14665,Greg Hansen,Consumer,United States,Round Rock,Texas,78664.0,Central,OFF-AR-10001958,Office Supplies,Art,Stanley Bostitch Contemporary Electric Pencil Sharpeners,27.168,2.0,0.2,2.7168,Manual Upload,Pending,
955.0,CA-2017-136539,12/28/2017,1/1/2018,Standard Class,GH-14665,Greg Hansen,Consumer,United States,Round Rock,Texas,78664.0,Central,FUR-BO-10004709,Furniture,Bookcases,"Bush Westfield Collection Bookcases, Medium Cherry Finish",78.8528,2.0,0.32,-11.596,Manual Upload,,Urgent
956.0,CA-2017-119305,11/30/2017,12/4/2017,Standard Class,SW-20275,Scott Williamson,Consumer,United States,Jackson,Mississippi,39212.0,South,OFF-ST-10000604,Office Supplies,Storage,Home/Office Personal File Carts,173.8,5.0,0.0,43.45,ERP,Pending,Check later
957.0,CA-2017-102414,5/15/2017,5/18/2017,Second Class,JA-15970,Joseph Airdo,Consumer,United States,Phoenix,Arizona,85023.0,West,TEC-PH-10002923,Technology,Phones,"Logitech B530 USB Headset - headset - Full size, Binaural",29.592,1.0,0.2,2.5893,ERP,Rejected,
958.0,CA-2017-102414,5/15/2017,5/18/2017,Second Class,JA-15970,Joseph Airdo,Consumer,United States,Phoenix,Arizona,85023.0,West,OFF-BI-10004465,Office Supplies,Binders,Avery Durable Slant Ring Binders,4.752,2.0,0.7,-3.168,Legacy,,
959.0,CA-2017-102414,5/15/2017,5/18/2017,Second Class,JA-15970,Joseph Airdo,Consumer,United States,Phoenix,Arizona,85023.0,West,OFF-PA-10002333,Office Supplies,Paper,"Universal Ultra Bright White Copier/Laser Paper, 8 1/2"" x 11"", Ream",15.552,3.0,0.2,5.6376,Manual Upload,,
960.0,CA-2015-112571,9/22/2015,9/22/2015,Same Day,DL-12925,Daniel Lacy,Consumer,United States,Oceanside,California,92054.0,West,FUR-FU-10004188,Furniture,Furnishings,Luxo Professional Combination Clamp-On Lamps,204.6,2.0,0.0,53.196,CRM,Pending,Urgent
961.0,CA-2017-152142,11/14/2017,11/19/2017,Standard Class,LW-16990,Lindsay Williams,Corporate,United States,San Francisco,California,94110.0,West,FUR-CH-10002965,Furniture,Chairs,"Global Leather Highback Executive Chair with Pneumatic Height Adjustment, Black",321.568,2.0,0.2,28.1372,Manual Upload,Approved,Check later
962.0,CA-2015-160059,11/27/2015,12/1/2015,Standard Class,TB-21190,Thomas Brumley,Home Office,United States,Fayetteville,Arkansas,72701.0,South,OFF-BI-10000145,Office Supplies,Binders,Zipper Ring Binder Pockets,6.24,2.0,0.0,3.0576,Manual Upload,Rejected,
963.0,CA-2016-120859,9/1/2016,9/4/2016,First Class,CV-12805,Cynthia Voltz,Corporate,United States,San Francisco,California,94110.0,West,OFF-EN-10001335,Office Supplies,Envelopes,"White Business Envelopes with Contemporary Seam, Recycled White Business Envelopes",21.88,2.0,0.0,10.94,Manual Upload,Approved,Check later
964.0,CA-2014-127488,9/22/2014,9/24/2014,Second Class,MS-17365,Maribeth Schnelling,Consumer,United States,Boca Raton,Florida,33433.0,South,OFF-LA-10001613,Office Supplies,Labels,Avery File Folder Labels,4.608,2.0,0.2,1.6704,CRM,Pending,Check later
965.0,CA-2017-135279,2017/04/09,4/11/2017,First Class,BS-11800,Bryan Spruell,Home Office,United States,New York City,New York,10011.0,East,OFF-LA-10004055,Office Supplies,Labels,Color-Coded Legal Exhibit Labels,9.82,2.0,0.0,4.8118,ERP,Approved,Duplicate?
966.0,CA-2017-135279,4/9/2017,4/11/2017,First Class,BS-11800,Bryan Spruell,Home Office,United States,New York City,New York,10011.0,East,OFF-AR-10004344,Office Supplies,Art,Bulldog Vacuum Base Pencil Sharpener,35.97,3.0,0.0,9.7119,ERP,,Check later
967.0,CA-2017-135279,4/9/2017,4/11/2017,First Class,BS-11800,Bryan Spruell,Home Office,United States,New York City,New York,10011.0,East,OFF-PA-10004621,Office Supplies,Paper,Xerox 212,12.96,2.0,0.0,6.2208,Legacy,Pending,Duplicate?
968.0,CA-2017-135279,4/9/2017,4/11/2017,First Class,BS-11800,Bryan Spruell,Home Office,United States,New York City,New York,10011.0,East,OFF-PA-10001281,Office Supplies,Paper,Computer Printout Paper with Letter-Trim Fine Perforations,191.6,4.0,0.0,91.968,Legacy,Rejected,Urgent
969.0,CA-2017-135279,4/9/2017,4/11/2017,First Class,BS-11800,Bryan Spruell,Home Office,United States,New York City,New York,10011.0,East,OFF-LA-10001613,Office Supplies,Labels,Avery File Folder Labels,8.64,3.0,0.0,4.2336,ERP,Approved,Urgent
970.0,CA-2017-135279,4/9/2017,4/11/2017,First Class,BS-11800,Bryan Spruell,Home Office,United States,New York City,New York,10011.0,East,OFF-ST-10001097,Office Supplies,Storage,Office Impressions Heavy Duty Welded Shelving & Multimedia Storage Drawers,501.81,3.0,0.0,0.0,CRM,Rejected,Duplicate?
971.0,CA-2014-115791,1/16/2014,1/18/2014,Second Class,DL-13315,Delfina Latchford,Consumer,United States,Philadelphia,Pennsylvania,19134.0,East,FUR-FU-10001095,Furniture,Furnishings,DAX Black Cherry Wood-Tone Poster Frame,127.104,6.0,0.2,28.5984,Manual Upload,,
972.0,CA-2014-115791,1/16/2014,1/18/2014,Second Class,DL-13315,Delfina Latchford,Consumer,United States,Philadelphia,Pennsylvania,19134.0,East,TEC-PH-10004614,Technology,Phones,AT&T 841000 Phone,124.2,3.0,0.4,-31.05,CRM,Rejected,Urgent
973.0,CA-2014-115791,1/16/2014,1/18/2014,Second Class,DL-13315,Delfina Latchford,Consumer,United States,Philadelphia,Pennsylvania,19134.0,East,OFF-BI-10001575,Office Supplies,Binders,GBC Linen Binding Covers,18.588,2.0,0.7,-13.6312,ERP,Approved,Duplicate?
974.0,CA-2014-115791,1/16/2014,1/18/2014,Second Class,DL-13315,Delfina Latchford,Consumer,United States,Philadelphia,Pennsylvania,19134.0,East,OFF-LA-10001074,Office Supplies,Labels,Round Specialty Laser Printer Labels,30.072,3.0,0.2,10.1493,CRM,,
975.0,US-2017-103247,10/5/2017,10/8/2017,Second Class,PO-19195,Phillina Ober,Home Office,United States,New York City,New York,10011.0,East,TEC-PH-10003555,Technology,Phones,Motorola HK250 Universal Bluetooth Headset,160.93,7.0,0.0,3.2186,ERP,,Urgent
976.0,US-2017-103247,10/5/2017,10/8/2017,Second Class,PO-19195,Phillina Ober,Home Office,United States,New York City,new york,10011.0,East,OFF-BI-10004492,Office Supplies,Binders,Tuf-Vin Binders,75.792,3.0,0.2,25.5798,Legacy,Rejected,
977.0,US-2017-100209,7/9/2017,7/15/2017,Standard Class,TD-20995,Tamara Dahlen,Consumer,United States,Portland,Oregon,97206.0,West,OFF-BI-10002012,Office Supplies,Binders,Wilson Jones Easy Flow II Sheet Lifters,1.08,2.0,0.7,-0.792,ERP,Approved,
978.0,CA-2017-159366,1/7/2017,1/10/2017,First Class,BW-11110,Bart Watters,Corporate,United States,Detroit,Michigan,48205.0,Central,TEC-MA-10000822,Technology,Machines,Lexmark MX611dhe Monochrome Laser Printer,3059.982,2.0,0.1,679.996,Legacy,,Duplicate?
979.0,CA-2016-145499,5/30/2016,5/31/2016,First Class,RW-19690,Robert Waldorf,Consumer,United States,Wilmington,North Carolina,28403.0,South,OFF-BI-10000848,Office Supplies,Binders,Angle-D Ring Binders,3.282,2.0,0.7,-2.6256,CRM,Pending,Duplicate?
980.0,CA-2015-157035,12/9/2015,12/12/2015,First Class,KB-16600,Ken Brennan,Corporate,United States,Columbus,Indiana,47201.0,Central,OFF-PA-10004156,Office Supplies,Paper,Xerox 188,34.02,3.0,0.0,16.6698,CRM,Approved,Urgent
981.0,CA-2016-144939,10/3/2016,10/8/2016,Standard Class,EB-13870,Emily Burns,Consumer,United States,New York City,New York,10035.0,East,FUR-CH-10003199,Furniture,Chairs,Office Star - Contemporary Task Swivel Chair,599.292,6.0,0.1,93.2232,CRM,Pending,Duplicate?
982.0,CA-2014-163419,11/11/2014,11/14/2014,Second Class,TZ-21580,Tracy Zic,Consumer,United States,Louisville,Colorado,80027.0,West,OFF-AR-10000034,Office Supplies,Art,"BIC Brite Liner Grip Highlighters, Assorted, 5/Pack",3.392,1.0,0.2,0.8056,Legacy,,
983.0,CA-2014-163419,11/11/2014,11/14/2014,Second Class,TZ-21580,Tracy Zic,Consumer,United States,Louisville,Colorado,80027.0,West,TEC-PH-10000560,Technology,Phones,Samsung Galaxy S III - 16GB - pebble blue (T-Mobile),559.984,2.0,0.2,55.9984,CRM,,Duplicate?
984.0,CA-2014-163419,11/11/2014,11/14/2014,Second Class,TZ-21580,Tracy Zic,Consumer,United States,Louisville,Colorado,80027.0,West,FUR-CH-10000665,Furniture,Chairs,"Global Airflow Leather Mesh Back Chair, Black",603.92,5.0,0.2,75.49,Manual Upload,Pending,Urgent
985.0,CA-2017-100314,9/29/2017,10/5/2017,Standard Class,AS-10630,Ann Steele,Home Office,United States,Pasadena,Texas,77506.0,Central,OFF-LA-10001569,Office Supplies,Labels,Avery 499,7.968,-1.0,0.2,2.5896,CRM,Rejected,Urgent
986.0,CA-2017-100314,9/29/2017,10/5/2017,Standard Class,AS-10630,Ann Steele,Home Office,United States,Pasadena,Texas,77506.0,Central,OFF-EN-10000461,Office Supplies,Envelopes,"#10- 4 1/8"" x 9 1/2"" Recycled Envelopes",27.968,4.0,0.2,9.4392,CRM,Rejected,
987.0,CA-2017-100314,9/29/2017,10/5/2017,Standard Class,AS-10630,Ann Steele,Home Office,United States,Pasadena,texas,77506.0,Central,TEC-MA-10003066,Technology,Machines,Wasp CCD Handheld Bar Code Reader,336.51,3.0,0.4,44.868,Legacy,Approved,Check later
988.0,CA-2015-146829,3/10/2015,3/10/2015,Same Day,TS-21340,Toby Swindell,Consumer,United States,Houston,Texas,77041.0,Central,OFF-BI-10004022,Office Supplies,Binders,Acco Suede Grain Vinyl Round Ring Binder,1.112,2.0,0.8,-1.8904,ERP,Approved,
989.0,CA-2017-167899,5/21/2017,5/26/2017,Standard Class,JG-15805,John Grady,Corporate,United States,Auburn,New York,13021.0,East,FUR-FU-10004071,Furniture,Furnishings,Luxo Professional Magnifying Clamp-On Fluorescent Lamps,520.05,5.0,0.0,72.807,Legacy,Pending,Duplicate?
990.0,CA-2017-167899,5/21/2017,5/26/2017,Standard Class,JG-15805,John Grady,Corporate,United States,Auburn,New York,13021.0,East,OFF-AR-10001988,Office Supplies,Art,Bulldog Table or Wall-Mount Pencil Sharpener,17.97,3.0,0.0,5.2113,ERP,Approved,
991.0,CA-2015-153549,3/29/2015,3/31/2015,Second Class,SL-20155,Sara Luxemburg,Home Office,United States,Jacksonville,Florida,32216.0,South,FUR-CH-10004086,Furniture,Chairs,Hon 4070 Series Pagoda Armless Upholstered Stacking Chairs,1166.92,5.0,0.2,131.2785,CRM,Approved,
992.0,CA-2016-110023,9/9/2016,9/11/2016,First Class,TS-21610,Troy Staebel,Consumer,United States,New York City,New York,10024.0,East,OFF-BI-10001036,Office Supplies,Binders,Cardinal EasyOpen D-Ring Binders,14.624,2.0,0.2,5.484,CRM,,
993.0,CA-2016-105585,8/26/2016,8/27/2016,First Class,RF-19735,Roland Fjeld,Consumer,United States,San Jose,California,95123.0,West,OFF-FA-10002983,Office Supplies,Fasteners,Advantus SlideClip Paper Clips,10.23,3.0,0.0,4.9104,ERP,Rejected,Urgent
994.0,CA-2016-105585,8/26/2016,8/27/2016,First Class,RF-19735,Roland Fjeld,Consumer,United States,San Jose,California,95123.0,West,OFF-PA-10003625,Office Supplies,Paper,Xerox 1979,154.9,5.0,0.0,69.705,CRM,Pending,Check later
995.0,CA-2014-117639,5/21/2014,5/25/2014,Standard Class,MW-18235,Mitch Willingham,Corporate,United States,Virginia Beach,Virginia,23464.0,South,OFF-BI-10003925,Office Supplies,Binders,Fellowes PB300 Plastic Comb Binding Machine,2715.93,7.0,0.0,1276.4871,Legacy,Approved,
996.0,CA-2014-117639,5/21/2014,5/25/2014,Standard Class,MW-18235,Mitch Willingham,Corporate,United States,Virginia Beach,Virginia,23464.0,South,TEC-PH-10001530,Technology,Phones,Plantronics Voyager Pro Legend,617.97,3.0,0.0,173.0316,CRM,,Duplicate?
997.0,CA-2015-162537,10/28/2015,11/3/2015,Standard Class,RD-19585,Rob Dowd,Consumer,United States,Henderson,Kentucky,42420.0,South,OFF-EN-10003862,Office Supplies,Envelopes,Laser & Ink Jet Business Envelopes,10.67,1.0,0.0,4.9082,ERP,Pending,Duplicate?
998.0,CA-2015-162537,10/28/2015,11/3/2015,Standard Class,RD-19585,Rob Dowd,Consumer,United States,Henderson,Kentucky,42420.0,South,OFF-ST-10004258,Office Supplies,Storage,Portable Personal File Box,36.63,3.0,0.0,9.8901,Manual Upload,Rejected,
999.0,CA-2015-162537,10/28/2015,11/3/2015,Standard Class,RD-19585,Rob Dowd,Consumer,United States,Henderson,Kentucky,42420.0,South,FUR-FU-10002885,Furniture,Furnishings,Magna Visual Magnetic Picture Hangers,24.1,5.0,0.0,9.158,Manual Upload,Approved,Check later
1000.0,CA-2015-162537,10/28/2015,11/3/2015,Standard Class,RD-19585,Rob Dowd,Consumer,United States,Henderson,Kentucky,42420.0,South,FUR-FU-10001918,Furniture,Furnishings,C-Line Cubicle Keepers Polyproplyene Holder With Velcro Backings,33.11,7.0,0.0,12.9129,Manual Upload,,Urgent
1001.0,CA-2016-155488,11/13/2016,11/17/2016,Standard Class,FM-14290,Frank Merwin,Home Office,United States,Vancouver,Washington,98661.0,West,OFF-AR-10002956,Office Supplies,Art,Boston 16801 Nautilus Battery Pencil Sharpener,44.02,2.0,0.0,11.4452,ERP,Approved,Urgent
1002.0,CA-2015-124891,7/31/2015,7/31/2015,Same Day,RH-19495,Rick Hansen,Consumer,United States,New York City,New York,10024.0,East,TEC-AC-10003033,Technology,Accessories,Plantronics CS510 - Over-the-Head monaural Wireless Headset System,2309.65,7.0,0.0,762.1845,Manual Upload,,
1003.0,CA-2015-124891,7/31/2015,7/31/2015,Same Day,RH-19495,Rick Hansen,Consumer,United States,New York City,New York,10024.0,East,FUR-TA-10002903,Furniture,Tables,"Bevis Round Bullnose 29"" High Table Top",1090.782,7.0,0.4,-290.8752,Manual Upload,,
1004.0,CA-2015-124891,7/31/2015,7/31/2015,Same Day,RH-19495,Rick Hansen,Consumer,United States,New York City,New York,10024.0,East,OFF-PA-10004621,Office Supplies,Paper,Xerox 212,19.44,3.0,0.0,9.3312,Legacy,Approved,
1005.0,CA-2015-126445,8/27/2015,8/31/2015,Standard Class,RA-19945,Ryan Akin,Consumer,United States,Murrieta,California,92563.0,West,OFF-ST-10000046,Office Supplies,Storage,Fellowes Super Stor/Drawer Files,484.65,3.0,0.0,92.0835,Legacy,Approved,Duplicate?
1006.0,CA-2015-111199,11/13/2015,11/17/2015,Standard Class,JK-15730,Joe Kamberova,Consumer,United States,Jacksonville,North Carolina,28540.0,South,OFF-PA-10001790,Office Supplies,Paper,Xerox 1910,115.296,3.0,0.2,40.3536,Legacy,Approved,
1007.0,CA-2015-105312,11/6/2015,11/9/2015,First Class,MT-17815,Meg Tillman,Consumer,United States,Scottsdale,Arizona,85254.0,West,OFF-EN-10002600,Office Supplies,Envelopes,"Redi-Strip #10 Envelopes, 4 1/8 x 9 1/2",7.08,3.0,0.2,2.478,CRM,Rejected,
1008.0,CA-2015-105312,11/6/2015,11/9/2015,First Class,MT-17815,Meg Tillman,Consumer,United States,Scottsdale,Arizona,85254.0,West,OFF-BI-10002049,Office Supplies,Binders,UniKeep View Case Binders,4.401,3.0,0.7,-3.5208,Legacy,Pending,Urgent
1009.0,US-2017-106705,12/26/2017,1/1/2018,Standard Class,PO-18850,Patrick O'Brill,Consumer,United States,Burlington,Iowa,52601.0,Central,OFF-PA-10001509,Office Supplies,Paper,"Recycled Desk Saver Line ""While You Were Out"" Book, 5 1/2"" X 4""",44.75,5.0,0.0,20.585,Manual Upload,,Duplicate?
1010.0,CA-2017-135034,8/1/2017,8/3/2017,First Class,AT-10735,Annie Thurman,Consumer,United States,Chicago,Illinois,60653.0,Central,TEC-PH-10003931,Technology,Phones,JBL Micro Wireless Portable Bluetooth Speaker,95.984,2.0,0.2,5.999,Manual Upload,Approved,Duplicate?
1011.0,CA-2014-158540,11/24/2014,11/26/2014,First Class,VG-21790,Vivek Gonzalez,Consumer,United States,San Diego,California,92037.0,West,FUR-FU-10001602,Furniture,Furnishings,"Eldon Delta Triangular Chair Mat, 52"" x 58"", Clear",151.72,4.0,0.0,27.3096,Manual Upload,Pending,
1012.0,CA-2017-118437,6/17/2017,6/21/2017,Second Class,PF-19165,Philip Fox,consumer,United States,Olympia,Washington,98502.0,West,FUR-FU-10004848,Furniture,Furnishings,"Howard Miller 13-3/4"" Diameter Brushed Chrome Round Wall Clock",155.25,3.0,0.0,46.575,CRM,Pending,Urgent
1013.0,CA-2017-118437,6/17/2017,6/21/2017,Second Class,PF-19165,Philip Fox,Consumer,United States,Olympia,Washington,98502.0,West,OFF-ST-10003722,Office Supplies,Storage,Project Tote Personal File,14.03,1.0,0.0,4.0687,Manual Upload,Approved,Check later
1014.0,US-2015-126214,12/21/2015,12/24/2015,Second Class,JS-15880,John Stevenson,Consumer,United States,Seattle,Washington,98103.0,West,FUR-TA-10003748,Furniture,Tables,Bevis 36 x 72 Conference Tables,1618.37,13.0,0.0,356.0414,Manual Upload,Approved,Check later
1015.0,US-2015-126214,12/21/2015,12/24/2015,Second Class,JS-15880,John Stevenson,Consumer,United States,Seattle,Washington,98103.0,West,TEC-AC-10003198,Technology,Accessories,Enermax Acrylux Wireless Keyboard,99.6,1.0,0.0,36.852,CRM,,Check later
1016.0,CA-2015-133025,9/17/2015,9/19/2015,Second Class,MO-17800,Meg O'Connel,Home Office,United States,Los Angeles,California,90036.0,West,OFF-PA-10004100,Office Supplies,Paper,Xerox 216,32.4,5.0,0.0,15.552,Legacy,,Duplicate?
1017.0,CA-2015-108665,7/6/2015,7/10/2015,Standard Class,KM-16225,Kalyca Meade,Corporate,United States,New York City,New York,10011.0,East,FUR-FU-10002191,Furniture,Furnishings,G.E. Halogen Desk Lamp Bulbs,13.96,2.0,0.0,6.7008,CRM,Approved,Check later
1018.0,CA-2015-108665,7/6/2015,7/10/2015,Standard Class,KM-16225,Kalyca Meade,Corporate,United States,New York City,New York,10011.0,East,FUR-FU-10000965,Furniture,Furnishings,"Howard Miller 11-1/2"" Diameter Ridgewood Wall Clock",155.82,3.0,0.0,63.8862,ERP,,Urgent
1019.0,CA-2015-108665,7/6/2015,7/10/2015,Standard Class,KM-16225,Kalyca Meade,Corporate,United States,New York City,New York,10011.0,East,TEC-PH-10004188,Technology,Phones,OtterBox Commuter Series Case - Samsung Galaxy S4,124.95,5.0,0.0,2.499,CRM,Rejected,
1020.0,CA-2015-108665,7/6/2015,7/10/2015,Standard Class,KM-16225,Kalyca Meade,Corporate,United States,New York City,New York,10011.0,East,OFF-ST-10001526,Office Supplies,Storage,Iceberg Mobile Mega Data/Printer Cart ,601.65,5.0,0.0,156.429,CRM,,Check later
1021.0,CA-2015-124450,4/27/2015,5/3/2015,Standard Class,GT-14710,Greg Tran,Consumer,United States,Washington,District of Columbia,20016.0,East,OFF-AR-10001166,Office Supplies,Art,Staples in misc. colors,22.74,3.0,0.0,8.8686,ERP,Rejected,Check later
1022.0,CA-2015-124450,4/27/2015,5/3/2015,Standard Class,GT-14710,Greg Tran,Consumer,United States,Washington,District of Columbia,20016.0,East,FUR-CH-10000309,Furniture,Chairs,Global Comet Stacking Arm Chair,1267.53,3.0,0.0,316.8825,CRM,Approved,
1023.0,CA-2015-124450,4/27/2015,5/3/2015,Standard Class,GT-14710,Greg Tran,Consumer,United States,Washington,District of Columbia,20016.0,East,TEC-MA-10004212,Technology,Machines,Cisco SPA525G2 5-Line IP Phone,1379.92,8.0,0.0,648.5624,Legacy,Rejected,Urgent
1024.0,CA-2015-167269,6/16/2015,6/20/2015,Standard Class,PB-19150,Philip Brown,Consumer,United States,Philadelphia,Pennsylvania,19134.0,East,OFF-EN-10003072,Office Supplies,Envelopes,Peel & Seel Envelopes,6.208,2.0,0.2,2.1728,Legacy,Pending,Urgent
1025.0,CA-2017-106964,12/17/2017,12/20/2017,First Class,HR-14770,Hallie Redmond,Home Office,United States,Los Angeles,California,90045.0,West,OFF-BI-10000320,Office Supplies,Binders,GBC Plastic Binding Combs,11.808,2.0,0.2,4.2804,Legacy,Rejected,Check later
1026.0,CA-2016-126529,1/11/2016,1/13/2016,Second Class,DE-13255,Deanra Eno,Home Office,United States,Springfield,Ohio,45503.0,East,OFF-PA-10001166,Office Supplies,Paper,Xerox 2,15.552,3.0,0.2,5.4432,Legacy,Rejected,Check later
1027.0,CA-2016-126529,1/11/2016,1/13/2016,Second Class,DE-13255,Deanra Eno,Home Office,United States,Springfield,Ohio,45503.0,East,OFF-PA-10003656,Office Supplies,Paper,Xerox 1935,63.312,3.0,0.2,20.5764,CRM,Approved,Check later
1028.0,CA-2016-126529,1/11/2016,1/13/2016,Second Class,DE-13255,Deanra Eno,Home Office,United States,Springfield,Ohio,45503.0,East,TEC-PH-10000148,Technology,Phones,Cyber Acoustics AC-202b Speech Recognition Stereo Headset,15.588,2.0,0.4,-9.8724,Legacy,Approved,Check later
1029.0,CA-2014-163552,7/11/2014,7/15/2014,Standard Class,LA-16780,Laura Armstrong,Corporate,United States,Hackensack,New Jersey,7601.0,East,OFF-PA-10000474,Office Supplies,Paper,Easy-staple paper,177.2,5.0,0.0,83.284,Legacy,,Duplicate?
1030.0,CA-2014-163552,7/11/2014,7/15/2014,Standard Class,LA-16780,Laura Armstrong,Corporate,United States,Hackensack,New Jersey,7601.0,East,TEC-PH-10003885,Technology,Phones,Cisco SPA508G,197.97,3.0,0.0,57.4113,ERP,,
1031.0,CA-2014-163552,7/11/2014,7/15/2014,standard class,LA-16780,Laura Armstrong,Corporate,United States,Hackensack,New Jersey,7601.0,East,FUR-CH-10003379,Furniture,Chairs,Global Commerce Series High-Back Swivel/Tilt Chairs,854.94,3.0,0.0,213.735,CRM,,
1032.0,CA-2014-163552,7/11/2014,7/15/2014,Standard Class,LA-16780,Laura Armstrong,Corporate,United States,Hackensack,New Jersey,7601.0,East,FUR-FU-10000629,Furniture,Furnishings,9-3/4 Diameter Round Wall Clock,124.11,9.0,0.0,52.1262,Manual Upload,,Check later
1033.0,CA-2014-163552,7/11/2014,7/15/2014,Standard Class,LA-16780,Laura Armstrong,Corporate,United States,Hackensack,New Jersey,7601.0,East,OFF-LA-10001175,Office Supplies,Labels,Avery 514,14.4,5.0,0.0,7.056,ERP,Rejected,
1034.0,CA-2016-109820,11/20/2016,11/22/2016,First Class,AG-10390,Allen Goldenen,Consumer,United States,Cincinnati,Ohio,45231.0,East,OFF-PA-10000955,Office Supplies,Paper,Southworth 25% Cotton Granite Paper & Envelopes,15.696,3.0,0.2,5.1012,CRM,Rejected,
1035.0,CA-2016-109820,11/20/2016,11/22/2016,First Class,AG-10390,Allen Goldenen,Consumer,United States,Cincinnati,Ohio,45231.0,East,OFF-BI-10003460,Office Supplies,Binders,Acco 3-Hole Punch,2.628,2.0,0.7,-1.9272,Legacy,,
1036.0,CA-2016-109820,11/20/2016,11/22/2016,First Class,AG-10390,Allen Goldenen,Consumer,United States,Cincinnati,Ohio,45231.0,East,OFF-BI-10000474,Office Supplies,Binders,Avery Recycled Flexi-View Covers for Binding Systems,14.427,3.0,0.7,-10.5798,ERP,Pending,
1037.0,CA-2016-113061,4/22/2016,4/26/2016,Standard Class,EL-13735,Ed Ludwig,Home Office,United States,Jefferson City,Missouri,65109.0,Central,FUR-FU-10003975,Furniture,Furnishings,Eldon Advantage Chair Mats for Low to Medium Pile Carpets,86.62,2.0,0.0,8.662,Legacy,Pending,Urgent
1038.0,CA-2015-127418,6/13/2015,6/14/2015,First Class,JJ-15445,Jennifer Jackson,Consumer,United States,Los Angeles,California,90004.0,West,OFF-BI-10003707,Office Supplies,Binders,Aluminum Screw Posts,36.624,3.0,0.2,13.734,Manual Upload,Pending,
1039.0,CA-2017-121818,11/20/2017,11/21/2017,First Class,JH-15430,Jennifer Halladay,Consumer,United States,Burlington,North Carolina,27217.0,South,OFF-AR-10000203,Office Supplies,Art,Newell 336,23.968,7.0,0.2,2.6964,Legacy,,
1040.0,CA-2017-121818,11/20/2017,11/21/2017,First Class,JH-15430,Jennifer Halladay,Consumer,United States,Burlington,North Carolina,27217.0,South,OFF-AR-10004790,Office Supplies,Art,Staples in misc. colors,28.728,3.0,0.2,1.7955,Manual Upload,Approved,Check later
1041.0,CA-2016-127670,3/20/2016,3/24/2016,Standard Class,RD-19660,Robert Dilbeck,Home Office,United States,Saint Peters,Missouri,63376.0,Central,FUR-TA-10001095,Furniture,Tables,Chromcraft Round Conference Tables,697.16,4.0,0.0,146.4036,Legacy,Rejected,Urgent
1042.0,CA-2016-102981,9/6/2016,9/9/2016,Second Class,MO-17500,Mary O'Rourke,Consumer,United States,New York City,New York,00000,East,TEC-AC-10004761,Technology,Accessories,Maxell 4.7GB DVD+RW 3/Pack,31.86,2.0,0.0,11.151,Legacy,Approved,
1043.0,CA-2016-102981,9/6/2016,9/9/2016,Second Class,MO-17500,Mary O'Rourke,Consumer,United States,New York City,New York,10035.0,East,FUR-BO-10001811,Furniture,Bookcases,"Atlantic Metals Mobile 5-Shelf Bookcases, Custom Colors",722.352,3.0,0.2,90.294,Legacy,Rejected,Check later
1044.0,CA-2017-115651,07/09/2017,7/12/2017,First Class,NS-18640,Noel Staavos,Corporate,United States,Chicago,Illinois,60610.0,Central,OFF-AR-10001130,Office Supplies,Art,"Quartet Alpha White Chalk, 12/Pack",8.84,5.0,0.2,2.9835,CRM,Pending,
1045.0,CA-2017-115651,7/9/2017,7/12/2017,First Class,NS-18640,Noel Staavos,Corporate,United States,Chicago,Illinois,60610.0,Central,OFF-AP-10000055,Office Supplies,Appliances,Belkin F9S820V06 8 Outlet Surge,58.464,9.0,0.8,-146.16,CRM,Approved,
1046.0,CA-2017-152702,10/12/2017,10/16/2017,Standard Class,SN-20710,Steve Nguyen,Home Office,United States,Rockford,Illinois,61107.0,Central,FUR-CH-10002304,Furniture,Chairs,"Global Stack Chair without Arms, Black",254.604,14.0,0.3,-18.186,Manual Upload,Rejected,Urgent
1047.0,CA-2016-169103,3/8/2016,3/13/2016,Standard Class,ZC-21910,Zuschuss Carroll,Consumer,United States,Miami,Florida,33142.0,South,TEC-PH-10001530,Technology,Phones,Cisco Unified IP Phone 7945G VoIP phone,1363.96,5.0,0.99,85.2475,ERP,Rejected,
1048.0,CA-2016-169103,3/8/2016,3/13/2016,Standard Class,ZC-21910,Zuschuss Carroll,Consumer,United States,Miami,Florida,33142.0,South,FUR-FU-10004006,Furniture,Furnishings,"Deflect-o DuraMat Lighweight, Studded, Beveled Mat for Low Pile Carpeting",102.36,3.0,0.2,-3.8385,Legacy,Rejected,Duplicate?
1049.0,CA-2014-139192,5/27/2014,6/1/2014,Second Class,LC-16885,Lena Creighton,Consumer,United States,San Francisco,California,94109.0,West,TEC-PH-10000486,Technology,Phones,Plantronics HL10 Handset Lifter,1113.504,12.0,0.2,125.2692,ERP,Rejected,
1050.0,CA-2014-139192,5/27/2014,6/1/2014,Second Class,LC-16885,Lena Creighton,Consumer,United States,San Francisco,California,94109.0,West,TEC-AC-10001606,Technology,Accessories,Logitech Wireless Performance Mouse MX for PC and Mac,99.99,1.0,0.0,37.9962,Legacy,Approved,Urgent
1051.0,US-2015-153500,7/3/2015,7/5/2015,First Class,DG-13300,Deirdre Greer,Corporate,United States,Philadelphia,Pennsylvania,19134.0,East,FUR-FU-10000293,Furniture,Furnishings,Eldon Antistatic Chair Mats for Low to Medium Pile Carpets,168.464,2.0,0.2,-29.4812,ERP,,
1052.0,US-2015-153500,7/3/2015,7/5/2015,First Class,DG-13300,Deirdre Greer,Corporate,United States,Philadelphia,Pennsylvania,19134.0,East,OFF-PA-10001307,Office Supplies,Paper,"Important Message Pads, 50 4-1/4 x 5-1/2 Forms per Pad",6.72,2.0,0.2,2.436,ERP,Rejected,Duplicate?
1053.0,US-2015-153500,7/3/2015,7/5/2015,First Class,DG-13300,Deirdre Greer,Corporate,United States,Philadelphia,Pennsylvania,19134.0,East,FUR-FU-10004460,Furniture,Furnishings,"Howard Miller 12"" Round Wall Clock",282.888,9.0,0.2,56.5776,Manual Upload,Rejected,Duplicate?
1054.0,CA-2015-110667,4/4/2015,4/8/2015,Standard Class,NF-18595,Nicole Fjeld,Home Office,United States,New York City,New York,10009.0,East,OFF-AR-10000716,Office Supplies,Art,DIXON Ticonderoga Erasable Checking Pencils,11.16,2.0,0.0,4.3524,Manual Upload,Pending,
1055.0,CA-2015-110667,4/4/2015,4/8/2015,Standard Class,NF-18595,Nicole Fjeld,Home Office,United States,New York City,New York,10009.0,East,FUR-FU-10004622,Furniture,Furnishings,Eldon Advantage Foldable Chair Mats for Low Pile Carpets,108.4,2.0,0.0,22.764,ERP,Approved,Duplicate?
1056.0,CA-2015-110667,4/4/2015,4/8/2015,Standard Class,NF-18595,Nicole Fjeld,Home Office,United States,New York City,New York,10009.0,East,OFF-BI-10002735,Office Supplies,Binders,GBC Prestige Therm-A-Bind Covers,82.344,3.0,0.2,27.7911,CRM,Pending,
1057.0,CA-2015-110667,4/4/2015,4/8/2015,Standard Class,NF-18595,Nicole Fjeld,Home Office,United States,New York City,New York,10009.0,East,OFF-BI-10003529,Office Supplies,Binders,Avery Round Ring Poly Binders,9.088,4.0,0.2,3.2944,CRM,,
1058.0,CA-2017-167150,12/10/2017,12/17/2017,Standard Class,BP-11185,Ben Peterman,Corporate,United States,San Diego,California,92037.0,West,OFF-BI-10001097,Office Supplies,Binders,Avery Hole Reinforcements,19.936,4.0,0.2,7.2268,Legacy,Pending,Check later
1059.0,CA-2017-167150,12/10/2017,2017-12-17,Standard Class,BP-11185,Ben Peterman,Corporate,United States,San Diego,California,92037.0,West,OFF-BI-10001597,Office Supplies,Binders,"Wilson Jones Ledger-Size, Piano-Hinge Binder, 2"", Blue",65.568,2.0,0.2,22.9488,CRM,,Urgent
1060.0,CA-2016-105284,11/24/2016,12/1/2016,Standard Class,MG-17650,Matthew Grinstein,Home Office,United States,Philadelphia,Pennsylvania,19143.0,East,OFF-FA-10001754,Office Supplies,Fasteners,Stockwell Gold Paper Clips,4.416,3.0,0.2,1.6008,Manual Upload,,Urgent
1061.0,US-2015-125374,3/23/2015,3/29/2015,Standard Class,JD-16060,Julia Dunbar,Consumer,United States,Houston,Texas,77095.0,Central,FUR-CH-10003396,Furniture,Chairs,Global Deluxe Steno Chair,107.772,2.0,0.3,-29.2524,ERP,Approved,Check later
1062.0,CA-2015-161263,4/16/2015,4/21/2015,Standard Class,TS-21160,Theresa Swint,Corporate,United States,Toledo,Ohio,43615.0,East,OFF-AP-10002350,Office Supplies,Appliances,Belkin F9H710-06 7 Outlet SurgeMaster Surge Protector,45.216,3.0,0.2,4.5216,Manual Upload,Approved,Check later
1063.0,CA-2015-161263,4/16/2015,4/21/2015,Standard Class,TS-21160,Theresa Swint,Corporate,United States,Toledo,Ohio,43615.0,East,OFF-FA-10004838,Office Supplies,Fasteners,"Super Bands, 12/Pack",10.416,7.0,0.2,-2.2134,ERP,Pending,
1064.0,CA-2015-161263,4/16/2015,4/21/2015,Standard Class,TS-21160,Theresa Swint,Corporate,United States,Toledo,Ohio,43615.0,East,OFF-AR-10004757,Office Supplies,Art,Crayola Colored Pencils,7.872,3.0,0.2,1.2792,Legacy,,Check later
1065.0,CA-2015-161263,4/16/2015,4/21/2015,Standard Class,TS-21160,Theresa Swint,Corporate,United States,Toledo,Ohio,43615.0,East,TEC-PH-10002115,Technology,Phones,Plantronics 81402,118.782,3.0,0.4,-27.7158,ERP,Pending,Duplicate?
1066.0,CA-2015-161263,4/16/2015,4/21/2015,Standard Class,TS-21160,Theresa Swint,Corporate,United States,Toledo,Ohio,43615.0,East,OFF-FA-10003059,office_supplies,Fasteners,Assorted Color Push Pins,1.448,1.0,0.2,0.2353,Legacy,,Urgent
1067.0,CA-2015-161263,4/16/2015,4/21/2015,Standard Class,TS-21160,Theresa Swint,Corporate,United States,Toledo,Ohio,43615.0,East,OFF-BI-10004330,Office Supplies,Binders,"GBC Velobind Prepunched Cover Sets, Regency Series",55.47,5.0,0.7,-46.225,Legacy,Rejected,Duplicate?
1068.0,CA-2016-157686,10/1/2016,10/2/2016,First Class,BD-11620,Brian DeCherney,Consumer,United States,San Francisco,California,94122.0,West,FUR-CH-10001146,Furniture,Chairs,"Global Value Mid-Back Manager's Chair, Gray",194.848,4.0,0.2,12.178,ERP,,Urgent
1069.0,US-2017-139955,9/28/2017,9/30/2017,Second Class,CM-12160,Charles McCrossin,Consumer,United States,Brownsville,Texas,78521.0,Central,OFF-SU-10001935,Office Supplies,Supplies,Staple remover,1.744,1.0,0.2,-0.3488,CRM,Pending,Check later
1070.0,US-2015-150161,7/25/2015,7/29/2015,Standard Class,RB-19795,Ross Baird,Home Office,United States,Philadelphia,Pennsylvania,19143.0,East,OFF-BI-10001524,Office Supplies,Binders,GBC Premium Transparent Covers with Diagonal Lined Pattern,25.176,4.0,0.7,-18.4624,Legacy,Rejected,Duplicate?
1071.0,CA-2015-144652,11/20/2015,11/26/2015,Standard Class,SN-20560,Skye Norling,Home Office,United States,Los Angeles,California,90008.0,West,OFF-AR-10003732,Office Supplies,Art,Newell 333,19.46,7.0,0.0,5.0596,ERP,,
1072.0,CA-2016-152814,4/28/2016,5/2/2016,Standard Class,EH-14005,Erica Hernandez,Home Office,United States,Denver,Colorado,80219.0,West,OFF-PA-10001970,Office Supplies,Paper,Xerox 1881,29.472,3.0,0.2,9.9468,Legacy,Approved,Check later
1073.0,CA-2017-106943,11/14/2017,11/19/2017,Std Class,FO-14305,Frank Olsen,Consumer,United States,New York City,New York,10035.0,East,OFF-BI-10003669,Office Supplies,Binders,3M Organizer Strips,8.64,2.0,0.2,3.024,CRM,Approved,Duplicate?
1074.0,CA-2016-134348,11/12/2016,11/19/2016,Standard Class,MS-17710,Maurice Satty,Consumer,United States,Mesa,Arizona,85204.0,West,OFF-BI-10003727,Office Supplies,Binders,Avery Durable Slant Ring Binders With Label Holder,6.27,5.0,0.7,-4.598,CRM,Pending,Duplicate?
1075.0,CA-2016-134348,11/12/2016,11/19/2016,Standard Class,MS-17710,Maurice Satty,Consumer,United States,Mesa,Arizona,85204.0,West,OFF-BI-10004967,Office Supplies,Binders,Round Ring Binders,4.368,7.0,0.7,-3.3488,ERP,Pending,Duplicate?
1076.0,CA-2016-134348,11/12/2016,11/19/2016,Standard Class,MS-17710,Maurice Satty,Consumer,United States,Mesa,Arizona,85204.0,West,TEC-AC-10003447,Technology,Accessories,Micropad Numeric Keypads,31.984,2.0,0.2,1.999,Manual Upload,Pending,
1077.0,CA-2016-161781,9/29/2016,9/30/2016,First Class,CC-12100,Chad Cunningham,Home Office,United States,Columbus,Indiana,47201.0,Central,OFF-AR-10000255,Office Supplies,Art,Newell 328,40.88,7.0,0.0,10.6288,CRM,Rejected,Check later
1078.0,CA-2017-132521,9/23/2017,9/25/2017,Second Class,DW-13540,Don Weiss,Consumer,United States,Seattle,Washington,98105.0,West,OFF-AP-10002191,Office Supplies,Appliances,Belkin 8 Outlet SurgeMaster II Gold Surge Protector,119.96,2.0,0.0,33.5888,Manual Upload,Approved,
1079.0,CA-2017-132521,9/23/2017,9/25/2017,Second Class,DW-13540,Don Weiss,Consumer,United States,Seattle,Washington,98105.0,West,OFF-ST-10001325,Office Supplies,Storage,Sterilite Officeware Hinged File Box,31.44,3.0,0.0,8.4888,Manual Upload,Rejected,Duplicate?
1080.0,CA-2017-132521,9/23/2017,9/25/2017,Second Class,DW-13540,DON WEISS,Consumer,United States,SEATTLE,Washington,98105.0,West,OFF-BI-10000404,Office Supplies,Binders,Avery Printable Repositionable Plastic Tabs,6.88,1.0,0.2,2.322,ERP,Pending,Check later
1081.0,CA-2015-110016,11/29/2015,12/4/2015,Standard Class,BT-11395,Bill Tyler,Corporate,United States,Detroit,Michigan,48227.0,Central,OFF-PA-10000349,Office Supplies,Paper,Easy-staple paper,19.92,4.0,0.0,9.3624,Legacy,,Duplicate?
1082.0,CA-2015-110016,11/29/2015,12/4/2015,Standard Class,BT-11395,Bill Tyler,Corporate,United States,Detroit,Michigan,48227.0,Central,FUR-CH-10002880,Furniture,Chairs,"Global High-Back Leather Tilter, Burgundy",1106.91,9.0,0.0,121.7601,Manual Upload,Rejected,
1083.0,US-2016-143819,3/1/2016,3/5/2016,Standard Class,KD-16270,Karen Daniels,Consumer,United States,Yonkers,New York,10701.0,East,FUR-TA-10001095,Furniture,Tables,Chromcraft Round Conference Tables,836.592,8.0,0.4,-264.9208,Manual Upload,Approved,Check later
1084.0,US-2016-143819,3/1/2016,3/5/2016,Standard Class,KD-16270,Karen Daniels,Consumer,United States,Yonkers,New York,10701.0,East,OFF-PA-10003127,Office Supplies,Paper,Easy-staple paper,26.38,1.0,0.0,12.1348,Legacy,,
1085.0,US-2016-143819,3/1/2016,3/5/2016,Standard Class,KD-16270,Karen Daniels,Consumer,United States,Yonkers,New York,10701.0,East,OFF-ST-10003208,Office Supplies,Storage,Adjustable Depth Letter/Legal Cart,362.92,2.0,0.0,105.2468,ERP,Rejected,
1086.0,US-2016-143819,3/1/2016,3/5/2016,Standard Class,KD-16270,Karen Daniels,Consumer,United States,Yonkers,New York,10701.0,East,TEC-MA-10003979,Technology,Machines,Ativa V4110MDD Micro-Cut Shredder,4899.93,7.0,0.0,2400.9657,Manual Upload,Pending,
1087.0,CA-2016-167584,8/12/2016,8/12/2016,Same Day,LC-16870,Lena Cacioppo,Consumer,United States,Des Moines,Iowa,50315.0,Central,OFF-PA-10000029,Office Supplies,Paper,Xerox 224,6.48,1.0,0.0,3.1104,Legacy,,Check later
1088.0,CA-2016-166163,8/15/2016,8/20/2016,Second Class,CY-12745,Craig Yedwab,Corporate,United States,Oakland,California,94601.0,West,TEC-PH-10004896,Technology,Phones,Nokia Lumia 521 (T-Mobile),71.976,3.0,0.2,7.1976,Manual Upload,Approved,Urgent
1089.0,CA-2016-166163,8/15/2016,8/20/2016,Second Class,CY-12745,,Corporate,United States,Oakland,California,94601.0,West,OFF-LA-10000452,Office Supplies,Labels,Avery 488,3.15,1.0,0.0,1.512,Legacy,Pending,Urgent
1090.0,CA-2017-158407,6/4/2017,6/10/2017,Standard Class,LW-16990,Lindsay Williams,Corporate,United States,Monroe,North Carolina,28110.0,South,FUR-FU-10001967,Furniture,Furnishings,Telescoping Adjustable Floor Lamp,31.984,2.0,0.2,1.999,CRM,Approved,
1091.0,CA-2017-158407,6/4/2017,6/10/2017,Standard Class,LW-16990,Lindsay Williams,Corporate,United States,Monroe,North Carolina,28110.0,South,TEC-PH-10001819,Technology,Phones,Innergie mMini Combo Duo USB Travel Charging Kit,71.984,2.0,0.2,25.1944,CRM,Rejected,
1092.0,CA-2015-143490,12/6/2015,12/13/2015,Standard Class,NP-18325,Naresj Patel,Consumer,United States,San Diego,California,92105.0,West,OFF-AR-10002952,Office Supplies,Art,Stanley Contemporary Battery Pencil Sharpeners,120.15,9.0,1.5,33.642,Manual Upload,Rejected,Urgent
1093.0,CA-2015-143490,12/6/2015,12/13/2015,Standard Class,NP-18325,Naresj Patel,Consumer,United States,San Diego,California,92105.0,West,TEC-PH-10000576,Technology,Phones,AT&T 1080 Corded phone,219.184,2.0,0.2,19.1786,Manual Upload,Pending,Duplicate?
1094.0,CA-2015-165085,12/27/2015,12/31/2015,Standard Class,BT-11485,Brad Thomas,Home Office,United States,Clinton,Maryland,20735.0,East,OFF-PA-10000605,Office Supplies,Paper,Xerox 1950,28.9,5.0,0.0,14.161,CRM,Pending,
1095.0,CA-2015-165085,12/27/2015,12/31/2015,Standard Class,BT-11485,Brad Thomas,Home Office,United States,Clinton,Maryland,20735.0,East,OFF-AP-10002518,Office Supplies,Appliances,Kensington 7 Outlet MasterPiece Power Center,355.96,2.0,0.0,103.2284,ERP,Approved,Check later
1096.0,CA-2017-160423,1/21/2017,1/26/2017,Standard Class,PS-19045,Penelope Sewall,Home Office,United States,Charlotte,North Carolina,28205.0,South,OFF-ST-10004340,Office Supplies,Storage,"Fellowes Mobile File Cart, Black",348.208,7.0,0.2,30.4682,CRM,Pending,Urgent
1097.0,CA-2017-160423,1/21/2017,1/26/2017,Standard Class,PS-19045,Penelope Sewall,Home Office,United States,Charlotte,North Carolina,28205.0,South,OFF-BI-10004001,Office Supplies,Binders,GBC Recycled VeloBinder Covers,35.784,7.0,0.7,-28.6272,ERP,Pending,Urgent
1098.0,CA-2014-159338,6/25/2014,6/28/2014,First Class,NS-18640,Noel Staavos,Corporate,United States,Los Angeles,California,90049.0,West,FUR-TA-10004147,Furniture,Tables,Hon 4060 Series Tables,447.84,5.0,0.2,11.196,Manual Upload,Rejected,
1099.0,CA-2016-107216,6/14/2016,6/17/2016,First Class,PV-18985,Paul Van Hugh,Home Office,United States,San Francisco,California,94122.0,West,OFF-AR-10001545,Office Supplies,Art,Newell 326,7.04,4.0,0.0,2.0416,Legacy,Rejected,Duplicate?
1100.0,CA-2016-107216,6/14/2016,6/17/2016,First Class,PV-18985,Paul Van Hugh,Home Office,United States,San Francisco,California,94122.0,West,FUR-FU-10000206,furniture,Furnishings,"GE General Purpose, Extra Long Life, Showcase & Floodlight Incandescent Bulbs",8.73,3.0,0.0,4.1031,CRM,Pending,
1101.0,CA-2016-107216,6/14/2016,6/17/2016,First Class,PV-18985,Paul Van Hugh,Home Office,United States,San Francisco,California,94122.0,West,TEC-AC-10001013,Technology,Accessories,Logitech ClearChat Comfort/USB Headset H390,29.29,1.0,0.0,9.6657,Legacy,Pending,
1102.0,CA-2016-107216,6/14/2016,6/17/2016,First Class,PV-18985,Paul Van Hugh,Home Office,United States,San Francisco,California,94122.0,West,OFF-AR-10002255,Office Supplies,Art,Newell 346,8.64,3.0,0.0,2.5056,Legacy,Approved,
1103.0,US-2017-145863,4/21/2017,4/27/2017,Standard Class,RP-19390,Resi Pölking,Consumer,United States,Houston,Texas,77041.0,Central,OFF-BI-10004140,Office Supplies,Binders,Avery Non-Stick Binders,2.694,3.0,0.8,-4.7145,Legacy,Pending,Duplicate?
1104.0,US-2017-145863,4/21/2017,4/27/2017,Standard Class,RP-19390,Resi Pölking,Consumer,United States,HOUSTN,Texas,77041.0,Central,OFF-BI-10002049,Office Supplies,Binders,UniKeep View Case Binders,2.934,3.0,0.8,-4.9878,Legacy,Pending,Check later
1105.0,CA-2016-112340,10/21/2016,10/27/2016,Standard Class,NM-18520,Neoma Murray,Consumer,United States,Riverside,California,92503.0,West,OFF-PA-10001892,Office Supplies,Paper,"Rediform Wirebound ""Phone Memo"" Message Book, 11 x 5-3/4",22.92,3.0,0.0,11.2308,Legacy,Pending,Check later
1106.0,US-2016-110156,11/19/2016,11/24/2016,Standard Class,EH-13945,Eric Hoffmann,Consumer,United States,Houston,Texas,77041.0,Central,OFF-ST-10000642,Office Supplies,Storage,"Tennsco Lockers, Gray",100.704,6.0,0.2,-16.3644,CRM,Rejected,Duplicate?
1107.0,US-2016-110156,11/19/2016,11/24/2016,Standard Class,EH-13945,EricHoffmann,Consumer,United States,Houston,Texas,77041.0,Central,FUR-FU-10000206,Furniture,Furnishings,"GE General Purpose, Extra Long Life, Showcase & Floodlight Incandescent Bulbs",2.328,2.0,0.6,-0.7566,Manual Upload,Approved,Urgent
1108.0,US-2016-110156,11/19/2016,11/24/2016,Standard Class,EH-13945,Eric Hoffmann,Consumer,United States,Houston,Texas,77041.0,Central,OFF-BI-10003676,Office Supplies,Binders,"GBC Standard Recycled Report Covers, Clear Plastic Sheets",10.78,5.0,0.8,-17.248,Legacy,Approved,
1109.0,US-2016-110156,11/19/2016,11/24/2016,Standard Class,EH-13945,Eric Hoffmann,Consumer,United States,Houston,Texas,77041.0,Central,OFF-FA-10003495,Office Supplies,Fasteners,Staples,58.368,12.0,0.2,21.888,Legacy,,Check later
1110.0,US-2016-110156,11/19/2016,11/24/2016,Standard Class,EH-13945,Eric Hoffmann,Consumer,United States,Houston,Texas,77041.0,Central,OFF-EN-10003798,Office Supplies,Envelopes,"Recycled Interoffice Envelopes with Re-Use-A-Seal Closure, 10 x 13",40.968,3.0,0.2,13.8267,CRM,Pending,
1111.0,US-2016-110156,11/19/2016,11/24/2016,Standard Class,EH-13945,Eric Hoffmann ,Consumer,United States,Houston,Texas,77041.0,Central,TEC-PH-10003589,Technology,Phones,invisibleSHIELD by ZAGG Smudge-Free Screen Protector,71.96,5.0,0.2,25.186,Legacy,Approved,Urgent
1112.0,US-2016-110156,11/19/2016,11/24/2016,Standard Class,EH-13945,Eric Hoffmann,Consumer,United States,Houston,Texas,77041.0,Central,OFF-PA-10004735,Office Supplies,Paper,Xerox 1905,10.368,2.0,0.2,3.6288,CRM,Rejected,Check later
1113.0,US-2016-110156,11/19/2016,11/24/2016,Standard Class,EH-13945,Eric Hoffmann,Consumer,United States,Houston,Texas,77041.0,Central,OFF-BI-10002609,Office Supplies,Binders,Avery Hidden Tab Dividers for Binding Systems,1.192,2.0,0.8,-2.0264,ERP,,Urgent
1114.0,CA-2017-140585,12/18/2017,12/23/2017,Second Class,RA-19915,Russell Applegate,Consumer,United States,Encinitas,California,92024.0,West,OFF-BI-10003364,Office Supplies,Binders,Binding Machine Supplies,46.672,2.0,0.2,16.3352,Legacy,Pending,Duplicate?
1115.0,CA-2017-140585,12/18/2017,12/23/2017,SecondClass,RA-19915,Russell Applegate,Consumer,United States,Encinitas,California,92024.0,West,FUR-BO-10002206,Furniture,Bookcases,"Bush Saratoga Collection 5-Shelf Bookcase, Hanover Cherry, *Special Order",119.833,1.0,0.15,-12.6882,Manual Upload,Approved,Check later
1116.0,CA-2017-140585,12/18/2017,12/23/2017,Second Class,RA-19915,Russell Applegate,Consumer,United States,Encinitas,California,92024.0,West,TEC-AC-10003610,Technology,Accessories,Logitech Illuminated - Keyboard,119.98,2.0,0.0,57.5904,ERP,Approved,Check later
1117.0,CA-2016-144855,7/22/2016,7/24/2016,Second Class,DL-13495,Dionis Lloyd,Corporate,United States,San Francisco,California,94110.0,West,OFF-LA-10003766,Office Supplies,Labels,Self-Adhesive Removable Labels,6.3,2.0,0.0,3.024,CRM,,
1118.0,CA-2015-142755,9/4/2015,9/8/2015,Standard Class,CS-12355,Christine Sundaresam,Consumer,United States,Roswell,Georgia,30076.0,South,OFF-PA-10001970,Office Supplies,Paper,Xerox 1908,279.9,5.0,0.0,137.151,Legacy,Pending,Urgent
1119.0,CA-2015-142755,9/4/2015,9/8/2015,Standard Class,CS-12355,Christine Sundaresam,Consumer,United States,Roswell,Georgia,30076.0,South,TEC-AC-10002049,Technology,Accessories,Logitech G19 Programmable Gaming Keyboard,619.95,5.0,0.0,111.591,Legacy,Rejected,
1120.0,CA-2015-142755,9/4/2015,9/8/2015,Standard Class,CS-12355,Christine Sundaresam,Consumer,United States,Roswell,Georgia,30076.0,South,OFF-PA-10000141,Office Supplies,Paper,"Ampad Evidence Wirebond Steno Books, 6"" x 9""",4.36,2.0,0.0,2.0492,Manual Upload,Approved,Check later
1121.0,CA-2015-142755,9/4/2015,9/8/2015,Standard Class,CS-12355,Christine Sundaresam,Consumer,United States,Roswell,Georgia,30076.0,South,OFF-EN-10004459,Office Supplies,Envelopes,Security-Tint Envelopes,15.28,2.0,0.0,7.4872,Legacy,Pending,Duplicate?
1122.0,US-2014-147627,1/20/2014,1/26/2014,Standard Class,HL-15040,Hunter Lopez,Consumer,United States,Jonesboro,Arkansas,72401.0,South,TEC-PH-10001061,Technology,Phones,Apple iPhone 5C,699.93,7.0,0.0,181.9818,CRM,Rejected,
1123.0,US-2014-147627,1/20/2014,1/26/2014,Standard Class,HL-15040,Hunter Lopez,Consumer,United States,Jonesboro,Arkansas,72401.0,SOUTH,OFF-AR-10002375,Office Supplies,Art,Newell 351,22.96,7.0,0.0,6.6584,Legacy,Pending,Check later
1124.0,US-2014-147627,1/20/2014,1/26/2014,Standard Class,HL-15040,Hunter Lopez,Consumer,United States,Jonesboro,Arkansas,72401.0,South,FUR-FU-10003194,Furniture,Furnishings,"Eldon Expressions Desk Accessory, Wood Pencil Holder, Oak",38.6,4.0,0.0,11.58,Manual Upload,Pending,Check later
1125.0,US-2014-147627,20 Jan 2014,1/26/2014,Standard Class,HL-15040,Hunter Lopez,Consumer,United States,Jonesboro,Arkansas,72401.0,South,OFF-AR-10003811,Office Supplies,Art,Newell 327,6.63,3.0,0.0,1.7901,CRM,Rejected,
1126.0,US-2014-147627,1/20/2014,1/26/2014,Standard Class,HL-15040,Hunter Lopez,Consumer,United States,Jonesboro,Arkansas,72401.0,South,OFF-EN-10001539,Office Supplies,Envelopes,Staple envelope,23.34,3.0,0.0,10.9698,CRM,Pending,
1127.0,US-2014-147627,1/20/2014,1/26/2014,Standard Class,HL-15040,Hunter Lopez,Consumer,United States,Jonesboro,Arkansas,72401.0,South,FUR-CH-10002331,Furniture,Chairs,Hon 4700 Series Mobuis Mid-Back Task Chairs with Adjustable Arms,1067.94,3.0,0.0,224.2674,ERP,Approved,Duplicate?
1128.0,CA-2015-105970,3/2/2015,3/7/2015,Standard Class,PA-19060,Pete Armstrong,Home Office,United States,Richmond,Indiana,47374.0,Central,OFF-AR-10003156,Office Supplies,Art,50 Colored Long Pencils,10.16,1.0,0.0,2.6416,CRM,Rejected,
1129.0,CA-2015-105970,3/2/2015,3/7/2015,Standard Class,PA-19060,Pete Armstrong,Home Office,United States,Richmond,Indiana,47374.0,Central,OFF-EN-10001532,Office Supplies,Envelopes,Brown Kraft Recycled Envelopes,101.88,6.0,0.0,50.94,CRM,Pending,Urgent
1130.0,CA-2016-112102,4/12/2016,4/16/2016,Standard Class,BD-11605,Brian Dahlen,Consumer,United States,Springfield,Virginia,22153.0,South,FUR-TA-10004086,Furniture,Tables,KI Adjustable-Height Table,343.92,4.0,0.0,75.6624,Manual Upload,Approved,Urgent
1131.0,CA-2016-112102,4/12/2016,4/16/2016,Standard Class,BD-11605,Brian Dahlen,Consumer,United States,Springfield,Virginia,22153.0,South,OFF-PA-10000100,Office Supplies,Paper,Xerox 1945,40.99,1.0,0.0,20.0851,Legacy,Rejected,
1132.0,CA-2016-112102,4/12/2016,4/16/2016,Standard Class,BD-11605,Brian Dahlen,Consumer,United States,Springfield,Virginia,22153.0,South,OFF-EN-10002500,Office Supplies,Envelopes,Globe Weis Peel & Seel First Class Envelopes,63.9,5.0,0.0,28.755,Manual Upload,,Urgent
1133.0,US-2016-114776,12/6/2016,12/7/2016,First Class,GG-14650,Greg Guthrie,Corporate,United States,Antioch,California,94509.0,West,OFF-PA-10004100,Office Supplies,Paper,Xerox 216,19.44,3.0,0.0,9.3312,Legacy,Approved,Check later
1134.0,US-2016-134908,6/5/2016,6/9/2016,Standard Class,JS-15940,Joni Sundaresam,Home Office,United States,Philadelphia,Pennsylvania,19134.0,East,OFF-ST-10003479,Office Supplies,Storage,"Eldon Base for stackable storage shelf, platinum",124.608,4.0,0.2,-23.364,CRM,Pending,
1135.0,US-2016-134908,6/5/2016,6/9/2016,Standard Class,JS-15940,Joni Sundaresam,Home Office,United States,Philadelphia,Pennsylvania,19134.0,East,OFF-LA-10000973,Office Supplies,Labels,Avery 502,7.56,3.0,0.2,2.646,Manual Upload,Pending,
1136.0,US-2016-148803,12/11/2016,12/11/2016,Same Day,LR-16915,Lena Radford,Consumer,United States,Homestead,Florida,33030.0,South,OFF-ST-10001476,Office Supplies,Storage,Steel Personal Filing/Posting Tote,85.224,3.0,0.2,7.4571,Legacy,Approved,Urgent
1137.0,CA-2016-152170,11/12/2016,11/15/2016,Second Class,FH-14275,Frank Hawley,Corporate,United States,La Porte,Indiana,46350.0,Central,OFF-EN-10002831,Office Supplies,Envelopes,"Tyvek  Top-Opening Peel & Seel  Envelopes, Gray",287.52,8.0,0.0,129.384,ERP,,
1138.0,CA-2016-152170,11/12/2016,11/15/2016,Second Class,FH-14275,Frank Hawley,Corporate,United States,La Porte,Indiana,46350.0,Central,OFF-AP-10002350,Office Supplies,Appliances,Belkin F9H710-06 7 Outlet SurgeMaster Surge Protector,37.68,2.0,0.0,10.5504,ERP,Approved,Urgent
1139.0,CA-2016-152170,11/12/2016,11/15/2016,Second Class,FH-14275,Frank Hawley,Corporate,United States,La Porte,Indiana,46350.0,Central,OFF-PA-10001763,Office Supplies,Paper,Xerox 1896,19.98,2.0,0.0,8.991,CRM,,
1140.0,CA-2016-152170,11/12/2016,11/15/2016,Second Class,FH-14275,Frank Hawley,Corporate,United States,La Porte,Indiana,46350.0,Central,OFF-AR-10003394,Office Supplies,Art,Newell 332,20.58,7.0,0.0,5.5566,Legacy,,Duplicate?
1141.0,CA-2016-152170,11/12/2016,11/15/2016,Second Class,FH-14275,Frank Hawley,Corporate,United States,La Porte,Indiana,46350.0,Central,OFF-BI-10002072,Office Supplies,Binders,Cardinal Slant-D Ring Binders,17.38,2.0,0.0,8.69,ERP,Pending,
1142.0,CA-2014-146969,9/29/2014,10/3/2014,Standard Class,AP-10915,Arthur Prichep,Consumer,United States,Los Angeles,California,90045.0,West,FUR-FU-10004188,Furniture,Furnishings,Luxo Professional Combination Clamp-On Lamps,204.6,2.0,0.0,53.196,CRM,Pending,Urgent
1143.0,CA-2014-146969,9/29/2014,10/3/2014,Standard Class,AP-10915,Arthur Prichep,Consumer,United States,los angeles ,California,90045.0,West,OFF-FA-10001561,Office Supplies,Fasteners,Stockwell Push Pins,8.72,4.0,0.0,2.8776,CRM,,Urgent
1144.0,CA-2014-146969,9/29/2014,10/3/2014,Standard Class,AP-10915,Arthur Prichep,Consumer,United States,Los Angeles,California,90045.0,West,OFF-PA-10002105,Office Supplies,Paper,Xerox 223,6.48,1.0,0.0,3.1104,Legacy,Approved,Duplicate?
1145.0,CA-2014-146969,9/29/2014,10/3/2014,Standard Class,AP-10915,Arthur Prichep,Consumer,United States,Los Angeles,California,90045.0,West,TEC-MA-10004241,Technology,Machines,Star Micronics TSP800 TSP847IIU Receipt Printer,686.32,2.0,0.2,223.054,CRM,Pending,Check later
1146.0,CA-2014-146969,9/29/2014,10/3/2014,Standard Class,AP-10915,Arthur Prichep,Consumer,United States,Los Angeles,California,90045.0,West,OFF-ST-10004340,Office Supplies,Storage,"Fellowes Mobile File Cart, Black",62.18,1.0,0.0,16.7886,Legacy,Pending,
1147.0,CA-2015-112452,4/4/2015,4/4/2015,Same Day,NC-18340,Nat Carroll,Consumer,United States,Lansing,Michigan,48911.0,Central,OFF-AP-10003849,Office Supplies,Appliances,Hoover Shoulder Vac Commercial Portable Vacuum,644.076,2.0,0.1,107.346,Manual Upload,Approved,
1148.0,CA-2015-112452,4/4/2015,4/4/2015,Same Day,NC-18340,Nat Carroll,Consumer,United States,Lansing,Michigan,48911.0,Central,OFF-FA-10000735,Office Supplies,Fasteners,Staples,5.84,2.0,0.0,2.628,CRM,,Duplicate?
1149.0,CA-2015-112452,4/4/2015,4/4/2015,Same Day,NC-18340,Nat Carroll,Consumer,United States,Lansing,Michigan,48911.0,Central,OFF-BI-10003350,Office Supplies,Binders,Acco Expandable Hanging Binders,12.76,2.0,0.0,5.8696,Legacy,Approved,
1150.0,CA-2015-112452,4/4/2015,4/4/2015,Same Day,NC-18340,Nat Carroll,Consumer,United States,Lansing,Michigan,48911.0,Central,TEC-PH-10000307,Technology,Phones,Shocksock Galaxy S4 Armband,10.95,1.0,0.0,0.438,Legacy,,Urgent
1151.0,CA-2015-112452,4/4/2015,4/4/2015,Same Day,NC-18340,Nat Carroll,Consumer,United States,Lansing,Michigan,48911.0,Central,TEC-CO-10004202,Technology,Copiers,Brother DCP1000 Digital 3 in 1 Multifunction Machine,599.98,2.0,0.0,209.993,Manual Upload,,
1152.0,CA-2015-113971,5/8/2015,5/14/2015,Standard Class,CB-12535,Claudia Bergmann,Corporate,United States,Cuyahoga Falls,Ohio,44221.0,East,FUR-FU-10001852,Furniture,Furnishings,"Eldon Regeneration Recycled Desk Accessories, Smoke",8.352,6.0,0.2,1.2528,ERP,Rejected,
1153.0,CA-2017-160395,12/31/2016,1/6/2017,Standard Class,KL-16555,Kelly Lampkin,Corporate,United States,Reno,Nevada,89502.0,West,OFF-AR-10003759,Office Supplies,Art,"Crayola Anti Dust Chalk, 12/Pack",3.64,2.0,0.0,1.638,Legacy,Pending,
1154.0,CA-2017-160395,12/31/2016,1/6/2017,Standard Class,KL-16555,Kelly Lampkin,Corporate,United States,Reno,Nevada,89502.0,West,OFF-BI-10003984,Office Supplies,Binders,Lock-Up Easel 'Spel-Binder',159.768,7.0,0.2,53.9217,Legacy,Pending,Urgent
1155.0,CA-2014-136567,12/20/2014,12/21/2014,First Class,PS-19045,Penelope Sewall,Home Office,United States,Harrisonburg,Virginia,22801.0,South,OFF-ST-10004337,Office Supplies,Storage,"SAFCO Commercial Wire Shelving, 72h",122.48,2.0,0.0,0.0,Legacy,Approved,Duplicate?
1156.0,CA-2014-136567,12/20/2014,12/21/2014,First Class,PS-19045,Penelope Sewall,Home Office,United States,Harrisonburg,Virginia,22801.0,South,FUR-TA-10001932,Furniture,Tables,"Chromcraft 48"" x 96"" Racetrack Double Pedestal Table",2244.48,7.0,0.0,493.7856,CRM,Approved,Duplicate?
1157.0,CA-2014-136567,12/20/2014,12/21/2014,First Class,PS-19045,Penelope Sewall,Home Office,United States,Harrisonburg,Virginia,22801.0,South,OFF-BI-10003982,Office Supplies,Binders,Wilson Jones Century Plastic Molded Ring Binders,62.31,3.0,0.0,29.2857,Manual Upload,Pending,
1158.0,CA-2014-136567,12/20/2014,12/21/2014,First Class,PS-19045,Penelope Sewall,Home Office,United States,Harrisonburg,Virginia,22801.0,South,FUR-TA-10000617,Furniture,Tables,"Hon Practical Foundations 30 x 60 Training Table, Light Gray/Charcoal",455.1,2.0,0.0,100.122,ERP,,
1159.0,CA-2016-149314,7/2/2016,7/7/2016,Second Class,GB-14530,George Bell,Corporate,United States,Los Angeles,California,90004.0,West,FUR-CH-10002126,Furniture,Chairs,Hon Deluxe Fabric Upholstered Stacking Chairs,195.184,1.0,0.2,19.5184,Legacy,Approved,Check later
1160.0,CA-2017-147039,6/29/2017,7/4/2017,Standard Class,AA-10315,Alex Avila,Consumer,United States,Minneapolis,Minnesota,55407.0,Central,OFF-AP-10000576,Office Supplies,Appliances,"Belkin 325VA UPS Surge Protector, 6'",362.94,3.0,0.0,90.735,CRM,Rejected,Urgent
1161.0,CA-2017-147039,6/29/2017,7/4/2017,Standard Class,AA-10315,Alex Avila,Consumer,United States,Minneapolis,Minnesota,55407.0,Central,OFF-BI-10004654,Office Supplies,Binders,Avery Binding System Hidden Tab Executive Style Index Sets,11.54,2.0,0.0,5.77,Manual Upload,,Check later
1162.0,CA-2014-126522,9/1/2014,9/5/2014,Second Class,LT-16765,Larry Tron,Consumer,United States,Escondido,California,92025.0,West,OFF-AR-10004042,Office Supplies,Art,"BOSTON Model 1800 Electric Pencil Sharpeners, Putty/Woodgrain",53.94,3.0,0.0,15.6426,ERP,Pending,
1163.0,CA-2014-127964,3/3/2014,3/8/2014,Standard Class,AP-10720,Anne Pryor,Home Office,United States,New York City,New York,10035.0,East,TEC-PH-10004700,Technology,Phones,PowerGen Dual USB Car Charger,9.99,1.0,0.0,4.5954,Legacy,Pending,Check later
1164.0,CA-2014-127964,3/3/2014,3/8/2014,Standard Class,AP-10720,Anne Pryor,Home Office,United States,New York City,New York,10035.0,East,OFF-BI-10004593,Office Supplies,Binders,Ibico Laser Imprintable Binding System Covers,125.76,3.0,0.2,40.872,ERP,Rejected,Check later
1165.0,CA-2014-127964,3/3/2014,3/8/2014,Standard Class,AP-10720,Anne Pryor,Home Office,United States,New York City,N.Y.,10035.0,East,OFF-BI-10003429,Office Supplies,Binders,"Cardinal HOLDit! Binder Insert Strips,Extra Strips",25.32,5.0,0.2,9.1785,Manual Upload,Pending,Duplicate?
1166.0,CA-2014-117709,5/4/2014,5/8/2014,Standard Class,PM-18940,Paul MacIntyre,Consumer,United States,Jackson,Michigan,49201.0,Central,OFF-BI-10001294,Office Supplies,Binders,Fellowes Binding Cases,46.8,4.0,0.0,21.06,ERP,,Urgent
1167.0,CA-2015-125416,11/2/2015,11/2/2015,Same Day,KC-16540,Kelly Collister,Consumer,United States,Seattle,Washington,98115.0,West,TEC-AC-10001552,Technology,Accessories,Logitech K350 2.4Ghz Wireless Keyboard,447.93,9.0,0.0,49.2723,Legacy,Approved,
1168.0,CA-2017-145226,12/8/2017,12/10/2017,Second Class,DL-13315,Delfina Latchford,Consumer,United States,New York City,New York,10035.0,East,FUR-FU-10004952,Furniture,Furnishings,"C-Line Cubicle Keepers Polyproplyene Holder w/Velcro Back, 8-1/2x11, 25/Bx",109.48,2.0,0.0,33.9388,Manual Upload,Approved,Check later
1169.0,CA-2017-145226,12/8/2017,12/10/2017,Second Class,DL-13315,Delfina Latchford,Consumer,United States,New York City,New York,10035.0,East,OFF-ST-10004123,Office Supplies,Storage,Safco Industrial Wire Shelving System,272.94,3.0,0.0,0.0,CRM,Rejected,
1170.0,CA-2017-145226,12/8/2017,12/10/2017,Second Class,DL-13315,Delfina Latchford,Consumer,United States,New York City,New York,10035.0,East,OFF-PA-10003172,Office Supplies,Paper,Xerox 1996,19.44,3.0,0.0,9.3312,ERP,,Check later
1171.0,CA-2017-145226,12/8/2017,12/10/2017,Second Class,DL-13315,Delfina Latchford,Consumer,United States,New York City,New York,10035.0,East,OFF-ST-10002352,Office Supplies,Storage,Iris Project Case,31.92,4.0,0.0,8.2992,Manual Upload,Pending,
1172.0,US-2014-100279,3/10/2014,3/14/2014,Standard Class,SW-20275,Scott Williamson,Consumer,United States,Royal Oak,Michigan,48073.0,Central,OFF-PA-10002259,Office Supplies,Paper,"Geographics Note Cards, Blank, White, 8 1/2"" x 11""",22.38,2.0,0.0,10.7424,Legacy,Rejected,
1173.0,CA-2014-158064,4/21/2014,4/25/2014,Standard Class,AA-10375,Allen Armold,Consumer,United States,Los Angeles,California,90008.0,West,OFF-BI-10002976,Office Supplies,Binders,ACCOHIDE Binder by Acco,16.52,5.0,0.2,5.5755,Manual Upload,Rejected,Urgent
1174.0,US-2015-104430,10/22/2015,10/26/2015,Standard Class,LT-17110,Liz Thompson,Consumer,United States,Bloomington,Illinois,61701.0,Central,OFF-BI-10000301,Office Supplies,Binders,GBC Instant Report Kit,5.176,4.0,0.8,-7.764,ERP,Rejected,Duplicate?
1175.0,CA-2015-132080,8/22/2015,8/25/2015,First Class,DP-13105,Dave Poirier,Corporate,United States,New York City,New York,10035.0,East,OFF-BI-10003694,Office Supplies,Binders,"Avery 3 1/2"" Diskette Storage Pages, 10/Pack",50.112,6.0,0.2,16.2864,Manual Upload,,Urgent
1176.0,CA-2016-161207,8/29/2016,9/3/2016,Standard Class,AB-10060,Adam Bellavance,Home Office,United States,Concord,New Hampshire,3301.0,East,OFF-SU-10000381,Office Supplies,Supplies,Acme Forged Steel Scissors with Black Enamel Handles,27.93,3.0,0.0,8.0997,Legacy,Approved,Urgent
1177.0,CA-2014-120243,12/27/2014,12/30/2014,Second Class,AT-10435,Alyssa Tate,Home Office,United States,LA,California,90004.0,West,OFF-LA-10004425,Office Supplies,Labels,Staple-on labels,11.56,4.0,0.0,5.4332,ERP,Pending,Duplicate?
1178.0,CA-2016-113621,12/1/2016,12/5/2016,Standard Class,JE-15745,Joel Eaton,Consumer,United States,Rockville,Maryland,20852.0,East,FUR-CH-10001270,Furniture,Chairs,Harbour Creations Steel Folding Chair,172.5,2.0,0.0,51.75,Legacy,Pending,
1179.0,CA-2016-113621,12/1/2016,12/5/2016,Standard Class,JE-15745,Joel Eaton,Consumer,United States,Rockville,Maryland,20852.0,East,TEC-PH-10003931,Technology,Phones,JBL Micro Wireless Portable Bluetooth Speaker,179.97,3.0,0.0,44.9925,Legacy,Approved,Duplicate?
1180.0,CA-2016-168081,4/24/2016,4/27/2016,Second Class,CA-12055,Cathy Armstrong,Home Office,United States,Houston,Texas,77070.0,Central,TEC-AC-10003174,Technology,Accessories,Plantronics S12 Corded Telephone Headset System,258.696,3.0,0.2,64.674,Legacy,,
1181.0,CA-2014-128146,6/21/2014,6/25/2014,Standard Class,DB-13060,Dave Brooks,Consumer,United States,Lakewood,New Jersey,8701.0,East,TEC-PH-10004539,Technology,Phones,Wireless Extenders zBoost YX545 SOHO Signal Booster,1322.93,7.0,0.0,357.1911,Manual Upload,Rejected,Duplicate?
1182.0,CA-2014-128146,6/21/2014,6/25/2014,Standard Class,DB-13060,Dave Brooks,Consumer,United States,Lakewood,New Jersey,8701.0,East,OFF-AR-10001919,Office Supplies,Art,"OIC #2 Pencils, Medium Soft",3.76,2.0,0.0,1.0904,Legacy,,Urgent
1183.0,CA-2017-138779,1/14/2017,1/15/2017,First Class,RB-19570,Rob Beeghly,Consumer,United States,Jacksonville,North Carolina,28540.0,South,OFF-EN-10002504,Office Supplies,Envelopes,"Tyvek  Top-Opening Peel & Seel Envelopes, Plain White",21.744,1.0,0.2,7.3386,CRM,Approved,Check later
1184.0,CA-2017-138779,1/14/2017,1/15/2017,First Class,RB-19570,Rob Beeghly,Consumer,United States,Jacksonville,North Carolina,28540.0,South,TEC-PH-10003655,Technology,Phones,Sannysis Cute Owl Design Soft Skin Case Cover for Samsung Galaxy S4,7.92,5.0,0.2,0.693,Legacy,,Check later
1185.0,CA-2014-127131,11/24/2014,11/30/2014,Standard Class,HR-14830,Harold Ryan,Corporate,United States,Seattle,Washington,98103.0,West,OFF-BI-10004656,Office Supplies,Binders,Peel & Stick Add-On Corner Pockets,12.096,7.0,0.2,4.2336,Manual Upload,Pending,
1186.0,CA-2014-127131,11/24/2014,11/30/2014,Standard Class,HR-14830,Harold Ryan,Corporate,United States,Seattle,Washington,98103.0,West,OFF-ST-10002344,Office Supplies,Storage,"Carina 42""Hx23 3/4""W Media Storage Unit",485.88,6.0,0.0,9.7176,Legacy,Pending,
1187.0,CA-2014-127131,11/24/2014,11/30/2014,Standard Class,HR-14830,Harold Ryan,Corporate,United States,Seattle,Washington,98103.0,West,OFF-PA-10001800,Office Supplies,Paper,Xerox 220,25.92,4.0,0.0,12.4416,Manual Upload,Rejected,Urgent
1188.0,CA-2014-127131,11/24/2014,11/30/2014,Standard Class,HR-14830,Harold Ryan,Corporate,United States,Seattle,Washington,98103.0,West,OFF-ST-10000036,Office Supplies,Storage,"Recycled Data-Pak for Archival Bound Computer Printouts, 12-1/2 x 12-1/2 x 16",197.58,2.0,0.0,53.3466,CRM,Rejected,Duplicate?
1189.0,CA-2017-117212,2017/02/26,2/28/2017,Second Class,BT-11530,Bradley Talbott,Home Office,United States,Los Angeles,California,90036.0,West,OFF-AP-10004532,Office Supplies,Appliances,Kensington 6 Outlet Guardian Standard Surge Protector,81.92,4.0,0.0,22.1184,Manual Upload,Approved,
1190.0,CA-2017-117212,2/26/2017,2/28/2017,Second Class,BT-11530,Bradley Talbott,Home Office,United States,Los Angeles,California,90036.0,West,TEC-PH-10004447,Technology,Phones,Toshiba IPT2010-SD IP Telephone,889.536,8.0,0.2,66.7152,ERP,Approved,Duplicate?
1191.0,CA-2017-117212,2/26/2017,2/28/2017,Second Class,BT-11530,Bradley Talbott,Home Office,United States,Los Angeles,California,90036.0,West,FUR-CH-10003973,Furniture,Chairs,GuestStacker Chair with Chrome Finish Legs,892.224,3.0,0.2,89.2224,CRM,Approved,
1192.0,CA-2017-117212,2/26/2017,2/28/2017,Second Class,BT-11530,Bradley Talbott,Home Office,United States,Los Angeles,California,90036.0,West,OFF-PA-10001970,Office Supplies,Paper,Xerox 1908,223.92,4.0,0.0,109.7208,ERP,Pending,
1193.0,CA-2017-117212,2/26/2017,2/28/2017,Second Class,BT-11530,Bradley Talbott,Home Office,United States,Los Angeles,California,90036.0,West,OFF-PA-10000682,Office Supplies,Paper,Xerox 1924,23.12,4.0,0.0,11.3288,ERP,Rejected,Check later
1194.0,US-2015-130519,9/15/2015,9/15/2015,Same Day,NG-18355,Nat Gilpin,Corporate,United States,Coral Springs,Florida,33065.0,South,OFF-PA-10001937,Office Supplies,Paper,Xerox 21,15.552,3.0,0.2,5.4432,Manual Upload,Rejected,Urgent
1195.0,US-2015-130519,9/15/2015,9/15/2015,Same Day,NG-18355,Nat Gilpin,Corporate,United States,Coral Springs,Florida,33065.0,South,FUR-FU-10002268,Furniture,Furnishings,Ultra Door Push Plate,15.712,4.0,0.2,2.5532,CRM,Rejected,Urgent
1196.0,US-2015-130519,9/15/2015,9/15/2015,Same Day,NG-18355,Nat Gilpin,Corporate,United States,Coral Springs,Florida,33065.0,South,OFF-ST-10001321,Office Supplies,Storage,"Decoflex Hanging Personal Folder File, Blue",24.672,2.0,0.2,2.1588,Manual Upload,Approved,Check later
1197.0,US-2015-130519,9/15/2015,9/15/2015,Same Day,NG-18355,Nat Gilpin,Corporate,United States,Coral Springs,Florida,33065.0,South,FUR-FU-10003394,Furniture,Furnishings,"Tenex ""The Solids"" Textured Chair Mats",55.968,1.0,0.2,-2.0988,Legacy,,Check later
1198.0,CA-2016-130946,4/8/2016,4/12/2016,Standard Class,ZC-21910,Zuschuss Carroll,Consumer,United States,Houston,Texas,77041.0,Central,TEC-AC-10001990,Technology,Accessories,Kensington Orbit Wireless Mobile Trackball for PC and Mac,431.928,9.0,0.2,64.7892,Manual Upload,Rejected,
1199.0,CA-2016-130946,4/8/2016,4/12/2016,Standard Class,ZC-21910,Zuschuss Carroll,Consumer,United States,Houston,Texas,77041.0,Central,FUR-CH-10004540,Furniture,Chairs,Global Chrome Stack Chair,95.984,4.0,0.99,-4.1136,ERP,Approved,
1200.0,CA-2016-130946,4/8/2016,4/12/2016,Standard Class,ZC-21910,Zuschuss Carroll,Consumer,United States,Houston,Texas,77041.0,Central,OFF-BI-10004995,Office Supplies,Binders,GBC DocuBind P400 Electric Binding System,1088.792,4.0,0.8,-1850.9464,Manual Upload,Rejected,
1201.0,CA-2016-114727,7/18/2016,7/24/2016,Standard Class,LS-16945,Linda Southworth,Corporate,United States,Denver,Colorado,80219.0,West,FUR-CH-10002335,Furniture,Chairs,Hon GuestStacker Chair,544.008,3.0,0.2,40.8006,CRM,,
1202.0,CA-2016-114727,7/18/2016,7/24/2016,Standard Class,LS-16945,Linda Southworth,Corporate,United States,Denver,Colorado,80219.0,West,OFF-BI-10004967,Office Supplies,Binders,Round Ring Binders,1.872,3.0,0.7,-1.4352,CRM,Pending,
1203.0,CA-2016-114727,7/18/2016,7/24/2016,Standard Class,LS-16945,Linda Southworth,Corporate,United States,Denver,Colorado,80219.0,West,FUR-CH-10002331,Furniture,Chairs,Hon 4700 Series Mobuis Mid-Back Task Chairs with Adjustable Arms,854.352,3.0,0.2,10.6794,CRM,,Check later
1204.0,CA-2016-114727,7/18/2016,7/24/2016,Standard Class,LS-16945,Linda Southworth,Corporate,United States,Denver,Colorado,80219.0,West,OFF-ST-10002292,Office Supplies,Storage,"Sauder Facets Collection Locker/File Cabinet, Sky Alder Finish",593.568,2.0,0.2,0.0,Legacy,Pending,
1205.0,CA-2016-114727,7/18/2016,7/24/2016,Standard Class,LS-16945,Linda Southworth,Corporate,United States,Denver,Colorado,80219.0,West,OFF-ST-10000689,Office Supplies,Storage,"Fellowes Strictly Business Drawer File, Letter/Legal Size",338.04,3.0,0.2,-33.804,Legacy,Rejected,Check later
1206.0,CA-2017-133235,8/1/2017,8/4/2017,First Class,LH-16750,Larry Hughes,Consumer,United States,Charlotte,North Carolina,28205.0,South,TEC-PH-10002660,Technology,Phones,Nortel Networks T7316 E Nt8 B27,271.96,5.0,0.2,16.9975,ERP,Rejected,
1207.0,CA-2016-137050,7/14/2016,7/18/2016,Second Class,SW-20755,Steven Ward,Corporate,United States,New York City,New York,10009.0,East,OFF-ST-10004634,Office Supplies,Storage,"Personal Folder Holder, Ebony",11.21,1.0,0.0,3.363,ERP,Approved,Check later
1208.0,CA-2016-137050,7/14/2016,7/18/2016,Second Class,SW-20755,Steven Ward,Corporate,United States,New York City,New York,10009.0,East,OFF-BI-10002160,Office Supplies,Binders,Acco Hanging Data Binders,9.144,3.0,0.2,3.2004,Legacy,,Check later
1209.0,CA-2016-137050,7/14/2016,7/18/2016,Second Class,SW-20755,Steven Ward,Corporate,United States,New York City,New York,10009.0,East,OFF-FA-10002988,Office Supplies,Fasteners,Ideal Clamps,14.07,7.0,0.0,6.8943,CRM,Rejected,
1210.0,CA-2016-137050,7/14/2016,7/18/2016,Second Class,SW-20755,Steven Ward,Corporate,United States,New York City,New York,,East,OFF-AR-10004999,Office Supplies,Art,Newell 315,41.86,7.0,0.0,10.465,ERP,Approved,
1211.0,CA-2016-137050,7/14/2016,7/18/2016,Second Class,SW-20755,Steven Ward,Corporate,United States,New York City,New York,10009.0,East,OFF-BI-10001031,Office Supplies,Binders,Pressboard Data Binders by Wilson Jones,8.544,2.0,0.2,2.8836,CRM,Approved,Check later
1212.0,CA-2016-137050,7/14/2016,7/18/2016,Second Class,SW-20755,Steven Ward,Corporate,United States,New York City,New York,10009.0,East,FUR-BO-10004695,Furniture,Bookcases,O'Sullivan 2-Door Barrister Bookcase in Odessa Pine,579.136,4.0,0.2,21.7176,ERP,Pending,Duplicate?
1213.0,US-2017-118087,9/9/2017,9/13/2017,Standard Class,SP-20620,Stefania Perrino,Corporate,United States,Philadelphia,Pennsylvania,19134.0,East,FUR-CH-10004860,Furniture,Chairs,Global Low Back Tilter Chair,141.372,2.0,0.3,-48.4704,Legacy,Approved,
1214.0,US-2017-118087,9/9/2017,9/13/2017,Standard Class,SP-20620,Stefania Perrino,Corporate,United States,Philadelphia,Pennsylvania,19134.0,East,OFF-BI-10002432,Office Supplies,Binders,Wilson Jones Standard D-Ring Binders,3.036,2.0,0.7,-2.3276,ERP,Approved,
1215.0,US-2017-118087,9/9/2017,9/13/2017,Standard Class,SP-20620,Stefania Perrino,Corporate,United States,Philadelphia,Pennsylvania,19134.0,East,OFF-BI-10000069,Office Supplies,Binders,"GBC Prepunched Paper, 19-Hole, for Binding Systems, 24-lb",4.503,1.0,0.7,-3.6024,Manual Upload,Rejected,Check later
1216.0,US-2017-118087,9/9/2017,9/13/2017,Standard Class,SP-20620,Stefania Perrino,Corporate,United States,Philadelphia,Pennsylvania,19134.0,East,OFF-AR-10003602,Office Supplies,Art,"Quartet Omega Colored Chalk, 12/Pack",4.672,1.0,0.2,1.5768,Manual Upload,Pending,Urgent
1217.0,US-2017-118087,9/9/2017,9/13/2017,Standard Class,SP-20620,Stefania Perrino,Corporate,United States,Philadelphia,Pennsylvania,19134.0,East,TEC-AC-10004469,Technology,Accessories,Microsoft Sculpt Comfort Mouse,95.88,3.0,0.2,28.764,Legacy,Approved,Duplicate?
1218.0,US-2017-118087,9/9/2017,9/13/2017,Standard Class,SP-20620,Stefania Perrino,Corporate,United States,Philadelphia,Pennsylvania,19134.0,East,FUR-FU-10001867,Furniture,Furnishings,"Eldon Expressions Punched Metal & Wood Desk Accessories, Pewter & Cherry",17.024,2.0,0.2,1.7024,ERP,Rejected,
1219.0,US-2017-118087,9/9/2017,9/13/2017,Standard Class,SP-20620,Stefania Perrino,Corporate,United States,Philadelphia,Pennsylvania,19134.0,East,TEC-AC-10003174,Technology,Accessories,Plantronics S12 Corded Telephone Headset System,258.696,3.0,0.2,64.674,ERP,Pending,
1220.0,US-2017-118087,9/9/2017,9/13/2017,Standard Class,SP-20620,Stefania Perrino,Corporate,United States,Philadelphia,Pennsylvania,19134.0,East,TEC-PH-10002200,Technology,Phones,Samsung Galaxy Note 2,1931.958,7.0,0.4,-386.3916,ERP,,Duplicate?
1221.0,CA-2014-110184,7/12/2014,7/16/2014,Standard Class,BF-11170,Ben Ferrer,Home Office,United States,Los Angeles,California,90036.0,West,OFF-ST-10000107,Office Supplies,Storage,Fellowes Super Stor/Drawer,249.75,9.0,0.0,44.955,CRM,Pending,
1222.0,CA-2014-110184,7/12/2014,7/16/2014,Standard Class,BF-11170,Ben Ferrer,Home Office,United States,Los Angeles,California,90036.0,West,TEC-PH-10000439,Technology,Phones,GE DSL Phone Line Filter,255.936,8.0,0.2,28.7928,CRM,,Duplicate?
1223.0,CA-2016-126004,12/4/2016,12/5/2016,First Class,BM-11140,Becky Martin,CONSUMER,United States,New York City,New York,10024.0,East,FUR-FU-10001602,Furniture,Furnishings,"Eldon Delta Triangular Chair Mat, 52"" x 58"", Clear",113.79,3.0,0.0,20.4822,ERP,,Urgent
1224.0,CA-2016-126004,12/4/2016,12/5/2016,First Class,BM-11140,Becky Martin,Consumer,United States,New York City,New York,10024.0,East,TEC-AC-10001432,Technology,Accessories,Enermax Aurora Lite Keyboard,78.15,1.0,0.0,34.386,CRM,,Urgent
1225.0,CA-2016-126004,12/4/2016,12/5/2016,First Class,BM-11140,Becky Martin,Consumer,United States,New York City,New York,10024.0,East,OFF-BI-10004656,Office Supplies,Binders,Peel & Stick Add-On Corner Pockets,1.728,1.0,0.2,0.6048,Legacy,,Urgent
1226.0,CA-2016-126004,12/4/2016,12/5/2016,First Class,BM-11140,Becky Martin,Consumer,United States,New York City,New York,10024.0,east,OFF-PA-10001685,Office Supplies,Paper,Easy-staple paper,40.56,4.0,0.0,19.8744,Manual Upload,,Duplicate?
1227.0,CA-2016-126004,12/4/2016,12/5/2016,First Class,BM-11140,Becky Martin,Consumer,United States,New York City,New York,10024.0,East,OFF-ST-10001418,Office Supplies,Storage,Carina Media Storage Towers in Natural & Black,182.94,3.0,0.0,3.6588,Legacy,Rejected,
1228.0,CA-2016-126004,12/4/2016,12/5/2016,First Class,BM-11140,Becky Martin,Consumer,United States,New York City,New York,10024.0,East,OFF-ST-10000676,Office Supplies,Storage,Fellowes Econo/Stor Drawers,193.86,2.0,0.0,11.6316,CRM,Pending,Duplicate?
1229.0,CA-2017-100013,11/6/2017,11/11/2017,Standard Class,ZC-21910,Zuschuss Carroll,Consumer,United States,Los Angeles,California,90045.0,West,OFF-EN-10001219,Office Supplies,Envelopes,"#10- 4 1/8"" x 9 1/2"" Security-Tint Envelopes",15.28,2.0,0.0,7.4872,CRM,Pending,Check later
1230.0,CA-2017-100013,11/6/2017,11/11/2017,Standard Class,ZC-21910,Zuschuss Carroll,Consumer,United States,Los Angeles,California,90045.0,West,FUR-FU-10001424,Furniture,Furnishings,Dax Clear Box Frame,8.73,1.0,0.0,2.9682,CRM,Approved,Urgent
1231.0,CA-2017-100013,11/6/2017,11/11/2017,Standard Class,ZC-21910,Zuschuss Carroll,Consumer,United States,Los Angeles,California,90045.0,West,OFF-AR-10001022,Office Supplies,Art,SANFORD Liquid Accent Tank-Style Highlighters,5.68,2.0,0.0,1.7608,Legacy,Approved,Urgent
1232.0,CA-2015-132570,10/31/2015,11/2/2015,Second Class,KT-16480,Kean Thornton,Consumer,United States,Buffalo,New York,14215.0,East,OFF-AR-10000369,Office Supplies,Art,Design Ebony Sketching Pencil,2.78,2.0,0.0,0.7228,CRM,Rejected,Urgent
1233.0,CA-2015-132570,10/31/2015,11/2/2015,Second Class,KT-16480,Kean Thornton,Consumer,United States,Buffalo,New York,14215.0,East,OFF-EN-10003055,Office Supplies,Envelopes,"Blue String-Tie & Button Interoffice Envelopes, 10 x 13",79.96,2.0,0.0,35.982,Manual Upload,Approved,
1234.0,CA-2016-153682,5/30/2016,6/1/2016,First Class,BG-11695,Brooke Gillingham,Corporate,United States,Cincinnati,Ohio,45231.0,East,TEC-CO-10001046,Technology,Copiers,Canon Imageclass D680 Copier / Fax,839.988,2.0,0.4,69.999,ERP,Rejected,Urgent
1235.0,CA-2016-144344,10/28/2016,10/28/2016,Same Day,PG-18820,Patrick Gardner,Consumer,United States,Boynton Beach,Florida,33437.0,South,FUR-FU-10000076,Furniture,Furnishings,24-Hour Round Wall Clock,47.952,3.0,0.2,13.7862,Manual Upload,,
1236.0,CA-2016-144344,10/28/2016,10/28/2016,Same Day,PG-18820,Patrick Gardner,Consumer,United States,Boynton Beach,Florida,33437.0,South,OFF-BI-10003719,Office Supplies,Binders,Large Capacity Hanging Post Binders,37.425,5.0,0.7,-29.94,Manual Upload,,Check later
1237.0,CA-2016-144344,10/28/2016,10/28/2016,Same Day,PG-18820,Patrick Gardner,Consumer,United States,Boynton Beach,Florida,33437.0,South,FUR-FU-10003268,Furniture,Furnishings,Eldon Radial Chair Mat for Low to Medium Pile Carpets,63.968,2.0,0.2,0.0,ERP,Rejected,Duplicate?
1238.0,CA-2016-144344,2016/10/28,10/28/2016,Same Day,PG-18820,Patrick Gardner,Consumer,United States,Boynton Beach,Florida,33437.0,South,FUR-FU-10003553,Furniture,Furnishings,"Howard Miller 13-1/2"" Diameter Rosebrook Wall Clock",165.048,3.0,0.2,41.262,Manual Upload,,Check later
1239.0,CA-2014-127012,8/11/2014,8/15/2014,standard class,GM-14680,Greg Matthias,Consumer,United States,Seattle,Washington,98105.0,West,FUR-FU-10003691,Furniture,Furnishings,"Eldon Image Series Desk Accessories, Ebony",12.35,1.0,0.0,5.434,CRM,Pending,Duplicate?
1240.0,CA-2014-127012,8/11/2014,8/15/2014,Standard Class,GM-14680,Greg Matthias,Consumer,United States,Seattle,Washington,98105.0,West,OFF-AR-10003903,Office Supplies,Art,Sanford 52201 APSCO Electric Pencil Sharpener,40.97,1.0,0.0,10.6522,CRM,Approved,
1241.0,CA-2014-127012,8/11/2014,8/15/2014,Standard Class,GM-14680,Greg Matthias,Consumer,United States,Seattle,Washington,98105.0,West,OFF-FA-10004854,Office Supplies,Fasteners,"Vinyl Coated Wire Paper Clips in Organizer Box, 800/Box",22.96,2.0,0.0,10.7912,ERP,Pending,
1242.0,CA-2016-128727,8/29/2016,9/4/2016,Standard Class,MO-17800,Meg O'Connel,Home Office,United States,New York City,New York,10024.0,East,TEC-PH-10003442,Technology,Phones,Samsung Replacement EH64AVFWE Premium Headset,22.0,4.0,0.0,5.5,ERP,Rejected,
1243.0,US-2016-162859,2/15/2016,2/22/2016,Standard Class,PG-18820,Patrick Gardner,Consumer,United States,New York City,New York,10009.0,East,OFF-BI-10004519,Office Supplies,Binders,GBC DocuBind P100 Manual Binding Machine,398.352,3.0,0.2,124.485,CRM,,
1244.0,US-2016-162859,15 Feb 2016,2/22/2016,Standard Class,PG-18820,Patrick Gardner,Consumer,United States,New York City,New York,10009.0,East,OFF-FA-10000304,Office Supplies,Fasteners,Advantus Push Pins,8.72,4.0,0.0,3.5752,Manual Upload,Pending,Urgent
1245.0,CA-2017-133641,5/14/2017,5/21/2017,Standard Class,EJ-14155,Eva Jacobs,Consumer,United States,Gulfport,Mississippi,39503.0,South,OFF-EN-10004955,Office Supplies,Envelopes,Fashion Color Clasp Envelopes,48.69,9.0,0.0,23.8581,Legacy,,Urgent
1246.0,CA-2014-168494,12/12/2014,12/14/2014,Second Class,NP-18700,Nora Preis,Consumer,United States,Fresno,California,93727.0,West,FUR-TA-10004619,Furniture,Tables,Hon Non-Folding Utility Tables,764.688,6.0,0.2,95.586,ERP,Approved,
1247.0,CA-2014-168494,12/12/2014,12/14/2014,Second Class,NP-18700,Nora Preis,Consumer,United States,Fresno,California,93727.0,West,FUR-TA-10003473,Furniture,Tables,Bretford Rectangular Conference Table Tops,3610.848,12.0,0.2,135.4068,Manual Upload,Approved,
1248.0,CA-2014-168494,12/12/2014,12/14/2014,Second Class,NP-18700,Nora Preis,Consumer,United States,Fresno,California,93727.0,West,FUR-BO-10004467,Furniture,Bookcases,Bestar Classic Bookcase,254.9745,3.0,0.15,11.9988,Legacy,Rejected,Check later
1249.0,CA-2017-115602,12/18/2017,12/24/2017,Standard Class,DJ-13630,Doug Jacobs,Consumer,United States,New York City,New York,10009.0,East,OFF-AR-10002280,Office Supplies,Art,Staples in misc. colors,38.82,6.0,0.0,17.469,Manual Upload,Approved,Urgent
1250.0,CA-2017-115602,12/18/2017,12/24/2017,Standard Class,DJ-13630,Doug Jacobs,Consumer,United States,New York City,New York,10009.0,East,FUR-CH-10001708,Furniture,Chairs,Office Star - Contemporary Swivel Chair with Padded Adjustable Arms and Flex Back,1141.938,9.0,0.1,139.5702,ERP,Pending,Check later
1251.0,CA-2017-115602,12/18/2017,12/24/2017,Standard Class,DJ-13630,Doug Jacobs,Consumer,United States,New York City,New York,10009.0,East,OFF-AP-10000891,Office Supplies,Appliances,Kensington 7 Outlet MasterPiece HOMEOFFICE Power Control Center,1704.56,13.0,0.0,511.368,ERP,Rejected,
1252.0,CA-2017-115602,12/18/2017,12/24/2017,Standard Class,DJ-13630,Doug Jacobs,Consumer,United States,New York City,New York,10009.0,East,OFF-AR-10000462,Office Supplies,Art,Sanford Pocket Accent Highlighters,3.2,2.0,0.0,1.376,Manual Upload,Rejected,Duplicate?
1253.0,CA-2015-154956,7/4/2015,7/9/2015,Standard Class,IM-15070,Irene Maddox,Consumer,United States,Milwaukee,Wisconsin,53209.0,Central,TEC-PH-10004165,Technology,Phones,Mitel MiVoice 5330e IP Phone,1099.96,4.0,0.0,285.9896,CRM,,Duplicate?
1254.0,CA-2017-144638,3/10/2017,3/14/2017,Standard Class,MH-18115,Mick Hernandez,Home Office,United States,Chester,Pennsylvania,19013.0,East,OFF-AR-10003958,Office Supplies,Art,Newell 337,5.248,2.0,0.2,0.5904,CRM,Rejected,Urgent
1255.0,CA-2017-144638,3/10/2017,3/14/2017,Standard Class,MH-18115,Mick Hernandez,Home Office,United States,Chester,Pennsylvania,19013.0,East,TEC-PH-10000149,Technology,Phones,Cisco SPA525G2 IP Phone - Wireless,35.91,3.0,0.4,-8.379,CRM,Approved,
1256.0,CA-2017-144638,3/10/2017,3/14/2017,Standard Class,MH-18115,Mick Hernandez,Home Office,United States,Chester,Pennsylvania,19013.0,East,FUR-FU-10003724,Furniture,Furnishings,Westinghouse Clip-On Gooseneck Lamps,6.696,1.0,0.2,0.5022,CRM,Pending,
1257.0,CA-2017-144638,3/10/2017,3/14/2017,Standard Class,MH-18115,Mick Hernandez,Home Office,United States,Chester,Pennsylvania,19013.0,East,FUR-FU-10003535,Furniture,Furnishings,Howard Miller Distant Time Traveler Alarm Clock,43.872,2.0,0.2,11.5164,CRM,Approved,Check later
1258.0,US-2016-168620,12/24/2016,12/28/2016,Second Class,RB-19795,Ross Baird,Home Office,United States,Charlotte,North Carolina,28205.0,South,OFF-BI-10001575,Office Supplies,Binders,GBC Linen Binding Covers,27.882,3.0,0.7,-20.4468,Manual Upload,Approved,Duplicate?
1259.0,US-2016-168620,12/24/2016,12/28/2016,Second Class,RB-19795,Ross Baird,Home Office,United States,Charlotte,North Carolina,28205.0,South,OFF-ST-10003716,Office Supplies,Storage,Tennsco Double-Tier Lockers,540.048,3.0,0.2,-47.2542,CRM,Pending,
1260.0,US-2016-168620,12/24/2016,12/28/2016,Second Class,RB-19795,Ross Baird,Home Office,United States,Charlotte,North Carolina,28205.0,South,TEC-AC-10004469,Technology,Accessories,Microsoft Sculpt Comfort Mouse,255.68,8.0,0.2,76.704,CRM,Rejected,Check later
1261.0,CA-2017-117079,10/23/2017,10/27/2017,Standard Class,JR-15700,Jocasta Rupert,Consumer,United States,Jacksonville,Florida,32216.0,South,TEC-PH-10004586,Technology,Phones,Wilson SignalBoost 841262 DB PRO Amplifier Kit,863.88,3.0,0.2,107.985,ERP,,
1262.0,US-2016-144393,10/28/2016,11/4/2016,Standard Class,SM-20950,Suzanne McNair,Corporate,United States,Greenville,North Carolina,27834.0,South,OFF-BI-10004236,Office Supplies,Binders,"XtraLife ClearVue Slant-D Ring Binder, White, 3""",17.616,4.0,0.7,-14.0928,ERP,Rejected,
1263.0,CA-2017-105053,7/7/2017,7/9/2017,Second Class,CS-12355,Christine Sundaresam,Consumer,United States,Long Beach,New York,11561.0,East,OFF-BI-10001634,Office Supplies,Binders,Wilson Jones Active Use Binders,17.472,3.0,0.2,6.3336,ERP,Pending,Check later
1264.0,CA-2016-155992,10/1/2016,10/2/2016,First Class,CC-12220,Chris Cortes,Consumer,United States,La Porte,Indiana,46350.0,Central,TEC-PH-10000215,Technology,Phones,Plantronics Cordless Phone Headset with In-line Volume - M214C,69.9,2.0,0.0,18.873,ERP,,Urgent
1265.0,CA-2016-155992,10/1/2016,10/2/2016,First Class,CC-12220,Chris Cortes,Consumer,United States,La Porte,Indiana,46350.0,Central,FUR-FU-10003724,Furniture,Furnishings,Westinghouse Clip-On Gooseneck Lamps,41.85,5.0,0.0,10.881,CRM,Pending,
1266.0,CA-2017-110380,9/2/2017,9/7/2017,Standard Class,PF-19225,Phillip Flathmann,Consumer,United States,San Francisco,California,94122.0,West,OFF-AR-10000422,Office Supplies,Art,Pencil and Crayon Sharpener,6.57,3.0,0.0,1.7739,CRM,Approved,Check later
1267.0,US-2014-167738,24-12-2014,12/29/2014,Std Class,JC-16105,Julie Creighton,Corporate,United States,Los Angeles,California,90045.0,West,OFF-ST-10003306,Office Supplies,Storage,Letter Size Cart,142.86,1.0,0.0,41.4294,ERP,Pending,
1268.0,US-2014-167738,12/24/2014,12/29/2014,Standard Class,JC-16105,Julie Creighton,Corporate,United States,Los Angeles,California,90045.0,West,FUR-CH-10001146,Furniture,Chairs,"Global Value Mid-Back Manager's Chair, Gray",292.272,6.0,0.2,18.267,Legacy,,
1269.0,CA-2017-121412,9/23/2017,9/27/2017,Standard Class,BG-11695,Brooke Gillingham,Corporate,United States,Louisville,Colorado,80027.0,West,FUR-FU-10000246,Furniture,Furnishings,Aluminum Document Frame,29.328,3.0,0.2,3.666,CRM,,Urgent
1270.0,CA-2017-100426,06/04/2017,6/8/2017,Standard Class,DC-12850,Dan Campbell,Consumer,United States,Florence,Alabama,35630.0,South,OFF-PA-10002870,Office Supplies,Paper,"Ampad Phone Message Book, Recycled, 400 Message Capacity, 5 ¾ x 11",12.48,2.0,0.0,5.616,ERP,Rejected,
1271.0,US-2016-103646,4/21/2016,4/26/2016,Standard Class,SP-20545,Sibella Parks,Corporate,United States,Chicago,Illinois,60623.0,Central,OFF-ST-10000563,Office Supplies,Storage,Fellowes Bankers Box Stor/Drawer Steel Plus,102.336,4.0,0.2,-12.792,Legacy,Approved,
1272.0,US-2016-103646,4/21/2016,4/26/2016,Standard Class,SP-20545,Sibella Parks,Corporate,United States,Chicago,Illinois,60623.0,Central,OFF-AP-10004487,office supplies,Appliances,Kensington 4 Outlet MasterPiece Compact Power Control Center,48.792,3.0,0.8,-126.8592,Legacy,,Check later
1273.0,US-2016-103646,4/21/2016,4/26/2016,Standard Class,SP-20545,Sibella Parks,Corporate,United States,Chicago,Illinois,60623.0,Central,OFF-BI-10002854,office supplies,Binders,"Performers Binder/Pad Holder, Black",44.848,8.0,0.8,-67.272,Legacy,Approved,
1274.0,CA-2016-119186,5/26/2016,5/26/2016,Same Day,MS-17710,Maurice Satty,Consumer,United States,Fort Worth,Texas,76106.0,Central,OFF-PA-10004621,Office Supplies,Paper,Xerox 212,10.368,2.0,0.2,3.6288,Manual Upload,Approved,Duplicate?
1275.0,CA-2016-119186,5/26/2016,5/26/2016,Same Day,MS-17710,Maurice Satty,Consumer,United States,Fort Worth,Texas,76106.0,Central,FUR-CH-10001973,Furniture,Chairs,Office Star Flex Back Scooter Chair with White Frame,388.43,5.0,0.3,-88.784,Manual Upload,Rejected,Urgent
1276.0,CA-2016-119186,5/26/2016,5/26/2016,Same Day,MS-17710,Maurice Satty,Consumer,United States,Fort Worth,Texas,76106.0,Central,OFF-PA-10004040,Office Supplies,Paper,Universal Premium White Copier/Laser Paper (20Lb. and 87 Bright),14.352,3.0,0.2,5.2026,Manual Upload,,Duplicate?
1277.0,CA-2016-119186,5/26/2016,5/26/2016,Same Day,MS-17710,Maurice Satty,Consumer,United States,Fort Worth,Texas,76106.0,Central,TEC-AC-10000580,Technology,Accessories,Logitech G13 Programmable Gameboard with LCD Display,63.992,1.0,0.2,-7.1991,ERP,Approved,
1278.0,CA-2016-148698,5/2/2016,5/7/2016,Standard Class,BD-11770,Bryan Davis,Consumer,United States,Houston,Texas,77070.0,Central,OFF-AR-10004022,Office Supplies,Art,Panasonic KP-380BK Classic Electric Pencil Sharpener,86.352,3.0,0.2,5.397,CRM,Pending,
1279.0,CA-2014-163293,9/8/2014,9/11/2014,First Class,KC-16255,Karen Carlisle,Corporate,United States,Macon,Georgia,31204.0,South,TEC-AC-10004209,Technology,Accessories,Memorex Froggy Flash Drive 4 GB,32.97,3.0,0.0,12.8583,Manual Upload,Rejected,
1280.0,CA-2014-163293,9/8/2014,9/11/2014,First Class,KC-16255,Karen Carlisle,Corporate,United States,Macon,Georgia,31204.0,South,TEC-AC-10000023,Technology,Accessories,"Maxell 74 Minute CD-R Spindle, 50/Pack",83.88,4.0,0.0,30.1968,Manual Upload,Approved,Urgent
1281.0,CA-2016-160815,9/5/2016,9/6/2016,First Class,TR-21325,Toby Ritter,Consumer,United States,Cedar Rapids,Iowa,52402.0,Central,TEC-PH-10003505,Technology,Phones,Geemarc AmpliPOWER60,278.4,3.0,0.0,80.736,Manual Upload,Approved,Duplicate?
1282.0,CA-2017-122154,4/9/2017,4/11/2017,First Class,SA-20830,Sue Ann Reed,Consumer,United States,Jacksonville,Florida,32216.0,South,OFF-LA-10000121,Office Supplies,Labels,Avery 48,15.12,3.0,0.2,4.914,ERP,,Urgent
1283.0,CA-2017-122154,4/9/2017,4/11/2017,First Class,SA-20830,Sue Ann Reed,Consumer,United States,Jacksonville,Florida,32216.0,South,OFF-BI-10002026,Office Supplies,Binders,Avery Arch Ring Binders,17.43,1.0,0.7,-13.363,Legacy,Approved,
1284.0,CA-2017-122154,4/9/2017,4/11/2017,First Class,SA-20830,Sue Ann Reed,Consumer,United States,Jacksonville,Florida,32216.0,South,OFF-PA-10000994,Office Supplies,Paper,Xerox 1915,251.64,3.0,0.2,88.074,Manual Upload,Approved,Check later
1285.0,US-2015-149692,12/6/2015,12/12/2015,Standard Class,KW-16435,Katrina Willman,Consumer,United States,Austin,Texas,78745.0,Central,OFF-BI-10002813,Office Supplies,Binders,Avery Reinforcements for Hole-Punch Pages,2.772,7.0,0.8,-4.851,Legacy,Approved,
1286.0,CA-2016-119445,6/26/2016,7/3/2016,Standard Class,GM-14500,Gene McClure,Consumer,United States,Providence,Rhode Island,2908.0,East,OFF-ST-10000617,Office Supplies,Storage,Woodgrain Magazine Files by Perma,14.9,5.0,0.0,1.043,CRM,Rejected,Duplicate?
1287.0,CA-2015-124268,7/4/2015,7/8/2015,Standard Class,AD-10180,Alan Dominguez,Home Office,United States,New York City,New York,10035.0,East,OFF-AR-10004817,Office Supplies,Art,Colorific Watercolor Pencils,15.48,3.0,0.0,4.4892,ERP,,Duplicate?
1288.0,CA-2016-154711,11/22/2016,11/26/2016,Standard Class,TB-21355,Todd Boyes,Corporate,United States,New York City,New York,10009.0,East,FUR-FU-10000397,Furniture,Furnishings,Luxo Economy Swing Arm Lamp,39.88,2.0,0.0,11.1664,Manual Upload,,Duplicate?
1289.0,CA-2016-154711,11/22/2016,11/26/2016,Standard Class,TB-21355,Todd Boyes,Corporate,United States,New York City,New York,10009.0,Est,OFF-BI-10000605,Office Supplies,Binders,"Acco Pressboard Covers with Storage Hooks, 9 1/2"" x 11"", Executive Red",12.192,4.0,0.2,4.1148,Manual Upload,Pending,
1290.0,CA-2016-154711,11/22/2016,11/26/2016,Standard Class,TB-21355,Todd Boyes,Corporate,United States,New York City,N.Y.,10009.0,East,OFF-AR-10001860,Office Supplies,Art,BIC Liqua Brite Liner,20.82,3.0,0.0,7.4952,CRM,Pending,
1291.0,CA-2016-163384,11/10/2016,11/12/2016,First Class,CC-12430,Chuck Clark,Home Office,United States,San Francisco,California,94122.0,West,OFF-BI-10004970,Office Supplies,Binders,"ACCOHIDE 3-Ring Binder, Blue, 1""",13.216,4.0,0.2,4.4604,ERP,Rejected,Check later
1292.0,CA-2016-163384,11/10/2016,2016-11-12,First Class,CC-12430,Chuck Clark,Home Office,United States,San Francisco,California,94122.0,West,OFF-PA-10003172,Office Supplies,Paper,Xerox 1996,32.4,5.0,0.0,15.552,ERP,Pending,
1293.0,CA-2015-101707,8/27/2015,9/1/2015,Standard Class,PF-19165,Philip Fox,Consumer,United States,San Diego,California,92105.0,West,OFF-SU-10001218,Office Supplies,Supplies,Fiskars Softgrip Scissors,32.94,3.0,0.0,9.2232,Manual Upload,,Check later
1294.0,CA-2015-101707,8/27/2015,9/1/2015,Standard Class,PF-19165,Philip Fox,Consumer,United States,San Diego,California,92105.0,West,OFF-PA-10002968,Office Supplies,Paper,Xerox 1973,114.2,5.0,0.0,52.532,Manual Upload,Rejected,Urgent
1295.0,CA-2015-101707,8/27/2015,9/1/2015,Standard Class,PF-19165,Philip Fox,Consumer,United States,San Diego,California,92105.0,West,OFF-LA-10000134,Office Supplies,Labels,Avery 511,3.08,1.0,0.0,1.4784,ERP,Rejected,Check later
1296.0,CA-2015-138898,5/25/2015,5/29/2015,Standard Class,JH-16180,Justin Hirsh,Consumer,United States,Pueblo,Colorado,81001.0,West,OFF-AP-10004487,Office Supplies,Appliances,Kensington 4 Outlet MasterPiece Compact Power Control Center,845.728,13.0,0.2,84.5728,CRM,Approved,Urgent
1297.0,CA-2017-115427,12/30/2017,1/3/2018,Standard Class,EB-13975,Erica Bern,Corporate,United States,Fairfield,California,94533.0,West,OFF-BI-10002103,Office Supplies,Binders,"Cardinal Slant-D Ring Binder, Heavy Gauge Vinyl",13.904,2.0,0.2,4.5188,ERP,,
1298.0,CA-2017-115427,12/30/2017,1/3/2018,Standard Class,EB-13975,Erica Bern,Corporate,United States,Fairfield,CA,94533.0,West,OFF-BI-10004632,Office Supplies,Binders,GBC Binding covers,20.72,2.0,0.2,6.475,Legacy,Pending,
1299.0,CA-2016-134425,12/8/2016,12/12/2016,Second Class,QJ-19255,Quincy Jones,Corporate,United States,Saint Paul,Minnesota,55106.0,Central,TEC-PH-10003555,Technology,Phones,Motorola HK250 Universal Bluetooth Headset,114.95,5.0,0.0,2.299,Manual Upload,,
1300.0,CA-2015-121391,10/4/2015,10/7/2015,First Class,AA-10315,Alex Avila,Consumer,United States,San Francisco,California,94109.0,West,OFF-ST-10001590,Office Supplies,Storage,"Tenex Personal Project File with Scoop Front Design, Black",26.96,2.0,0.0,7.0096,Manual Upload,Approved,Check later
1301.0,CA-2016-137043,12/23/2016,12/25/2016,Second Class,LC-17140,Logan Currie,Consumer,United States,Springfield,Virginia,22153.0,South,FUR-FU-10003664,Furniture,Furnishings,"Electrix Architect's Clamp-On Swing Arm Lamp, Black",572.76,6.0,0.0,166.1004,CRM,Approved,
1302.0,CA-2016-137043,12/23/2016,12/25/2016,Second Class,LC-17140,Logan Currie,Consumer,United States,Springfield,Virginia,22153.0,South,FUR-FU-10003664,Furniture,Furnishings,"Electrix Architect's Clamp-On Swing Arm Lamp, Black",286.38,3.0,0.0,83.0502,CRM,,
1303.0,CA-2015-115847,9/19/2015,9/24/2015,Second Class,TC-21535,Tracy Collins,Home Office,United States,Arlington,Virginia,22204.0,South,FUR-BO-10003433,Furniture,Bookcases,Sauder Cornerstone Collection Library,61.96,2.0,0.0,4.3372,ERP,Pending,Check later
1304.0,US-2017-126179,7/3/2017,7/7/2017,Standard Class,CS-12460,Chuck Sachs,Consumer,United States,Columbus,Georgia,31907.0,South,FUR-FU-10002554,Furniture,Furnishings,"Westinghouse Floor Lamp with Metal Mesh Shade, Black",23.99,1.0,0.0,5.5177,ERP,,Check later
1305.0,US-2017-126179,7/3/2017,7/7/2017,Standard Class,CS-12460,Chuck Sachs,Consumer,United States,Columbus,Georgia,31907.0,South,TEC-PH-10001557,TECHNOLOGY,Phones,Pyle PMP37LED,287.97,3.0,0.0,77.7519,Manual Upload,Rejected,Urgent
1306.0,CA-2016-101966,7/14/2016,7/16/2016,Second Class,BM-11785,Bryan Mills,Consumer,United States,Houston,Texas,77036.0,Central,TEC-PH-10003437,TECHNOLOGY,Phones,Blue Parrot B250XT Professional Grade Wireless Bluetooth Headset with,419.944,7.0,0.2,52.493,CRM,Approved,Duplicate?
1307.0,CA-2016-141397,6/20/2016,6/21/2016,First Class,RC-19825,Roy Collins,Consumer,United States,Pasadena,California,91104.0,West,OFF-PA-10002986,Office Supplies,Paper,Xerox 1898,46.76,7.0,0.0,22.4448,ERP,Rejected,
1308.0,CA-2016-141397,6/20/2016,6/21/2016,First Class,RC-19825,Roy Collins,Consumer,United States,Pasadena,California,91104.0,West,OFF-BI-10000320,Office Supplies,Binders,GBC Plastic Binding Combs,17.712,3.0,0.2,6.4206,Legacy,,
1309.0,CA-2016-141397,6/20/2016,6/21/2016,First Class,RC-19825,Roy Collins,Consumer,United States,Pasadena,California,91104.0,West,OFF-AP-10003971,Office Supplies,Appliances,Belkin 6 Outlet Metallic Surge Strip,21.78,2.0,0.0,5.6628,ERP,,
1310.0,CA-2016-141397,6/20/2016,6/21/2016,First Class,RC-19825,Roy Collins,Consumer,United States,Pasadena,California,91104.0,West,OFF-ST-10001469,Office Supplies,Storage,Fellowes Bankers Box Recycled Super Stor/Drawer,161.94,3.0,0.0,9.7164,CRM,Pending,
1311.0,CA-2016-141397,6/20/2016,6/21/2016,First Class,RC-19825,Roy Collins,Consumer,United States,Pasadena,California,91104.0,West,FUR-CH-10003846,Furniture,Chairs,Hon Valutask Swivel Chairs,161.568,2.0,0.2,-8.0784,Legacy,Rejected,Urgent
1312.0,CA-2016-141082,12/9/2016,12/13/2016,Standard Class,FM-14380,Fred McMath,Consumer,United States,Lawrence,Massachusetts,1841.0,East,OFF-LA-10001404,Office Supplies,Labels,Avery 517,3.69,1.0,0.0,1.7343,CRM,Rejected,Duplicate?
1313.0,CA-2016-141082,12/9/2016,12/13/2016,Standard Class,FM-14380,Fred McMath,Consumer,United States,Lawrence,Massachusetts,1841.0,East,OFF-LA-10001474,Office Supplies,Labels,Avery 477,122.12,4.0,0.0,56.1752,Legacy,,Urgent
1314.0,US-2016-134488,9/24/2016,10/1/2016,Standard Class,PK-19075,Pete Kriz,Consumer,United States,Columbus,Ohio,43229.0,East,FUR-CH-10003199,Furniture,Chairs,Office Star - Contemporary Task Swivel Chair,155.372,2.0,0.3,-13.3176,CRM,Pending,Check later
1315.0,CA-2016-145919,12/18/2016,12/23/2016,Standard Class,HG-14965,Henry Goldwyn,Corporate,United States,Los Angeles,California,90032.0,West,OFF-PA-10003072,Office Supplies,Paper,"Eureka Recycled Copy Paper 8 1/2"" x 11"", Ream",38.88,6.0,0.0,18.6624,Manual Upload,Pending,
1316.0,CA-2016-145919,12/18/2016,12/23/2016,Standard Class,HG-14965,Henry Goldwyn,Corporate,United States,Los Angeles,Cali,90032.0,West,FUR-FU-10004960,Furniture,Furnishings,"Seth Thomas 12"" Clock w/ Goldtone Case",183.84,8.0,0.0,62.5056,CRM,Pending,Check later
1317.0,CA-2016-145919,12/18/2016,12/23/2016,Standard Class,HG-14965,Henry Goldwyn,Corporate,United States,Los Angeles,California,90032.0,West,OFF-SU-10003505,Office Supplies,Supplies,Premier Electric Letter Opener,579.3,5.0,0.0,28.965,Legacy,Rejected,
1318.0,CA-2017-157651,12/10/2017,12/14/2017,Standard Class,HA-14920,Helen Andreada,Consumer,United States,Philadelphia,Pennsylvania,19120.0,East,TEC-AC-10003116,Technology,Accessories,Memorex Froggy Flash Drive 8 GB,14.2,1.0,0.2,3.3725,Legacy,Approved,
1319.0,CA-2014-160773,7/1/2014,7/5/2014,Standard Class,LW-16825,Laurel Workman,Corporate,United States,Deltona,Florida,32725.0,South,TEC-PH-10004586,Technology,Phones,Wilson SignalBoost 841262 DB PRO Amplifier Kit,575.92,2.0,0.2,71.99,Manual Upload,Rejected,Duplicate?
1320.0,CA-2014-160773,7/1/2014,2014-07-05,Standard Class,LW-16825,Laurel Workman,Corporate,United States,Deltona,Florida,32725.0,South,OFF-BI-10000546,Office Supplies,Binders,Avery Durable Binders,5.184,6.0,0.7,-3.6288,Manual Upload,Approved,Urgent
1321.0,CA-2017-167703,2/3/2017,2/8/2017,Standard Class,MC-17575,Matt Collins,Consumer,United States,Cincinnati,Ohio,,East,OFF-BI-10002071,Office Supplies,Binders,Fellowes Black Plastic Comb Bindings,5.229,3.0,0.7,-4.1832,Manual Upload,Pending,Duplicate?
1322.0,CA-2017-167703,2/3/2017,08/02/2017,Standard Class,MC-17575,Matt Collins,Consumer,United States,Cincinnati,Ohio,45231.0,East,OFF-ST-10001490,Office Supplies,Storage,"Hot File 7-Pocket, Floor Stand",285.552,2.0,0.2,35.694,ERP,Pending,Check later
1323.0,CA-2017-121804,3/3/2017,3/8/2017,Standard Class,LP-17095,Liz Preis,Consumer,United States,Murray,Kentucky,42071.0,South,OFF-AP-10004859,Office Supplies,Appliances,Acco 6 Outlet Guardian Premium Surge Suppressor,72.8,5.0,0.0,19.656,Manual Upload,Approved,Duplicate?
1324.0,CA-2017-162635,10/9/2017,10/10/2017,First Class,EB-14170,Evan Bailliet,Consumer,United States,Wilmington,North Carolina,28403.0,South,OFF-PA-10002659,Office Supplies,Paper,Avoid Verbal Orders Carbonless Minifold Book,10.816,4.0,0.2,3.5152,Manual Upload,Rejected,
1325.0,CA-2014-107153,9/28/2014,10/3/2014,Standard Class,GZ-14545,George Zrebassa,Corporate,United States,Lawrence,Massachusetts,1841.0,East,OFF-ST-10001321,Office Supplies,Storage,"Decoflex Hanging Personal Folder File, Blue",46.26,3.0,0.0,12.4902,ERP,Approved,Duplicate?
1326.0,US-2014-117058,5/27/2014,5/30/2014,First Class,LE-16810,Laurel Elliston,Consumer,United States,Chicago,Illinois,60653.0,Central,OFF-BI-10004139,Office Supplies,Binders,Fellowes Presentation Covers for Comb Binding Machines,17.46,6.0,0.8,-30.555,CRM,,
1327.0,CA-2015-120439,6/14/2015,6/18/2015,Standard Class,AD-10180,Alan Dominguez,Home Office,United States,Philadelphia,Pennsylvania,19120.0,East,FUR-FU-10001867,Furniture,Furnishings,"Eldon Expressions Punched Metal & Wood Desk Accessories, Pewter & Cherry",51.072,6.0,0.2,5.1072,Legacy,Pending,Duplicate?
1328.0,CA-2016-128258,3/30/2016,4/1/2016,First Class,CP-12085,Cathy Prescott,Corporate,United States,Norwich,Connecticut,6360.0,East,OFF-PA-10004156,Office Supplies,Paper,Xerox 188,11.34,1.0,0.0,5.5566,CRM,Rejected,
1329.0,CA-2017-106033,10/15/2017,10/18/2017,Second Class,FG-14260,Frank Gastineau,Home Office,United States,San Francisco,California,94110.0,West,OFF-AR-10002818,Office Supplies,Art,Panasonic KP-310 Heavy-Duty Electric Pencil Sharpener,87.92,4.0,0.0,26.376,CRM,Approved,Duplicate?
1330.0,CA-2016-142762,5/23/2016,5/27/2016,Standard Class,LD-17005,Lisa DeCherney,Consumer,United States,San Francisco,California,94109.0,West,FUR-FU-10003691,Furniture,Furnishings,"Eldon Image Series Desk Accessories, Ebony",37.05,3.0,0.0,16.302,CRM,Approved,Duplicate?
1331.0,CA-2017-127705,6/2/2017,6/6/2017,Standard Class,AB-10255,Alejandro Ballentine,Home Office,United States,Lorain,Ohio,44052.0,East,TEC-PH-10000347,Technology,Phones,Cush Cases Heavy Duty Rugged Cover Case for Samsung Galaxy S5 - Purple,2.97,1.0,0.4,-0.6435,ERP,Approved,Urgent
1332.0,CA-2017-127705,6/2/2017,6/6/2017,Standard Class,AB-10255,Alejandro Ballentine,Home Office,United States,Lorain,Ohio,44052.0,East,OFF-ST-10004507,Office Supplies,Storage,Advantus Rolling Storage Box,27.44,2.0,0.2,2.401,CRM,Pending,
1333.0,CA-2014-122567,2/16/2014,2/21/2014,Standard Class,MN-17935,Michael Nguyen,Consumer,United States,Dallas,Texas,75220.0,Central,OFF-BI-10002012,Office Supplies,Binders,Wilson Jones Easy Flow II Sheet Lifters,1.08,3.0,0.8,-1.728,CRM,Approved,
1334.0,CA-2014-122567,2/16/2014,2/21/2014,Standard Class,MN-17935,Michael Nguyen,Consumer,United States,Dallas,Texas,75220.0,Central,OFF-AP-10001303,Office Supplies,Appliances,"Holmes Cool Mist Humidifier for the Whole House with 8-Gallon Output per Day, Extended Life Filter",7.96,2.0,0.8,-13.93,Legacy,Approved,
1335.0,CA-2014-121664,5/6/2014,5/10/2014,Standard Class,HP-14815,Harold Pawlan,Home Office,United States,Los Angeles,California,90049.0,West,OFF-BI-10003684,Office Supplies,Binders,Wilson Jones Legal Size Ring Binders,140.736,8.0,0.2,52.776,Manual Upload,Rejected,
1336.0,CA-2016-122133,5/16/2016,5/23/2016,Standard Class,JR-15670,Jim Radford,Consumer,United States,Middletown,Connecticut,6457.0,East,OFF-ST-10002574,Office Supplies,Storage,"SAFCO Commercial Wire Shelving, Black",552.56,4.0,0.0,0.0,ERP,Approved,Urgent
1337.0,US-2017-123281,4/2/2017,4/7/2017,Standard Class,JF-15190,Jamie Frazer,Consumer,United States,Los Angeles,California,90008.0,West,FUR-FU-10003724,Furniture,Furnishings,Westinghouse Clip-On Gooseneck Lamps,25.11,3.0,0.0,6.5286,Legacy,Pending,Urgent
1338.0,CA-2017-100524,3/31/2017,4/2/2017,Second Class,CM-12115,Chad McGuire,Consumer,United States,New York City,New York,10011.0,East,FUR-FU-10004018,Furniture,Furnishings,Tensor Computer Mounted Lamp,29.78,2.0,0.0,8.0406,CRM,Approved,
1339.0,CA-2017-100524,3/31/2017,4/2/2017,Second Class,CM-12115,Chad McGuire,Consumer,United States,New York City,New York,10011.0,east,TEC-PH-10002549,Technology,Phones,Polycom SoundPoint IP 450 VoIP phone,677.58,3.0,0.0,176.1708,Manual Upload,,Duplicate?
1340.0,CA-2017-100524,3/31/2017,4/2/2017,Second Class,CM-12115,Chad McGuire,Consumer,United States,New York City,New York,10011.0,East,OFF-PA-10004911,Office Supplies,Paper,"Rediform S.O.S. 1-Up Phone Message Bk, 4-1/4x3-1/16 Bk, 1 Form/Pg, 40 Messages/Bk, 3/Pk",75.04,8.0,0.0,36.0192,CRM,Rejected,
1341.0,CA-2017-113481,1/2/2017,1/4/2017,First Class,AS-10045,Aaron Smayling,Corporate,United States,Jacksonville,North Carolina,28540.0,South,TEC-MA-10002178,Technology,Machines,Cisco CP-7937G Unified IP Conference Station Phone,695.7,2.0,0.5,-27.828,ERP,Rejected,Check later
1342.0,CA-2017-113481,1/2/2017,1/4/2017,First Class,AS-10045,Aaron Smayling,Corporate,United States,Jacksonville,North Carolina,28540.0,South,OFF-BI-10003694,Office Supplies,Binders,"Avery 3 1/2"" Diskette Storage Pages, 10/Pack",15.66,5.0,0.7,-12.528,CRM,Pending,
1343.0,CA-2017-113481,1/2/2017,1/4/2017,First Class,AS-10045,Aaron Smayling,Corporate,United States,Jacksonville,North Carolina,28540.0,South,OFF-BI-10000474,Office Supplies,Binders,Avery Recycled Flexi-View Covers for Binding Systems,28.854,6.0,0.7,-21.1596,Legacy,Rejected,Duplicate?
1344.0,CA-2015-131758,5/28/2015,6/1/2015,Standard Class,KB-16315,Karl Braun,Consumer,United States,Freeport,New York,11520.0,East,OFF-AR-10000411,Office Supplies,Art,Boston 16701 Slimline Battery Pencil Sharpener,47.82,3.0,0.0,14.346,ERP,Rejected,
1345.0,CA-2015-131758,5/28/2015,6/1/2015,Standard Class,KB-16315,Karl Braun,Consumer,United States,Freeport,New York,11520.0,East,OFF-LA-10000262,Office Supplies,Labels,Avery 494,13.05,5.0,0.0,6.003,Manual Upload,Pending,Check later
1346.0,CA-2014-118339,3/17/2014,3/24/2014,Standard Class,BN-11515,Bradley Nguyen,Consumer,United States,Lakeville,Minnesota,55044.0,Central,OFF-AP-10001154,Office Supplies,Appliances,Bionaire Personal Warm Mist Humidifier/Vaporizer,93.78,2.0,0.0,36.5742,CRM,Approved,Urgent
1347.0,CA-2014-118339,3/17/2014,3/24/2014,Standard Class,BN-11515,Bradley Nguyen,Consumer,United States,Lakeville,Minnesota,55044.0,Central,OFF-PA-10000466,Office Supplies,Paper,"Memo Book, 100 Message Capacity, 5 3/8 x 11",47.18,7.0,0.0,23.59,CRM,Pending,Duplicate?
1348.0,CA-2014-118339,3/17/2014,3/24/2014,Standard Class,BN-11515,Bradley Nguyen,Consumer,United States,Lakeville,Minnesota,55044.0,Central,OFF-AR-10003829,Office Supplies,Art,Newell 35,19.68,6.0,0.0,5.7072,ERP,,Duplicate?
1349.0,CA-2014-118339,3/17/2014,3/24/2014,Standard Class,BN-11515,Bradley Nguyen,Consumer,United States,Lakeville,Minnesota,55044.0,Central,OFF-BI-10001758,Office Supplies,Binders,Wilson Jones 14 Line Acrylic Coated Pressboard Data Binders,53.4,10.0,0.0,25.098,CRM,Approved,Check later
1350.0,CA-2014-118339,3/17/2014,Mar 24 2014,Standard Class,BN-11515,Bradley Nguyen,Consumer,United States,Lakeville,Minnesota,55044.0,Central,OFF-BI-10000136,Office Supplies,Binders,Avery Non-Stick Heavy Duty View Round Locking Ring Binders,35.88,6.0,0.0,17.2224,CRM,Rejected,Urgent
1351.0,CA-2014-153976,10/3/2014,10/8/2014,Second Class,BP-11290,Beth Paige,Consumer,United States,Evanston,Illinois,60201.0,Central,FUR-CH-10002880,Furniture,Chairs,"Global High-Back Leather Tilter, Burgundy",258.279,3.0,0.3,-70.1043,Manual Upload,Pending,Duplicate?
1352.0,CA-2016-162901,3/28/2016,3/31/2016,First Class,AS-10045,Aaron Smayling,Corporate,United States,Arlington,Virginia,22204.0,South,OFF-ST-10000649,Office Supplies,Storage,Hanging Personal Folder File,31.4,2.0,0.0,7.85,CRM,Rejected,
1353.0,CA-2017-162978,5/4/2017,5/9/2017,Standard Class,LW-16990,Lindsay Williams,Corporate,United States,San Francisco,California,94109.0,West,TEC-PH-10003092,Technology,Phones,Motorola L804,183.96,5.0,0.2,20.6955,Legacy,Approved,
1354.0,CA-2017-162978,5/4/2017,5/9/2017,Standard Class,LW-16990,Lindsay Williams,Corporate,United States,San Francisco,California,94109.0,West,OFF-PA-10002250,Office Supplies,Paper,Things To Do Today Pad,17.61,3.0,0.0,8.4528,CRM,,
1355.0,CA-2017-162978,5/4/2017,5/9/2017,Standard Class,LW-16990,Lindsay Williams,Corporate,United States,San Francisco,California,94109.0,West,FUR-TA-10003473,Furniture,Tables,Bretford Rectangular Conference Table Tops,300.904,1.0,0.2,11.2839,Manual Upload,Approved,Urgent
1356.0,US-2014-160444,7/5/2014,7/5/2014,Same Day,DC-12850,Dan Campbell,Consumer,United States,Houston,Texas,77036.0,Central,OFF-ST-10001522,Office Supplies,Storage,"Gould Plastics 18-Pocket Panel Bin, 34w x 5-1/4d x 20-1/2h",220.776,3.0,0.2,-44.1552,ERP,,
1357.0,US-2014-160444,7/5/2014,7/5/2014,Same Day,DC-12850,Dan Campbell,Consumer,United States,Houston,Texas,77036.0,Central,OFF-ST-10000563,Office Supplies,Storage,Fellowes Bankers Box Stor/Drawer Steel Plus,281.424,11.0,0.2,-35.178,CRM,,Duplicate?
1358.0,CA-2016-145247,5/5/2016,5/7/2016,First Class,ND-18370,Natalie DeCherney,Consumer,United States,Louisville,Kentucky,40214.0,South,OFF-PA-10003641,Office Supplies,Paper,Xerox 1909,79.14,3.0,0.0,36.4044,ERP,,Urgent
1359.0,CA-2017-160045,4/26/2017,4/27/2017,First Class,LB-16735,Larry Blacks,Consumer,United States,Fort Worth,Texas,76106.0,Central,FUR-FU-10000010,Furniture,Furnishings,"DAX Value U-Channel Document Frames, Easel Back",1.988,1.0,0.6,-1.4413,ERP,,
1360.0,US-2014-151925,9/26/2014,10/1/2014,Second Class,KT-16465,Kean Takahito,Consumer,United States,Los Angeles,California,90049.0,West,FUR-CH-10002961,Furniture,Chairs,"Leather Task Chair, Black",145.568,2.0,0.2,0.0,CRM,Approved,Check later
1361.0,CA-2017-125199,10/19/2017,10/25/2017,Standard Class,HM-14860,Harry Marie,Corporate,United States,Philadelphia,Pennsylvania,19120.0,East,OFF-AR-10002956,Office Supplies,Art,Boston 16801 Nautilus Battery Pencil Sharpener,123.256,7.0,0.2,9.2442,Manual Upload,Approved,Check later
1362.0,CA-2017-125199,10/19/2017,10/25/2017,Standard Class,HM-14860,Harry Marie,Corporate,United States,Philadelphia,Pennsylvania,19120.0,East,OFF-PA-10004041,Office Supplies,Paper,"It's Hot Message Books with Stickers, 2 3/4"" x 5""",23.68,4.0,0.2,7.4,Manual Upload,Approved,Check later
1363.0,CA-2017-125199,10/19/2017,10/25/2017,Standard Class,HM-14860,Harry Marie,Corporate,United States,Philadelphia,Pennsylvania,19120.0,East,TEC-PH-10001336,Technology,Phones,Digium D40 VoIP phone,309.576,4.0,0.4,-56.7556,Manual Upload,,Urgent
1364.0,US-2017-155425,11/10/2017,11/11/2017,First Class,AB-10600,Ann Blume,Corporate,United States,Tucson,Arizona,85705.0,West,OFF-BI-10001036,Office Supplies,Binders,Cardinal EasyOpen D-Ring Binders,38.388,14.0,0.7,-25.592,CRM,Pending,
1365.0,US-2017-155425,11/10/2017,11/11/2017,First Class,AB-10600,Ann Blume,Corporate,United States,Tucson,Arizona,85705.0,West,TEC-MA-10003183,Technology,Machines,DYMO CardScan Personal V9 Business Card Scanner,95.994,2.0,0.7,-63.996,CRM,Approved,
1366.0,US-2017-155425,11/10/2017,11/11/2017,First Class,AB-10600,Ann Blume,Corporate,United States,Tucson,Arizona,85705.0,West,TEC-AC-10001314,Technology,Accessories,Case Logic 2.4GHz Wireless Keyboard,239.952,6.0,0.2,-35.9928,ERP,Rejected,Duplicate?
1367.0,US-2017-155425,11/10/2017,11/11/2017,First Class,AB-10600,Ann Blume,Corporate,United States,Tucson,Arizona,85705.0,West,TEC-PH-10002563,TECHNOLOGY,Phones,Adtran 1202752G1,201.584,2.0,0.2,15.1188,CRM,Approved,Urgent
1368.0,US-2017-155425,11/10/2017,11/11/2017,First Class,AB-10600,Ann Blume,Corporate,United States,Tucson,Arizona,85705.0,West,FUR-CH-10003312,Furniture,Chairs,Hon 2090 Pillow Soft Series Mid Back Swivel/Tilt Chairs,899.136,4.0,0.2,-146.1096,Legacy,Approved,Duplicate?
1369.0,CA-2017-133249,7/8/2017,7/11/2017,First Class,SZ-20035,Sam Zeldin,HOME OFFICE,United States,Pico Rivera,California,90660.0,West,FUR-FU-10001588,Furniture,Furnishings,"Deflect-o SuperTray Unbreakable Stackable Tray, Letter, Black",145.9,5.0,0.0,62.737,CRM,Rejected,Duplicate?
1370.0,US-2015-103471,12/24/2015,12/28/2015,Standard Class,JR-15670,Jim Radford,Consumer,United States,Colorado Springs,Colorado,80906.0,West,FUR-BO-10002613,Furniture,Bookcases,"Atlantic Metals Mobile 4-Shelf Bookcases, Custom Colors",590.058,7.0,0.7,-786.744,CRM,Pending,
1371.0,US-2015-103471,12/24/2015,12/28/2015,Standard Class,JR-15670,Jim Radford,Consumer,United States,Colorado Springs,Colorado,80906.0,West,OFF-AR-10003405,Office Supplies,Art,"Dixon My First Ticonderoga Pencil, #2",14.04,3.0,0.2,1.5795,Legacy,Pending,
1372.0,CA-2017-136672,3/7/2017,3/12/2017,Standard Class,MG-17890,Michael Granlund,Home Office,United States,Clinton,Maryland,20735.0,East,TEC-AC-10004510,Technology,Accessories,Logitech Desktop MK120 Mouse and keyboard Combo,49.08,3.0,0.0,4.908,Manual Upload,,Check later
1373.0,US-2014-157021,4/1/2014,4/6/2014,Second Class,KM-16720,Kunst Miller,Consumer,United States,Vallejo,California,94591.0,West,OFF-LA-10002312,Office Supplies,Labels,Avery 490,29.6,2.0,0.0,14.8,CRM,Approved,
1374.0,US-2014-157021,4/1/2014,4/6/2014,Second Class,KM-16720,Kunst Miller,Consumer,United States,Vallejo,California,94591.0,West,OFF-BI-10000042,Office Supplies,Binders,"Pressboard Data Binder, Crimson, 12"" X 8 1/2""",17.088,4.0,0.2,5.5536,ERP,,Urgent
1375.0,CA-2015-120362,9/14/2015,9/19/2015,Standard Class,CA-12265,Christina Anderson,Consumer,United States,Provo,Utah,84604.0,West,FUR-TA-10003008,Furniture ,Tables,"Lesro Round Back Collection Coffee Table, End Table",912.75,5.0,0.0,118.6575,ERP,,Duplicate?
1376.0,CA-2014-126361,8/4/2014,8/9/2014,Second Class,VD-21670,Valerie Dominguez,Consumer,United States,Pleasant Grove,Utah,84062.0,West,OFF-AP-10003590,Office Supplies,Appliances,Hoover WindTunnel Plus Canister Vacuum,1089.75,3.0,0.0,305.13,CRM,Pending,
1377.0,CA-2014-126361,8/4/2014,8/9/2014,Second Class,VD-21670,Valerie Dominguez,Consumer,United States,Pleasant Grove,Utah,84062.0,West,OFF-PA-10000806,Office Supplies,Paper,Xerox 1934,447.84,8.0,0.0,219.4416,Legacy,Rejected,Duplicate?
1378.0,CA-2014-126361,8/4/2014,8/9/2014,Second Class,VD-21670,Valerie Dominguez,consumer,United States,Pleasant Grove,Utah,84062.0,West,OFF-AR-10000896,Office Supplies,Art,Newell 329,16.4,5.0,0.0,4.264,CRM,Pending,Check later
1379.0,CA-2014-126361,8/4/2014,8/9/2014,Second Class,VD-21670,Valerie Dominguez,Consumer,United States,Pleasant Grove,Utah,84062.0,West,TEC-PH-10002310,Technology,Phones,Panasonic KX T7731-B Digital phone,399.96,5.0,0.2,34.9965,ERP,Rejected,Check later
1380.0,CA-2014-126361,08/04/2014,8/9/2014,Second Class,VD-21670,Valerie Dominguez,Consumer,United States,Pleasant Grove,Utah,84062.0,West,OFF-ST-10002289,Office Supplies,Storage,"Safco Wire Cube Shelving System, For Use as 4 or 5 14"" Cubes, Black",158.9,5.0,0.0,7.945,Manual Upload,Pending,
1381.0,CA-2014-126361,8/4/2014,8/9/2014,Second Class,VD-21670,Valerie Dominguez,Consumer,United States,Pleasant Grove,Utah,84062.0,West,OFF-BI-10002852,Office Supplies,Binders,Ibico Standard Transparent Covers,13.184,1.0,0.2,4.7792,ERP,,Duplicate?
1382.0,US-2016-100566,9/3/2016,9/9/2016,Standard Class,JK-16120,Julie Kriz,Home Office,United States,Aurora,Illinois,60505.0,Central,FUR-FU-10003394,Furniture,Furnishings,"Tenex ""The Solids"" Textured Chair Mats",83.952,3.0,0.6,-90.2484,Legacy,Pending,
1383.0,US-2016-108504,2/5/2016,2/5/2016,Same Day,PP-18955,Paul Prost,Home Office,United States,Smyrna,Georgia,30080.0,South,OFF-ST-10002344,Office Supplies,Storage,"Carina 42""Hx23 3/4""W Media Storage Unit",80.98,1.0,0.0,1.6196,CRM,Approved,Check later
1384.0,US-2016-108504,2/5/2016,2/5/2016,Same Day,PP-18955,Paul Prost,Home Office,United States,Smyrna,Georgia,30080.0,South,OFF-PA-10001289,Office Supplies,Paper,White Computer Printout Paper by Universal,348.84,9.0,0.0,170.9316,CRM,Pending,Urgent
1385.0,US-2016-108504,2/5/2016,2/5/2016,Same Day,PP-18955,Paul Prost,Home Office,United States,Smyrna,Georgia,30080.0,South,OFF-FA-10000053,Office Supplies,Fasteners,Revere Boxed Rubber Bands by Revere,9.45,5.0,0.0,0.189,Legacy,Pending,Urgent
1386.0,US-2016-108504,2/5/2016,2/5/2016,Same Day,PP-18955,Paul Prost,Home Office,United States,Smyrna,Georgia,30080.0,South,FUR-FU-10004091,Furniture,Furnishings,"Eldon 200 Class Desk Accessories, Black",18.84,3.0,0.0,7.1592,CRM,Pending,Duplicate?
1387.0,US-2016-108504,2/5/2016,2/5/2016,Same Day,PP-18955,Paul Prost,Home Office,United States,Smyrna,Georgia,30080.0,South,FUR-BO-10004015,Furniture,Bookcases,"Bush Andora Bookcase, Maple/Graphite Gray Finish",239.98,2.0,0.0,52.7956,ERP,Rejected,
1388.0,US-2016-108504,2/5/2016,2/5/2016,Same Day,PP-18955,Paul Prost,Home Office,United States,Smyrna,Georgia,30080.0,South,OFF-EN-10003001,Office Supplies,Envelopes,Ames Color-File Green Diamond Border X-ray Mailers,167.96,2.0,0.0,78.9412,ERP,Pending,Urgent
1389.0,US-2016-108504,2/5/2016,2/5/2016,Same Day,PP-18955,Paul Prost,Home Office,United States,Smyrna,Georgia,30080.0,South,TEC-PH-10000215,Technology,Phones,Plantronics Cordless Phone Headset with In-line Volume - M214C,104.85,3.0,0.0,28.3095,Manual Upload,Rejected,Urgent
1390.0,US-2016-108504,2/5/2016,2/5/2016,Same Day,PP-18955,Paul Prost,Home Office,United States,Smyrna,Georgia,30080.0,South,TEC-PH-10003645,Technology,Phones,Aastra 57i VoIP phone,484.83,3.0,0.0,126.0558,Legacy,Rejected,
1391.0,US-2016-108504,2/5/2016,2/5/2016,Same Day,PP-18955,Paul Prost,Home Office,United States,Smyrna,Georgia,30080.0,South,OFF-PA-10000357,Office Supplies,Paper,"White Dual Perf Computer Printout Paper, 2700 Sheets, 1 Part, Heavyweight, 20 lbs., 14 7/8 x 11",122.97,3.0,0.0,60.2553,Manual Upload,Approved,Urgent
1392.0,US-2016-108504,2/5/2016,2/5/2016,Same Day,PP-18955,Paul Prost,Home Office,United States,Smyrna,Georgia,30080.0,South,OFF-ST-10004804,office_supplies,Storage,"Belkin 19"" Vented Equipment Shelf, Black",154.44,3.0,0.0,1.5444,ERP,Rejected,Duplicate?
1393.0,US-2016-108504,2/5/2016,2/5/2016,Same Day,PP-18955,Paul Prost,Home Office,United States,Smyrna,Georgia,30080.0,South,OFF-PA-10003892,Office Supplies,Paper,Xerox 1943,342.37,7.0,0.0,160.9139,Manual Upload,Approved,Check later
1394.0,CA-2017-124828,7/3/2017,7/4/2017,First Class,YS-21880,Yana Sorensen,Corporate,United States,Burlington,North Carolina,27217.0,South,OFF-AR-10003514,office supplies,Art,4009 Highlighters by Sanford,9.552,3.0,0.2,1.5522,CRM,Pending,Urgent
1395.0,US-2017-117247,10/9/2017,10/14/2017,Standard Class,CK-12760,Cyma Kinney,Corporate,United States,Aurora,Illinois,60505.0,Central,FUR-TA-10002958,Furniture,Tables,"Bevis Oval Conference Table, Walnut",652.45,5.0,0.5,-430.617,CRM,,Urgent
1396.0,US-2017-117247,10/9/2017,10/14/2017,Standard Class,CK-12760,Cyma Kinney,Corporate,United States,Aurora,Illinois,60505.0,Central,FUR-TA-10001676,Furniture,Tables,Hon 61000 Series Interactive Training Tables,66.645,3.0,0.5,-42.6528,CRM,,
1397.0,CA-2016-124485,11/24/2016,11/26/2016,First Class,NC-18340,Nat Carroll,Consumer,United States,New York City,New York,10035.0,East,OFF-BI-10000822,Office Supplies,Binders,"Acco PRESSTEX Data Binder with Storage Hooks, Light Blue, 9 1/2"" X 11""",17.216,4.0,0.2,6.0256,Legacy,Approved,Check later
1398.0,CA-2016-124485,11/24/2016,11/26/2016,First Class,NC-18340,nat carroll,Consumer,United States,New York City,New York,10035.0,East,OFF-PA-10004971,Office Supplies,Paper,Xerox 196,11.56,2.0,0.0,5.6644,CRM,Pending,
1399.0,CA-2016-124485,11/24/2016,11/26/2016,First Class,NC-18340,Nat Carroll,Consumer,United States,New York City,New York,10035.0,East,TEC-AC-10002323,Technology,Accessories,SanDisk Ultra 32 GB MicroSDHC Class 10 Memory Card,88.4,4.0,0.0,11.492,ERP,Approved,Check later
1400.0,CA-2016-124485,11/24/2016,11/26/2016,First Class,NC-18340,Nat Carroll,Consumer,United States,New York City,New York,10035.0,East,OFF-PA-10004888,Office Supplies,Paper,Xerox 217,6.48,1.0,0.0,3.1104,ERP,Approved,
1401.0,CA-2016-159212,11/1/2016,11/5/2016,Standard Class,KM-16375,Katherine Murray,Home Office,United States,Salem,Virginia,24153.0,South,TEC-PH-10003988,Technology,Phones,"LF Elite 3D Dazzle Designer Hard Case Cover, Lf Stylus Pen and Wiper For Apple Iphone 5c Mini Lite",21.8,2.0,0.0,6.104,Legacy,Pending,
1402.0,CA-2016-159212,11/1/2016,11/5/2016,Standard Class,KM-16375,Katherine Murray,Home Office,United States,Salem,Virginia,24153.0,South,OFF-EN-10002230,Office Supplies,Envelopes,Airmail Envelopes,251.79,3.0,1.5,118.3413,ERP,,
1403.0,US-2016-161396,4/19/2016,4/25/2016,Standard Class,GM-14455,Gary Mitchum,Home Office,United States,Columbus,Ohio,43229.0,East,FUR-TA-10002622,Furniture,Tables,"Bush Andora Conference Table, Maple/Graphite Gray Finish",205.176,2.0,0.4,-58.1332,Legacy,Rejected,Urgent
1404.0,US-2016-161396,4/19/2016,4/25/2016,Standard Class,GM-14455,Gary Mitchum,Home Office,United States,Columbus,Ohio,43229.0,East,OFF-PA-10000418,Office Supplies,Paper,Xerox 189,419.4,5.0,0.2,146.79,ERP,Rejected,
1405.0,US-2014-118486,4/6/2014,4/8/2014,First Class,SD-20485,Shirley Daniels,Home Office,United States,Philadelphia,Pennsylvania,19143.0,East,OFF-SU-10004498,Office Supplies,Supplies,Martin-Yale Premier Letter Opener,10.304,1.0,0.2,-2.1896,Legacy,,
1406.0,US-2014-118486,4/6/2014,4/8/2014,First Class,SD-20485,Shirley Daniels,Home Office,United States,Philadelphia,Pennsylvania,19143.0,East,FUR-TA-10001039,Furniture,Tables,KI Adjustable-Height Table,154.764,3.0,0.4,-36.1116,CRM,Approved,Urgent
1407.0,US-2014-118486,4/6/2014,4/8/2014,First Class,SD-20485,Shirley Daniels,Home Office,United States,Philadelphia,Pennsylvania,19143.0,East,TEC-AC-10004659,Technology,Accessories,Imation Secure+ Hardware Encrypted USB 2.0 Flash Drive; 16GB,116.784,2.0,0.2,21.897,Manual Upload,Pending,Check later
1408.0,CA-2016-130407,9/2/2016,9/6/2016,Standard Class,KD-16270,Karen Daniels,Consumer,United States,New York City,New York,10024.0,East,OFF-AR-10002240,Office Supplies,Art,Panasonic KP-150 Electric Pencil Sharpener,75.48,2.0,0.0,19.6248,Manual Upload,Rejected,Duplicate?
1409.0,CA-2016-130407,9/2/2016,9/6/2016,Standard Class,KD-16270,Karen Daniels,Consumer,United States,New York City,New York,10024.0,East,FUR-FU-10001967,Furniture,Furnishings,Telescoping Adjustable Floor Lamp,39.98,2.0,0.0,9.995,CRM,Rejected,Check later
1410.0,US-2016-122245,9/25/2016,9/30/2016,Standard Class,AB-10105,Adrian Barton,Consumer,United States,Phoenix,Arizona,85023.0,West,FUR-TA-10002356,Furniture,Tables,Bevis Boat-Shaped Conference Table,393.165,3.0,0.5,-204.4458,CRM,Rejected,
1411.0,CA-2017-105144,11/4/2017,11/11/2017,Standard Class,SZ-20035,Sam Zeldin,Home Office,United States,Grand Prairie,Texas,75051.0,Central,OFF-LA-10003923,Office Supplies,Labels,Alphabetical Labels for Top Tab Filing,23.68,2.0,0.2,8.88,ERP,Rejected,Check later
1412.0,CA-2016-136329,7/9/2016,7/13/2016,Standard Class,JD-15895,Jonathan Doherty,Corporate,United States,New York City,New York,10035.0,East,FUR-CH-10002335,Furniture,Chairs,Hon GuestStacker Chair,408.006,2.0,0.1,72.5344,Manual Upload,Approved,
1413.0,CA-2016-136329,7/9/2016,7/13/2016,Standard Class,JD-15895,Jonathan Doherty,Corporate,United States,New York City,New York,10035.0,East,FUR-FU-10000723,Furniture,Furnishings,"Deflect-o EconoMat Studded, No Bevel Mat for Low Pile Carpeting",165.28,4.0,0.0,14.8752,CRM,Pending,Urgent
1414.0,CA-2014-146640,6/30/2014,7/5/2014,Standard Class,HA-14905,Helen Abelman,Consumer,United States,New York City,New York,10024.0,East,OFF-BI-10002867,Office Supplies,Binders,GBC Recycled Regency Composition Covers,334.768,7.0,0.2,108.7996,Manual Upload,Approved,Check later
1415.0,CA-2017-115994,1/28/2017,1/31/2017,Second Class,BT-11305,Beth Thompson,Home Office,United States,Costa Mesa,California,92627.0,West,TEC-AC-10000580,Technology,Accessories,Logitech G13 Programmable Gameboard with LCD Display,239.97,3.0,0.0,26.3967,CRM,,
1416.0,CA-2017-115994,1/28/2017,1/31/2017,Second Class,BT-11305,Beth Thompson,Home Office,United States,Costa Mesa,California,92627.0,West,FUR-FU-10003976,Furniture,Furnishings,"DAX Executive Solid Wood Document Frame, Desktop or Hang, Mahogany, 5 x 7",37.74,3.0,0.0,12.8316,CRM,Approved,
1417.0,CA-2015-126697,9/21/2015,9/24/2015,First Class,SV-20815,Stuart Van,Corporate,United States,Houston,Texas,77041.0,Central,TEC-PH-10002922,Technology,Phones,ShoreTel ShorePhone IP 230 VoIP phone,946.344,7.0,0.2,118.293,Legacy,Approved,Check later
1418.0,CA-2015-126697,9/21/2015,9/24/2015,First Class,SV-20815,Stuart Van,Corporate,United States,Houston,Texas,77041.0,Central,TEC-AC-10004353,Technology,Accessories,Hypercom P1300 Pinpad,151.2,3.0,0.2,32.13,Manual Upload,Rejected,
1419.0,CA-2015-126697,9/21/2015,9/24/2015,First Class,SV-20815,Stuart Van,Corporate,United States,Houston,Texas,77041.0,Central,FUR-FU-10001706,Furniture,Furnishings,Longer-Life Soft White Bulbs,4.928,4.0,0.6,-1.4784,ERP,,Check later
1420.0,CA-2015-124800,9/26/2015,9/30/2015,Standard Class,RW-19540,Rick Wilson,Corporate,United States,Mesa,Arizona,85204.0,West,OFF-PA-10000501,Office Supplies,Paper,Petty Cash Envelope,86.272,4.0,0.2,31.2736,Manual Upload,Approved,Check later
1421.0,CA-2015-124800,9/26/2015,9/30/2015,Standard Class,RW-19540,Rick Wilson,Corporate,United States,Mesa,Arizona,85204.0,West,OFF-BI-10000778,Office Supplies,Binders,GBC VeloBinder Electric Binding Machine,72.588,2.0,0.7,-48.392,ERP,Approved,Duplicate?
1422.0,CA-2015-124800,9/26/2015,9/30/2015,Standard Class,RW-19540,Rick Wilson,Corporate,United States,Mesa,Arizona,85204.0,West,OFF-AP-10004980,Office Supplies,Appliances,3M Replacement Filter for Office Air Cleaner for 20' x 33' Room,60.672,2.0,0.2,14.4096,Manual Upload,,
1423.0,CA-2015-124800,9/26/2015,9/30/2015,Standard Class,RW-19540,Rick Wilson,Corporate,United States,Mesa,Arizona,85204.0,West,OFF-BI-10003984,Office Supplies,Binders,Lock-Up Easel 'Spel-Binder',77.031,9.0,0.7,-59.0571,CRM,Rejected,
1424.0,CA-2015-124800,9/26/2015,9/30/2015,Standard Class,RW-19540,Rick Wilson,Corporate,United States,Mesa,Arizona,85204.0,West,OFF-ST-10000798,Office Supplies,Storage,2300 Heavy-Duty Transfer File Systems by Perma,119.904,6.0,0.2,-1.4988,Legacy,Rejected,
1425.0,CA-2015-124800,9/26/2015,9/30/2015,Standard Class,RW-19540,Rick Wilson,Corporate,United States,Mesa,Arizona,85204.0,West,TEC-PH-10001750,Technology,Phones,Samsung Rugby III,263.96,5.0,0.2,23.0965,ERP,Pending,Check later
1426.0,CA-2015-124800,9/26/2015,9/30/2015,Standard Class,RW-19540,Rick Wilson,Corporate,United States,Mesa,Arizona,85204.0,West,OFF-ST-10002743,Office Supplies,Storage,SAFCO Boltless Steel Shelving,363.648,4.0,0.2,-86.3664,ERP,Pending,Urgent
1427.0,US-2015-164448,10/31/2015,11/4/2015,Second Class,DK-12835,Damala Kotsonis,Corporate,United States,Salinas,California,93905.0,West,OFF-BI-10002949,Office Supplies,Binders,Prestige Round Ring Binders,9.728,2.0,0.2,3.2832,ERP,,Urgent
1428.0,US-2015-164448,10/31/2015,11/4/2015,Second Class,DK-12835,Damala Kotsonis,Corporate,United States,Salinas,California,93905.0,West,OFF-EN-10002600,Office Supplies,Envelopes,"Redi-Strip #10 Envelopes, 4 1/8 x 9 1/2",14.75,5.0,0.0,7.08,Legacy,Pending,
1429.0,US-2015-164448,10/31/2015,11/4/2015,Second Class,DK-12835,Damala Kotsonis,Corporate,United States,Salinas,California,93905.0,West,OFF-BI-10003708,Office Supplies,Binders,"Acco Four Pocket Poly Ring Binder with Label Holder, Smoke, 1""",29.8,5.0,0.2,9.3125,ERP,Rejected,Check later
1430.0,US-2015-164448,10/31/2015,11/4/2015,Second Class,DK-12835,Damala Kotsonis,Corporate,United States,Salinas,California,93905.0,West,OFF-LA-10003510,Office Supplies,Labels,"Avery 4027 File Folder Labels for Dot Matrix Printers, 5000 Labels per Box, White",427.42,14.0,0.0,196.6132,Manual Upload,Rejected,
1431.0,CA-2017-122700,11/26/2017,11/30/2017,Standard Class,LT-17110,Liz Thompson,Consumer,United States,Columbus,Ohio,43229.0,East,TEC-PH-10003092,Technology,Phones,Motorola L804,220.752,8.0,0.4,-40.4712,Legacy,,Urgent
1432.0,CA-2014-120768,12/19/2014,12/21/2014,Second Class,IM-15070,Irene Maddox,Consumer,United States,Florence,Alabama,35630.0,South,OFF-BI-10001191,Office Supplies,Binders,Canvas Sectional Post Binders,152.76,6.0,0.99,74.8524,ERP,Pending,Urgent
1433.0,CA-2014-120768,12/19/2014,12/21/2014,Second Class,IM-15070,Irene Maddox,Consumer,United States,Florence,Alabama,35630.0,South,OFF-SU-10004115,Office Supplies,Supplies,Acme Stainless Steel Office Snips,7.27,1.0,0.0,1.9629,CRM,,
1434.0,CA-2014-120768,12/19/2014,12/21/2014,Second Class,IM-15070,Irene Maddox,Consumer,United States,Florence,Alabama,35630.0,South,FUR-CH-10000513,Furniture,Chairs,High-Back Leather Manager's Chair,1819.86,14.0,0.0,163.7874,Manual Upload,,Urgent
1435.0,US-2016-153129,12/26/2016,12/30/2016,Standard Class,FP-14320,Frank Preis,Consumer,United States,Seattle,Washington,98105.0,West,OFF-PA-10003673,Office Supplies,Paper,Strathmore Photo Mount Cards,0.0,5.0,0.0,15.594,ERP,,Check later
1436.0,CA-2017-106852,6/20/2017,6/27/2017,Standard Class,ST-20530,Shui Tom,Consumer,United States,Parma,Ohio,44134.0,East,OFF-PA-10001639,Office Supplies,Paper,Xerox 203,31.104,6.0,0.2,10.8864,Legacy,Approved,
1437.0,CA-2017-106852,6/20/2017,6/27/2017,Standard Class,ST-20530,Shui Tom,Consumer,United States,Parma,Ohio,44134.0,East,OFF-AR-10003829,Office Supplies,Art,Newell 35,5.248,2.0,0.2,0.5904,ERP,Pending,
1438.0,CA-2015-139731,10/15/2015,10/15/2015,Same Day,JE-15745,Joel Eaton,Consumer,United States,Amarillo,Texas,79109.0,Central,TEC-AC-10004975,Technology,Accessories,Plantronics Audio 995 Wireless Stereo Headset,263.88,3.0,0.2,42.8805,CRM,Approved,
1439.0,CA-2015-139731,10/15/2015,10/15/2015,Same Day,JE-15745,Joel Eaton,Consumer,United States,Amarillo,Texas,79109.0,Central,FUR-CH-10002024,Furniture,Chairs,HON 5400 Series Task Chairs for Big and Tall,2453.43,5.0,0.3,-350.49,ERP,Pending,
1440.0,CA-2017-122735,4/12/2017,4/15/2017,Second Class,BD-11320,Bill Donatelli,Consumer,United States,Providence,Rhode Island,2908.0,East,OFF-BI-10004364,Office Supplies,Binders,Storex Dura Pro Binders,29.7,5.0,0.0,13.365,CRM,Rejected,Urgent
1441.0,CA-2017-122735,4/12/2017,4/15/2017,Second Class,BD-11320,Bill Donatelli,Consumer,United States,Providence,Rhode Island,2908.0,East,OFF-PA-10001712,Office Supplies,Paper,Xerox 1948,39.96,4.0,0.0,17.982,CRM,Pending,Check later
1442.0,CA-2017-128160,12/19/2017,12/24/2017,Second Class,MM-17920,Michael Moore,Consumer,United States,San Francisco,California,94110.0,West,OFF-BI-10001510,Office Supplies,Binders,Deluxe Heavy-Duty Vinyl Round Ring Binder,36.672,2.0,0.2,11.46,CRM,Rejected,
1443.0,CA-2017-117695,8/5/2017,8/8/2017,First Class,PW-19030,Pauline Webber,Corporate,United States,Richmond,Kentucky,40475.0,South,OFF-PA-10002713,Office Supplies,Paper,"Adams Phone Message Book, 200 Message Capacity, 8 1/16 x 11",13.76,2.0,0.0,6.3296,ERP,,
1444.0,CA-2015-166135,10/1/2015,10/6/2015,Standard Class,SC-20440,Shaun Chance,Corporate,United States,Aurora,Colorado,80013.0,West,OFF-ST-10002974,Office Supplies,Storage,"Trav-L-File Heavy-Duty Shuttle II, Black",139.424,4.0,0.2,17.428,Manual Upload,Approved,
1445.0,CA-2016-133725,5/23/2016,5/28/2016,Standard Class,KL-16645,Ken Lonsdale,Consumer,United States,Chicago,Illinois,60623.0,Central,TEC-PH-10004165,Technology,Phones,Mitel MiVoice 5330e IP Phone,1979.928,9.0,0.2,148.4946,Legacy,Pending,
1446.0,CA-2017-102337,6/13/2017,6/16/2017,First Class,SD-20485,Shirley Daniels,Home Office,United States,Chicago,Illinois,60653.0,Central,OFF-ST-10004804,Office Supplies,Storage,"Belkin 19"" Vented Equipment Shelf, Black",164.736,4.0,0.2,-39.1248,Legacy,,
1447.0,CA-2017-102337,6/13/2017,6/16/2017,1st Class,SD-20485,Shirley Daniels,Home Office,United States,Chicago,Illinois,60653.0,Central,FUR-CH-10004289,Furniture,Chairs,Global Super Steno Chair,470.302,7.0,0.3,-87.3418,CRM,,Urgent
1448.0,CA-2017-102337,6/13/2017,6/16/2017,First Class,SD-20485,SHIRLEY DANIELS,Home Office,United States,Chicago,Illinois,60653.0,Central,TEC-PH-10002564,Technology,Phones,OtterBox Defender Series Case - Samsung Galaxy S4,47.984,2.0,0.2,5.998,CRM,Pending,
1449.0,US-2014-112564,4/23/2014,4/24/2014,First Class,TS-21160,Theresa Swint,Corporate,United States,Philadelphia,Pennsylvania,19134.0,East,OFF-BI-10004876,Office Supplies,Binders,Wilson Jones Suede Grain Vinyl Binders,2.502,3.0,0.7,-1.7514,Manual Upload,Approved,Duplicate?
1450.0,CA-2015-145821,5/1/2015,5/7/2015,Standard Class,JB-15400,Jennifer Braxton,Corporate,United States,Los Angeles,California,90008.0,West,TEC-PH-10004348,Technology,Phones,OtterBox Defender Series Case - iPhone 5c,88.752,3.0,0.2,11.094,CRM,Approved,
1451.0,US-2015-160150,7/19/2015,7/20/2015,First Class,TS-21085,Thais Sissman,Consumer,United States,Phoenix,Arizona,85023.0,West,OFF-BI-10004352,Office Supplies,Binders,Wilson Jones DublLock D-Ring Binders,2.025,1.0,0.7,-1.35,Manual Upload,Approved,Urgent
1452.0,CA-2016-133711,11/26/2016,11/29/2016,First Class,MC-17425,Mark Cousins,Corporate,United States,Mobile,Alabama,36608.0,South,OFF-PA-10001685,Office Supplies,Paper,Easy-staple paper,70.98,7.0,0.0,34.7802,Manual Upload,Pending,Check later
1453.0,CA-2016-133711,11/26/2016,11/29/2016,First Class,MC-17425,Mark Cousins,Corporate,United States,Mobile,Alabama,36608.0,South,OFF-BI-10000666,Office Supplies,Binders,Surelock Post Binders,91.68,3.0,0.0,45.84,ERP,,
1454.0,CA-2016-133711,11/26/2016,11/29/2016,First Class,MC-17425,Mark Cousins,Corporate,United States,Mobile,Alabama,36608.0,South,OFF-BI-10004352,Office Supplies,Binders,Wilson Jones DublLock D-Ring Binders,33.75,5.0,0.0,16.875,Manual Upload,Rejected,
1455.0,CA-2016-133711,11/26/2016,11/29/2016,First Class,MC-17425,Mark Cousins,Corporate,United States,Mobile,Alabama,36608.0,South,TEC-MA-10000010,Technology,Machines,Hewlett-Packard Deskjet 3050a All-in-One Color Inkjet Printer,3040.0,8.0,0.0,1459.2,ERP,,Urgent
1456.0,CA-2017-148474,6/12/2017,6/19/2017,Standard Class,ME-17320,Maria Etezadi,Home Office,United States,Columbus,Georgia,31907.0,South,OFF-BI-10000977,Office Supplies,Binders,Ibico Plastic Spiral Binding Combs,91.2,3.0,0.0,41.952,Legacy,Rejected,Urgent
1457.0,CA-2017-148474,6/12/2017,6/19/2017,Standard Class,ME-17320,Maria Etezadi,Home Office,United States,Columbus,Georgia,31907.0,South,FUR-TA-10002530,Furniture,Tables,"Iceberg OfficeWorks 42"" Round Tables",452.94,3.0,0.0,67.941,CRM,Pending,
1458.0,CA-2015-111297,8/17/2015,8/21/2015,Standard Class,SC-20440,Shaun Chance,Corporate,United States,New Bedford,Massachusetts,2740.0,East,OFF-BI-10002412,Office Supplies,Binders,Wilson Jones Snap Scratch Pad Binder Tool for Ring Binders,52.2,9.0,0.0,23.49,Legacy,Approved,Urgent
1459.0,CA-2016-123722,9/25/2016,10/1/2016,Standard Class,NH-18610,Nicole Hansen,Corporate,United States,Irving,Texas,75061.0,Central,OFF-LA-10001569,Office Supplies,Labels,Avery 499,15.936,4.0,0.2,5.1792,ERP,Rejected,
1460.0,CA-2014-155271,5/4/2014,5/4/2014,Same Day,AA-10480,Andrew Allen,Consumer,United States,Middletown,Connecticut,6457.0,East,FUR-FU-10001473,Furniture,Furnishings,DAX Wood Document Frame,27.46,2.0,0.0,9.8856,Legacy,,Duplicate?
1461.0,CA-2015-119907,12/1/2015,12/8/2015,Standard Class,LC-17140,Logan Currie,Consumer,United States,Seattle,Washington,,West,OFF-BI-10001765,Office Supplies,Binders,Wilson Jones Heavy-Duty Casebound Ring Binders with Metal Hinges,55.424,2.0,0.2,19.3984,CRM,Rejected,Check later
1462.0,US-2016-128902,3/11/2016,3/15/2016,Standard Class,MB-18085,Mick Brown,Consumer,United States,Vineland,New Jersey,8360.0,East,FUR-TA-10001095,Furniture,Tables,Chromcraft Round Conference Tables,244.006,100.0,0.3,-31.3722,Manual Upload,Approved,
1463.0,CA-2016-152289,8/26/2016,8/28/2016,First Class,LC-16930,Linda Cazamias,Corporate,United States,Pasadena,Texas,77506.0,Central,TEC-AC-10004571,Technology,Accessories,Logitech G700s Rechargeable Gaming Mouse,159.984,2.0,0.2,43.9956,ERP,Rejected,Urgent
1464.0,CA-2016-152289,8/26/2016,8/28/2016,First Class,LC-16930,Linda Cazamias,Corporate,United States,Pasadena,Texas,77506.0,Central,FUR-CH-10002126,Furniture,Chairs,Hon Deluxe Fabric Upholstered Stacking Chairs,1024.716,6.0,0.3,-29.2776,Legacy,Pending,
1465.0,US-2016-104794,12/16/2016,12/19/2016,First Class,KD-16495,Keith Dawkins,Corporate,United States,New York City,New York,10009.0,East,OFF-FA-10001754,Office Supplies,Fasteners,Stockwell Gold Paper Clips,3.68,2.0,0.0,1.8032,CRM,Rejected,
1466.0,CA-2014-151708,8/8/2014,8/14/2014,Standard Class,MB-17305,Maria Bertelson,Consumer,United States,Glendale,Arizona,85301.0,West,FUR-FU-10001602,Furniture,Furnishings,"Eldon Delta Triangular Chair Mat, 52"" x 58"", Clear",121.376,4.0,0.2,-3.0344,Legacy,,Check later
1467.0,CA-2014-151708,8/8/2014,8/14/2014,Standard Class,MB-17305,Maria Bertelson,Consumer,United States,Glendale,Arizona,85301.0,West,TEC-AC-10001767,Technology,Accessories,SanDisk Ultra 64 GB MicroSDHC Class 10 Memory Card,95.976,3.0,0.2,-10.7973,CRM,,Duplicate?
1468.0,CA-2015-100769,5/16/2015,5/16/2015,Same Day,TH-21550,Tracy Hopkins,Home Office,United States,Jacksonville,Florida,32216.0,South,TEC-AC-10002402,Technology,Accessories,Razer Kraken PRO Over Ear PC and Music Headset,255.968,4.0,0.2,31.996,Manual Upload,Approved,
1469.0,CA-2017-139199,12/9/2017,12/13/2017,Standard Class,DK-12835,Damala Kotsonis,Corporate,United States,Detroit,Michigan,48234.0,Central,FUR-CH-10000847,Furniture,Chairs,Global Executive Mid-Back Manager's Chair,872.94,3.0,0.0,226.9644,ERP,Pending,
1470.0,CA-2017-139199,12/9/2017,12/13/2017,Standard Class,DK-12835,Damala Kotsonis,Corporate,United States,Detroit,Michigan,48234.0,Central,OFF-BI-10003982,Office Supplies,Binders,Wilson Jones Century Plastic Molded Ring Binders,41.54,2.0,0.0,19.5238,CRM,Approved,Duplicate?
1471.0,CA-2017-139199,12/9/2017,12/13/2017,Standard Class,DK-12835,Damala Kotsonis,Corporate,United States,Detroit,Michigan,48234.0,Central,OFF-PA-10001293,Office Supplies,Paper,Xerox 1946,12.96,2.0,0.0,6.2208,CRM,Approved,
1472.0,US-2015-161466,9/24/2015,9/27/2015,Second Class,ON-18715,Odella Nelson,Corporate,United States,Philadelphia,Pennsylvania,19120.0,East,OFF-AR-10000634,Office Supplies,Art,Newell 320,6.848,2.0,0.2,0.5992,ERP,Pending,Duplicate?
1473.0,CA-2017-164959,7/11/2017,7/15/2017,Standard Class,KN-16390,Katherine Nockton,Corporate,United States,Los Angeles,California,90004.0,West,OFF-LA-10004272,Office Supplies,Labels,Avery 482,8.67,3.0,0.0,4.0749,Legacy,Rejected,Duplicate?
1474.0,US-2015-105676,12/1/2015,12/2/2015,Same Day,NM-18520,Neoma Murray,Consumer,United States,Houston,Texas,77036.0,Central,FUR-FU-10004270,Furniture,Furnishings,"Eldon Image Series Desk Accessories, Burgundy",6.688,4.0,0.6,-4.0128,Legacy,Pending,Duplicate?
1475.0,CA-2016-113138,11/19/2016,11/25/2016,Standard Class,NP-18685,Nora Pelletier,Home Office,United States,Niagara Falls,New York,14304.0,East,OFF-AR-10003770,Office Supplies,Art,Newell 340,17.28,6.0,0.0,5.0112,CRM,,Duplicate?
1476.0,CA-2016-113138,11/19/2016,11/25/2016,Standard Class,NP-18685,Nora Pelletier,Home Office,United States,Niagara Falls,New York,14304.0,East,OFF-BI-10000320,Office Supplies,Binders,GBC Plastic Binding Combs,17.712,3.0,0.2,6.4206,CRM,Rejected,
1477.0,US-2017-104955,3/19/2017,3/24/2017,Standard Class,CG-12040,Catherine Glotzbach,Home Office,United States,New York City,New York,10024.0,East,OFF-LA-10003121,Office Supplies,Labels,Avery 506,28.91,7.0,0.0,13.2986,Legacy,Pending,
1478.0,CA-2016-121958,11/13/2016,11/17/2016,Standard Class,CS-12505,Cindy Stewart,Consumer,United States,Thomasville,North Carolina,27360.0,South,OFF-SU-10000381,Office Supplies,Supplies,Acme Forged Steel Scissors with Black Enamel Handles,52.136,7.0,0.2,5.8653,CRM,Pending,Urgent
1479.0,CA-2017-121468,11/19/2017,11/20/2017,First Class,KD-16345,Katherine Ducich,Consumer,United States,Westminster,California,92683.0,West,TEC-PH-10000376,Technology,Phones,Square Credit Card Reader,31.968,4.0,0.2,2.3976,ERP,,
1480.0,US-2016-108455,12/2/2016,12/8/2016,Standard Class,MK-18160,Mike Kennedy,Consumer,United States,San Francisco,California,94122.0,West,OFF-PA-10002262,Office Supplies,Paper,Xerox 192,25.92,4.0,0.0,12.4416,Legacy,Rejected,Urgent
1481.0,US-2016-108455,12/2/2016,12/8/2016,Standard Class,MK-18160,Mike Kennedy,Consumer,United States,San Francisco,California,94122.0,West,OFF-PA-10002464,Office Supplies,Paper,HP Office Recycled Paper (20Lb. and 87 Bright),40.46,7.0,0.0,19.8254,Legacy,Approved,
1482.0,US-2016-108455,12/2/2016,12/8/2016,Standard Class,MK-18160,Mike Kennedy,Consumer,United States,San Francisco,California,94122.0,West,OFF-ST-10002214,Office Supplies,Storage,X-Rack File for Hanging Folders,33.87,3.0,0.0,8.8062,Manual Upload,Rejected,Duplicate?
1483.0,CA-2017-101210,8/25/2017,8/28/2017,Second Class,DW-13540,Don Weiss,Consumer,United States,Jackson,Tennessee,38301.0,South,OFF-AR-10003560,Office Supplies,Art,Zebra Zazzle Fluorescent Highlighters,9.728,2.0,0.2,1.7024,CRM,Approved,
1484.0,CA-2017-101210,8/25/2017,8/28/2017,Second Class,DW-13540,Don Weiss,Consumer,United States,Jackson,Tennessee,38301.0,South,OFF-PA-10000130,Office Supplies,Paper,Xerox 199,3.424,1.0,0.2,1.07,Manual Upload,Pending,
1485.0,US-2016-108098,10/14/2016,10/18/2016,Standard Class,CP-12340,Christine Phan,Corporate,United States,Seattle,Washington,98115.0,West,TEC-AC-10000865,Technology,Accessories,WD My Passport Ultra 500GB Portable External Hard Drive,177.0,3.0,0.0,30.09,Legacy,Rejected,
1486.0,CA-2014-119032,11/27/2014,12/3/2014,Standard Class,MS-17770,Maxwell Schwartz,Consumer,United States,New York City,New York,10035.0,East,OFF-FA-10003021,Office Supplies,Fasteners,Staples,3.76,2.0,0.0,1.316,ERP,Rejected,
1487.0,CA-2015-140410,11/3/2015,11/7/2015,Standard Class,CM-12655,Corinna Mitchell,Home Office,United States,Los Angeles,California,90008.0,West,TEC-PH-10003580,Technology,Phones,Cisco IP Phone 7961G-GE VoIP phone,1212.848,7.0,0.2,106.1242,Manual Upload,Rejected,Urgent
1488.0,CA-2015-140410,11/3/2015,11/7/2015,Standard Class,CM-12655,Corinna Mitchell,Home Office,United States,Los Angeles,California,90008.0,West,TEC-AC-10001109,Technology,Accessories,Logitech Trackman Marble Mouse,89.97,3.0,0.0,37.7874,CRM,,
1489.0,CA-2015-140410,11/3/2015,11/7/2015,Standard Class,CM-12655,corinna mitchell,Home Office,United States,Los Angeles,California,90008.0,West,FUR-FU-10003347,Furniture,Furnishings,Coloredge Poster Frame,42.6,3.0,0.0,16.614,Manual Upload,Pending,Duplicate?
1490.0,CA-2014-136280,11/29/2014,12/6/2014,Standard Class,Co-12640,Corey-Lock,Consumer,United States,Philadelphia,Pennsylvania,19143.0,East,OFF-LA-10000452,Office Supplies,Labels,Avery 488,5.04,2.0,0.2,1.764,Legacy,Approved,Check later
1491.0,CA-2017-151911,4/30/2017,5/5/2017,Second Class,DL-13495,Dionis Lloyd,Corporate,United States,New York City,New York,10024.0,East,OFF-EN-10002986,Office Supplies,Envelopes,"#10-4 1/8"" x 9 1/2"" Premium Diagonal Seam Envelopes",62.96,4.0,0.0,28.332,Legacy,,Urgent
1492.0,CA-2017-166436,11/24/2017,11/28/2017,Standard Class,TS-21370,Todd Sumrall,Corporate,United States,New York City,New York,10035.0,East,OFF-PA-10001838,Office Supplies,Paper,"Adams Telephone Message Book W/Dividers/Space For Phone Numbers, 5 1/4""X8 1/2"", 300/Messages",5.88,1.0,0.0,2.8812,CRM,,
1493.0,CA-2017-166436,11/24/2017,11/28/2017,Standard Class,TS-21370,Todd Sumrall,Corporate,United States,New York City,New York,10035.0,East,FUR-CH-10000785,Furniture,Chairs,Global Ergonomic Managers Chair,977.292,6.0,0.1,173.7408,CRM,Approved,
1494.0,CA-2017-139661,10/30/2017,11/3/2017,Standard Class,JW-15220,Jane Waco,Corporate,United States,Vancouver,Washington,98661.0,West,FUR-FU-10002885,Furniture,Furnishings,Magna Visual Magnetic Picture Hangers,9.64,2.0,0.0,3.6632,ERP,,Duplicate?
1495.0,CA-2014-123925,12/17/2014,12/19/2014,Second Class,RF-19840,Roy Französisch,Consumer,United States,Columbus,Georgia,31907.0,South,OFF-AR-10002952,Office Supplies,Art,Stanley Contemporary Battery Pencil Sharpeners,40.05,3.0,0.0,11.214,Legacy,,
1496.0,CA-2017-152485,9/4/2017,9/8/2017,Standard Class,JD-15790,John Dryer ,Consumer,United States,Coppell,Texas,75019.0,Central,OFF-AR-10003759,Office Supplies,Art,"Crayola Anti Dust Chalk, 12/Pack",10.192,7.0,0.2,3.185,Legacy,Approved,Duplicate?
1497.0,CA-2017-152485,9/4/2017,9/8/2017,Standard Class,JD-15790,John Dryer,Consumer,United States,Coppell,Texas,75019.0,Central,OFF-ST-10004950,Office Supplies,Storage,Acco Perma 3000 Stacking Storage Drawers,16.784,1.0,0.2,-0.2098,Manual Upload,Rejected,Duplicate?
1498.0,CA-2017-152485,9/4/2017,9/8/2017,Standard Class,JD-15790,John Dryer,Consumer,United States,Coppell,Texas,75019.0,Central,OFF-AR-10001940,Office Supplies,Art,"Sanford Colorific Eraseable Coloring Pencils, 12 Count",13.12,5.0,0.2,3.772,ERP,Pending,
1499.0,CA-2016-141586,10/17/2016,10/20/2016,First Class,NK-18490,Neil Knudson,Home Office,United States,San Francisco,California,94122.0,West,OFF-BI-10003981,Office Supplies,Binders,"Avery Durable Plastic 1"" Binders",18.16,5.0,0.2,6.583,CRM,,
1500.0,CA-2017-130386,11/12/2017,11/18/2017,Standard Class,NG-18430,Nathan Gelder,Consumer,United States,Austin,Texas,78745.0,Central,OFF-PA-10002749,Office Supplies,Paper,"Wirebound Message Books, 5-1/2 x 4 Forms, 2 or 4 Forms per Page",16.056,3.0,0.2,5.8203,ERP,Approved,Urgent
1501.0,CA-2017-130386,11/12/2017,11/18/2017,Standard Class,NG-18430,Nathan Gelder,Consumer,United States,Austin,Texas,78745.0,Central,OFF-PA-10003823,Office Supplies,Paper,Xerox 197,223.056,9.0,0.2,69.705,Legacy,Pending,Urgent
1502.0,CA-2017-130386,11/12/2017,11/18/2017,Standard Class,NG-18430,Nathan Gelder,Consumer,United States,Austin,Texas,78745.0,Central,OFF-ST-10003716,Office Supplies,Storage,Tennsco Double-Tier Lockers,540.048,3.0,0.2,-47.2542,Manual Upload,Approved,
1503.0,CA-2016-100468,11/24/2016,12/1/2016,Standard Class,AT-10435,Alyssa Tate,Home Office,United States,Los Angeles,California,90045.0,West,TEC-PH-10001300,Technology,Phones,"iKross Bluetooth Portable Keyboard + Cell Phone Stand Holder + Brush for Apple iPhone 5S 5C 5, 4S 4",33.52,2.0,0.2,3.352,Legacy,Pending,Duplicate?
1504.0,CA-2016-100468,11/24/2016,12/1/2016,Standard Class,AT-10435,Alyssa Tate,Home Office,United States,los angeles ,California,90045.0,West,FUR-FU-10000010,Furniture,Furnishings,"DAX Value U-Channel Document Frames, Easel Back",9.94,2.0,0.0,3.0814,ERP,Pending,
1505.0,CA-2015-153388,8/1/2015,8/7/2015,Standard Class,PC-19000,Pauline Chand,Home Office,United States,Los Angeles,California,90004.0,West,OFF-AR-10001868,Office Supplies,Art,Prang Dustless Chalk Sticks,6.72,4.0,0.0,3.36,ERP,Pending,Check later
1506.0,CA-2015-153388,8/1/2015,8/7/2015,Standard Class,PC-19000,Pauline Chand,Home Office,United States,Los Angeles,California,90004.0,West,FUR-TA-10003715,Furniture,Tables,Hon 2111 Invitation Series Corner Table,1004.976,6.0,0.2,-175.8708,CRM,Pending,Urgent
1507.0,CA-2017-154935,12/24/2017,12/29/2017,Standard Class,AR-10540,Andy Reiter,Consumer,United States,New York City,New York,10024.0,East,OFF-BI-10003708,Office Supplies,Binders,"Acco Four Pocket Poly Ring Binder with Label Holder, Smoke, 1""",17.88,3.0,0.2,5.5875,Legacy,,Urgent
1508.0,CA-2016-134208,9/17/2016,9/23/2016,Standard Class,CS-12505,Cindy Stewart,Consumer,United States,Columbus,Georgia,31907.0,South,TEC-MA-10004458,Technology,Machines,Lexmark X 9575 Professional All-in-One Color Printer,396.0,4.0,0.0,190.08,Manual Upload,,Urgent
1509.0,CA-2017-108294,12/10/2017,12/10/2017,Same Day,LS-16975,Lindsay Shagiari,Home Office,United States,Omaha,Nebraska,68104.0,Central,OFF-BI-10004965,Office Supplies,Binders,Ibico Covers for Plastic or Wire Binding Elements,34.5,3.0,0.0,15.525,ERP,Approved,Urgent
1510.0,CA-2017-103611,9/12/2017,9/15/2017,First Class,JM-15535,Jessica Myrick,Consumer,United States,Los Angeles,California,90036.0,West,FUR-FU-10004270,Furniture,Furnishings,"Eldon Image Series Desk Accessories, Burgundy",8.36,2.0,0.0,3.0096,Legacy,,Duplicate?
1511.0,CA-2017-100384,6/24/2017,7/1/2017,Standard Class,NH-18610,Nicole Hansen,Corporate,United States,Pomona,California,91767.0,West,OFF-AR-10002135,Office Supplies,Art,Boston Heavy-Duty Trimline Electric Pencil Sharpeners,385.6,8.0,0.0,111.824,Legacy,,Duplicate?
1512.0,CA-2017-100384,6/24/2017,7/1/2017,Standard Class,NH-18610,Nicole Hansen,Corporate,United States,Pomona,california,91767.0,West,OFF-AR-10003514,Office Supplies,Art,4009 Highlighters by Sanford,35.82,9.0,0.0,11.8206,ERP,Approved,Urgent
1513.0,CA-2017-112809,8/18/2017,8/22/2017,Standard Class,RA-19915,Russell Applegate,Consumer,United States,Dallas,Texas,75220.0,Central,OFF-ST-10002276,Office Supplies,Storage,Safco Steel Mobile File Cart,200.064,3.0,0.2,12.504,CRM,Approved,
1514.0,CA-2017-112809,8/18/2017,8/22/2017,Standard Class,RA-19915,Russell Applegate,Consumer,United States,Dallas,Texas,75220.0,Central,OFF-BI-10001098,Office Supplies,Binders,Acco D-Ring Binder w/DublLock,21.38,5.0,0.8,-33.139,ERP,Pending,
1515.0,CA-2017-112809,8/18/2017,8/22/2017,Standard Class,RA-19915,Russell Applegate,Consumer,United States,Dallas,Texas,75220.0,Central,OFF-BI-10001636,Office Supplies,Binders,Ibico Plastic and Wire Spiral Binding Combs,6.744,4.0,0.8,-11.4648,ERP,Pending,
1516.0,US-2017-160759,12/11/2017,12/17/2017,Standard Class,AI-10855,Arianne Irving,Consumer,United States,Philadelphia,Pennsylvania,19120.0,East,FUR-CH-10002961,Furniture,Chairs,"Leather Task Chair, Black",63.686,1.0,0.3,-9.098,Legacy,Pending,
1517.0,CA-2017-148446,12/10/2017,12/14/2017,Second Class,MC-17845,Michael Chen,Consumer,United States,North Las Vegas,Nevada,89031.0,West,FUR-TA-10004256,Furniture,Tables,Bretford Just In Time Height-Adjustable Multi-Task Work Tables,1669.6,4.0,0.0,116.872,Legacy,Rejected,Urgent
1518.0,CA-2014-111059,2/3/2014,2/6/2014,Second Class,TB-21400,Tom Boeckenhauer,Consumer,United States,Seattle,Washington,98105.0,West,OFF-BI-10004593,Office Supplies,Binders,Ibico Laser Imprintable Binding System Covers,83.84,2.0,0.2,27.248,Manual Upload,Approved,
1519.0,CA-2014-111059,2/3/2014,2/6/2014,Second Class,TB-21400,Tom Boeckenhauer,Consumer,United States,Seattle,Washington,98105.0,West,OFF-BI-10002827,Office Supplies,Binders,Avery Durable Poly Binders,13.272,3.0,0.2,4.3134,Legacy,Pending,Duplicate?
1520.0,CA-2017-116204,2/11/2017,2/14/2017,Second Class,VW-21775,Victoria Wilson,Corporate,United States,San Francisco,California,94110.0,West,OFF-BI-10001759,Office Supplies,Binders,"Acco Pressboard Covers with Storage Hooks, 14 7/8"" x 11"", Dark Blue",21.336,7.0,0.2,7.7343,CRM,Approved,Check later
1521.0,CA-2017-109946,4/16/2017,4/21/2017,Standard Class,PL-18925,Paul Lucas,Home Office,United States,Chicago,Illinois,60610.0,Central,OFF-AR-10001419,Office Supplies,Art,Newell 325,16.52,5.0,0.2,2.065,CRM,Rejected,
1522.0,CA-2015-144806,12/6/2015,12/11/2015,Standard Class,GH-14425,Gary Hwang,Consumer,United States,Tucson,Arizona,85705.0,West,FUR-FU-10002253,Furniture,Furnishings,"Howard Miller 13"" Diameter Pewter Finish Round Wall Clock",206.112,6.0,0.2,48.9516,Manual Upload,,Check later
1523.0,CA-2015-144806,12/6/2015,12/11/2015,Standard Class,GH-14425,Gary Hwang,Consumer,United States,Tucson,Arizona,85705.0,West,OFF-PA-10002586,Office Supplies,Paper,Xerox 1970,19.92,5.0,0.2,6.723,Legacy,Approved,
1524.0,CA-2015-144806,12/6/2015,12/11/2015,Standard Class,GH-14425,Gary Hwang,Consumer,United States,Tucson,Arizona,85705.0,West,OFF-PA-10003039,Office Supplies,Paper,Xerox 1960,198.272,8.0,0.2,61.96,CRM,Rejected,Check later
1525.0,CA-2015-144806,12/6/2015,12/11/2015,Standard Class,GH-14425,Gary Hwang,Consumer,United States,Tucson,Arizona,85705.0,West,OFF-ST-10004804,Office Supplies,Storage,"Belkin 19"" Vented Equipment Shelf, Black",247.104,6.0,0.2,-58.6872,Legacy,Pending,
1526.0,CA-2015-144806,12/6/2015,12/11/2015,Standard Class,GH-14425,Gary Hwang,Consumer,United States,Tucson,Arizona,85705.0,West,OFF-AR-10004042,Office Supplies,Art,"BOSTON Model 1800 Electric Pencil Sharpeners, Putty/Woodgrain",86.304,6.0,0.2,9.7092,Legacy,Rejected,
1527.0,CA-2016-122392,7/22/2016,7/27/2016,Standard Class,CJ-12010,Caroline Jumper,Consumer,United States,Allentown,Pennsylvania,18103.0,East,OFF-AR-10002221,Office Supplies,Art,12 Colored Short Pencils,4.16,2.0,0.2,0.364,Legacy,Pending,
1528.0,CA-2016-122392,7/22/2016,7/27/2016,Standard Class,CJ-12010,Caroline Jumper,Consumer,United States,Allentown,Pennsylvania,18103.0,East,FUR-FU-10002456,Furniture,Furnishings,"Master Caster Door Stop, Large Neon Orange",11.648,2.0,0.2,3.3488,CRM,,Check later
1529.0,CA-2015-148432,11/7/2015,11/10/2015,Second Class,MC-18130,Mike Caudle,Corporate,United States,Newark,Delaware,19711.0,East,OFF-FA-10004968,Office Supplies,Fasteners,Rubber Band Ball,26.18,7.0,0.0,0.5236,Manual Upload,Pending,Duplicate?
1530.0,CA-2015-148432,11/7/2015,11/10/2015,Second Class,MC-18130,Mike Caudle,Corporate,United States,Newark,Delaware,19711.0,East,OFF-PA-10001274,Office Supplies,Paper,Loose Memo Sheets,7.3,2.0,0.0,3.431,CRM,Pending,Duplicate?
1531.0,CA-2015-103793,3/26/2015,3/31/2015,Standard Class,BV-11245,Benjamin Venier,Corporate,United States,Miami,Florida,33142.0,South,OFF-PA-10001125,Office Supplies,Paper,Xerox 1988,74.352,3.0,0.2,23.235,ERP,Rejected,Check later
1532.0,CA-2017-159884,8/31/2017,9/5/2017,Standard Class,JF-15490,Jeremy Farry,Consumer,United States,Tempe,Arizona,85281.0,West,OFF-ST-10000344,Office Supplies,Storage,"Neat Ideas Personal Hanging Folder Files, Black",10.744,1.0,0.2,0.8058,ERP,,Duplicate?
1533.0,CA-2017-159884,8/31/2017,9/5/2017,Standard Class,JF-15490,Jeremy Farry,Consumer,United States,Tempe,Arizona,85281.0,West,OFF-FA-10000585,Office Supplies,Fasteners,OIC Bulk Pack Metal Binder Clips,8.376,3.0,0.2,2.7222,CRM,Rejected,
1534.0,CA-2016-139885,12/4/2016,12/8/2016,Standard Class,EB-13840,Ellis Ballard,Corporate,United States,New York City,New York,10035.0,East,OFF-ST-10003324,Office Supplies,Storage,Belkin OmniView SE Rackmount Kit,212.88,6.0,0.0,0.0,ERP,Pending,Urgent
1535.0,CA-2017-124086,2/10/2017,2/14/2017,Standard Class,MP-18175,Mike Pelletier,Home Office,United States,Laguna Niguel,California,92677.0,West,FUR-BO-10004015,Furniture,Bookcases,"Bush Andora Bookcase, Maple/Graphite Gray Finish",203.983,2.0,0.15,16.7986,CRM,Approved,
1536.0,CA-2016-112389,10/29/2016,11/2/2016,Standard Class,JM-15655,Jim Mitchum,Corporate,United States,Bridgeton,New Jersey,8302.0,East,OFF-ST-10000419,Office Supplies,Storage,"Rogers Jumbo File, Granite",40.74,3.0,0.0,0.4074,Manual Upload,Pending,
1537.0,CA-2016-112389,10/29/2016,11/2/2016,Standard Class,JM-15655,Jim Mitchum,Corporate,United States,Bridgeton,New Jersey,8302.0,East,OFF-AP-10001626,Office Supplies,Appliances,"Commercial WindTunnel Clean Air Upright Vacuum, Replacement Belts, Filtration Bags",11.67,3.0,0.0,3.0342,Manual Upload,Pending,Check later
1538.0,CA-2017-121888,9/15/2017,9/17/2017,Second Class,CL-11890,Carl Ludwig,CONSUMER,United States,Everett,Massachusetts,2149.0,Est,TEC-PH-10000439,Technology,Phones,GE DSL Phone Line Filter,39.99,1.0,0.0,11.5971,Manual Upload,Pending,Duplicate?
1539.0,CA-2017-121888,9/15/2017,9/17/2017,Second Class,CL-11890,Carl Ludwig,Consumer,United States,Everett,Massachusetts,2149.0,East,OFF-AR-10003478,Office Supplies,Art,"Avery Hi-Liter EverBold Pen Style Fluorescent Highlighters, 4/Pack",16.28,2.0,0.0,6.512,CRM,Pending,Duplicate?
1540.0,CA-2017-121888,9/15/2017,9/17/2017,Second Class,CL-11890,Carl Ludwig,Consumer,United States,Everett,Massachusetts,2149.0,East,FUR-BO-10002545,Furniture,Bookcases,"Atlantic Metals Mobile 3-Shelf Bookcases, Custom Colors",782.94,3.0,0.0,203.5644,Legacy,Rejected,Check later
1541.0,CA-2017-121888,9/15/2017,9/17/2017,Second Class,CL-11890,Carl Ludwig,Consumer,United States,Everett,Massachusetts,2149.0,East,OFF-BI-10001765,Office Supplies,Binders,Wilson Jones Heavy-Duty Casebound Ring Binders with Metal Hinges,242.48,7.0,0.0,116.3904,ERP,,
1542.0,CA-2014-166884,3/11/2014,3/16/2014,Second Class,CK-12205,Chloris Kastensmidt,Consumer,United States,Columbus,Ohio,43229.0,East,FUR-FU-10003981,Furniture,Furnishings,Eldon Wave Desk Accessories,8.32,5.0,0.2,2.288,Manual Upload,Pending,Urgent
1543.0,CA-2014-166884,3/11/2014,3/16/2014,Second Class,CK-12205,Chloris Kastensmidt,Consumer,United States,Columbus,Ohio,43229.0,East,OFF-FA-10001561,Office Supplies,Fasteners,Stockwell Push Pins,10.464,6.0,0.2,1.7004,Manual Upload,Pending,
1544.0,CA-2014-107181,2/4/2014,2/8/2014,Standard Class,DB-13270,Deborah Brumfield,Home Office,United States,San Diego,California,92024.0,West,OFF-BI-10004230,Office Supplies,Binders,GBC Recycled Grain Textured Covers,82.896,3.0,0.2,29.0136,ERP,,Duplicate?
1545.0,CA-2014-107181,2/4/2014,2/8/2014,Standard Class,DB-13270,Deborah Brumfield,Home Office,United States,San Diego,California,92024.0,West,OFF-PA-10000350,Office Supplies,Paper,"Message Book, Standard Line ""While You Were Out"", 5 1/2"" X 4"", 200 Sets/Book",34.24,4.0,0.0,16.0928,CRM,Pending,
1546.0,CA-2014-150245,31-12-2014,1/4/2015,Second Class,PC-18745,Pamela Coakley,Corporate,United States,Watertown,New York,13601.0,East,FUR-BO-10002613,Furniture,Bookcases,"Atlantic Metals Mobile 4-Shelf Bookcases, Custom Colors",1573.488,7.0,0.2,196.686,Manual Upload,Rejected,
1547.0,CA-2015-111395,11/23/2015,11/27/2015,Standard Class,VB-21745,Victoria Brennan,Corporate,United States,San Antonio,Texas,78207.0,Central,OFF-PA-10000994,Office Supplies,Paper,Xerox 1915,335.52,4.0,0.2,117.432,Manual Upload,Pending,Duplicate?
1548.0,CA-2015-111395,11/23/2015,11/27/2015,Standard Class,VB-21745,Victoria Brennan,Corporate,United States,San Antonio,Texas,78207.0,Central,OFF-BI-10002867,Office Supplies,Binders,GBC Recycled Regency Composition Covers,23.912,2.0,0.8,-40.6504,Manual Upload,Pending,
1549.0,CA-2015-111395,11/23/2015,11/27/2015,Standard Class,VB-21745,Victoria Brennan,Corporate,United States,San Antonio,Texas,78207.0,Central,OFF-ST-10001291,Office Supplies,Storage,"Tenex Personal Self-Stacking Standard File Box, Black/Gray",27.056,2.0,0.2,2.3674,Manual Upload,,Duplicate?
1550.0,CA-2014-134278,7/6/2014,7/8/2014,First Class,EP-13915,Emily Phan,Consumer,United States,New York City,New York,10011.0,East,TEC-CO-10001046,Technology,Copiers,Canon Imageclass D680 Copier / Fax,559.992,1.0,0.2,174.9975,CRM,Rejected,
1551.0,US-2017-124926,11/13/2017,11/18/2017,Second Class,ME-17320,Maria Etezadi,Home Office,United States,Houston,Texas,77095.0,Central,OFF-AP-10004868,Office Supplies,Appliances,Hoover Commercial Soft Guard Upright Vacuum And Disposable Filtration Bags,9.324,6.0,0.8,-24.7086,CRM,Approved,Check later
1552.0,CA-2016-159345,6/17/2016,6/22/2016,Standard Class,IG-15085,Ivan Gibson,Consumer,United States,San Diego,California,92024.0,West,OFF-PA-10000806,Office Supplies,Paper,Xerox 1934,111.96,2.0,0.0,54.8604,ERP,Pending,Check later
1553.0,CA-2014-130274,5/3/2014,5/5/2014,First Class,JS-15940,Joni Sundaresam,Home Office,United States,Appleton,Wisconsin,54915.0,Central,OFF-LA-10002195,Office Supplies,Labels,Avery 481,21.56,7.0,0.0,10.3488,ERP,,Urgent
1554.0,CA-2017-158386,10/16/2017,10/21/2017,Standard Class,BO-11425,Bobby Odegard,Consumer,United States,Richmond,Kentucky,40475.0,South,OFF-BI-10003719,Office Supplies,Binders,Large Capacity Hanging Post Binders,124.75,5.0,0.0,57.385,ERP,Pending,
1555.0,CA-2015-111507,2/6/2015,2/13/2015,Standard Class,VW-21775,Victoria Wilson,Corporate,United States,Bellevue,Washington,98006.0,West,OFF-AR-10001315,Office Supplies,Art,Newell 310,5.28,3.0,0.0,1.5312,CRM,Rejected,Check later
1556.0,CA-2017-120761,9/4/2017,9/8/2017,Standard Class,AB-10150,Aimee Bixby,Consumer,United States,Long Beach,New York,11561.0,East,TEC-AC-10000171,Technology,Accessories,"Verbatim 25 GB 6x Blu-ray Single Layer Recordable Disc, 25/Pack",91.96,4.0,0.0,39.5428,ERP,,
1557.0,CA-2016-109176,5/9/2016,5/15/2016,Standard Class,JW-16075,Julia West,Consumer,United States,Philadelphia,Pennsylvania,19140.0,East,OFF-EN-10003134,Office Supplies,Envelopes,Staple envelope,9.344,1.0,0.2,3.504,CRM,Approved,Check later
1558.0,CA-2016-109176,2016/05/09,5/15/2016,Standard Class,JW-16075,Julia West,Consumer,United States,Philadelphia,Pennsylvania,19140.0,East,OFF-AR-10001955,Office Supplies,Art,Newell 319,79.36,5.0,0.2,9.92,CRM,,Urgent
1559.0,CA-2015-112116,3/16/2015,3/18/2015,Second Class,JE-15475,Jeremy Ellison,Consumer,United States,Seattle,Washington,98103.0,West,FUR-TA-10001039,Furniture,Tables,KI Adjustable-Height Table,171.96,2.0,0.0,44.7096,Legacy,,Check later
1560.0,CA-2016-126809,4/9/2016,4/13/2016,Standard Class,EB-13750,Edward Becker,Corporate,United States,Seattle,Washington,98103.0,West,OFF-BI-10003712,Office Supplies,Binders,"Acco Pressboard Covers with Storage Hooks, 14 7/8"" x 11"", Light Blue",35.352,9.0,0.2,12.8151,Legacy,,Duplicate?
1561.0,CA-2014-105172,4/4/2014,4/9/2014,Standard Class,PK-18910,Paul Knutson,Home Office,United States,San Francisco,California,94109.0,West,OFF-LA-10001641,Office Supplies,Labels,Avery 518,18.9,6.0,0.0,9.072,CRM,Pending,Check later
1562.0,CA-2017-107293,9/5/2017,9/6/2017,First Class,CS-12400,Christopher Schild,Home Office,United States,Seattle,Washington,98115.0,West,OFF-AR-10003732,Office Supplies,Art,Newell 333,2.78,1.0,0.0,0.7228,Manual Upload,Pending,Urgent
1563.0,US-2017-102890,6/30/2017,6/30/2017,Same Day,SG-20470,Sheri Gordon,Consumer,United States,New York City,New York,10011.0,East,FUR-TA-10000577,Furniture,Tables,Bretford CR4500 Series Slim Rectangular Table,1044.63,5.0,0.4,-295.9785,Legacy,Approved,Duplicate?
1564.0,CA-2015-158554,11/9/2015,11/9/2015,Same Day,CM-12190,Charlotte Melton,Consumer,United States,Philadelphia,Pennsylvania,19134.0,East,OFF-PA-10004000,Office Supplies,Paper,"While You Were Out Pads, 50 per Pad, 4 x 5 1/4, Green Cycle",11.352,3.0,0.2,4.1151,ERP,Approved,
1565.0,CA-2014-116239,04 Mar 2014,3/4/2014,Same Day,CL-12565,Clay Ludtke,Consumer,United States,Columbia,South Carolina,29203.0,South,OFF-ST-10001370,Office Supplies,Storage,Sensible Storage WireTech Storage Systems,354.9,5.0,0.0,17.745,Manual Upload,Pending,Urgent
1566.0,CA-2015-132101,3/19/2015,3/25/2015,Standard Class,JO-15550,Jesus Ocampo,Home Office,United States,Seattle,Washington,98105.0,West,TEC-PH-10004539,Technology,Phones,Wireless Extenders zBoost YX545 SOHO Signal Booster,453.576,3.0,0.2,39.6879,CRM,,Urgent
1567.0,CA-2015-129112,11/29/2015,11/30/2015,First Class,AW-10840,Anthony Witt,Consumer,United States,Allen,Texas,75002.0,Central,TEC-AC-10003038,Technology,Accessories,Kingston Digital DataTraveler 16GB USB 2.0,21.48,3.0,0.2,-0.2685,CRM,Rejected,
1568.0,CA-2015-129112,11/29/2015,11/30/2015,First Class,AW-10840,Anthony Witt,Consumer,United States,Allen,Texas,75002.0,Central,OFF-BI-10000088,Office Supplies,Binders,GBC Imprintable Covers,8.784,4.0,0.8,-13.6152,ERP,,
1569.0,US-2017-152002,6/11/2017,6/11/2017,Same Day,DV-13465,Dianna Vittorini,Consumer,United States,Los Angeles,California,90004.0,West,OFF-PA-10000357,Office Supplies,Paper,"White Dual Perf Computer Printout Paper, 2700 Sheets, 1 Part, Heavyweight, 20 lbs., 14 7/8 x 11",122.97,3.0,0.0,60.2553,Manual Upload,,Urgent
1570.0,CA-2017-165029,11/26/2017,11/30/2017,Standard Class,AH-10075,Adam Hart,Corporate,United States,Atlanta,Georgia,30318.0,South,OFF-AR-10003504,office supplies,Art,Newell 347,12.84,3.0,0.0,3.7236,Legacy,Pending,Urgent
1571.0,US-2014-157385,11/23/2014,11/25/2014,First Class,SC-20095,Sanjit Chand,Consumer,United States,Los Angeles,California,90004.0,West,FUR-CH-10000863,Furniture,Chairs,Novimex Swivel Fabric Task Chair,603.92,5.0,0.2,-67.941,CRM,Rejected,Check later
1572.0,US-2014-157385,11/23/2014,11/25/2014,First Class,SC-20095,Sanjit Chand,Consumer,United States,Los Angeles,California,90004.0,West,OFF-EN-10003160,Office Supplies,Envelopes,Pastel Pink Envelopes,21.84,3.0,0.0,10.4832,Legacy,Approved,Urgent
1573.0,US-2014-157385,11/23/2014,11/25/2014,First Class,SC-20095,Sanjit Chand,Consumer,United States,Los Angeles,California,90004.0,West,TEC-AC-10003280,Technology,Accessories,Belkin F8E887 USB Wired Ergonomic Keyboard,29.99,1.0,0.0,6.2979,ERP,Rejected,Urgent
1574.0,US-2014-157385,11/23/2014,11/25/2014,First Class,SC-20095,Sanjit Chand,Consumer,United States,Los Angeles,California,90004.0,West,FUR-CH-10000595,Furniture,Chairs,Safco Contoured Stacking Chairs,381.44,2.0,0.2,23.84,Manual Upload,,
1575.0,CA-2014-101602,12/15/2014,12/18/2014,First Class,MC-18100,Mick Crebagga,Consumer,United States,El Paso,Texas,79907.0,Central,TEC-PH-10000169,Technology,Phones,ARKON Windshield Dashboard Air Vent Car Mount Holder,40.68,3.0,0.2,-9.153,Manual Upload,,
1576.0,CA-2014-101602,12/15/2014,12/18/2014,First Class,MC-18100,Mick Crebagga,Consumer,United States,El Paso,Texas,79907.0,Central,FUR-CH-10004675,Furniture,Chairs,"Lifetime Advantage Folding Chairs, 4/Carton",763.28,5.0,0.3,-21.808,CRM,Pending,Duplicate?
1577.0,CA-2016-109057,4/22/2016,4/27/2016,Standard Class,TT-21460,Tonja Turnell ,Home Office,United States,Aurora,Illinois,60505.0,Central,OFF-ST-10002406,Office Supplies,Storage,Pizazz Global Quick File,23.952,2.0,0.2,2.3952,ERP,Pending,
1578.0,CA-2016-154403,5/23/2016,5/27/2016,Standard Class,AP-10720,Anne Pryor,Home Office,United States,Florence,Alabama,35630.0,South,OFF-PA-10001526,Office Supplies,Paper,Xerox 1949,4.98,1.0,0.0,2.4402,CRM,,Check later
1579.0,CA-2016-102456,2/27/2016,3/1/2016,First Class,DL-12865,Dan Lawera,Consumer,United States,New York City,New York,10011.0,East,OFF-AP-10004336,Office Supplies,Appliances,"Conquest 14 Commercial Heavy-Duty Upright Vacuum, Collection System, Accessory Kit",170.88,3.0,0.0,49.5552,Legacy,Pending,Check later
1580.0,CA-2015-131338,8/9/2015,8/12/2015,First Class,NP-18325,Naresj Patel,Consumer,United States,New York City,New York,10024.0,East,TEC-PH-10003012,Technology,Phones,Nortel Meridian M3904 Professional Digital phone,307.98,2.0,0.0,89.3142,Manual Upload,,Duplicate?
1581.0,CA-2015-131338,8/9/2015,8/12/2015,First Class,NP-18325,Naresj Patel,Consumer,United States,New York City,New York,10024.0,East,FUR-TA-10002607,Furniture,Tables,KI Conference Tables,382.806,9.0,0.4,-153.1224,Manual Upload,Pending,Duplicate?
1582.0,CA-2015-131338,8/9/2015,8/12/2015,First Class,NP-18325,Naresj Patel,Consumer,United States,New York City,New York,10024.0,East,OFF-ST-10000642,Office Supplies,Storage,"Tennsco Lockers, Gray",41.96,2.0,0.0,2.9372,ERP,,Duplicate?
1583.0,CA-2015-131338,8/9/2015,8/12/2015,First Class,NP-18325,Naresj Patel,Consumer,United States,New York City,New York,10024.0,East,OFF-BI-10000545,Office Supplies,Binders,GBC Ibimaster 500 Manual ProClick Binding System,1217.568,2.0,0.2,456.588,Manual Upload,,
1584.0,CA-2015-131338,8/9/2015,8/12/2015,First Class,NP-18325,Naresj Patel,CONSUMER,United States,New York City,New York,10024.0,East,FUR-FU-10002157,Furniture,Furnishings,Artistic Insta-Plaque,47.04,3.0,0.0,18.3456,ERP,,
1585.0,CA-2015-131338,8/9/2015,8/12/2015,First Class,NP-18325,Naresj Patel,Consumer,United States,new york city,New York,10024.0,East,FUR-FU-10001706,Furniture,Furnishings,Longer-Life Soft White Bulbs,6.16,2.0,0.0,2.9568,ERP,Approved,
1586.0,CA-2015-131338,8/9/2015,8/12/2015,First Class,NP-18325,Naresj Patel,Consumer,United States,New York City,New York,10024.0,East,TEC-PH-10000984,Technology,Phones,Panasonic KX-TG9471B,979.95,5.0,0.0,274.386,Legacy,Rejected,Check later
1587.0,CA-2015-131338,8/9/2015,8/12/2015,First Class,NP-18325,Naresj Patel,Consumer,United States,New York City,New York,10024.0,East,OFF-PA-10001357,Office Supplies,Paper,Xerox 1886,143.7,3.0,0.0,68.976,Legacy,Approved,Urgent
1588.0,CA-2015-131338,8/9/2015,8/12/2015,First Class,NP-18325,Naresj Patel,Consumer,United States,New York City,New York,10024.0,East,OFF-FA-10000992,Office Supplies,Fasteners,"Acco Clips to Go Binder Clips, 24 Clips in Two Sizes",10.65,3.0,0.0,5.0055,CRM,Approved,Urgent
1589.0,CA-2015-131338,8/9/2015,8/12/2015,First Class,NP-18325,Naresj Patel,Consumer,United States,New York City,New York,10024.0,East,TEC-AC-10002600,Technology,Accessories,Belkin QODE FastFit Bluetooth Keyboard,247.8,4.0,0.0,34.692,ERP,Pending,Urgent
1590.0,CA-2016-109911,5/12/2016,5/16/2016,Standard Class,VG-21805,Vivek Grady,Corporate,United States,Virginia Beach,Virginia,23464.0,South,OFF-AR-10001662,Office Supplies,Art,Rogers Handheld Barrel Pencil Sharpener,10.96,4.0,0.0,2.9592,Legacy,,
1591.0,US-2016-132423,4/15/2016,4/19/2016,Standard Class,MY-18295,Muhammed Yedwab,Corporate,United States,Grapevine,Texas,76051.0,Central,OFF-AR-10001221,Office Supplies,Art,"Dixon Ticonderoga Erasable Colored Pencil Set, 12-Color",33.488,7.0,0.2,5.8604,Manual Upload,Rejected,
1592.0,US-2016-132423,4/15/2016,4/19/2016,Standard Class,MY-18295,Muhammed Yedwab,Corporate,United States,Grapevine,Texas,76051.0,Central,OFF-FA-10002988,Office Supplies,Fasteners,Ideal Clamps,8.04,5.0,0.2,2.9145,Manual Upload,Pending,Duplicate?
1593.0,CA-2015-122826,6/23/2015,6/25/2015,Second Class,RD-19480,Rick Duston,Consumer,United States,Olympia,Washington,98502.0,West,TEC-PH-10004830,Technology,Phones,Pyle PRT45 Retro Home Telephone,201.568,4.0,0.2,22.6764,CRM,,
1594.0,CA-2014-117317,10/19/2014,10/19/2014,Same Day,JF-15490,Jeremy Farry,Consumer,United States,Los Angeles,California,90032.0,West,OFF-PA-10004519,Office Supplies,Paper,Spiral Phone Message Books with Labels by Adams,13.44,3.0,0.0,6.5856,Legacy,,Check later
1595.0,CA-2015-118423,3/24/2015,3/27/2015,First Class,DP-13390,Dennis Pardue,Home Office,United States,Peoria,Illinois,61604.0,Central,FUR-BO-10000362,Furniture,Bookcases,Sauder Inglewood Library Bookcases,359.058,3.0,0.3,-35.9058,CRM,,Urgent
1596.0,CA-2017-149181,5/8/2017,5/12/2017,Standard Class,MD-17350,Maribeth Dona,Consumer,United States,Columbus,Ohio,43229.0,East,FUR-CH-10004540,Furniture,Chairs,Global Chrome Stack Chair,47.992,2.0,0.3,-2.0568,Legacy,Approved,
1597.0,CA-2017-132234,10/16/2017,10/18/2017,First Class,MY-17380,Maribeth Yedwab,Corporate,United States,New York City,New York,10011.0,East,FUR-FU-10001290,Furniture,Furnishings,Executive Impressions Supervisor Wall Clock,547.3,13.0,0.0,175.136,ERP,Approved,Duplicate?
1598.0,CA-2017-158876,11/19/2017,11/21/2017,Second Class,AB-10150,Aimee Bixby,Consumer,United States,Carrollton,Texas,75007.0,Central,OFF-PA-10000308,Office Supplies,Paper,Xerox 1901,16.896,4.0,0.2,5.28,ERP,Rejected,Duplicate?
1599.0,CA-2017-158876,11/19/2017,11/21/2017,Second Class,AB-10150,Aimee Bixby,Consumer,United States,Carrollton,Texas,75007.0,Central,OFF-SU-10001165,Office Supplies,Supplies,Acme Elite Stainless Steel Scissors,6.672,1.0,0.2,0.5004,CRM,Pending,Check later
1600.0,CA-2017-158876,11/19/2017,11/21/2017,Second Class,AB-10150,Aimee Bixby,Consumer,United States,Carrollton,Texas,75007.0,Central,OFF-AR-10003373,Office Supplies,Art,"Boston School Pro Electric Pencil Sharpener, 1670",99.136,4.0,0.2,8.6744,ERP,Approved,Duplicate?
1601.0,CA-2017-158876,11/19/2017,11/21/2017,Second Class,AB-10150,Aimee Bixby,Consumer,United States,Carrollton,Texas,75007.0,Central,FUR-FU-10001967,Furniture,Furnishings,Telescoping Adjustable Floor Lamp,15.992,2.0,0.6,-13.993,Legacy,Approved,Duplicate?
1602.0,CA-2016-164672,5/8/2016,5/13/2016,Second Class,GB-14530,George Bell,Corporate,United States,Dover,Delaware,19901.0,East,FUR-FU-10001488,Furn,Furnishings,"Tenex 46"" x 60"" Computer Anti-Static Chairmat, Rectangular Shaped",211.96,2.0,0.0,42.392,ERP,Pending,
1603.0,US-2016-132857,12/11/2016,12/17/2016,Standard Class,CA-12775,Cynthia Arntzen,Consumer,United States,Smyrna,Tennessee,37167.0,South,OFF-AR-10003251,Office Supplies,Art,Prang Drawing Pencil Set,6.672,3.0,0.2,1.668,Legacy,Approved,Check later
1604.0,CA-2017-116645,11/30/2017,12/4/2017,Standard Class,ME-17725,Max Engle,Consumer,United States,Newark,Delaware,19711.0,East,OFF-AR-10001044,Office Supplies,Art,"BOSTON Ranger #55 Pencil Sharpener, Black",155.94,6.0,0.0,45.2226,Legacy,Approved,
1605.0,US-2016-115819,4/19/2016,4/24/2016,Second Class,JO-15280,Jas O'Carroll,Consumer,United States,Los Angeles,California,90049.0,West,TEC-PH-10004700,Technology,Phones,PowerGen Dual USB Car Charger,39.96,5.0,0.2,12.987,Legacy,Rejected,Check later
1606.0,US-2016-115819,4/19/2016,4/24/2016,Second Class,JO-15280,Jas O'Carroll,Consumer,United States,Los Angeles,California,90049.0,West,OFF-AR-10000823,Office Supplies,Art,Newell 307,5.46,3.0,0.0,1.5288,CRM,,
1607.0,US-2016-115819,4/19/2016,4/24/2016,Second Class,JO-15280,Jas O'Carroll,Consumer,United States,Los Angeles,California,90049.0,West,OFF-AR-10004456,Office Supplies,Art,Panasonic KP-4ABK Battery-Operated Pencil Sharpener,73.2,5.0,0.0,21.228,ERP,,
1608.0,US-2016-115819,4/19/2016,4/24/2016,Second Class,JO-15280,Jas O'Carroll,Consumer,United States,Los Angeles,California,90049.0,West,OFF-BI-10000050,Office Supplies,Binders,"Angle-D Binders with Locking Rings, Label Holders",5.84,1.0,0.2,1.971,Legacy,Rejected,
1609.0,US-2016-115819,4/19/2016,4/24/2016,Second Class,JO-15280,Jas O'Carroll,Consumer,United States,Los Angeles,Calif.,90049.0,West,OFF-PA-10002377,Office Supplies,Paper,"Adams Telephone Message Book W/Dividers/Space For Phone Numbers, 5 1/4""X8 1/2"", 200/Messages",22.72,4.0,0.0,10.224,ERP,,
1610.0,US-2016-115819,4/19/2016,4/24/2016,Second Class,JO-15280,Jas O'Carroll,Consumer,United States,Los Angeles,California,90049.0,West,OFF-BI-10000591,Office Supplies,Binders,Avery Binder Labels,9.336,3.0,0.2,3.2676,Legacy,Pending,Duplicate?
1611.0,CA-2014-156349,5/26/2014,5/30/2014,Standard Class,ML-17395,Marina Lichtenstein,Corporate,United States,Los Angeles,California,90008.0,West,FUR-BO-10000362,Furniture,Bookcases,Sauder Inglewood Library Bookcases,290.666,2.0,0.15,27.3568,ERP,Pending,
1612.0,CA-2014-156349,5/26/2014,5/30/2014,Standard Class,ML-17395,Marina Lichtenstein,Corporate,United States,Los Angeles,California,90008.0,West,TEC-PH-10000441,Technology,Phones,VTech DS6151,201.584,2.0,0.2,20.1584,Manual Upload,Rejected,Duplicate?
1613.0,CA-2014-156349,5/26/2014,5/30/2014,Standard Class,ML-17395,Marina Lichtenstein,Corporate,United States,Los Angeles,California,90008.0,West,TEC-PH-10002726,Technology,Phones,netTALK DUO VoIP Telephone Service,83.984,2.0,0.2,31.494,Legacy,Approved,Urgent
1614.0,CA-2017-138380,12/21/2017,12/25/2017,Standard Class,YS-21880,Yana Sorensen,Corporate,United States,Oakland,California,94601.0,West,OFF-ST-10003306,Office Supplies,Storage,Letter Size Cart,1000.02,7.0,0.0,290.0058,Legacy,Approved,Check later
1615.0,US-2016-113509,3/15/2016,3/19/2016,Standard Class,PL-18925,Paul Lucas,Home Office,United States,Philadelphia,Pennsylvania,19143.0,East,TEC-AC-10004855,Technology,Accessories,V7 USB Numeric Keypad,83.976,3.0,0.2,-13.6461,Legacy,,Urgent
1616.0,CA-2015-130022,8/10/2015,8/16/2015,Standard Class,JK-16120,Julie Kriz,Home Office,United States,Eagan,Minnesota,55122.0,Central,OFF-LA-10002787,Office Supplies,Labels,Avery 480,3.75,1.0,0.0,1.8,ERP,Pending,Check later
1617.0,CA-2015-130022,8/10/2015,8/16/2015,Standard Class,JK-16120,Julie Kriz,Home Office,United States,Eagan,Minnesota,55122.0,Central,OFF-LA-10002043,Office Supplies,Labels,Avery 489,41.4,4.0,0.0,19.872,CRM,Pending,Duplicate?
1618.0,CA-2015-130022,2015/08/10,8/16/2015,Standard Class,JK-16120,Julie Kriz,Home Office,United States,Eagan,Minnesota,55122.0,Central,OFF-AR-10001915,Office Supplies,Art,Peel-Off China Markers,29.79,3.0,0.0,12.5118,Manual Upload,Rejected,Urgent
1619.0,US-2016-118780,9/10/2016,9/14/2016,Second Class,PN-18775,Parhena Norris,Home Office,United States,New York City,New York,10011.0,East,OFF-ST-10000352,Office Supplies,Storage,Acco Perma 2700 Stacking Storage Drawers,59.48,2.0,0.0,8.922,ERP,Pending,Duplicate?
1620.0,US-2016-118780,10-09-2016,9/14/2016,Second Class,PN-18775,Parhena Norris,Home Office,United States,New York City,New York,10011.0,East,OFF-PA-10000575,Office Supplies,Paper,"Wirebound Message Books, Four 2 3/4 x 5 White Forms per Page",6.69,1.0,0.0,3.0774,Legacy,Pending,
1621.0,CA-2017-108560,7/8/2017,7/15/2017,Standard Class,JC-15385,Jenna Caffey,Consumer,United States,Kent,Washington,98031.0,West,FUR-FU-10002937,Furniture,Furnishings,"GE 48"" Fluorescent Tube, Cool White Energy Saver, 34 Watts, 30/Box",198.46,2.0,0.0,99.23,Legacy,Approved,Duplicate?
1622.0,CA-2017-108560,7/8/2017,7/15/2017,Standard Class,JC-15385,Jenna Caffey,Consumer,United States,Kent,Washington,98031.0,West,OFF-LA-10003930,Office Supplies,Labels,"Dot Matrix Printer Tape Reel Labels, White, 5000/Box",786.48,8.0,0.0,385.3752,CRM,Approved,Duplicate?
1623.0,CA-2017-108560,7/8/2017,7/15/2017,Standard Class,JC-15385,Jenna Caffey,Consumer,United States,Kent,Washington,98031.0,West,OFF-BI-10001107,Office Supplies,Binders,"GBC White Gloss Covers, Plain Front",23.168,2.0,0.2,7.8192,Manual Upload,,Urgent
1624.0,CA-2017-108560,7/8/2017,7/15/2017,Standard Class,JC-15385,Jenna Caffey,Consumer,United States,Kent,Washington,98031.0,West,TEC-AC-10003063,Technology,Accessories,Micro Innovations USB RF Wireless Keyboard with Mouse,50.0,2.0,0.0,10.5,Legacy,Pending,Urgent
1625.0,CA-2015-157084,12/19/2015,12/24/2015,Standard Class,JG-15160,James Galang,Consumer,United States,Los Angeles,California,90049.0,West,TEC-PH-10002922,Technology,Phones,ShoreTel ShorePhone IP 230 VoIP phone,675.96,5.0,0.2,84.495,CRM,,Urgent
1626.0,CA-2015-157084,12/19/2015,12/24/2015,Standard Class,JG-15160,James Galang,Consumer,United States,Los Angeles,California,90049.0,West,TEC-AC-10002049,Technology,Accessories,Plantronics Savi W720 Multi-Device Wireless Headset System,1265.85,3.0,0.0,556.974,Legacy,Pending,Check later
1627.0,CA-2015-164539,11/16/2015,11/22/2015,Standard Class,PO-19180,Philisse Overcash,Home Office,United States,New York City,New York,10011.0,East,OFF-AP-10002457,Office Supplies,Appliances,"Eureka The Boss Plus 12-Amp Hard Box Upright Vacuum, Red",523.25,5.0,0.0,141.2775,Manual Upload,Pending,
1628.0,CA-2015-143119,9/24/2015,9/30/2015,Standard Class,MC-17275,Marc Crier,Consumer,United States,Lafayette,Louisiana,70506.0,South,FUR-CH-10001270,Furniture,Chairs,Harbour Creations Steel Folding Chair,517.5,6.0,0.0,155.25,Legacy,Pending,
1629.0,CA-2017-101049,6/21/2017,6/25/2017,Second Class,AS-10240,Alan Shonely,Consumer,United States,Cleveland,Ohio,44105.0,East,FUR-FU-10004415,Furniture,Furnishings,"Stacking Tray, Side-Loading, Legal, Smoke",17.92,5.0,0.2,2.464,Manual Upload,Rejected,
1630.0,CA-2017-101049,6/21/2017,6/25/2017,Second Class,AS-10240,Alan Shonely,Consumer,United States,Cleveland,Ohio,44105.0,East,OFF-BI-10001510,Office Supplies,Binders,Deluxe Heavy-Duty Vinyl Round Ring Binder,41.256,6.0,0.7,-34.38,ERP,,Urgent
1631.0,CA-2016-106530,5/8/2016,5/8/2016,Same Day,CL-12565,Clay Ludtke,Consumer,United States,Cleveland,Ohio,44105.0,East,OFF-ST-10002011,Office Supplies,Storage,Smead Adjustable Mobile File Trolley with Lockable Top,1006.056,3.0,0.2,88.0299,CRM,Rejected,Check later
1632.0,CA-2016-106530,5/8/2016,5/8/2016,Same Day,CL-12565,Clay Ludtke,Consumer,United States,Cleveland,Ohio,44105.0,East,OFF-PA-10002986,Office Supplies,Paper,Xerox 1898,10.688,2.0,0.2,3.7408,CRM,Pending,Check later
1633.0,CA-2016-106530,5/8/2016,5/8/2016,Same Day,CL-12565,Clay Ludtke,Consumer,United States,Cleveland,Ohio,44105.0,East,OFF-PA-10004451,Office Supplies,Paper,Xerox 222,10.368,2.0,0.2,3.6288,CRM,Approved,Urgent
1634.0,CA-2016-106530,5/8/2016,5/8/2016,Same Day,CL-12565,Clay Ludtke,Consumer,United States,Cleveland,Ohio,44105.0,East,OFF-ST-10000649,Office Supplies,Storage,Hanging Personal Folder File,25.12,2.0,0.2,1.57,ERP,Rejected,
1635.0,CA-2016-106530,5/8/2016,5/8/2016,Same Day,CL-12565,Clay Ludtke,Consumer,United States,Cleveland,Ohio,44105.0,East,TEC-AC-10001465,Technology,Accessories,SanDisk Cruzer 64 GB USB Flash Drive,58.112,2.0,0.2,7.264,ERP,,
1636.0,CA-2014-168984,11/26/2014,12/2/2014,Standard Class,NW-18400,Natalie Webber,Consumer,United States,Tigard,Oregon,97224.0,West,OFF-PA-10001166,Office Supplies,Paper,Xerox 2,15.552,3.0,0.2,5.4432,Manual Upload,Rejected,Duplicate?
1637.0,CA-2014-168984,11/26/2014,12/2/2014,Standard Class,NW-18400,Natalie Webber,Consumer,United States,Tigard,Oregon,97224.0,West,OFF-ST-10001097,Office Supplies,Storage,Office Impressions Heavy Duty Welded Shelving & Multimedia Storage Drawers,669.08,5.0,0.2,-167.27,Legacy,Rejected,
1638.0,CA-2014-168984,11/26/2014,12/2/2014,Standard Class,NW-18400,Natalie Webber,Consumer,United States,Tigard,Oregon,97224.0,West,TEC-PH-10000038,Technology,Phones,Jawbone MINI JAMBOX Wireless Bluetooth Speaker,438.336,4.0,0.2,-87.6672,Legacy,,
1639.0,CA-2016-157266,5/26/2016,6/1/2016,Standard Class,TB-21280,Toby Braunhardt,Consumer,United States,Washington,District of Columbia,20016.0,East,OFF-PA-10002689,Office Supplies,Paper,Weyerhaeuser First Choice Laser/Copy Paper (20Lb. and 88 Bright),19.44,3.0,0.0,9.3312,CRM,,Urgent
1640.0,CA-2016-157266,5/26/2016,6/1/2016,Standard Class,TB-21280,Toby Braunhardt,Consumer,United States,Washington,District of Columbia,20016.0,East,OFF-BI-10004728,Office Supplies,Binders,Wilson Jones Turn Tabs Binder Tool for Ring Binders,9.64,2.0,0.0,4.4344,Manual Upload,,
1641.0,CA-2016-157266,5/26/2016,6/1/2016,Standard Class,TB-21280,Toby Braunhardt,Consumer,United States,Washington,District of Columbia,20016.0,East,OFF-PA-10004675,Office Supplies,Paper,"Telephone Message Books with Fax/Mobile Section, 5 1/2"" x 3 3/16""",12.7,2.0,0.0,5.842,CRM,Pending,
1642.0,CA-2016-157266,5/26/2016,6/1/2016,Standard Class,TB-21280,Toby Braunhardt,Consumer,United States,Washington,District of Columbia,20016.0,East,FUR-FU-10000629,Furniture,Furnishings,9-3/4 Diameter Round Wall Clock,41.37,3.0,0.0,17.3754,CRM,Pending,Urgent
1643.0,US-2014-134712,11/29/2014,12/4/2014,Standard Class,BS-11380,Bill Stewart,Corporate,United States,Skokie,Illinois,60076.0,Central,OFF-FA-10003112,Office Supplies,Fasteners,Staples,12.624,2.0,0.2,3.945,Legacy,,Urgent
1644.0,CA-2015-111829,3/19/2015,3/20/2015,First Class,FH-14365,Fred Hopkins,Corporate,United States,Seattle,Washington,98115.0,West,OFF-ST-10000142,Office Supplies,Storage,Deluxe Rollaway Locking File with Drawer,1247.64,3.0,0.0,349.3392,Legacy,,
1645.0,CA-2015-111829,3/19/2015,3/20/2015,First Class,FH-14365,Fred Hopkins,Corporate,United States,Seattle,Washington,98115.0,West,TEC-CO-10001766,Technology,Copiers,Canon PC940 Copier,3149.93,7.0,0.0,1480.4671,CRM,Approved,
1646.0,CA-2015-111829,3/19/2015,3/20/2015,First Class,FH-14365,Fred Hopkins,Corporate,United States,Seattle,Washington,98115.0,West,OFF-PA-10004359,Office Supplies,Paper,Multicolor Computer Printout Paper,209.7,2.0,0.0,100.656,Legacy,Approved,
1647.0,CA-2015-105221,11/1/2015,11/3/2015,First Class,VM-21685,Valerie Mitchum,Home Office,United States,Philadelphia,Pennsylvania,19140.0,East,TEC-AC-10002323,Technology,Accessories,SanDisk Ultra 32 GB MicroSDHC Class 10 Memory Card,35.36,2.0,0.2,-3.094,Legacy,,Urgent
1648.0,CA-2015-105221,11/1/2015,11/3/2015,First Class,VM-21685,Valerie Mitchum,Home Office,United States,Philadelphia,Pennsylvania,19140.0,East,OFF-FA-10001135,Office Supplies,Fasteners,"Brites Rubber Bands, 1 1/2 oz. Box",3.168,2.0,0.2,-0.7128,CRM,Pending,
1649.0,CA-2015-120341,9/26/2015,9/29/2015,Second Class,SF-20200,Sarah Foster,Consumer,United States,Philadelphia,Pennsylvania,19143.0,East,OFF-BI-10004224,Office Supplies,Binders,Catalog Binders with Expanding Posts,121.104,6.0,0.7,-100.92,ERP,Approved,
1650.0,CA-2015-120341,9/26/2015,9/29/2015,Second Class,SF-20200,Sarah Foster,Consumer,United States,Philadelphia,Pennsylvania,19143.0,East,TEC-PH-10003357,Technology,Phones,Grandstream GXP2100 Mainstream Business Phone,45.894,1.0,0.4,-9.1788,ERP,Pending,Urgent
1651.0,CA-2014-135699,8/29/2014,8/29/2014,Same Day,HH-15010,Hilary Holden,Corporate,United States,San Francisco,California,94110.0,West,OFF-PA-10004475,Office Supplies,Paper,Xerox 1940,109.92,2.0,0.0,53.8608,CRM,Rejected,Check later
1652.0,CA-2014-135699,8/29/2014,8/29/2014,Same Day,HH-15010,Hilary Holden,Corporate,United States,San Francisco,California,94110.0,West,OFF-PA-10003001,Office Supplies,Paper,Xerox 1986,13.36,2.0,0.0,6.4128,CRM,Approved,Duplicate?
1653.0,US-2017-132444,11/18/2017,11/21/2017,First Class,CD-12280,Christina DeMoss,Consumer,United States,Seattle,Washington,98105.0,West,OFF-ST-10003442,Office Supplies,Storage,Eldon Portable Mobile Manager,169.68,6.0,0.0,45.8136,CRM,Rejected,
1654.0,US-2017-132444,11/18/2017,11/21/2017,First Class,CD-12280,Christina DeMoss,Consumer,United States,Seattle,Washington,98105.0,West,TEC-AC-10003832,Technology,Accessories,Imation 16GB Mini TravelDrive USB 2.0 Flash Drive,132.52,4.0,0.0,54.3332,Legacy,Rejected,Duplicate?
1655.0,US-2017-132444,11/18/2017,11/21/2017,First Class,CD-12280,Christina DeMoss,Consumer,United States,Seattle,Washington,98105.0,West,OFF-FA-10000611,Office Supplies,Fasteners,Binder Clips by OIC,2.96,2.0,0.0,1.4208,ERP,,Duplicate?
1656.0,US-2017-132444,11/18/2017,11/21/2017,first class,CD-12280,Christina DeMoss,Consumer,United States,Seattle,Washington,98105.0,West,OFF-BI-10001116,Office Supplies,Binders,"Wilson Jones 1"" Hanging DublLock Ring Binders",8.448,2.0,0.2,2.9568,ERP,Rejected,Duplicate?
1657.0,US-2017-132444,11/18/2017,11/21/2017,First Class,CD-12280,Christina DeMoss,Consumer,United States,Seattle,Washington,98105.0,West,OFF-ST-10000563,Office Supplies,Storage,Fellowes Bankers Box Stor/Drawer Steel Plus,95.94,3.0,0.0,9.594,Legacy,Pending,Check later
1658.0,CA-2014-127159,5/12/2014,5/15/2014,First Class,HL-15040,Hunter Lopez,Consumer,United States,Milwaukee,Wisconsin,53209.0,Central,FUR-FU-10000010,Furniture,Furnishings,"DAX Value U-Channel Document Frames, Easel Back",34.79,7.0,0.0,10.7849,Manual Upload,Approved,Duplicate?
1659.0,CA-2017-161809,1/20/2017,1/26/2017,Standard Class,TH-21100,Thea Hendricks,Consumer,United States,Los Angeles,California,90045.0,West,TEC-PH-10004922,Technology,Phones,RCA Visys Integrated PBX 8-Line Router,160.776,3.0,0.2,10.0485,Legacy,Pending,Check later
1660.0,CA-2017-127285,10/30/2017,11/6/2017,Standard Class,MM-18055,Michelle Moray,Consumer,United States,Seattle,Washington,98115.0,West,OFF-BI-10004330,Office Supplies,Binders,"GBC Velobind Prepunched Cover Sets, Regency Series",88.752,3.0,0.2,27.735,CRM,Approved,Urgent
1661.0,CA-2017-127285,10/30/2017,11/6/2017,Standard Class,MM-18055,Michelle Moray,Consumer ,United States,Seattle,Washington,98115.0,West,OFF-BI-10002072,Office Supplies,Binders,Cardinal Slant-D Ring Binders,13.904,2.0,0.2,5.214,ERP,Rejected,Urgent
1662.0,CA-2017-144526,4/30/2017,5/6/2017,Standard Class,QJ-19255,Quincy Jones,Corporate,United States,Philadelphia,Pennsylvania,19143.0,East,TEC-PH-10002549,Technology,Phones,Polycom SoundPoint IP 450 VoIP phone,677.58,5.0,0.4,-158.102,Manual Upload,Rejected,
1663.0,CA-2017-144526,4/30/2017,5/6/2017,Standard Class,QJ-19255,Quincy Jones,Corporate,United States,Philadelphia,Pennsylvania,19143.0,East,OFF-BI-10002353,Office Supplies,Binders,GBC VeloBind Cover Sets,13.896,3.0,0.7,-9.264,Legacy,Pending,
1664.0,CA-2016-128531,11/24/2016,11/26/2016,Second Class,NS-18505,Neola Schneider,Consumer,United States,Dallas,Texas,75217.0,Central,OFF-ST-10001325,Office Supplies,Storage,Sterilite Officeware Hinged File Box,41.92,5.0,0.2,3.668,Manual Upload,Rejected,
1665.0,CA-2016-128531,11/24/2016,11/26/2016,Second Class,NS-18505,Neola Schneider,Consumer,United States,Dallas,Texas,75217.0,Central,TEC-AC-10002049,Technology,Accessories,Logitech G19 Programmable Gaming Keyboard,297.576,3.0,0.2,-7.4394,Manual Upload,,
1666.0,CA-2016-128531,11/24/2016,11/26/2016,Second Class,NS-18505,Neola Schneider,Consumer,United States,Dallas,Texas,75217.0,Central,OFF-FA-10002676,Office Supplies,Fasteners,Colored Push Pins,4.344,3.0,0.2,0.8688,CRM,Rejected,Check later
1667.0,CA-2016-128531,11/24/2016,11/26/2016,Second Class,NS-18505,Neola Schneider,Consumer,United States,Dallas,Texas,75217.0,Central,TEC-AC-10003023,Technology,Accessories,Logitech G105 Gaming Keyboard,94.992,2.0,0.2,-2.3748,Manual Upload,Approved,
1668.0,CA-2016-128531,11/24/2016,11/26/2016,Second Class,NS-18505,Neola Schneider,Consumer,United States,Dallas,Texas,75217.0,Central,OFF-PA-10000167,Office Supplies,Paper,Xerox 1925,74.352,3.0,0.2,23.235,CRM,,
1669.0,CA-2016-128531,11/24/2016,11/26/2016,Second Class,NS-18505,Neola Schneider,Consumer,United States,Dallas,Texas,75217.0,Central,OFF-AR-10003405,Office Supplies,Art,"Dixon My First Ticonderoga Pencil, #2",14.04,3.0,0.2,1.5795,Manual Upload,Pending,
1670.0,US-2015-157154,1/10/2015,1/15/2015,Standard Class,MM-17920,Michael Moore,Consumer,United States,New York City,New York,10011.0,East,FUR-TA-10001889,Furniture,Tables,Bush Advantage Collection Racetrack Conference Table,1018.104,4.0,0.4,-373.3048,CRM,Approved,Check later
1671.0,CA-2017-159457,10/19/2017,10/26/2017,Standard Class,RD-19480,Rick Duston,Consumer,United States,Houston,Texas,77095.0,Central,TEC-PH-10002185,Technology,Phones,QVS USB Car Charger 2-Port 2.1Amp for iPod/iPhone/iPad/iPad 2/iPad 3,16.68,3.0,0.2,5.2125,CRM,Rejected,
1672.0,CA-2016-107615,3/22/2016,3/25/2016,First Class,RB-19645,Robert Barroso,Corporate,United States,North Las Vegas,Nevada,89031.0,West,TEC-AC-10001013,Technology,Accessories,Logitech ClearChat Comfort/USB Headset H390,58.58,2.0,0.0,19.3314,Legacy,Rejected,Check later
1673.0,CA-2017-111647,7/3/2017,7/7/2017,Standard Class,RD-19585,Rob Dowd,Consumer,United States,Plano,Texas,75023.0,Central,TEC-PH-10002726,Tech,Phones,netTALK DUO VoIP Telephone Service,167.968,4.0,0.2,62.988,Manual Upload,Approved,
1674.0,CA-2015-150560,12/11/2015,12/12/2015,First Class,SW-20455,Shaun Weien,Consumer,United States,Suffolk,Virginia,23434.0,South,OFF-LA-10003930,Office Supplies,Labels,"Dot Matrix Printer Tape Reel Labels, White, 5000/Box",196.62,2.0,0.0,96.3438,Manual Upload,,Urgent
1675.0,CA-2015-143077,9/17/2015,9/21/2015,Standard Class,SF-20965,Sylvia Foulston,Corporate,United States,Houston,Texas,77041.0,Central,FUR-FU-10003535,Furniture,Furnishings,Howard Miller Distant Time Traveler Alarm Clock,21.936,2.0,0.6,0.0,Legacy,,Duplicate?
1676.0,CA-2015-143077,9/17/2015,9/21/2015,Standard Class,SF-20965,Sylvia Foulston,Corporate,United States,Houston,Texas,77041.0,Central,OFF-BI-10000088,Office Supplies,Binders,GBC Imprintable Covers,6.588,3.0,0.8,-10.2114,CRM,,
1677.0,CA-2016-122728,5/18/2016,5/24/2016,Standard Class,EB-13930,Eric Barreto,Consumer,United States,San Francisco,California,94110.0,West,OFF-ST-10000604,Office Supplies,Storage,Home/Office Personal File Carts,104.28,3.0,0.0,26.07,ERP,,Urgent
1678.0,CA-2016-122728,5/18/2016,5/24/2016,Standard Class,EB-13930,Eric Barreto,Consumer,United States,San Francisco,California,94110.0,West,OFF-PA-10004040,Office Supplies,Paper,Universal Premium White Copier/Laser Paper (20Lb. and 87 Bright),17.94,3.0,0.0,8.7906,CRM,Approved,Check later
1679.0,CA-2014-122882,9/7/2014,9/13/2014,Standard Class,SB-20290,Sean Braxton,Corporate,United States,Philadelphia,Pennsylvania,19134.0,East,OFF-ST-10002344,Office Supplies,Storage,"Carina 42""Hx23 3/4""W Media Storage Unit",64.784,1.0,0.2,-14.5764,CRM,Pending,Check later
1680.0,CA-2014-122882,9/7/2014,9/13/2014,Standard Class,SB-20290,Sean Braxton,Corporate,United States,Philadelphia,Pennsylvania,19134.0,East,TEC-PH-10003589,Technology,Phones,invisibleSHIELD by ZAGG Smudge-Free Screen Protector,32.382,3.0,0.4,4.3176,Manual Upload,Approved,
1681.0,CA-2014-122882,9/7/2014,9/13/2014,Standard Class,SB-20290,Sean Braxton,Corporate,United States,Philadelphia,Pennsylvania,19134.0,East,FUR-FU-10000758,Furniture,Furnishings,DAX Natural Wood-Tone Poster Frame,42.368,2.0,0.2,8.4736,Legacy,Rejected,Duplicate?
1682.0,CA-2014-122882,9/7/2014,9/13/2014,Standard Class,SB-20290,Sean Braxton,Corporate,United States,Philadelphia,Pennsylvania,19134.0,East,TEC-MA-10004679,Technology,Machines,StarTech.com 10/100 VDSL2 Ethernet Extender Kit,399.54,4.0,0.7,-559.356,Legacy,Rejected,Urgent
1683.0,US-2016-101497,9/29/2016,10/1/2016,Second Class,PS-18760,Pamela Stobb,Consumer,United States,Los Angeles,California,90008.0,West,OFF-PA-10000176,Office Supplies,Paper,Xerox 1887,18.97,1.0,0.0,9.1056,Manual Upload,Pending,Duplicate?
1684.0,CA-2016-147585,11/7/2016,11/12/2016,Standard Class,CB-12535,Claudia Bergmann,Corporate,United States,San Francisco,California,94110.0,West,FUR-FU-10002597,Furniture,Furnishings,"C-Line Magnetic Cubicle Keepers, Clear Polypropylene",14.82,3.0,0.0,6.2244,ERP,Rejected,
1685.0,CA-2017-149489,4/24/2017,4/27/2017,First Class,DK-12835,Damala Kotsonis,Corporate,United States,Philadelphia,Pennsylvania,19143.0,East,OFF-AP-10002495,Office Supplies,Appliances,"Acco Smartsocket Table Surge Protector, 6 Color-Coded Adapter Outlets",99.28,2.0,0.2,12.41,Legacy,,Urgent
1686.0,CA-2017-149489,4/24/2017,4/27/2017,First Class,DK-12835,Damala Kotsonis,Corporate,United States,Philadelphia,Pennsylvania,19143.0,East,OFF-BI-10002813,office supplies,Binders,Avery Reinforcements for Hole-Punch Pages,1.188,2.0,0.7,-0.99,Manual Upload,,
1687.0,CA-2017-149489,4/24/2017,4/27/2017,First Class,DK-12835,Damala Kotsonis,Corporate,United States,Philadelphia,Pennsylvania,,East,OFF-BI-10002414,Office Supplies,Binders,GBC ProClick Spines for 32-Hole Punch,7.518,2.0,0.7,-5.7638,ERP,Approved,Duplicate?
1688.0,CA-2017-143798,12/10/2017,12/12/2017,First Class,AW-10840,Anthony Witt,Consumer,United States,Philadelphia,Pennsylvania,19140.0,East,OFF-PA-10000788,Office Supplies,Paper,Xerox 210,10.368,2.0,0.2,3.6288,ERP,,Check later
1689.0,CA-2017-143798,12/10/2017,12/12/2017,First Class,AW-10840,Anthony Witt,Consumer,United States,Philadelphia,Pennsylvania,19140.0,East,FUR-FU-10004306,Furniture,Furnishings,Electrix Halogen Magnifier Lamp,310.88,2.0,0.2,23.316,Legacy,,Check later
1690.0,CA-2014-142839,8/16/2014,8/20/2014,Standard Class,TS-21610,Troy Staebel,Consumer,United States,Philadelphia,Pennsylvania,19143.0,East,FUR-TA-10001539,Furniture,Tables,Chromcraft Rectangular Conference Tables,853.092,6.0,0.4,-227.4912,Legacy,Rejected,Check later
1691.0,CA-2017-129833,12/9/2017,12/15/2017,Standard Class,HF-14995,Herbert Flentye,Consumer,United States,Indianapolis,Indiana,46203.0,Central,OFF-PA-10000575,Office Supplies,Paper,"Wirebound Message Books, Four 2 3/4 x 5 White Forms per Page",33.45,5.0,0.0,15.387,CRM,,Check later
1692.0,CA-2017-129833,12/9/2017,12/15/2017,Standard Class,HF-14995,Herbert Flentye,Consumer,United States,Indianapolis,Indiana,46203.0,Central,OFF-BI-10004182,Office Supplies,Binders,Economy Binders,10.4,5.0,0.0,5.096,Legacy,Rejected,
1693.0,US-2016-154361,3/14/2016,3/19/2016,Standard Class,HZ-14950,Henia Zydlo,Consumer,United States,Columbus,Ohio,43229.0,East,FUR-FU-10004020,Furniture,Furnishings,Advantus Panel Wall Acrylic Frame,21.88,5.0,0.2,6.2905,CRM,,Duplicate?
1694.0,US-2016-158708,6/26/2016,6/29/2016,Second Class,AB-10255,Alejandro Ballentine,Home Office,United States,Plano,Texas,75023.0,Central,TEC-AC-10003133,Technology,Accessories,Memorex Mini Travel Drive 4 GB USB 2.0 Flash Drive,13.616,2.0,0.2,3.5742,Manual Upload,,
1695.0,CA-2015-156335,9/25/2015,9/28/2015,Second Class,PO-19195,Phillina Ober,Home Office,United States,Bayonne,New Jersey,7002.0,East,TEC-AC-10002006,Technology,Accessories,Memorex Micro Travel Drive 16 GB,63.96,4.0,0.0,19.8276,Manual Upload,Pending,
1696.0,CA-2015-156335,9/25/2015,9/28/2015,Second Class,PO-19195,Phillina Ober,Home Office,United States,Bayonne,New Jersey,7002.0,East,OFF-BI-10003314,Office Supplies,Binders,Tuff Stuff Recycled Round Ring Binders,14.46,3.0,0.0,7.0854,Legacy,Approved,Check later
1697.0,CA-2015-156335,9/25/2015,9/28/2015,Second Class,PO-19195,Phillina Ober,Home Office,United States,Bayonne,New Jersey,7002.0,East,TEC-PH-10002726,Technology,Phones,netTALK DUO VoIP Telephone Service,104.98,2.0,0.0,52.49,ERP,Approved,Urgent
1698.0,CA-2015-148376,12/27/2015,12/31/2015,Standard Class,AG-10900,Arthur Gainer,Consumer,United States,Los Angeles,California,90008.0,West,OFF-AP-10000240,Office Supplies,Appliances,Belkin F9G930V10-GRY 9 Outlet Surge,106.96,2.0,0.0,31.0184,ERP,Approved,
1699.0,CA-2015-148376,12/27/2015,12/31/2015,Standard Class,AG-10900,Arthur Gainer,Consumer,United States,Los Angeles,California,90008.0,West,OFF-LA-10002381,Office Supplies,Labels,Avery 497,21.56,7.0,0.0,10.3488,ERP,,
1700.0,CA-2014-135657,6/3/2014,6/7/2014,Second Class,SC-20725,Steven Cartwright,Consumer,United States,Seattle,Washington,98115.0,West,FUR-TA-10004086,Furniture,Tables,KI Adjustable-Height Table,515.88,6.0,0.0,113.4936,ERP,Pending,
1701.0,CA-2015-114069,7/13/2015,7/15/2015,Second Class,ND-18370,Natalie DeCherney,Consumer,United States,New York City,New York,10035.0,East,OFF-BI-10000320,Office Supplies,Binders,GBC Plastic Binding Combs,11.808,2.0,0.2,4.2804,ERP,Rejected,
1702.0,CA-2015-114069,7/13/2015,7/15/2015,Second Class,ND-18370,Natalie DeCherney,Consumer,United States,New York City,New York,10035.0,East,FUR-CH-10000595,Furniture,Chairs,Safco Contoured Stacking Chairs,1931.04,9.0,0.1,321.84,Legacy,Approved,Duplicate?
1703.0,CA-2015-114069,7/13/2015,7/15/2015,Second Class,ND-18370,Natalie DeCherney,Consumer,United States,New York City,New York,10035.0,East,OFF-PA-10000349,Office Supplies,Paper,Easy-staple paper,9.96,2.0,0.0,4.6812,ERP,Rejected,Duplicate?
1704.0,CA-2014-139857,2/2/2014,2/6/2014,Standard Class,CD-12790,Cynthia Delaney,Home Office,United States,San Diego,California,92037.0,West,OFF-FA-10001843,Office Supplies,Fasteners,Staples,12.35,5.0,0.0,5.8045,CRM,,Urgent
1705.0,CA-2016-106306,3/8/2016,3/8/2016,Same Day,PG-18820,Patrick Gardner,Consumer,United States,Glendale,Arizona,85301.0,West,OFF-BI-10003676,Office Supplies,Binders,"GBC Standard Recycled Report Covers, Clear Plastic Sheets",9.702,3.0,0.7,-7.1148,Legacy,Rejected,Check later
1706.0,CA-2015-100545,11/22/2015,11/26/2015,Standard Class,IM-15070,Irene Maddox,Consumer,United States,Philadelphia,Pennsylvania,19120.0,East,OFF-BI-10003638,Office Supplies,Binders,GBC Durable Plastic Covers,11.61,2.0,0.7,-9.288,Manual Upload,,
1707.0,CA-2017-123491,10/30/2017,11/5/2017,Standard Class,JK-15205,Jamie Kunitz,Consumer,United States,San Francisco,California,94122.0,West,OFF-LA-10003077,Office Supplies,Labels,Avery 500,43.86,6.0,0.0,20.6142,Manual Upload,,Urgent
1708.0,CA-2017-123491,10/30/2017,11/5/2017,Standard Class,JK-15205,Jamie Kunitz,Consumer,United States,San Francisco,California,94122.0,West,TEC-PH-10003505,Technology,Phones,Geemarc AmpliPOWER60,148.48,2.0,0.2,16.704,Manual Upload,Pending,Urgent
1709.0,CA-2017-123491,10/30/2017,11/5/2017,Standard Class,JK-15205,Jamie Kunitz,Consumer,United States,San Francisco,California,94122.0,West,OFF-PA-10003424,Office Supplies,Paper,"""While you Were Out"" Message Book, One Form per Page",7.42,2.0,0.0,3.71,ERP,Rejected,Urgent
1710.0,CA-2017-123491,10/30/2017,11/5/2017,Standard Class,JK-15205,Jamie Kunitz,Consumer,United States,San Francisco,California,94122.0,West,FUR-CH-10003061,Furniture,Chairs,"Global Leather Task Chair, Black",71.992,1.0,0.2,-0.8999,Legacy,Approved,
1711.0,CA-2017-123491,10/30/2017,11/5/2017,Standard Class,JK-15205,Jamie Kunitz,Consumer,United States,San Francisco,California,94122.0,West ,OFF-AR-10003514,Office Supplies,Art,4009 Highlighters by Sanford,19.9,5.0,0.0,6.567,Legacy,Approved,Urgent
1712.0,CA-2017-123491,10/30/2017,11/5/2017,Standard Class,JK-15205,Jamie Kunitz,Consumer,United States,San Francisco,Cali,94122.0,West,OFF-AP-10002684,Office Supplies,Appliances,"Acco 7-Outlet Masterpiece Power Center, Wihtout Fax/Phone Line Protection",1702.12,14.0,0.0,510.636,ERP,Pending,Urgent
1713.0,CA-2015-145401,1/30/2015,2/4/2015,Standard Class,JP-15520,Jeremy Pistek,Consumer,United States,Houston,Texas,77070.0,Central,OFF-PA-10004405,Office Supplies,Paper,Rediform Voice Mail Log Books,14.304,6.0,0.2,5.0064,Legacy,Approved,
1714.0,US-2017-124968,9/8/2017,9/13/2017,Second Class,MM-18055,Michelle Moray,Consumer,United States,Chicago,Illinois,60610.0,Central,FUR-TA-10004289,Furniture,Tables,BoxOffice By Design Rectangular and Half-Moon Meeting Room Tables,765.625,7.0,0.5,-566.5625,Manual Upload,Pending,Check later
1715.0,CA-2017-104003,10/7/2017,10/13/2017,Standard Class,DC-13285,Debra Catini ,Consumer,United States,San Francisco,California,94110.0,West,FUR-BO-10003965,Furniture,Bookcases,O'Sullivan Manor Hill 2-Door Library in Brianna Oak,307.666,2.0,0.15,-14.4784,Legacy,Rejected,
1716.0,CA-2016-154788,4/30/2016,5/4/2016,Standard Class,JL-15835,John Lee,Consumer,United States,New York City,New York,10011.0,East,OFF-BI-10003314,Office Supplies,Binders,Tuff Stuff Recycled Round Ring Binders,7.712,2.0,0.2,2.7956,Manual Upload,Approved,Urgent
1717.0,CA-2016-169943,5/19/2016,5/24/2016,Standard Class,BN-11515,Bradley Nguyen,Consumer,United States,New York City,New York,10011.0,East,OFF-AP-10001563,Office Supplies,Appliances,Belkin Premiere Surge Master II 8-outlet surge protector,242.9,5.0,0.0,70.441,Manual Upload,Rejected,Duplicate?
1718.0,CA-2016-169943,5/19/2016,5/24/2016,Standard Class,BN-11515,Bradley Nguyen,Consumer,United States,New York City,New York,10011.0,East,OFF-ST-10004123,Office Supplies,Storage,Safco Industrial Wire Shelving System,454.9,5.0,0.0,0.0,Legacy,Approved,
1719.0,CA-2016-169943,5/19/2016,5/24/2016,Standard Class,BN-11515,Bradley Nguyen,Consumer,United States,New York City,New York,10011.0,East,FUR-FU-10002088,Furniture,Furnishings,Nu-Dell Float Frame 11 x 14 1/2,35.92,4.0,0.0,15.0864,Manual Upload,Approved,Check later
1720.0,CA-2016-169943,5/19/2016,5/24/2016,Standard Class,BN-11515,Bradley Nguyen,Consumer,United States,New York City,New York,10011.0,East,FUR-FU-10000010,Furniture,Furnishings,"DAX Value U-Channel Document Frames, Easel Back",39.76,8.0,0.0,12.3256,CRM,Rejected,Check later
1721.0,CA-2016-169943,5/19/2016,5/24/2016,Standard Class,BN-11515,Bradley Nguyen,Consumer,United States,New York City,New York,10011.0,East,OFF-BI-10002824,Office Supplies,Binders,Recycled Easel Ring Binders,47.744,4.0,0.2,14.92,CRM,Approved,Check later
1722.0,US-2015-123218,12/20/2015,12/25/2015,Standard Class,KD-16345,Katherine Ducich,Consumer,United States,Chicago,Illinois,60623.0,Central,TEC-PH-10001061,Technology,Phones,Apple iPhone 5C,159.984,2.0,0.2,11.9988,CRM,Pending,
1723.0,US-2015-123218,12/20/2015,25/12/2015,Standard Class,KD-16345,Katherine Ducich,Consumer,United States,Chicago,Illinois,60623.0,Central,TEC-AC-10000736,Technology,Accessories,Logitech G600 MMO Gaming Mouse,255.968,4.0,0.2,51.1936,Manual Upload,Approved,
1724.0,US-2015-123218,12/20/2015,12/25/2015,Standard Class,KD-16345,Katherine Ducich,Consumer,United States,Chicago,Illinois,60623.0,Central,FUR-BO-10003966,Furniture,Bookcases,"Sauder Facets Collection Library, Sky Alder Finish",359.058,3.0,0.3,-71.8116,Legacy,,
1725.0,CA-2015-127453,12/19/2015,12/20/2015,First Class,JK-15370,Jay Kimmel,Consumer,United States,Philadelphia,Pennsylvania,19143.0,East,OFF-AP-10000828,Office Supplies,Appliances,Avanti 4.4 Cu. Ft. Refrigerator,434.352,3.0,0.2,43.4352,CRM,Rejected,Check later
1726.0,CA-2015-127453,12/19/2015,12/20/2015,First Class,JK-15370,Jay Kimmel,Consumer,United States,Philadelphia,Pennsylvania,19143.0,East,OFF-AP-10002906,Office Supplies,Appliances,Hoover Replacement Belt for Commercial Guardsman Heavy-Duty Upright Vacuum,3.552,2.0,0.2,0.444,Legacy,Pending,Duplicate?
1727.0,CA-2015-127453,12/19/2015,12/20/2015,First Class,JK-15370,Jay Kimmel,Consumer,United States,Philadelphia,Pennsylvania,19143.0,East,OFF-AP-10003860,Office Supplies,Appliances,Fellowes Advanced 8 Outlet Surge Suppressor with Phone/Fax Protection,88.832,4.0,0.2,7.7728,Manual Upload,Approved,
1728.0,US-2017-164056,4/29/2017,5/4/2017,Second Class,FM-14215,Filia McAdams,Corporate,United States,Dublin,Ohio,43017.0,East,FUR-TA-10001307,Furniture,Tables,"SAFCO PlanMaster Heigh-Adjustable Drafting Table Base, 43w x 30d x 30-37h, Black",1048.35,5.0,0.4,-69.89,Legacy,Approved,Urgent
1729.0,CA-2016-106894,2/7/2016,2/7/2016,Same Day,CA-12265,Christina Anderson,Consumer,United States,Springfield,Virginia,22153.0,South,TEC-AC-10003063,Technology,Accessories,Micro Innovations USB RF Wireless Keyboard with Mouse,100.0,4.0,0.0,21.0,CRM,Approved,Urgent
1730.0,CA-2016-106894,2/7/2016,2/7/2016,Same Day,CA-12265,Christina Anderson,Consumer,United States,Springfield,Virginia,22153.0,South,OFF-LA-10001045,Office Supplies,Labels,Permanent Self-Adhesive File Folder Labels for Typewriters by Universal,7.83,3.0,0.0,3.6018,ERP,,
1731.0,CA-2014-125136,9/28/2014,10/3/2014,Standard Class,KD-16495,Keith Dawkins,Corporate,United States,Fayetteville,North Carolina,28314.0,South,OFF-PA-10001457,Office Supplies,Paper,White GlueTop Scratch Pads,96.256,8.0,0.2,31.2832,Manual Upload,,Duplicate?
1732.0,CA-2014-125136,28-09-2014,10/3/2014,Standard Class,KD-16495,Keith Dawkins,Corporate,United States,Fayetteville,North Carolina,28314.0,South,OFF-PA-10001804,Office Supplies,Paper,Xerox 195,10.688,2.0,0.2,3.7408,CRM,,Urgent
1733.0,US-2016-131149,7/10/2016,7/14/2016,Standard Class,LH-17155,Logan Haushalter,Consumer,United States,Dallas,Texas,75081.0,Central,OFF-ST-10000689,Office Supplies,Storage,"Fellowes Strictly Business Drawer File, Letter/Legal Size",338.04,3.0,0.2,-33.804,CRM,Pending,
1734.0,US-2016-131149,7/10/2016,7/14/2016,Standard Class,LH-17155,Logan Haushalter,Consumer,United States,Dallas,Texas,75081.0,Central,OFF-AR-10002135,Office Supplies,Art,Boston Heavy-Duty Trimline Electric Pencil Sharpeners,154.24,4.0,0.2,17.352,Legacy,Pending,
1735.0,CA-2017-101483,7/29/2017,8/1/2017,Second Class,AG-10675,Anna Gayman,Consumer,United States,Jacksonville,North Carolina,28540.0,South,OFF-AP-10002082,Office Supplies,Appliances,Holmes HEPA Air Purifier,34.848,2.0,0.2,6.534,Legacy,,
1736.0,CA-2017-101483,7/29/2017,8/1/2017,Second Class,AG-10675,Anna Gayman,Consumer,United States,Jacksonville,North Carolina,28540.0,South,TEC-PH-10003442,Technology,Phones,Samsung Replacement EH64AVFWE Premium Headset,22.0,5.0,0.2,1.375,ERP,Pending,Check later
1737.0,CA-2017-101483,7/29/2017,8/1/2017,Second Class,AG-10675,Anna Gayman,Consumer,United States,Jacksonville,North Carolina,28540.0,South,OFF-AR-10002833,Office Supplies,Art,Newell 322,4.368,3.0,0.2,0.3822,Legacy,Rejected,Check later
1738.0,CA-2015-130204,9/3/2015,9/9/2015,Standard Class,DB-13120,David Bremer,Corporate,United States,San Francisco,Calif.,94122.0,West,OFF-ST-10001325,Office Supplies,Storage,Sterilite Officeware Hinged File Box,31.44,3.0,0.0,8.4888,ERP,Pending,
1739.0,CA-2015-130204,9/3/2015,9/9/2015,Standard Class,DB-13120,David Bremer,Corporate,United States,San Francisco,California,94122.0,West,TEC-AC-10003038,Technology,Accessories,Kingston Digital DataTraveler 16GB USB 2.0,17.9,2.0,0.0,3.401,Manual Upload,Pending,
1740.0,CA-2015-130204,9/3/2015,9/9/2015,Standard Class,DB-13120,David Bremer,Corporate,United States,San Francisco,California,94122.0,West,TEC-AC-10003590,Technology,Accessories,"TRENDnet 56K USB 2.0 Phone, Internet and Fax Modem",129.45,5.0,0.0,46.602,Manual Upload,Approved,Duplicate?
1741.0,CA-2014-110527,8/9/2014,8/16/2014,Standard Class,ED-13885,Emily Ducich,Home Office,United States,San Diego,California,92037.0,West,OFF-LA-10000262,Office Supplies,Labels,Avery 494,20.88,8.0,0.0,9.6048,ERP,,
1742.0,CA-2017-152807,10/30/2017,11/3/2017,Standard Class,MC-18100,Mick Crebagga,Consumer,United States,Philadelphia,Pennsylvania,19140.0,East,OFF-PA-10004355,Office Supplies,Paper,Xerox 231,20.736,4.0,0.2,7.2576,Legacy,Rejected,
1743.0,CA-2017-152807,10/30/2017,11/3/2017,Standard Class,MC-18100,Mick Crebagga,Consumer,United States,Philadelphia,Pennsylvania,19140.0,East,FUR-FU-10004415,Furniture,Furnishings,"Stacking Tray, Side-Loading, Legal, Smoke",7.168,2.0,0.2,0.9856,Manual Upload,Pending,Urgent
1744.0,CA-2017-152807,10/30/2017,11/3/2017,Standard Class,MC-18100,Mick Crebagga,Consumer,United States,Philadelphia,Pennsylvania,19140.0,East,OFF-ST-10002486,Office Supplies,Storage,Eldon Shelf Savers Cubes and Bins,11.168,2.0,0.2,-2.5128,CRM,Approved,
1745.0,CA-2017-152807,10/30/2017,11/3/2017,Standard Class,MC-18100,Mick Crebagga,Consumer,United States,Philadelphia,Pennsylvania,19140.0,East,TEC-AC-10001142,Technology,Accessories,First Data FD10 PIN Pad,442.4,7.0,0.2,-55.3,Manual Upload,,
1746.0,CA-2014-133270,6/6/2014,6/9/2014,First Class,BM-11785,Bryan Mills,CONSUMER,United States,Rochester,New York,14609.0,East,OFF-AR-10002656,Office Supplies,Art,Sanford Liquid Accent Highlighters,13.36,2.0,0.0,4.9432,ERP,Approved,Duplicate?
1747.0,CA-2016-155670,8/13/2016,8/17/2016,Second Class,EM-14065,Erin Mull,Consumer,United States,Jacksonville,North Carolina,28540.0,South,OFF-BI-10000138,Office Supplies,Binders,Acco Translucent Poly Ring Binders,11.232,8.0,0.7,-8.2368,CRM,Rejected,
1748.0,CA-2016-155670,8/13/2016,8/17/2016,Second Class,EM-14065,Erin Mull,Consumer,United States,Jacksonville,North Carolina,28540.0,South,OFF-PA-10004947,Office Supplies,Paper,Easy-staple paper,10.272,3.0,0.2,3.21,CRM,Rejected,
1749.0,US-2014-157406,4/25/2014,4/29/2014,Standard Class,DA-13450,Dianna Arnett,Home Office,United States,Houston,Texas,77095.0,Central,OFF-PA-10003543,Office Supplies,Paper,Xerox 1985,10.368,2.0,0.2,3.6288,CRM,Approved,
1750.0,US-2014-157406,4/25/2014,4/29/2014,Standard Class,DA-13450,Dianna Arnett,Home Office,United States,Houston,Texas,77095.0,Central,OFF-AR-10002221,Office Supplies,Art,12 Colored Short Pencils,6.24,3.0,0.2,0.546,ERP,Approved,Check later
1751.0,CA-2015-139094,11/22/2015,11/27/2015,Standard Class,MO-17800,Meg O'Connel,Home Office,United States,San Antonio,Texas,78207.0,Central,FUR-TA-10004607,Furniture,Tables,Hon 2111 Invitation Series Straight Table,206.962,2.0,0.3,-32.5226,CRM,,Check later
1752.0,CA-2017-168837,10/14/2017,10/17/2017,First Class,JW-15955,Joni Wasserman,Consumer,United States,Oakland,California,94601.0,West,FUR-FU-10001918,Furniture,Furnishings,C-Line Cubicle Keepers Polyproplyene Holder With Velcro Backings,9.46,2.0,0.0,3.6894,Manual Upload,Approved,Check later
1753.0,CA-2017-116715,12/2/2017,12/5/2017,First Class,VW-21775,Victoria Wilson,Corporate,United States,San Francisco,California,94122.0,West,OFF-ST-10004340,Office Supplies,Storage,"Fellowes Mobile File Cart, Black",559.62,9.0,0.0,151.0974,Manual Upload,,
1754.0,CA-2017-116715,12/2/2017,12/5/2017,First Class,VW-21775,Victoria Wilson,Corporate,United States,San Francisco,California,94122.0,West,OFF-PA-10004475,Office Supplies,Paper,Xerox 1940,109.92,2.0,0.0,53.8608,CRM,Rejected,Urgent
1755.0,CA-2017-116715,12/2/2017,12/5/2017,First Class,VW-21775,Victoria Wilson,Corporate,United States,San Francisco,California,94122.0,West,OFF-PA-10003893,Office Supplies,Paper,Xerox 1962,8.56,2.0,0.0,3.852,Legacy,Rejected,Check later
1756.0,CA-2015-135622,12/8/2015,12/11/2015,Second Class,TT-21460,Tonja Turnell,Home Office,United States,Fort Worth,Texas,76106.0,Central,OFF-PA-10000100,Office Supplies,Paper,Xerox 1945,360.712,11.0,0.2,130.7581,Manual Upload,Rejected,
1757.0,CA-2015-135622,12/8/2015,12/11/2015,Second Class,TT-21460,Tonja Turnell,Home Office,United States,Fort Worth,Texas,76106.0,Central,TEC-PH-10001817,Technology,Phones,Wilson Electronics DB Pro Signal Booster,1718.4,6.0,0.2,150.36,ERP,Rejected,Urgent
1758.0,US-2015-107349,7/13/2015,7/15/2015,First Class,SL-20155,Sara Luxemburg,Home Office,United States,Houston,Texas,77095.0,Central,OFF-BI-10001765,Office Supplies,Binders,Wilson Jones Heavy-Duty Casebound Ring Binders with Metal Hinges,41.568,6.0,0.8,-66.5088,ERP,,
1759.0,CA-2014-139017,5/11/2014,5/17/2014,Standard Class,RM-19375,Raymond Messe,Consumer,United States,Houston,Texas,77095.0,Central,TEC-AC-10001013,Technology,Accessories,Logitech ClearChat Comfort/USB Headset H390,46.864,2.0,0.2,7.6154,ERP,Rejected,Urgent
1760.0,CA-2014-141817,1/5/2014,Jan 12 2014,Standard Class,MB-18085,Mick Brown,Consumer,United States,Philadelphia,Pennsylvania,19143.0,East,OFF-AR-10003478,Office Supplies,Art,"Avery Hi-Liter EverBold Pen Style Fluorescent Highlighters, 4/Pack",19.536,3.0,0.2,4.884,Legacy,Pending,
1761.0,CA-2015-130785,9/5/2015,9/9/2015,Standard Class,AG-10900,Arthur Gainer,Consumer,United States,San Diego,California,92105.0,West,FUR-BO-10000330,Furniture,Bookcases,"Sauder Camden County Barrister Bookcase, Planked Cherry Finish",411.332,4.0,0.15,-4.8392,Manual Upload,Rejected,
1762.0,CA-2015-130785,2015/09/05,9/9/2015,Standard Class,AG-10900,Arthur Gainer,Consumer,United States,San Diego,California,92105.0,West,OFF-BI-10001900,Office Supplies,Binders,"DXL Angle-View Binders with Locking Rings, Black",28.752,6.0,0.2,9.7038,CRM,Approved,Check later
1763.0,CA-2015-130785,9/5/2015,9/9/2015,Standard Class,AG-10900,Arthur Gainer,Consumer,United States,San Diego,California,92105.0,West,FUR-BO-10003159,Furniture,Bookcases,"Sauder Camden County Collection Libraries, Planked Cherry Finish",293.199,3.0,0.15,-20.6964,CRM,Approved,
1764.0,CA-2016-110254,8/4/2016,8/8/2016,Standard Class,ML-17755,Max Ludwig,Home Office,United States,Suffolk,Virginia,23434.0,South,OFF-SU-10002573,Office Supplies,Supplies,"Acme 10"" Easy Grip Assistive Scissors",35.06,2.0,0.0,10.518,Manual Upload,,Check later
1765.0,CA-2016-110254,8/4/2016,8/8/2016,Standard Class,ML-17755,Max Ludwig,Home Office,United States,Suffolk,Virginia,23434.0,South,OFF-LA-10004484,Office Supplies,Labels,Avery 476,4.13,1.0,0.0,1.8998,ERP,Approved,Duplicate?
1766.0,CA-2016-110254,8/4/2016,8/8/2016,Standard Class,ML-17755,Max Ludwig,Home Office,United States,Suffolk,Virginia,23434.0,South,FUR-FU-10001591,Furniture,Furnishings,Advantus Panel Wall Certificate Holder - 8.5x11,109.8,9.0,0.0,46.116,Legacy,Approved,Check later
1767.0,CA-2016-110254,8/4/2016,8/8/2016,Standard Class,ML-17755,Max Ludwig,Home Office,United States,Suffolk,Virginia,23434.0,South,OFF-LA-10002034,Office Supplies,Labels,Avery 478,9.82,2.0,0.0,4.8118,CRM,Pending,Urgent
1768.0,US-2014-158057,3/22/2014,3/26/2014,Standard Class,CC-12685,Craig Carroll,Consumer,United States,Greensboro,North Carolina,27405.0,South,OFF-BI-10004410,Office Supplies,Binders,"C-Line Peel & Stick Add-On Filing Pockets, 8-3/4 x 5-1/8, 10/Pack",7.644,4.0,0.7,-5.8604,ERP,Rejected,
1769.0,US-2014-158057,3/22/2014,3/26/2014,Standard Class,CC-12685,Craig Carroll,Consumer,United States,Greensboro,North Carolina,27405.0,Sth,OFF-BI-10002735,Office Supplies,Binders,GBC Prestige Therm-A-Bind Covers,51.465,5.0,0.7,-39.4565,Manual Upload,Rejected,Urgent
1770.0,CA-2017-146024,3/2/2017,3/8/2017,Standard Class,SC-20770,Stewart Carmichael,Corporate,United States,Dallas,Texas,75081.0,Central,OFF-SU-10001935,Office Supplies,Supplies,Staple remover,6.976,4.0,0.2,-1.3952,Legacy,,
1771.0,CA-2017-146024,3/2/2017,3/8/2017,Standard Class,SC-20770,Stewart Carmichael,Corporate,United States,Dallas,Texas,75081.0,Central,OFF-BI-10003291,Office Supplies,Binders,Wilson Jones Leather-Like Binders with DublLock Round Rings,12.222,7.0,0.8,-20.1663,Legacy,Rejected,
1772.0,CA-2016-129686,11/27/2016,11/29/2016,Second Class,GG-14650,Greg Guthrie,Corporate,United States,Chicago,Illinois,60623.0,Central,OFF-ST-10004337,Office Supplies,Storage,"SAFCO Commercial Wire Shelving, 72h",97.984,2.0,0.2,-24.496,CRM,Pending,Check later
1773.0,CA-2016-129686,11/27/2016,11/29/2016,Second Class,GG-14650,Greg Guthrie,Corporate,United States,Chicago,Illinois,60623.0,Central,TEC-AC-10001266,Technology,Accessories,Memorex Micro Travel Drive 8 GB,62.4,6.0,0.2,19.5,ERP,,
1774.0,CA-2014-118976,4/28/2014,5/3/2014,Standard Class,MY-18295,Muhammed Yedwab,Corporate,United States,Baltimore,Maryland,21215.0,East,OFF-BI-10001628,office_supplies,Binders,"Acco Data Flex Cable Posts For Top & Bottom Load Binders, 6"" Capacity",20.86,2.0,0.0,9.387,Manual Upload,,
1775.0,CA-2014-118976,4/28/2014,5/3/2014,Standard Class,MY-18295,Muhammed Yedwab,Corporate,United States,Baltimore,Maryland,21215.0,East,OFF-ST-10000877,Office Supplies,Storage,Recycled Steel Personal File for Standard File Folders,497.61,9.0,0.0,129.3786,Legacy,Approved,
1776.0,CA-2014-118976,4/28/2014,5/3/2014,Standard Class,MY-18295,Muhammed Yedwab,Corporate,United States,Baltimore,Maryland,21215.0,East,OFF-AR-10004752,Office Supplies,Art,Blackstonian Pencils,5.34,2.0,0.0,1.4952,ERP,Approved,Urgent
1777.0,CA-2014-118976,4/28/2014,5/3/2014,Standard Class,MY-18295,Muhammed Yedwab,Corporate,United States,Baltimore,Maryland,21215.0,East,OFF-LA-10000452,Office Supplies,Labels,Avery 488,3.15,1.0,0.0,1.512,CRM,Rejected,Urgent
1778.0,CA-2015-105347,11/24/2015,11/28/2015,Standard Class,DP-13000,Darren Powers,Consumer,United States,Los Angeles,California,90004.0,West,OFF-PA-10000675,Office Supplies,Paper,Xerox 1919,368.91,9.0,0.0,180.7659,ERP,,Urgent
1779.0,CA-2015-105347,11/24/2015,11/28/2015,Standard Class,DP-13000,Darren Powers,Consumer,United States,Los Angeles,California,90004.0,West,OFF-AR-10003045,Office Supplies,Art,Prang Colored Pencils,14.7,5.0,0.0,6.615,Legacy,Pending,Urgent
1780.0,CA-2016-124667,11/11/2016,11/16/2016,Standard Class,BD-11770,Bryan Davis,Consumer,United States,New York City,New York,10011.0,East,TEC-AC-10003447,Technology,Accessories,Micropad Numeric Keypads,59.97,3.0,0.0,14.9925,Legacy,Approved,Check later
1781.0,CA-2016-124667,11/11/2016,11/16/2016,Standard Class,BD-11770,Bryan Davis,Consumer,United States,New York City,New York,10011.0,East,OFF-ST-10002276,Office Supplies,Storage,Safco Steel Mobile File Cart,83.36,1.0,0.0,20.84,Manual Upload,Rejected,
1782.0,CA-2015-111094,7/9/2015,7/13/2015,standard class,CB-12535,Claudia Bergmann,Corporate,United States,Franklin,Massachusetts,2038.0,East,OFF-PA-10001609,Office Supplies,Paper,Tops Wirebound Message Log Books,6.58,2.0,0.0,3.0268,Legacy,Approved,
1783.0,CA-2015-111094,7/9/2015,7/13/2015,Standard Class,CB-12535,Claudia Bergmann,Corporate,United States,Franklin,Massachusetts,2038.0,East,OFF-BI-10001597,Office Supplies,Binders,"Wilson Jones Ledger-Size, Piano-Hinge Binder, 2"", Blue",122.94,3.0,0.0,59.0112,Legacy,Approved,Urgent
1784.0,CA-2017-166317,9/22/2017,9/26/2017,Standard Class,JE-15610,Jim Epp,Corporate,United States,Milwaukee,Wisconsin,53209.0,Central,OFF-PA-10004475,Office Supplies,Paper,Xerox 1940,219.84,4.0,0.0,107.7216,Legacy,Pending,Check later
1785.0,CA-2017-166317,9/22/2017,9/26/2017,Standard Class,JE-15610,Jim Epp,Corporate,United States,Milwaukee,Wisconsin,53209.0,Central,TEC-AC-10004510,Technology,Accessories,Logitech Desktop MK120 Mouse and keyboard Combo,98.16,6.0,0.0,9.816,Manual Upload,Rejected,Duplicate?
1786.0,CA-2017-166317,9/22/2017,9/26/2017,Standard Class,JE-15610,Jim Epp,Corporate,United States,Milwaukee,Wisconsin,53209.0,Central,OFF-BI-10002976,Office Supplies,Binders,ACCOHIDE Binder by Acco,33.04,8.0,0.0,15.5288,Legacy,Approved,
1787.0,CA-2017-166317,9/22/2017,9/26/2017,Standard Class,JE-15610,Jim Epp,Corporate,United States,Milwaukee,Wisconsin,53209.0,Central,TEC-PH-10001615,Technology,Phones,AT&T CL82213,86.97,3.0,0.0,25.2213,Manual Upload,Rejected,
1788.0,CA-2015-154326,2/15/2015,2/19/2015,Standard Class,RP-19855,Roy Phan,Corporate,United States,Kenosha,Wisconsin,53142.0,Central,TEC-PH-10001819,Technology,Phones,Innergie mMini Combo Duo USB Travel Charging Kit,134.97,3.0,0.0,64.7856,CRM,Approved,Urgent
1789.0,CA-2015-154326,2/15/2015,2/19/2015,Standard Class,RP-19855,Roy Phan,Corporate,United States,Kenosha,Wisconsin,53142.0,Central,TEC-PH-10000560,Technology,Phones,Samsung Galaxy S III - 16GB - pebble blue (T-Mobile),699.98,2.0,0.0,195.9944,Manual Upload,Rejected,Check later
1790.0,CA-2015-154326,2/15/2015,2/19/2015,Standard Class,RP-19855,Roy Phan,Corporate,United States,Kenosha,Wisconsin,53142.0,Central,TEC-AC-10004568,Technology,Accessories,Maxell LTO Ultrium - 800 GB,139.95,5.0,0.0,26.5905,ERP,Pending,
1791.0,CA-2014-102008,9/30/2014,10/4/2014,Standard Class,RA-19915,Russell Applegate,Consumer,United States,New York City,New York,10011.0,East,OFF-PA-10004092,Office Supplies,Paper,Tops Green Bar Computer Printout Paper,48.94,1.0,0.0,24.47,Legacy,,Urgent
1792.0,CA-2014-120474,12/1/2014,12/3/2014,First Class,RP-19390,Resi Pölking,Consumer,United States,Madison,Wisconsin,53711.0,Central,FUR-CH-10001854,Furniture,Chairs,Office Star - Professional Matrix Back Chair with 2-to-1 Synchro Tilt and Mesh Fabric Seat,2807.84,8.0,0.0,673.8816,Legacy,Rejected,
1793.0,CA-2014-120474,12/1/2014,12/3/2014,First Class,RP-19390,Resi Pölking,Consumer,United States,Madison,Wisconsin,53711.0,Central,OFF-AR-10000475,Office Supplies,Art,"Hunt BOSTON Vista Battery-Operated Pencil Sharpener, Black",46.64,4.0,0.0,12.5928,Manual Upload,Approved,Duplicate?
1794.0,CA-2014-104773,12/8/2014,12/13/2014,Standard Class,TB-21175,Thomas Boland,Corporate,United States,Houston,Texas,77041.0,Central,OFF-ST-10000777,Office Supplies,Storage,"Companion Letter/Legal File, Black",60.416,2.0,0.2,6.0416,CRM,,Check later
1795.0,CA-2016-140774,9/5/2016,9/10/2016,Standard Class,BE-11455,Brad Eason,Home Office,United States,Olathe,Kansas,66062.0,Central,OFF-AR-10004022,Office Supplies,Art,Panasonic KP-380BK Classic Electric Pencil Sharpener,107.94,3.0,0.0,26.985,ERP,Approved,Urgent
1796.0,US-2017-139465,8/27/2017,8/30/2017,First Class,MR-17545,Mathew Reese,Home Office,United States,New York City,New York,10024.0,East,OFF-ST-10002352,Office Supplies,Storage,Iris Project Case,63.84,8.0,0.0,16.5984,Legacy,Approved,Urgent
1797.0,US-2017-139465,8/27/2017,8/30/2017,First Class,MR-17545,Mathew Reese,Home Office,United States,New York City,New York,10024.0,East,TEC-PH-10000455,Technology,Phones,GE 30522EE2,347.97,3.0,0.0,100.9113,CRM,Rejected,Urgent
1798.0,US-2017-139465,8/27/2017,8/30/2017,First Class,MR-17545,Mathew Reese,Home Office,United States,New York City,New York,10024.0,East,OFF-BI-10003910,Office Supplies,Binders,DXL Angle-View Binders with Locking Rings by Samsill,37.008,6.0,0.2,11.565,CRM,Approved,Duplicate?
1799.0,CA-2016-100965,7/7/2016,7/11/2016,Standard Class,RM-19375,Raymond Messe,Consumer,United States,San Jose,California,95123.0,West,FUR-FU-10003039,Furniture,Furnishings,"Howard Miller 11-1/2"" Diameter Grantwood Wall Clock",215.65,5.0,0.0,73.321,CRM,Rejected,
1800.0,CA-2016-121034,8/8/2016,8/10/2016,Second Class,JF-15565,Jill Fjeld,Consumer,United States,Dallas,Texas,75081.0,Central,OFF-FA-10000585,Office Supplies,Fasteners,OIC Bulk Pack Metal Binder Clips,11.168,4.0,0.2,3.6296,ERP,,
1801.0,CA-2016-121034,8/8/2016,8/10/2016,Second Class,JF-15565,Jill Fjeld,Consumer,United States,Dallas,TX,75081.0,Central,OFF-PA-10001994,Office Supplies,Paper,"Ink Jet Note and Greeting Cards, 8-1/2"" x 5-1/2"" Card Size",53.952,3.0,0.2,17.5344,CRM,Rejected,Check later
1802.0,CA-2016-149461,11/13/2016,11/19/2016,Standard Class,AS-10135,Adrian Shami,Home Office,United States,Auburn,Washington,98002.0,West,FUR-FU-10004270,Furniture,Furnishings,"Eldon Image Series Desk Accessories, Burgundy",4.18,1.0,0.0,1.5048,ERP,Approved,Urgent
1803.0,CA-2017-158379,9/22/2017,9/26/2017,Second Class,JA-15970,Joseph Airdo,Consumer,United States,Philadelphia,Pennsylvania,19134.0,East,OFF-BI-10002498,Office Supplies,Binders,Clear Mylar Reinforcing Strips,5.607,1.0,0.7,-4.2987,Manual Upload,,
1804.0,CA-2017-158379,9/22/2017,9/26/2017,Second Class,JA-15970,Joseph Airdo,Consumer,United States,Philadelphia,Pennsylvania,19134.0,East,OFF-SU-10002881,Office Supplies,Supplies,Martin Yale Chadless Opener Electric Letter Opener,4663.736,7.0,0.2,-1049.3406,CRM,,Check later
1805.0,CA-2017-158379,9/22/2017,9/26/2017,Second Class,JA-15970,Joseph Airdo,Consumer,United States,Philadelphia,Pennsylvania,19134.0,East,TEC-AC-10002926,Technology,Accessories,Logitech Wireless Marathon Mouse M705,79.984,2.0,0.2,22.9954,CRM,Approved,
1806.0,US-2016-116729,12/25/2016,12/28/2016,First Class,GK-14620,Grace Kelly,Corporate,United States,Los Angeles,California,90049.0,West,TEC-PH-10002200,Technology,Phones,Samsung Galaxy Note 2,2575.944,7.0,0.2,257.5944,CRM,Approved,
1807.0,US-2016-116729,12/25/2016,12/28/2016,First Class,GK-14620,Grace Kelly,Corporate,United States,Los Angeles,California,90049.0,West,OFF-PA-10002005,Office Supplies,Paper,Xerox 225,45.36,7.0,0.0,21.7728,Legacy,Approved,
1808.0,US-2016-116729,12/25/2016,12/28/2016,First Class,GK-14620,Grace Kelly,Corporate,United States,Los Angeles,California,90049.0,West,TEC-AC-10001465,Technology,Accessories,SanDisk Cruzer 64 GB USB Flash Drive,254.24,7.0,0.0,76.272,CRM,Approved,
1809.0,CA-2016-164938,2/11/2016,2/13/2016,First Class,PB-19210,Phillip Breyer,Corporate,United States,Tulsa,Oklahoma,74133.0,Central,TEC-PH-10004897,Technology,Phones,Mediabridge Sport Armband iPhone 5s,69.93,7.0,0.0,0.6993,CRM,Approved,Duplicate?
1810.0,CA-2016-165484,10/23/2016,10/29/2016,Standard Class,HK-14890,Heather Kirkland,Corporate,United States,Chicago,Illinois,60610.0,Central,FUR-FU-10001196,Furniture,Furnishings,DAX Cubicle Frames - 8x10,16.156,7.0,0.6,-12.117,Manual Upload,Pending,Check later
1811.0,CA-2016-165484,10/23/2016,10/29/2016,Standard Class,HK-14890,HEATHER KIRKLAND,Corporate,United States,Chicago,Illinois,60610.0,Central,OFF-PA-10000595,Office Supplies,Paper,Xerox 1929,54.816,3.0,0.2,17.8152,CRM,Approved,Duplicate?
1812.0,CA-2014-132612,6/9/2014,6/11/2014,Second Class,FO-14305,Frank Olsen,consumer,United States,Harrisonburg,Virginia,22801.0,South,FUR-TA-10004534,Furniture,Tables,Bevis 44 x 96 Conference Tables,1441.3,7.0,0.0,245.021,Manual Upload,Pending,Duplicate?
1813.0,US-2017-161193,11/20/2017,11/26/2017,Standard Class,BT-11680,Brian Thompson,Consumer,United States,Newark,Ohio,43055.0,East ,FUR-FU-10001861,Furniture,Furnishings,"Floodlight Indoor Halogen Bulbs, 1 Bulb per Pack, 60 Watts",77.6,5.0,0.2,28.13,ERP,,Duplicate?
1814.0,US-2017-161193,11/20/2017,11/26/2017,Standard Class,BT-11680,Brian Thompson,Consumer,United States,Newark,Ohio,43055.0,East,FUR-FU-10000206,Furniture,Furnishings,"GE General Purpose, Extra Long Life, Showcase & Floodlight Incandescent Bulbs",4.656,2.0,0.2,1.5714,Legacy,Rejected,Duplicate?
1815.0,CA-2015-131597,9/14/2015,9/18/2015,Standard Class,SP-20620,Stefania Perrino,Corporate,United States,Los Angeles,California,90045.0,Wst,FUR-TA-10002607,Furniture,Tables,KI Conference Tables,170.136,3.0,0.2,-8.5068,ERP,,
1816.0,CA-2015-164833,6/4/2015,6/4/2015,Same Day,LL-16840,Lauren Leatherbury,Consumer,United States,Seattle,Washington,98105.0,West,OFF-LA-10000443,Office Supplies,Labels,Avery 501,7.38,2.0,0.0,3.4686,Legacy,Approved,Check later
1817.0,CA-2015-164833,6/4/2015,6/4/2015,Same Day,LL-16840,Lauren Leatherbury,Consumer,United States,Seattle,Washington,98105.0,West,OFF-AR-10004685,Office Supplies,Art,"Binney & Smith Crayola Metallic Colored Pencils, 8-Color Set",9.26,2.0,0.0,3.0558,ERP,Rejected,Urgent
1818.0,CA-2015-125423,12/13/2015,12/15/2015,Second Class,MC-17575,Matt Collins,Consumer,United States,Los Angeles,California,90036.0,West,OFF-LA-10001771,Office Supplies,Labels,Avery 513,9.96,2.0,0.0,4.5816,CRM,Pending,Urgent
1819.0,US-2014-130379,5/25/2014,5/29/2014,Standard Class,JL-15235,Janet Lee,Consumer,United States,Chicago,Illinois,60623.0,Central,OFF-AP-10001394,Office Supplies,Appliances,Harmony Air Purifier,75.6,2.0,0.8,-166.32,ERP,Rejected,
1820.0,US-2014-130379,5/25/2014,5/29/2014,Standard Class,JL-15235,Janet Lee,Consumer,United States,Chicago,Illinois,60623.0,Central,FUR-FU-10002553,Furniture,Furnishings,"Electrix Incandescent Magnifying Lamp, Black",29.32,2.0,0.6,-24.189,Manual Upload,,Duplicate?
1821.0,CA-2016-168956,2/16/2016,2/20/2016,Standard Class,EA-14035,Erin Ashbrook,Corporate,United States,Chicago,Illinois,60623.0,Central,OFF-AP-10004233,Office Supplies,Appliances,Honeywell Enviracaire Portable Air Cleaner for up to 8 x 10 Room,92.064,6.0,-0.2,-225.5568,CRM,Approved,
1822.0,CA-2016-168956,2/16/2016,2/20/2016,Standard Class,EA-14035,Erin Ashbrook,Corporate,United States,Chicago,Illinois,60623.0,Central,OFF-FA-10000304,Office Supplies,Fasteners,Advantus Push Pins,6.976,4.0,0.2,1.8312,Manual Upload,,
1823.0,CA-2016-168956,2/16/2016,2/20/2016,Standard Class,EA-14035,Erin Ashbrook,Corporate,United States,Chicago,Illinois,60623.0,Central,FUR-CH-10004754,Furniture,Chairs,"Global Stack Chair with Arms, Black",62.958,3.0,0.3,-2.6982,ERP,Approved,
1824.0,CA-2016-168956,2/16/2016,2/20/2016,Standard Class,EA-14035,Erin Ashbrook,Corporate,United States,Chicago,Illinois,60623.0,Central,OFF-PA-10000809,Office Supplies,Paper,Xerox 206,5.184,1.0,0.2,1.8144,ERP,,Urgent
1825.0,CA-2016-167507,12/22/2016,12/28/2016,Standard Class,SA-20830,Sue Ann Reed,Consumer,United States,Redmond,Oregon,97756.0,West,OFF-BI-10003694,Office Supplies,Binders,"Avery 3 1/2"" Diskette Storage Pages, 10/Pack",31.32,10.0,0.7,-25.056,Legacy,Rejected,
1826.0,CA-2016-167507,12/22/2016,12/28/2016,Standard Class,SA-20830,Sue Ann Reed,Consumer,United States,Redmond,Oregon,97756.0,West,FUR-FU-10001935,Furniture,Furnishings,3M Hangers With Command Adhesive,11.84,4.0,0.2,3.108,Legacy,,Urgent
1827.0,CA-2016-167507,12/22/2016,12/28/2016,Standard Class,SA-20830,Sue Ann Reed,Consumer,United States,Redmond,Oregon,97756.0,West,FUR-FU-10002878,Furniture,Furnishings,"Seth Thomas 14"" Day/Date Wall Clock",22.784,1.0,0.2,4.8416,ERP,Pending,
1828.0,CA-2016-109344,2/8/2016,2/11/2016,Second Class,CH-12070,Cathy Hwang,Home Office,United States,Raleigh,North Carolina,27604.0,South,TEC-PH-10002624,Technology,Phones,Samsung Galaxy S4 Mini,1127.976,3.0,0.2,126.8973,Legacy,,
1829.0,US-2015-140851,7/13/2015,7/15/2015,Second Class,ND-18460,Neil Ducich,Corporate,United States,Macon,Georgia,31204.0,South,OFF-PA-10000019,Office Supplies,Paper,Xerox 1931,38.88,6.0,0.0,18.6624,CRM,Approved,
1830.0,CA-2014-103373,5/18/2014,5/24/2014,Standard Class,BS-11755,Bruce Stewart,Consumer,United States,Cleveland,Ohio,44105.0,East,TEC-PH-10002885,Technology,Phones,Apple iPhone 5,779.796,2.0,0.4,-168.9558,Legacy,Rejected,
1831.0,CA-2017-145884,10/21/2017,10/21/2017,Same Day,SL-20155,Sara Luxemburg,Home Office,United States,Muskogee,Oklahoma,74403.0,Central,TEC-PH-10000895,Technology,Phones,Polycom VVX 310 VoIP phone,1439.92,8.0,0.0,374.3792,Legacy,Pending,
1832.0,CA-2017-145884,10/21/2017,10/21/2017,Same Day,SL-20155,Sara Luxemburg,Home Office,United States,Muskogee,Oklahoma,74403.0,Central,FUR-TA-10002356,Furniture,Tables,Bevis Boat-Shaped Conference Table,262.11,1.0,0.0,62.9064,Manual Upload,Approved,Check later
1833.0,CA-2015-131422,11/5/2015,11/9/2015,Standard Class,GB-14530,George Bell,Corporate,United States,Monroe,North Carolina,28110.0,South,FUR-CH-10001270,Furniture,Chairs,Harbour Creations Steel Folding Chair,207.0,3.0,0.2,25.875,ERP,Approved,Urgent
1834.0,CA-2017-162691,8/1/2017,8/7/2017,Standard Class,AS-10045,Aaron Smayling,Corporate,United States,Austin,Texas,78745.0,Central,TEC-MA-10000488,Technology,Machines,Bady BDG101FRU Card Printer,1439.982,3.0,0.4,-263.9967,Legacy,Approved,
1835.0,CA-2017-162691,8/1/2017,8/7/2017,Standard Class,AS-10045,Aaron Smayling,Corporate,United States,Austin,Texas,78745.0,Central,OFF-PA-10003729,Office Supplies,Paper,Xerox 1998,36.288,7.0,0.2,12.7008,Manual Upload,,
1836.0,CA-2014-141278,6/21/2014,6/24/2014,First Class,RM-19375,Raymond Messe,Consumer,United States,Meriden,Connecticut,6450.0,East,OFF-AR-10003056,Office Supplies,Art,Newell 341,21.4,5.0,0.0,6.206,Manual Upload,Rejected,Check later
1837.0,CA-2017-122693,2/19/2017,2/21/2017,Second Class,NH-18610,Nicole Hansen,Corporate,United States,Roswell,Georgia,30076.0,South,OFF-AP-10002518,Office Supplies,Appliances,Kensington 7 Outlet MasterPiece Power Center,1245.86,7.0,0.0,361.2994,CRM,Rejected,
1838.0,CA-2014-117345,8/1/2014,8/5/2014,Standard Class,BF-10975,Barbara Fisher,Corporate,United States,Charlotte,North Carolina,28205.0,South,OFF-LA-10000240,Office Supplies,Labels,Self-Adhesive Address Labels for Typewriters by Universal,17.544,3.0,0.2,5.9211,Manual Upload,Pending,
1839.0,CA-2014-117345,8/1/2014,8/5/2014,Standard Class,BF-10975,Barbara Fisher,Corporate,United States,Charlotte,North Carolina,28205.0,South,FUR-FU-10000629,Furniture,Furnishings,9-3/4 Diameter Round Wall Clock,44.128,4.0,0.2,12.1352,Legacy,Approved,
1840.0,CA-2014-117345,8/1/2014,8/5/2014,Standard Class,BF-10975,Barbara Fisher,Corporate,United States,Charlotte,North Carolina,28205.0,South,OFF-AP-10001005,Office Supplies,Appliances,Honeywell Quietcare HEPA Air Cleaner,62.92,1.0,0.2,10.2245,CRM,Rejected,
1841.0,CA-2014-117345,8/1/2014,8/5/2014,Standard Class,BF-10975,Barbara Fisher,Corporate,United States,Charlotte,North Carolina,28205.0,South,OFF-PA-10002377,Office Supplies,Paper,Xerox 1916,78.304,2.0,0.2,29.364,CRM,Rejected,
1842.0,CA-2016-157763,7/18/2016,7/23/2016,Standard Class,KH-16330,Katharine Harms,Corporate,United States,Bowling Green,Kentucky,UNKNOWN,South,FUR-CH-10000988,Furniture,Chairs,Hon Olson Stacker Stools,140.81,1.0,0.0,39.4268,Manual Upload,,
1843.0,CA-2015-135391,2/9/2015,2/11/2015,Second Class,FA-14230,Frank Atkinson,Corporate,United States,San Antonio,Texas,78207.0,Central,OFF-LA-10001074,Office Supplies,Labels,Round Specialty Laser Printer Labels,40.096,4.0,0.2,13.5324,Legacy,Approved,
1844.0,CA-2015-135391,2/9/2015,2/11/2015,Second Class,FA-14230,Frank Atkinson,Corporate,United States,San Antonio,Texas,78207.0,Central,FUR-FU-10001986,Furniture,Furnishings,"Dana Fluorescent Magnifying Lamp, White, 36""",40.784,2.0,0.6,-30.588,CRM,Pending,
1845.0,US-2017-113852,2017/07/29,8/2/2017,Standard Class,GW-14605,Giulietta Weimer,CONSUMER,United States,Seattle,Washington,98115.0,West,TEC-AC-10003027,Technology,Accessories,Imation 8GB Mini TravelDrive USB 2.0 Flash Drive,90.57,3.0,0.0,11.7741,ERP,,Check later
1846.0,US-2017-158512,1/12/2017,1/17/2017,Second Class,DA-13450,Dianna Arnett,Home Office,United States,Washington,District of Columbia,20016.0,East,OFF-PA-10001804,Office Supplies,Paper,Xerox 195,40.08,6.0,0.0,19.2384,ERP,Pending,Urgent
1847.0,US-2017-158512,1/12/2017,1/17/2017,Second Class,DA-13450,Dianna Arnett,Home Office,United States,Washington,District of Columbia,20016.0,East,FUR-FU-10004973,Furniture,Furnishings,Flat Face Poster Frame,37.68,2.0,0.0,15.8256,CRM,Rejected,Urgent
1848.0,CA-2017-128370,9/10/2017,9/10/2017,Same Day,FH-14275,Frank Hawley,Corporate,United States,Los Angeles,California,90004.0,West,FUR-CH-10002602,Furniture,Chairs,DMI Arturo Collection Mission-style Design Wood Chair,362.352,3.0,0.2,27.1764,Manual Upload,Rejected,Duplicate?
1849.0,CA-2017-128370,9/10/2017,9/10/2017,Same Day,FH-14275,Frank Hawley,Corporate,United States,Los Angeles,California,90004.0,West,OFF-BI-10004140,Office Supplies,Binders,Avery Non-Stick Binders,7.184,2.0,0.2,2.245,Legacy,Pending,Duplicate?
1850.0,CA-2015-160472,7/20/2015,7/25/2015,Second Class,RK-19300,Ralph Kennedy,Consumer,United States,South Bend,Indiana,46614.0,Central,OFF-ST-10000464,Office Supplies,Storage,"Multi-Use Personal File Cart and Caster Set, Three Stacking Bins",34.76,1.0,0.0,9.7328,ERP,,Duplicate?
1851.0,CA-2015-160472,7/20/2015,7/25/2015,Second Class,RK-19300,Ralph Kennedy,Consumer,United States,South Bend,Indiana,46614.0,Central,TEC-AC-10002253,Technology,Accessories,Imation Bio 8GB USB Flash Drive Imation Corp,831.2,5.0,0.0,124.68,ERP,Approved,
1852.0,CA-2015-160472,7/20/2015,7/25/2015,Second Class,RK-19300,Ralph Kennedy,Consumer,United States,South Bend,Indiana,46614.0,Central,OFF-PA-10000528,Office Supplies,Paper,Xerox 1981,26.4,5.0,0.0,11.88,CRM,,Duplicate?
1853.0,CA-2015-160472,7/20/2015,7/25/2015,Second Class,RK-19300,Ralph Kennedy,Consumer,United States,South Bend,Indiana,46614.0,Central,OFF-EN-10000483,Office Supplies,Envelopes,"White Envelopes, White Envelopes with Clear Poly Window",106.75,7.0,0.0,49.105,Manual Upload,,
1854.0,CA-2015-160472,07/20/2015,7/25/2015,Second Class,RK-19300,Ralph Kennedy,Consumer,United States,South Bend,Indiana,46614.0,Central,OFF-PA-10003129,Office Supplies,Paper,Tops White Computer Printout Paper,97.82,2.0,0.0,45.9754,CRM,Pending,Check later
1855.0,CA-2015-160472,7/20/2015,7/25/2015,Second Class,RK-19300,Ralph Kennedy,Consumer,United States,South Bend,Indiana,46614.0,Central,OFF-ST-10003442,Office Supplies,Storage,Eldon Portable Mobile Manager,141.4,5.0,0.0,38.178,ERP,,
1856.0,CA-2014-114643,6/13/2014,6/17/2014,Standard Class,FM-14215,Filia McAdams,Corporate,United States,Los Angeles,California,90032.0,West,OFF-AR-10003631,Office Supplies,Art,Staples in misc. colors,14.52,3.0,0.0,4.7916,CRM,Pending,Urgent
1857.0,US-2017-158218,5/12/2017,5/15/2017,Second Class,AC-10420,Alyssa Crouse,Corporate,United States,Houston,Texas,77041.0,Central,OFF-ST-10000563,Office Supplies,Storage,Fellowes Bankers Box Stor/Drawer Steel Plus,127.92,5.0,0.2,-15.99,ERP,Approved,
1858.0,US-2017-158218,12-05-2017,5/15/2017,Second Class,AC-10420,Alyssa Crouse,Corporate,United States,Houston,Texas,77041.0,Central,OFF-BI-10002133,Office Supplies,Binders,"Wilson Jones Elliptical Ring 3 1/2"" Capacity Binders, 800 sheets",34.24,4.0,0.8,-53.072,Manual Upload,Approved,Check later
1859.0,CA-2015-121608,9/3/2015,9/5/2015,First Class,JB-15400,Jennifer Braxton,Corporate,United States,Bristol,Connecticut,6010.0,East,OFF-AP-10002311,Office Supplies,Appliances,"Holmes Replacement Filter for HEPA Air Cleaner, Very Large Room, HEPA Filter",137.62,2.0,0.0,60.5528,ERP,Pending,Duplicate?
1860.0,CA-2015-121608,9/3/2015,9/5/2015,First Class,JB-15400,Jennifer Braxton,Corporate,United States,Bristol,Connecticut,6010.0,East,TEC-PH-10004959,Technology,Phones,Classic Ivory Antique Telephone ZL1810,100.49,1.0,0.0,25.1225,ERP,Approved,
1861.0,US-2017-121251,3/26/2017,3/27/2017,First Class,GM-14440,Gary McGarr,Consumer,United States,New York City,New York,10009.0,East,FUR-BO-10001918,Furniture,Bookcases,"Sauder Forest Hills Library with Doors, Woodland Oak Finish",257.568,2.0,0.2,-28.9764,Manual Upload,Rejected,
1862.0,US-2017-121251,3/26/2017,3/27/2017,First Class,GM-14440,Gary McGarr,Consumer,United States,New York City,New York,10009.0,East,TEC-PH-10004896,Technology,Phones,Nokia Lumia 521 (T-Mobile),119.96,4.0,0.0,33.5888,Manual Upload,Pending,Urgent
1863.0,CA-2014-151078,11/12/2014,11/12/2014,Same Day,RF-19840,Roy Französisch,Consumer,United States,San Antonio,Texas,78207.0,Central,OFF-ST-10001328,Office Supplies,Storage,"Personal Filing Tote with Lid, Black/Gray",49.632,4.0,0.2,4.9632,ERP,Pending,Duplicate?
1864.0,US-2016-100839,10/13/2016,10/17/2016,Standard Class,NC-18625,Noah Childs,Corporate,United States,Aurora,Colorado,80013.0,West,FUR-TA-10004575,Furniture,Tables,Hon 5100 Series Wood Tables,727.45,5.0,0.5,-465.568,Manual Upload,Pending,Duplicate?
1865.0,US-2016-100839,10/13/2016,10/17/2016,Standard Class,NC-18625,Noah Childs,Corporate,United States,Aurora,Colorado,80013.0,West,FUR-FU-10001617,Furniture,Furnishings,"Executive Impressions 8-1/2"" Career Panel/Partition Cubicle Clock",24.96,3.0,0.2,4.368,CRM,Approved,
1866.0,US-2017-116659,11/12/2017,11/12/2017,Same Day,NG-18355,Nat Gilpin,Corporate,United States,Newark,Ohio,43055.0,East,TEC-PH-10002824,Technology,Phones,Jabra SPEAK 410 Multidevice Speakerphone,370.782,0.0,0.4,-92.6955,Manual Upload,Rejected,
1867.0,CA-2017-118857,4/15/2017,4/18/2017,First Class,AH-10075,Adam Hart,Corporate,United States,Henderson,Nevada,89015.0,West,FUR-FU-10004460,Furniture,Furnishings,"Howard Miller 12"" Round Wall Clock",196.45,5.0,0.0,70.722,CRM,,
1868.0,CA-2015-127110,6/25/2015,7/1/2015,Standard Class,CH-12070,Cathy Hwang,Home Office,United States,Philadelphia,Pennsylvania,19143.0,East,OFF-PA-10003309,Office Supplies,Paper,Xerox 211,31.104,6.0,0.2,10.8864,CRM,Rejected,Check later
1869.0,CA-2015-127110,6/25/2015,7/1/2015,Standard Class,CH-12070,Cathy Hwang,Home Office,United States,Philadelphia,Pennsylvania,19143.0,East,OFF-ST-10002554,Office Supplies,Storage,Tennsco Industrial Shelving,78.256,2.0,0.2,0.0,ERP,,
1870.0,CA-2016-148201,8/26/2016,8/29/2016,Second Class,CC-12145,Charles Crestani,Consumer,United States,Seattle,Washington,98103.0,West,OFF-PA-10000019,Office Supplies,Paper,Xerox 1931,6.48,1.0,0.0,3.1104,Legacy,,
1871.0,CA-2014-116932,7/21/2014,7/25/2014,Standard Class,ME-18010,Michelle Ellison,Corporate,United States,San Francisco,California,94122.0,West,OFF-AR-10002067,Office Supplies,Art,Newell 334,99.2,5.0,0.0,25.792,Legacy,Pending,
1872.0,CA-2014-116932,7/21/2014,7/25/2014,Standard Class,ME-18010,Michelle Ellison,Corporate,United States,San Francisco,California,94122.0,West,FUR-CH-10001215,Furniture,Chairs,Global Troy Executive Leather Low-Back Tilter,801.568,2.0,0.2,50.098,Legacy,Approved,Duplicate?
1873.0,CA-2014-116932,7/21/2014,7/25/2014,Standard Class,ME-18010,Michelle Ellison,Corporate,United States,San Francisco,California,94122.0,West,FUR-TA-10004175,Furniture,Tables,"Hon 30"" x 60"" Table with Locking Drawer",272.848,1.0,0.2,27.2848,Manual Upload,,Check later
1874.0,CA-2017-142888,11/21/2017,11/25/2017,Std Class,BP-11230,Benjamin Patterson,Consumer,United States,Spokane,Washington,99207.0,West,FUR-TA-10004767,Furniture,Tables,Safco Drafting Table,70.98,1.0,0.0,20.5842,CRM,Rejected,
1875.0,CA-2014-147914,6/4/2014,6/9/2014,Standard Class,MP-17470,Mark Packer,Home Office,United States,Columbus,Ohio,43229.0,East,OFF-PA-10001685,Office Supplies,Paper,Easy-staple paper,16.224,2.0,0.2,5.8812,ERP,Pending,
1876.0,US-2016-112977,3/10/2016,3/16/2016,standard class,CJ-12010,Caroline Jumper,Consumer,United States,Long Beach,New York,11561.0,East,FUR-BO-10003272,Furniture,Bookcases,O'Sullivan Living Dimensions 5-Shelf Bookcases,176.784,1.0,0.2,-22.098,ERP,Pending,Check later
1877.0,CA-2017-112039,3/25/2017,3/29/2017,Standard Class,JC-15775,John Castell,Consumer,United States,San Antonio,Texas,78207.0,Central,TEC-PH-10000984,Technology,Phones,Panasonic KX-TG9471B,470.376,3.0,0.2,47.0376,Manual Upload,Pending,
1878.0,CA-2017-118885,12/29/2017,1/2/2018,Standard Class,JG-15160,James Galang,Consumer,United States,Los Angeles,California,90049.0,West,FUR-CH-10002880,Furn,Chairs,"Global High-Back Leather Tilter, Burgundy",393.568,4.0,0.2,-44.2764,ERP,Pending,Urgent
1879.0,CA-2017-118885,12/29/2017,1/2/2018,Standard Class,JG-15160,James Galang,Consumer,United States,Los Angeles,California,90049.0,West,TEC-PH-10002563,Technology,Phones,Adtran 1202752G1,302.376,3.0,0.2,22.6782,Manual Upload,Pending,Check later
1880.0,US-2017-166611,3/28/2017,4/2/2017,Standard Class,CK-12760,Cyma Kinney,Corporate,United States,Jacksonville,Florida,32216.0,South,OFF-BI-10001191,Office Supplies,Binders,Canvas Sectional Post Binders,68.742,9.0,0.7,-48.1194,CRM,Rejected,
1881.0,CA-2015-109512,3/5/2015,3/5/2015,Same Day,LF-17185,Luke Foster,Consumer,United States,New York City,New York,10011.0,East,OFF-EN-10002621,Office Supplies,Envelopes,Staple envelope,29.34,3.0,0.0,14.67,ERP,Approved,
1882.0,CA-2015-109512,3/5/2015,3/5/2015,Same Day,LF-17185,Luke Foster,Consumer,United States,New York City,New York,10011.0,East,FUR-CH-10001146,Furniture,Chairs,"Global Value Mid-Back Manager's Chair, Gray",383.607,7.0,0.1,63.9345,CRM,Rejected,Urgent
1883.0,CA-2015-109512,3/5/2015,3/5/2015,Same Day,LF-17185,Luke Foster,Consumer,United States,New York City,New York,10011.0,East,OFF-ST-10000689,Office Supplies,Storage,"Fellowes Strictly Business Drawer File, Letter/Legal Size",563.4,4.0,0.0,67.608,Manual Upload,,
1884.0,CA-2016-118570,11/13/2016,11/17/2016,Standard Class,CC-12430,Chuck Clark,Home Office,United States,Philadelphia,Pennsylvania,19143.0,East,OFF-PA-10001289,Office Supplies,Paper,White Computer Printout Paper by Universal,217.056,7.0,0.2,78.6828,Manual Upload,Approved,Check later
1885.0,CA-2017-154718,1/19/2017,1/23/2017,Second Class,DL-12865,Dan Lawera,Consumer,United States,Keller,Texas,76248.0,Central,OFF-LA-10003714,Office Supplies,Labels,Avery 510,6.0,2.0,0.2,2.1,Manual Upload,Rejected,
1886.0,CA-2016-147578,4/22/2016,4/26/2016,Second Class,PG-18895,Paul Gonzalez,Consumer,United States,San Francisco,California,94122.0,West,FUR-FU-10001889,Furniture,Furnishings,Ultra Door Pull Handle,31.56,3.0,0.0,10.4148,Legacy,,
1887.0,CA-2014-140165,5/13/2014,5/15/2014,First Class,EH-14005,Erica Hernandez,Home Office,United States,Hialeah,Florida,33012.0,South,OFF-FA-10002815,Office Supplies,Fasteners,Staples,7.104,2.0,0.2,2.3976,ERP,,Duplicate?
1888.0,CA-2014-140165,5/13/2014,5/15/2014,First Class,EH-14005,Erica Hernandez,Home Office,United States,Hialeah,Florida,33012.0,South,OFF-BI-10004519,Office Supplies,Binders,GBC DocuBind P100 Manual Binding Machine,398.352,8.0,0.7,-331.96,ERP,Rejected,
1889.0,CA-2014-142587,10/21/2014,10/22/2014,First Class,TB-21520,Tracy Blumstein,Consumer,United States,Fairfield,Ohio,45014.0,East,OFF-AP-10004708,Office Supplies,Appliances,Fellowes Superior 10 Outlet Split Surge Protector,121.792,4.0,0.2,13.7016,Manual Upload,Pending,Check later
1890.0,CA-2014-142587,10/21/2014,10/22/2014,First Class,TB-21520,Tracy Blumstein,Consumer,United States,Fairfield,Ohio,45014.0,East,FUR-TA-10000617,Furniture,Tables,"Hon Practical Foundations 30 x 60 Training Table, Light Gray/Charcoal",409.59,3.0,0.4,0.0,ERP,,
1891.0,CA-2014-157623,3/14/2014,3/18/2014,Standard Class,DK-13225,Dean Katz,Corporate,United States,Huntington Beach,California,92646.0,WEST,OFF-PA-10001204,Office Supplies,Paper,Xerox 1972,10.56,2.0,0.0,4.752,Legacy,Pending,
1892.0,CA-2014-157623,3/14/2014,3/18/2014,Standard Class,DK-13225,Dean Katz,Corporate,United States,Huntington Beach,California,92646.0,West,OFF-AR-10003723,Office Supplies,Art,Avery Hi-Liter Fluorescent Desk Style Markers,3.38,1.0,0.0,1.2506,CRM,Rejected,
1893.0,CA-2017-145310,12/22/2017,12/24/2017,Second Class,JP-15520,Jeremy Pistek,Consumer,United States,Port Orange,Florida,32127.0,South,OFF-EN-10002621,Office Supplies,Envelopes,Staple envelope,7.824,1.0,0.2,2.934,CRM,Pending,
1894.0,CA-2016-100083,11/24/2016,11/29/2016,Standard Class,CD-11980,Carol Darley,Consumer,United States,Medford,Oregon,97504.0,West,OFF-PA-10000241,Office Supplies,Paper,"IBM Multi-Purpose Copy Paper, 8 1/2 x 11"", Case",24.784,1.0,0.2,7.745,ERP,Approved,Urgent
1895.0,US-2017-108063,12/2/2017,12/5/2017,First Class,AS-10090,Adam Shillingsburg,Consumer,United States,Charlottesville,Virginia,22901.0,South,OFF-AR-10001446,Office Supplies,Art,Newell 309,34.65,3.0,0.0,10.395,ERP,Pending,Urgent
1896.0,CA-2015-109197,12/31/2015,1/4/2016,Standard Class,JO-15280,Jas O'Carroll,Consumer,United States,Missoula,Montana,59801.0,West,OFF-BI-10004632,Office Supplies,Binders,Ibico Hi-Tech Manual Binding System,487.984,2.0,0.2,152.495,ERP,Rejected,Urgent
1897.0,CA-2017-141789,10/3/2017,10/6/2017,First Class,AC-10450,Amy Cox,Consumer,United States,Minneapolis,Minnesota,55407.0,Central,OFF-BI-10001359,Office Supplies,Binders,GBC DocuBind TL300 Electric Binding System,1793.98,2.0,0.0,843.1706,Legacy,,Urgent
1898.0,CA-2014-169775,8/29/2014,9/2/2014,Second Class,RA-19945,Ryan Akin,Consumer,United States,Miami,Florida,33178.0,South,OFF-EN-10001749,Office Supplies,Envelopes,Jiffy Padded Mailers with Self-Seal Closure,29.808,2.0,0.2,10.8054,Manual Upload,Approved,Check later
1899.0,CA-2014-169775,8/29/2014,9/2/2014,SecondClass,RA-19945,Ryan Akin,Consumer,United States,Miami,Florida,33178.0,Sth,OFF-BI-10004390,Office Supplies,Binders,GBC DocuBind 200 Manual Binding Machine,505.176,4.0,0.7,-336.784,ERP,Rejected,Urgent
1900.0,CA-2014-169775,8/29/2014,9/2/2014,Second Class,RA-19945,Ryan Akin,Consumer,United States,Miami,Florida,33178.0,South,FUR-TA-10001857,Furniture,Tables,Balt Solid Wood Rectangular Table,174.0585,3.0,0.45,-110.7645,Manual Upload,,Duplicate?
1901.0,CA-2016-140543,6/29/2016,7/3/2016,Second Class,Co-12640,Corey-Lock,Consumer,United States,Florence,South Carolina,29501.0,South,OFF-ST-10000563,Office Supplies,Storage,Fellowes Bankers Box Stor/Drawer Steel Plus,191.88,6.0,0.0,19.188,Legacy,Approved,Check later
1902.0,CA-2016-151141,8/20/2016,8/23/2016,First Class,DW-13480,Dianna Wilson,home office,United States,Detroit,Michigan,48205.0,Central,TEC-PH-10004924,Technology,Phones,"SKILCRAFT Telephone Shoulder Rest, 2"" x 6.5"" x 2.5"", Black",14.78,2.0,0.0,3.9906,ERP,Approved,Urgent
1903.0,CA-2017-167094,10/21/2017,10/22/2017,First Class,DK-12835,Damala Kotsonis,Corporate,United States,Springfield,Oregon,97477.0,West,OFF-PA-10003953,Office Supplies,Paper,Xerox 218,5.184,1.0,0.2,1.8144,Manual Upload,Pending,
1904.0,CA-2017-167094,10/21/2017,10/22/2017,First Class,DK-12835,Damala Kotsonis,Corporate,United States,Springfield,Oregon,97477.0,West,FUR-CH-10000155,Furniture,Chairs,Global Comet Stacking Armless Chair,478.48,2.0,0.2,47.848,Legacy,Pending,
1905.0,CA-2017-167094,10/21/2017,10/22/2017,First Class,DK-12835,Damala Kotsonis,corporate,United States,Springfield,Oregon,97477.0,West,TEC-AC-10003116,Technology,Accessories,Memorex Froggy Flash Drive 8 GB,28.4,2.0,0.2,6.745,Legacy,Pending,Duplicate?
1906.0,CA-2017-154410,10/21/2017,10/24/2017,First Class,MD-17860,Michael Dominguez,Corporate,United States,Indianapolis,Indiana,46203.0,Central,OFF-ST-10002743,Office Supplies,Storage,SAFCO Boltless Steel Shelving,909.12,8.0,0.0,9.0912,ERP,,
1907.0,US-2016-150567,17-05-2016,5/21/2016,Standard Class,RP-19855,Roy Phan,Corporate,United States,Apopka,Florida,32712.0,South,OFF-BI-10001757,Office Supplies,Binders,Pressboard Hanging Data Binders for Unburst Sheets,2.952,2.0,0.7,-2.1648,ERP,Pending,
1908.0,US-2016-150567,5/17/2016,5/21/2016,Standard Class,RP-19855,Roy Phan,Corporate,United States,Apopka,Florida,32712.0,South,OFF-BI-10000069,Office Supplies,Binders,"GBC Prepunched Paper, 19-Hole, for Binding Systems, 24-lb",27.018,6.0,0.7,-21.6144,Manual Upload,Rejected,Urgent
1909.0,CA-2015-157959,2/3/2015,2/4/2015,First Class,RW-19540,Rick Wilson,Corporate,United States,Los Angeles,California,90008.0,West,FUR-FU-10004093,Furniture,Furnishings,Hand-Finished Solid Wood Document Frame,136.92,4.0,0.0,41.076,Legacy,Approved,Check later
1910.0,CA-2017-105886,12/18/2017,12/23/2017,Standard Class,DB-13660,Duane Benoit,Consumer,United States,Oceanside,New York,11572.0,East,FUR-FU-10001037,Furniture,Furnishings,"DAX Charcoal/Nickel-Tone Document Frame, 5 x 7",18.96,2.0,0.0,8.532,ERP,Pending,Check later
1911.0,CA-2016-105963,11/15/2016,11/22/2016,Standard Class,SC-20770,Stewart Carmichael,Corporate,United States,Los Angeles,California,90008.0,West,TEC-AC-10003832,Technology,Accessories,Imation 16GB Mini TravelDrive USB 2.0 Flash Drive,99.39,3.0,0.0,40.7499,ERP,Approved,
1912.0,CA-2017-121503,7/3/2017,7/6/2017,Second Class,FH-14275,Frank Hawley,Corporate,United States,Houston,Texas,77041.0,Central,OFF-PA-10001878,Office Supplies,Paper,Xerox 1891,273.896,7.0,0.2,92.4399,Manual Upload,Pending,
1913.0,CA-2017-121503,7/3/2017,7/6/2017,Second Class,FH-14275,Frank Hawley,Corporate,United States,Houston,Texas,77041.0,Central,TEC-MA-10003674,Technology,Machines,Hewlett-Packard Deskjet 5550 Printer,597.132,3.0,0.4,49.761,CRM,,Duplicate?
1914.0,CA-2014-103366,1/15/2014,1/17/2014,First Class,EH-13990,ERICA HACKNEY,Consumer,United States,Roswell,Georgia,30076.0,South,TEC-AC-10003628,Technology,Accessories,Logitech 910-002974 M325 Wireless Mouse for Web Scrolling,149.95,5.0,0.0,65.978,Legacy,,
1915.0,CA-2017-124597,4/30/2017,5/5/2017,Standard Class,AS-10630,Ann Steele,Home Office,United States,Boynton Beach,Florida,33437.0,South,OFF-LA-10003190,Office Supplies,Labels,Avery 474,4.608,2.0,0.2,1.6704,Legacy,,Check later
1916.0,CA-2017-124597,4/30/2017,5/5/2017,Standard Class,AS-10630,Ann Steele,Home Office,United States,Boynton Beach,Florida,33437.0,South,OFF-AR-10002280,Office Supplies,Art,Staples in misc. colors,15.528,3.0,0.2,4.8525,Manual Upload,Approved,
1917.0,CA-2017-124597,4/30/2017,5/5/2017,Standard Class,AS-10630,Ann Steele,Home Office,United States,Boynton Beach,Florida,33437.0,South,OFF-LA-10001569,Office Supplies,Labels,Avery 499,11.952,3.0,0.2,3.8844,ERP,Approved,Check later
1918.0,CA-2015-105634,11/8/2015,11/14/2015,Standard Class,HA-14905,Helen Abelman,Consumer,United States,Franklin,Massachusetts,2038.0,East,OFF-AR-10001573,Office Supplies,Art,American Pencil,11.65,5.0,0.0,3.3785,CRM,Rejected,
1919.0,CA-2015-123673,10/30/2015,11/1/2015,Second Class,CH-12070,Cathy Hwang,Home Office,United States,Detroit,Michigan,48227.0,Central,TEC-PH-10001809,Technology,Phones,Panasonic KX T7736-B Digital phone,299.9,2.0,0.0,74.975,Manual Upload,Pending,Check later
1920.0,US-2017-111423,8/17/2017,8/19/2017,First Class,EH-13765,Edward Hooks,Corporate,United States,Watertown,New York,13601.0,East,OFF-BI-10003091,Office Supplies,Binders,GBC DocuBind TL200 Manual Binding Machine,895.92,5.0,0.2,302.373,CRM,Rejected,Urgent
1921.0,US-2017-111423,8/17/2017,8/19/2017,First Class,EH-13765,Edward Hooks,Corporate,United States,Watertown,New York,UNKNOWN,East,FUR-CH-10003981,Furniture,Chairs,Global Commerce Series Low-Back Swivel/Tilt Chairs,462.564,2.0,0.1,97.6524,CRM,Approved,
1922.0,CA-2015-125178,10/3/2015,10/9/2015,Standard Class,MZ-17515,Mary Zewe,Corporate,United States,Reading,Pennsylvania,19601.0,East,OFF-ST-10002562,Office Supplies,Storage,Staple magnet,15.008,2.0,0.2,1.5008,Manual Upload,,
1923.0,CA-2016-156685,7/8/2016,7/10/2016,Second Class,SC-20230,Scot Coram,Corporate,United States,Arlington,Texas,76017.0,Central,TEC-PH-10004345,Technology,Phones,Cisco SPA 502G IP Phone,863.64,9.0,0.2,107.955,Manual Upload,,
1924.0,CA-2016-156685,7/8/2016,7/10/2016,Second Class,SC-20230,Scot Coram,Corporate,United States,Arlington,Texas,76017.0,Central,OFF-AR-10000588,Office Supplies,Art,Newell 345,47.616,3.0,0.2,3.5712,CRM,Pending,Duplicate?
1925.0,CA-2017-126865,12/5/2017,12/7/2017,Second Class,NP-18325,Naresj Patel,Consumer,United States,San Diego,California,92024.0,West,OFF-PA-10003039,Office Supplies,Paper,Xerox 1960,92.94,3.0,0.0,41.823,ERP,Rejected,Urgent
1926.0,CA-2017-102834,3/9/2017,3/13/2017,Standard Class,LW-16990,Lindsay Williams,Corporate,United States,San Francisco,California,94110.0,West,TEC-AC-10001908,Technology,Accessories,Logitech Wireless Headset h800,199.98,2.0,0.0,69.993,CRM,Approved,Duplicate?
1927.0,US-2016-139710,6/9/2016,6/15/2016,Standard Class,GM-14680,Greg Matthias,Consumer,United States,Los Angeles,California,90045.0,West,TEC-PH-10001198,Technology,Phones,Avaya 4621SW VoIP phone,177.48,3.0,0.2,19.9665,CRM,Rejected,
1928.0,CA-2017-121538,11/28/2017,12/1/2017,First Class,RH-19495,Rick Hansen,Consumer,United States,Denver,Colorado,80219.0,West,OFF-PA-10004071,Office Supplies,Paper,"Eaton Premium Continuous-Feed Paper, 25% Cotton, Letter Size, White, 1000 Shts/Box",88.768,2.0,0.2,31.0688,CRM,,Urgent
1929.0,US-2017-101539,3/16/2017,3/18/2017,Second Class,VM-21685,Valerie Mitchum,Home Office,United States,Seattle,Washington,98105.0,West,OFF-PA-10001972,Office Supplies,Paper,Xerox 214,6.48,1.0,0.0,3.1104,CRM,,Duplicate?
1930.0,US-2017-101539,3/16/2017,3/18/2017,Second Class,VM-21685,ValerieMitchum,Home Office,United States,Seattle,Washington,98105.0,West,OFF-ST-10004180,Office Supplies,Storage,Safco Commercial Shelving,46.51,1.0,0.0,1.8604,ERP,,Duplicate?
1931.0,US-2017-101539,3/16/2017,3/18/2017,Second Class,VM-21685,Valerie Mitchum,Home Office,United States,Seattle,Washington,98105.0,West,TEC-PH-10004165,Technology,Phones,Mitel MiVoice 5330e IP Phone,659.976,3.0,0.2,49.4982,CRM,Approved,
1932.0,CA-2016-152121,11/27/2016,11/29/2016,Second Class,CC-12670,Craig Carreira,Consumer,United States,Scottsdale,Arizona,85254.0,West,TEC-PH-10002483,Technology,Phones,Motorola Moto X,271.992,1.0,0.2,23.7993,CRM,Pending,Check later
1933.0,CA-2017-161200,8/6/2017,8/10/2017,Second Class,SV-20365,Seth Vernon,Consumer,United States,Lafayette,Louisiana,70506.0,South,FUR-BO-10000468,Furniture,Bookcases,O'Sullivan 2-Shelf Heavy-Duty Bookcases,145.74,3.0,0.0,23.3184,ERP,Rejected,Urgent
1934.0,CA-2017-161200,8/6/2017,8/10/2017,Second Class,SV-20365,Seth Vernon,Consumer,United States,Lafayette,Louisiana,70506.0,South,FUR-FU-10001706,Furniture,Furnishings,Longer-Life Soft White Bulbs,15.4,5.0,0.0,7.392,ERP,Rejected,Check later
1935.0,CA-2017-101245,11/27/2017,12/3/2017,Standard Class,LW-16990,Lindsay Williams,Corporate,United States,San Francisco,California,94109.0,West,OFF-PA-10003129,Office Supplies,Paper,Tops White Computer Printout Paper,244.55,5.0,0.0,114.9385,CRM,Approved,
1936.0,CA-2017-101245,11/27/2017,12/3/2017,Standard Class,LW-16990,Lindsay Williams,Corporate,United States,San Francisco,California,94109.0,West,TEC-AC-10001284,Technology,Accessories,Enermax Briskie RF Wireless Keyboard and Mouse Combo,166.16,8.0,0.0,59.8176,ERP,Rejected,Urgent
1937.0,CA-2015-141768,5/25/2015,5/27/2015,Second Class,NP-18685,Nora Pelletier,Home Office,United States,San Francisco,California,94109.0,West,FUR-FU-10002268,Furniture,Furnishings,Ultra Door Push Plate,14.73,3.0,0.0,4.8609,ERP,Rejected,
1938.0,CA-2016-112109,7/8/2016,7/12/2016,Standard Class,JE-15715,Joe Elijah,Consumer,United States,Broomfield,Colorado,80020.0,West,OFF-BI-10002082,Office Supplies,Binders,GBC Twin Loop Wire Binding Elements,19.968,2.0,0.7,-13.312,CRM,,
1939.0,CA-2016-112109,7/8/2016,7/12/2016,Standard Class,JE-15715,Joe Elijah,Consumer,United States,Broomfield,Colorado,80020.0,West,OFF-ST-10001505,Office Supplies,Storage,"Perma STOR-ALL Hanging File Box, 13 1/8""W x 12 1/4""D x 10 1/2""H",33.488,7.0,0.2,-1.2558,ERP,Rejected,
1940.0,CA-2016-112109,7/8/2016,7/12/2016,Standard Class,JE-15715,Joe Elijah,Consumer,United States,Broomfield,Colorado,80020.0,West,OFF-BI-10001634,Office Supplies,Binders,Wilson Jones Active Use Binders,8.736,4.0,0.7,-6.1152,CRM,Approved,Duplicate?
1941.0,CA-2016-112109,7/8/2016,7/12/2016,Standard Class,JE-15715,Joe Elijah,Consumer,United States,Broomfield,Colorado,80020.0,West,FUR-CH-10004287,Furniture,Chairs,SAFCO Arco Folding Chair,662.88,3.0,0.2,74.574,ERP,Rejected,Duplicate?
1942.0,CA-2017-144064,8/29/2017,9/1/2017,First Class,CP-12085,Cathy Prescott,Corporate,United States,Quincy,Illinois,62301.0,Central,OFF-LA-10004544,Office Supplies,Labels,Avery 505,47.36,4.0,0.2,17.76,ERP,Pending,
1943.0,CA-2017-144064,8/29/2017,9/1/2017,First Class,CP-12085,Cathy Prescott,Corporate,United States,Quincy,Illinois,62301.0,Central,OFF-ST-10004507,Office Supplies,Storage,Advantus Rolling Storage Box,27.44,2.0,0.2,2.401,Manual Upload,Pending,Urgent
1944.0,CA-2017-144064,8/29/2017,9/1/2017,First Class,CP-12085,Cathy Prescott,Corporate,United States,Quincy,Illinois,62301.0,Central,OFF-BI-10002012,Office Supplies,Binders,Wilson Jones Easy Flow II Sheet Lifters,3.24,9.0,0.8,-5.184,ERP,Pending,
1945.0,CA-2016-108581,6/20/2016,6/26/2016,Standard Class,EA-14035,Erin Ashbrook,Corporate,United States,Carrollton,Texas,75007.0,Central,TEC-AC-10001109,Technology,Accessories,Logitech Trackman Marble Mouse,95.968,4.0,0.2,26.3912,CRM,Rejected,
1946.0,CA-2016-108581,6/20/2016,6/26/2016,Standard Class,EA-14035,Erin Ashbrook,Corporate,United States,Carrollton,Texas,75007.0,Central,OFF-PA-10000809,Office Supplies,Paper,Xerox 206,10.368,2.0,0.2,3.6288,Legacy,Approved,
1947.0,CA-2017-157987,9/2/2017,06/09/2017,Standard Class,AC-10615,Ann Chong,Corporate,United States,New York City,New York,10009.0,East,OFF-AR-10000658,Office Supplies,Art,Newell 324,23.1,2.0,0.0,6.468,Legacy,Approved,
1948.0,CA-2017-157987,9/2/2017,9/6/2017,Standard Class,AC-10615,Ann Chong,Corporate,United States,New York City,New York,10009.0,East,FUR-FU-10001196,Furniture,Furnishings,DAX Cubicle Frames - 8x10,11.54,2.0,2.0,3.462,Manual Upload,Approved,Urgent
1949.0,CA-2017-157987,9/2/2017,9/6/2017,Standard Class,AC-10615,Ann Chong,Corporate,United States,New York City,New York,10009.0,East,FUR-TA-10001889,Furniture,Tables,Bush Advantage Collection Racetrack Conference Table,254.526,1.0,0.4,-93.3262,ERP,Approved,Duplicate?
1950.0,CA-2017-157987,9/2/2017,9/6/2017,Standard Class,AC-10615,Ann Chong,Corporate,United States,New York City,New York,10009.0,East,OFF-AP-10000358,Office Supplies,Appliances,Fellowes Basic Home/Office Series Surge Protectors,12.98,1.0,0.0,3.7642,ERP,Pending,
1951.0,CA-2017-157987,9/2/2017,9/6/2017,Standard Class,AC-10615,Ann Chong,Corporate,United States,New York City,New York,10009.0,East,OFF-BI-10004970,Office Supplies,Binders,"ACCOHIDE 3-Ring Binder, Blue, 1""",26.432,100.0,0.2,8.9208,CRM,Rejected,
1952.0,CA-2017-157987,9/2/2017,9/6/2017,Standard Class,AC-10615,Ann Chong,Corporate,United States,New York City,New York,10009.0,East,TEC-PH-10003885,Technology,Phones,Cisco SPA508G,197.97,3.0,0.0,57.4113,ERP,Approved,Check later
1953.0,CA-2017-157987,9/2/2017,9/6/2017,Standard Class,AC-10615,Ann Chong,Corporate,United States,New York City,New York,10009.0,East,OFF-LA-10001641,Office Supplies,Labels,Avery 518,18.9,6.0,0.0,50000.0,ERP,Rejected,Urgent
1954.0,CA-2017-157987,9/2/2017,9/6/2017,Standard Class,AC-10615,Ann Chong,Corporate,United States,New York City,New York,10009.0,East,FUR-CH-10003379,Furniture,Chairs,Global Commerce Series High-Back Swivel/Tilt Chairs,1282.41,5.0,0.1,213.735,ERP,,
1955.0,CA-2017-157987,9/2/2017,9/6/2017,Standard Class,AC-10615,Ann Chong,Corporate,United States,New York City,New York,10009.0,East,OFF-AR-10004582,Office Supplies,Art,BIC Brite Liner Grip Highlighters,4.92,3.0,0.0,2.214,CRM,Approved,Duplicate?
1956.0,CA-2017-157987,9/2/2017,9/6/2017,Standard Class,AC-10615,Ann Chong,Corporate,United States,New York City,New York,10009.0,East,TEC-AC-10002842,Technology,Accessories,WD My Passport Ultra 2TB Portable External Hard Drive,238.0,2.0,0.0,38.08,Legacy,Pending,
1957.0,CA-2017-157987,9/2/2017,9/6/2017,Standard Class,AC-10615,Ann Chong,Corporate,United States,New York City,New York,10009.0,East,TEC-AC-10000109,Technology,Accessories,Sony Micro Vault Click 16 GB USB 2.0 Flash Drive,167.97,3.0,0.0,40.3128,Legacy,,Check later
1958.0,CA-2017-157987,9/2/2017,9/6/2017,Standard Class,AC-10615,Ann Chong,Corporate,United States,New York City,New York,10009.0,East,OFF-PA-10003893,Office Supplies,Paper,Xerox 1962,17.12,4.0,0.0,7.704,CRM,Rejected,Check later
1959.0,CA-2017-110905,9/10/2017,9/15/2017,Second Class,RW-19690,Robert Waldorf,Consumer,United States,Springfield,Missouri,65807.0,Central,OFF-BI-10003669,Office Supplies,Binders,3M Organizer Strips,16.2,3.0,0.0,7.776,CRM,Approved,Duplicate?
1960.0,CA-2017-110905,9/10/2017,9/15/2017,Second Class,RW-19690,Robert Waldorf,Consumer,United States,Springfield,Missouri,65807.0,Central,OFF-AP-10004785,Office Supplies,Appliances,"Holmes Replacement Filter for HEPA Air Cleaner, Medium Room",33.99,3.0,0.0,14.6157,CRM,,
1961.0,CA-2017-110905,9/10/2017,9/15/2017,Second Class,RW-19690,RobertWaldorf,Consumer,United States,Springfield,Missouri,65807.0,Central,TEC-AC-10003023,Technology,Accessories,Logitech G105 Gaming Keyboard,296.85,5.0,0.0,53.433,CRM,Rejected,
1962.0,CA-2017-110905,9/10/2017,9/15/2017,Second Class,RW-19690,Robert Waldorf,Consumer,United States,Springfield,Missouri,65807.0,Central,TEC-AC-10002217,Technology,Accessories,Imation Clip USB flash drive - 8 GB,112.8,6.0,0.0,6.768,CRM,,Check later
1963.0,CA-2017-110905,9/10/2017,9/15/2017,Second Class,RW-19690,Robert Waldorf,Consumer,United States,Springfield,Missouri,65807.0,Central,OFF-BI-10002954,Office Supplies,Binders,Newell 3-Hole Punched Plastic Slotted Magazine Holders for Binders,13.71,3.0,0.0,6.5808,ERP,,Urgent
1964.0,CA-2017-110905,9/10/2017,9/15/2017,Second Class,RW-19690,Robert Waldorf,Consumer,United States,Springfield,Missouri,65807.0,Central,OFF-PA-10002586,Office Supplies,Paper,Xerox 1970,24.9,5.0,0.0,11.703,Manual Upload,,
1965.0,CA-2017-110905,9/10/2017,9/15/2017,Second Class,RW-19690,Robert Waldorf,Consumer,United States,Springfield,Missouri,65807.0,Central,OFF-ST-10000025,Office Supplies,Storage,Fellowes Stor/Drawer Steel Plus Storage Drawers,286.29,3.0,0.0,17.1774,Legacy,,Duplicate?
1966.0,CA-2017-110905,9/10/2017,9/15/2017,Second Class,RW-19690,Robert Waldorf,Consumer,United States,Springfield,Missouri,65807.0,Central,OFF-AP-10003281,Office Supplies,Appliances,Acco 6 Outlet Guardian Standard Surge Suppressor,24.18,2.0,-0.2,7.254,Manual Upload,Rejected,
1967.0,CA-2017-165841,12/21/2017,12/28/2017,Standard Class,DB-13210,Dean Braden,Consumer,United States,Paterson,New Jersey,7501.0,East,TEC-PH-10002103,Technology,Phones,Jabra SPEAK 410,281.97,3.0,0.0,78.9516,ERP,Pending,
1968.0,CA-2017-165841,12/21/2017,12/28/2017,Standard Class,DB-13210,Dean Braden,Consumer,United States,Paterson,New Jersey,7501.0,East,OFF-SU-10000898,Office Supplies,Supplies,"Acme Hot Forged Carbon Steel Scissors with Nickel-Plated Handles, 3 7/8"" Cut, 8""L",69.5,5.0,0.0,20.155,Manual Upload,Pending,Check later
1969.0,CA-2017-165841,12/21/2017,12/28/2017,Standard Class,DB-13210,Dean Braden,Consumer,United States,Paterson,New Jersey,7501.0,East,OFF-PA-10001144,Office Supplies,Paper,Xerox 1913,166.44,3.0,0.0,79.8912,Manual Upload,Approved,
1970.0,CA-2017-117485,9/23/2017,9/29/2017,Standard Class,BD-11320,Bill Donatelli,Consumer,United States,Tulsa,Oklahoma,74133.0,Central,TEC-AC-10004659,Technology,Accessories,Imation Secure+ Hardware Encrypted USB 2.0 Flash Drive; 16GB,291.96,4.0,0.0,102.186,CRM,Rejected,
1971.0,CA-2017-140242,5/6/2017,5/11/2017,Standard Class,ML-17755,Max Ludwig,Home Office,United States,Chicago,Illinois,60623.0,Central,OFF-AR-10004752,Office Supplies,Art,Blackstonian Pencils,6.408,3.0,0.2,0.6408,Manual Upload,Pending,
1972.0,CA-2017-140242,5/6/2017,5/11/2017,Standard Class,ML-17755,Max Ludwig,Home Office,United States,Chicago,Illinois,60623.0,Central,TEC-AC-10004659,Technology,Accessories,Imation Secure+ Hardware Encrypted USB 2.0 Flash Drive; 16GB,408.744,7.0,0.2,76.6395,CRM,Rejected,
1973.0,CA-2014-148950,12/14/2014,12/19/2014,Standard Class,JD-16015,Joy Daniels,Consumer,United States,Chicago,Illinois,60610.0,Central,OFF-BI-10001249,Office Supplies,Binders,Avery Heavy-Duty EZD View Binder with Locking Rings,5.104,4.0,0.8,-8.6768,CRM,Approved,
1974.0,CA-2014-148950,12/14/2014,12/19/2014,Std Class,JD-16015,Joy Daniels,Consumer,United States,Chicago,Illinois,60610.0,Central,OFF-FA-10003059,Office Supplies,Fasteners,Assorted Color Push Pins,2.896,2.0,0.2,0.4706,Manual Upload,,
1975.0,CA-2014-148950,12/14/2014,12/19/2014,Standard Class,JD-16015,Joy Daniels,Consumer,United States,Chicago,Illinois,60610.0,Central,TEC-AC-10002718,Technology,Accessories,Belkin Standard 104 key USB Keyboard,35.016,3.0,0.2,-2.1885,ERP,Rejected,Urgent
1976.0,CA-2014-110408,10/18/2014,10/20/2014,Second Class,AS-10225,Alan Schoenberger,Corporate,United States,Montgomery,Alabama,36116.0,South,OFF-ST-10001522,Office Supplies,Storage,"Gould Plastics 18-Pocket Panel Bin, 34w x 5-1/4d x 20-1/2h",275.97,3.0,0.0,11.0388,CRM,,Urgent
1977.0,CA-2014-110408,10/18/2014,10/20/2014,Second Class,AS-10225,Alan Schoenberger,Corporate,United States,Montgomery,Alabama,36116.0,South,TEC-PH-10002352,Technology,Phones,Avaya IP Phone 1140E VoIP phone,1394.95,5.0,0.0,362.687,Manual Upload,,
1978.0,CA-2014-110408,10/18/2014,10/20/2014,Second Class,AS-10225,Alan Schoenberger,Corporate,United States,Montgomery,Alabama,36116.0,South,FUR-CH-10003774,Furniture,Chairs,"Global Wood Trimmed Manager's Task Chair, Khaki",545.88,6.0,0.0,70.9644,Manual Upload,Approved,Urgent
1979.0,CA-2015-109939,5/8/2015,5/12/2015,Standard Class,AA-10375,Allen Armold,Consumer,United States,Salem,Oregon,97301.0,West,OFF-AR-10000127,Office Supplies,Art,Newell 321,5.248,2.0,0.2,0.5904,Manual Upload,,Urgent
1980.0,CA-2016-112669,4/14/2016,4/14/2016,Same Day,KT-16465,Kean Takahito,Consumer,United States,Glendale,Arizona,85301.0,West,FUR-CH-10004086,Furniture,Chairs,Hon 4070 Series Pagoda Armless Upholstered Stacking Chairs,933.536,4.0,0.2,105.0228,Manual Upload,Rejected,
1981.0,CA-2016-112669,4/14/2016,4/14/2016,Same Day,KT-16465,Kean Takahito,Consumer,United States,Glendale,Arizona,85301.0,West,OFF-ST-10001228,Office Supplies,Storage,"Fellowes Personal Hanging Folder Files, Navy",42.976,4.0,0.2,4.2976,Manual Upload,Approved,Duplicate?
1982.0,CA-2015-119592,12/14/2015,12/16/2015,Second Class,MM-18280,Muhammed MacIntyre,Corporate,United States,Columbus,Georgia,31907.0,South,OFF-BI-10004187,Office Supplies,Binders,3-ring staple pack,3.76,2.0,0.0,1.8048,CRM,Rejected,Check later
1983.0,CA-2014-122749,12/3/2014,12/9/2014,Standard Class,NG-18430,Nathan Gelder,Consumer,United States,Oklahoma City,Oklahoma,73120.0,Central,TEC-PH-10003811,Technology,Phones,Jabra Supreme Plus Driver Edition Headset,479.96,4.0,0.0,134.3888,Legacy,Rejected,Urgent
1984.0,CA-2014-164721,11/25/2014,11/27/2014,Second Class,LW-16825,Laurel Workman,Corporate,United States,Brentwood,California,94513.0,West,OFF-AP-10000240,Office Supplies,Appliances,Belkin F9G930V10-GRY 9 Outlet Surge,320.88,6.0,0.0,93.0552,CRM,Rejected,Urgent
1985.0,CA-2014-164721,11/25/2014,11/27/2014,Second Class,LW-16825,Laurel Workman,Corporate,United States,Brentwood,California,94513.0,West,FUR-FU-10001940,Furniture,Furnishings,Staple-based wall hangings,23.88,3.0,0.0,10.5072,Manual Upload,Pending,Urgent
1986.0,CA-2014-164721,11/25/2014,11/27/2014,Second Class,LW-16825,Laurel Workman,Corporate,United States,Brentwood,California,94513.0,West,OFF-PA-10000575,Office Supplies,Paper,"Wirebound Message Books, Four 2 3/4 x 5 White Forms per Page",26.76,4.0,0.0,12.3096,Legacy,Approved,Check later
1987.0,CA-2016-147417,7/25/2016,7/27/2016,First Class,CB-12415,Christy Brittain,Consumer,United States,Columbus,Ohio,43229.0,Est,TEC-CO-10001449,Technology,Copiers,Hewlett Packard LaserJet 3310 Copier,1439.976,4.0,0.4,191.9968,ERP,Approved,Check later
1988.0,CA-2015-127509,11/9/2015,11/13/2015,Standard Class,AS-10090,Adam Shillingsburg,Consumer,United States,Springfield,Missouri,65807.0,Central,OFF-BI-10002393,Office Supplies,Binders,Binder Posts,17.22,3.0,0.0,7.9212,Manual Upload,Approved,Duplicate?
1989.0,CA-2015-127509,11/9/2015,11/13/2015,Standard Class,AS-10090,Adam Shillingsburg,Consumer,United States,Springfield,Missouri,65807.0,Central,FUR-TA-10002855,Furniture,Tables,Bevis Round Conference Table Top & Single Column Base,1024.38,7.0,0.0,215.1198,Legacy,Approved,Check later
1990.0,CA-2015-127509,11/9/2015,11/13/2015,Standard Class,AS-10090,Adam Shillingsburg,Consumer,United States,Springfield,Missouri,65807.0,Central,OFF-EN-10000781,Office Supplies,Envelopes,"#10- 4 1/8"" x 9 1/2"" Recycled Envelopes",26.22,3.0,0.0,12.3234,Manual Upload,Pending,
1991.0,CA-2015-127509,11/9/2015,11/13/2015,Standard Class,AS-10090,Adam Shillingsburg,Consumer ,United States,Springfield,Missouri,65807.0,Central,OFF-PA-10002160,Office Supplies,Paper,Xerox 1978,17.34,3.0,0.0,8.4966,CRM,Pending,Urgent
1992.0,CA-2017-111374,2/24/2017,2/28/2017,Standard Class,CB-12415,Christy Brittain,Consumer,United States,Philadelphia,Pennsylvania,19134.0,East,OFF-BI-10004970,Office Supplies,Binders,"ACCOHIDE 3-Ring Binder, Blue, 1""",4.956,4.0,0.7,-3.7996,Manual Upload,Rejected,
1993.0,CA-2017-133648,6/25/2017,7/2/2017,Standard Class,ML-17755,Max Ludwig,Home Office,United States,Springfield,Oregon,97477.0,West,OFF-LA-10003923,Office Supplies,Labels,Alphabetical Labels for Top Tab Filing,71.04,6.0,0.2,26.64,Manual Upload,Pending,
1994.0,CA-2017-133648,6/25/2017,7/2/2017,Standard Class,ML-17755,max ludwig,Home Office,United States,Springfield,Oregon,97477.0,West,OFF-AR-10002257,Office Supplies,Art,"Eldon Spacemaker Box, Quick-Snap Lid, Clear",5.344,2.0,0.2,0.7348,Legacy,Rejected,Urgent
1995.0,CA-2017-133648,6/25/2017,7/2/2017,Standard Class,ML-17755,Max Ludwig,Home Office,United States,Springfield,Oregon,97477.0,West,OFF-FA-10004395,Office Supplies,Fasteners,Plymouth Boxed Rubber Bands by Plymouth,11.304,3.0,0.2,-2.1195,ERP,Approved,Urgent
1996.0,US-2017-147221,12/2/2017,12/4/2017,Second Class,JS-16030,Joy Smith,Consumer,United States,Houston,Texas,77036.0,Central,OFF-AP-10002534,Office Supplies,Appliances,3.6 Cubic Foot Counter Height Office Refrigerator,294.62,5.0,0.8,-766.012,Manual Upload,Rejected,
1997.0,US-2017-147221,12/2/2017,12/4/2017,Second Class,JS-16030,Joy Smith,Consumer,United States,Houston,Texas,77036.0,Central,FUR-FU-10004020,Furniture,Furnishings,Advantus Panel Wall Acrylic Frame,8.752,4.0,0.6,-3.7196,ERP,,
1998.0,CA-2014-131905,2/6/2014,2/9/2014,First Class,ND-18460,Neil Ducich,Corporate,United States,Chesapeake,Virginia,23320.0,South,OFF-LA-10002787,Office Supplies,Labels,Avery 480,15.0,4.0,0.0,7.2,CRM,Approved,
1999.0,CA-2014-131905,2/6/2014,2/9/2014,First Class,ND-18460,Neil Ducich,Corporate,United States,Chesapeake,Virginia,23320.0,South,TEC-PH-10003645,Technology,Phones,Aastra 57i VoIP phone,161.61,1.0,0.0,42.0186,CRM,Rejected,
2000.0,CA-2014-131905,2/6/2014,2/9/2014,First Class,ND-18460,Neil Ducich,Corporate,United States,Chesapeake,Virginia,23320.0,South,TEC-PH-10001615,Technology,Phones,AT&T CL82213,144.95,5.0,0.0,42.0355,ERP,Pending,Urgent
2001.0,CA-2017-166128,4/11/2017,4/18/2017,Standard Class,LW-17215,Luke Weiss,Consumer,United States,Pasadena,California,91104.0,West,TEC-AC-10001767,Technology,Accessories,SanDisk Ultra 64 GB MicroSDHC Class 10 Memory Card,199.95,5.0,0.0,21.9945,ERP,Approved,
2002.0,CA-2017-166128,4/11/2017,4/18/2017,Standard Class,LW-17215,Luke Weiss,Consumer,United States,Pasadena,California,91104.0,West,OFF-AR-10001221,Office Supplies,Art,"Dixon Ticonderoga Erasable Colored Pencil Set, 12-Color",41.86,7.0,0.0,14.2324,Manual Upload,Approved,
2003.0,CA-2017-163510,12/25/2017,12/28/2017,Second Class,JW-15955,Joni Wasserman,Consumer,United States,Louisville,Kentucky,40214.0,South,OFF-ST-10000563,Office Supplies,Storage,Fellowes Bankers Box Stor/Drawer Steel Plus,95.94,3.0,0.0,9.594,Legacy,Approved,Check later
2004.0,CA-2017-163510,12/25/2017,12/28/2017,Second Class,JW-15955,Joni Wasserman,Consumer,United States,Louisville,Kentucky,40214.0,South,FUR-CH-10001146,Furniture,Chairs,"Global Value Mid-Back Manager's Chair, Gray",304.45,5.0,0.0,76.1125,CRM,Pending,Check later
2005.0,US-2017-143028,4/11/2017,4/18/2017,Standard Class,SC-20050,Sample Company A,Home Office,United States,Lubbock,Texas,79424.0,Central,OFF-BI-10004738,Office Supplies,Binders,Flexible Leather- Look Classic Collection Ring Binder,11.364,3.0,0.8,-17.046,ERP,,
2006.0,CA-2014-111150,12/31/2014,1/4/2015,Standard Class,RW-19630,Rob Williams,Corporate,United States,Columbia,Missouri,65203.0,Central,OFF-AR-10000034,Office Supplies,Art,"BIC Brite Liner Grip Highlighters, Assorted, 5/Pack",29.68,7.0,0.0,11.5752,Legacy,Approved,Duplicate?
2007.0,CA-2014-111150,12/31/2014,1/4/2015,Standard Class,RW-19630,Rob Williams,Corporate,United States,Columbia,Missouri,65203.0,Central,TEC-AC-10000290,Technology,Accessories,Sabrent 4-Port USB 2.0 Hub,47.53,7.0,0.0,16.1602,ERP,,
2008.0,CA-2017-165386,8/3/2017,8/4/2017,First Class,CM-12190,Charlotte Melton,Consumer,United States,Chicago,Illinois,60623.0,Central,FUR-BO-10003034,Furniture,Bookcases,"O'Sullivan Elevations Bookcase, Cherry Finish",183.372,2.0,0.3,-36.6744,CRM,Rejected,Duplicate?
2009.0,CA-2014-116407,11/15/2014,11/21/2014,Standard Class,JF-15190,Jamie Frazer,Consumer,United States,Johnson City,Tennessee,37604.0,South ,OFF-AR-10001315,Office Supplies,Art,Newell 310,4.224,3.0,0.2,0.4752,Legacy,Pending,
2010.0,CA-2014-116407,11/15/2014,11/21/2014,Standard Class,JF-15190,Jamie Frazer,Consumer,United States,Johnson City,Tennessee,37604.0,South,OFF-AP-10002118,Office Supplies,Appliances,"1.7 Cubic Foot Compact ""Cube"" Office Refrigerators",333.056,2.0,0.2,29.1424,CRM,Approved,Duplicate?
2011.0,CA-2014-116407,11/15/2014,11/21/2014,Standard Class,JF-15190,Jamie Frazer,Consumer,United States,Johnson City,Tennessee,37604.0,South,OFF-PA-10002137,Office Supplies,Paper,"Southworth 100% Résumé Paper, 24lb.",24.896,4.0,0.2,7.78,CRM,Rejected,
2012.0,CA-2015-155761,12/11/2015,12/11/2015,Same Day,SC-20800,Stuart Calhoun,Consumer,United States,Houston,Texas,77041.0,Central,TEC-AC-10001606,Technology,Accessories,Logitech Wireless Performance Mouse MX for PC and Mac,159.984,2.0,0.2,35.9964,Manual Upload,Approved,Duplicate?
2013.0,CA-2015-155761,12/11/2015,12/11/2015,Same Day,SC-20800,Stuart Calhoun,Consumer,United States,Houston,Texas,77041.0,CENTRAL,OFF-ST-10000943,Office Supplies,Storage,Eldon ProFile File 'N Store Portable File Tub Letter/Legal Size Black,46.344,3.0,0.2,4.6344,Manual Upload,Approved,
2014.0,CA-2016-145905,9/18/2016,9/23/2016,Standard Class,AM-10705,Anne McFarland,Consumer,United States,Auburn,Alabama,36830.0,South,FUR-CH-10001854,Furniture,Chairs,Office Star - Professional Matrix Back Chair with 2-to-1 Synchro Tilt and Mesh Fabric Seat,350.98,1.0,0.0,84.2352,CRM,,
2015.0,CA-2016-145905,9/18/2016,9/23/2016,Standard Class,AM-10705,Anne McFarland,Consumer,United States,Auburn,Alabama,36830.0,South,OFF-PA-10000533,Office Supplies,Paper,Southworth Parchment Paper & Envelopes,13.08,2.0,0.0,6.0168,ERP,Rejected,
2016.0,CA-2016-145905,9/18/2016,9/23/2016,Standard Class,AM-10705,Anne McFarland,Consumer,United States,Auburn,Alabama,36830.0,South,OFF-ST-10003716,Office Supplies,Storage,Tennsco Double-Tier Lockers,900.08,4.0,0.0,117.0104,CRM,Pending,
2017.0,CA-2015-113110,3/19/2015,3/23/2015,Standard Class,BK-11260,Berenike Kampe,Consumer,United States,San Bernardino,California,92404.0,West,OFF-BI-10000088,Office Supplies,Binders,GBC Imprintable Covers,17.568,2.0,0.2,6.3684,Legacy,Rejected,
2018.0,CA-2015-113110,3/19/2015,3/23/2015,Standard Class,BK-11260,Berenike Kampe,Consumer,United States,San Bernardino,California,92404.0,West,OFF-LA-10000240,Office Supplies,Labels,Self-Adhesive Address Labels for Typewriters by Universal,14.62,2.0,0.0,6.8714,CRM,Pending,
2019.0,CA-2015-113110,3/19/2015,3/23/2015,Standard Class,BK-11260,Berenike Kampe,Consumer,United States,San Bernardino,California,92404.0,West,OFF-SU-10001165,Office Supplies,Supplies,Acme Elite Stainless Steel Scissors,33.36,4.0,0.0,8.6736,Manual Upload,Pending,
2020.0,CA-2015-113110,3/19/2015,3/23/2015,Standard Class,BK-11260,Berenike Kampe,Consumer,United States,San Bernardino,California,92404.0,West,OFF-PA-10002749,Office Supplies,Paper,"Wirebound Message Books, 5-1/2 x 4 Forms, 2 or 4 Forms per Page",40.14,6.0,0.0,19.6686,CRM,Rejected,Check later
2021.0,CA-2016-168354,9/19/2016,9/21/2016,First Class,RH-19510,Rick Huthwaite,Home Office,United States,Providence,Rhode Island,2908.0,East,OFF-ST-10001490,Office Supplies,Storage,"Hot File 7-Pocket, Floor Stand",1606.23,9.0,0.0,481.869,Legacy,Approved,Duplicate?
2022.0,CA-2016-168354,9/19/2016,9/21/2016,First Class,RH-19510,Rick Huthwaite,Home Office,United States,Providence,Rhode Island,2908.0,East,OFF-PA-10002377,Office Supplies,Paper,"Adams Telephone Message Book W/Dividers/Space For Phone Numbers, 5 1/4""X8 1/2"", 200/Messages",17.04,3.0,0.0,7.668,ERP,Rejected,Check later
2023.0,CA-2016-168354,9/19/2016,9/21/2016,First Class,RH-19510,Rick Huthwaite,Home Office,United States,Providence,Rhode Island,2908.0,East,OFF-BI-10004826,Office Supplies,Binders,JM Magazine Binder,49.53,3.0,0.0,23.7744,ERP,Rejected,Check later
2024.0,CA-2016-168354,9/19/2016,9/21/2016,First Class,RH-19510,Rick Huthwaite,Home Office,United States,Providence,Rhode Island,2908.0,East,FUR-CH-10004675,Furniture,Chairs,"Lifetime Advantage Folding Chairs, 4/Carton",872.32,4.0,0.0,244.2496,Manual Upload,,Urgent
2025.0,US-2017-111241,08/20/2017,8/22/2017,Second Class,GM-14500,Gene McClure,Consumer,United States,Fresno,California,93727.0,West,OFF-BI-10002867,Office Supplies,Binders,GBC Recycled Regency Composition Covers,239.12,5.0,0.2,77.714,Legacy,Pending,Urgent
2026.0,CA-2015-114237,3/13/2015,3/15/2015,First Class,MC-17275,Marc Crier ,Consumer,United States,Seattle,Washington,98103.0,West,FUR-BO-10004409,Furniture,Bookcases,"Safco Value Mate Series Steel Bookcases, Baked Enamel Finish on Steel, Gray",141.96,2.0,0.0,39.7488,Manual Upload,Approved,
2027.0,CA-2016-113516,9/8/2016,9/10/2016,Second Class,VM-21685,Valerie Mitchum,Home Office,United States,Lancaster,California,93534.0,West,OFF-BI-10002225,Office Supplies,Binders,"Square Ring Data Binders, Rigid 75 Pt. Covers, 11"" x 14-7/8""",33.024,2.0,0.2,11.5584,CRM,,
2028.0,CA-2016-113516,9/8/2016,9/10/2016,Second Class,VM-21685,Valerie Mitchum,Home Office,United States,Lancaster,California,93534.0,West,OFF-BI-10001989,Office Supplies,Binders,Premium Transparent Presentation Covers by GBC,67.136,4.0,0.2,23.4976,ERP,,Urgent
2029.0,CA-2015-117961,11/26/2015,11/30/2015,Standard Class,GP-14740,Guy Phonely,Corporate,United States,Leominster,Massachusetts,1453.0,East,OFF-BI-10000343,Office Supplies,Binders,"Pressboard Covers with Storage Hooks, 9 1/2"" x 11"", Light Blue",14.73,3.0,0.0,6.9231,ERP,Rejected,Urgent
2030.0,CA-2015-117961,11/26/2015,11/30/2015,Standard Class,GP-14740,Guy Phonely,Corporate,United States,Leominster,Massachusetts,1453.0,East,OFF-ST-10001172,Office Supplies,Storage,"Tennsco Lockers, Sand",104.9,5.0,0.0,25.176,ERP,Rejected,
2031.0,CA-2015-117961,11/26/2015,11/30/2015,Standard Class,GP-14740,Guy Phonely,Corporate,United States,Leominster,Massachusetts,1453.0,East,OFF-BI-10003707,Office Supplies,Binders,Aluminum Screw Posts,61.04,4.0,0.0,30.52,ERP,Approved,Urgent
2032.0,CA-2015-117961,11/26/2015,11/30/2015,Standard Class,GP-14740,Guy Phonely,Corporate,United States,Leominster,Massachusetts,1453.0,East,OFF-PA-10001274,Office Supplies,Paper,Loose Memo Sheets,10.95,3.0,0.0,5.1465,ERP,Approved,Urgent
2033.0,CA-2016-128923,12/9/2016,12/13/2016,Standard Class,GB-14530,George Bell,Corporate,United States,Fort Worth,Texas,76106.0,Central,OFF-PA-10002250,Office Supplies,Paper,Things To Do Today Pad,9.392,2.0,0.2,3.2872,Legacy,,
2034.0,CA-2016-128923,12/9/2016,12/13/2016,Standard Class,GB-14530,George Bell,Corporate,United States,Fort Worth,Texas,76106.0,Central,OFF-AR-10000475,Office Supplies,Art,"Hunt BOSTON Vista Battery-Operated Pencil Sharpener, Black",9.328,1.0,0.2,0.8162,Legacy,Approved,Check later
2035.0,CA-2017-162481,9/25/2017,9/29/2017,Standard Class,CT-11995,Carol Triggs,Consumer,United States,Rochester,Minnesota,55901.0,Central,OFF-BI-10002976,Office Supplies,Binders,ACCOHIDE Binder by Acco,8.26,2.0,0.0,3.8822,ERP,,
2036.0,CA-2017-162481,9/25/2017,9/29/2017,Standard Class,CT-11995,Carol Triggs,Consumer,United States,Rochester,Minnesota,55901.0,Central,FUR-CH-10003061,Furniture,Chairs,"Global Leather Task Chair, Black",269.97,3.0,2.0,51.2943,Legacy,Rejected,Urgent
2037.0,CA-2015-119214,1/23/2015,1/27/2015,Standard Class,CW-11905,Carl Weiss,Home Office,United States,Bozeman,Montana,59715.0,West,OFF-PA-10002893,Office Supplies,Paper,"Wirebound Service Call Books, 5 1/2"" x 4""",29.04,3.0,0.0,13.9392,CRM,Rejected,Check later
2038.0,CA-2015-119214,1/23/2015,1/27/2015,Standard Class,CW-11905,Carl Weiss,Home Office,United States,Bozeman,Montana,59715.0,West,OFF-LA-10003077,Office Supplies,Labels,Avery 500,14.62,2.0,0.0,6.8714,ERP,Approved,Urgent
2039.0,CA-2015-122287,6/18/2015,6/23/2015,Standard Class,SN-20560,Skye Norling,Home Office,United States,Peoria,Arizona,85345.0,West,OFF-PA-10001661,Office Supplies,Paper,Xerox 1922,11.952,3.0,1.5,4.3326,CRM,,Urgent
2040.0,CA-2015-122287,6/18/2015,6/23/2015,Standard Class,SN-20560,Skye Norling,Home Office,United States,Peoria,Arizona,85345.0,West,OFF-BI-10004656,Office Supplies,Binders,Peel & Stick Add-On Corner Pockets,4.536,7.0,0.7,-3.3264,Legacy,Approved,
2041.0,CA-2015-122287,6/18/2015,6/23/2015,Standard Class,SN-20560,Skye Norling,Home Office,United States,Peoria,Arizona,85345.0,West,OFF-BI-10003707,Office Supplies,Binders,Aluminum Screw Posts,9.156,2.0,0.7,-6.104,ERP,,Urgent
2042.0,CA-2015-122287,6/18/2015,6/23/2015,Standard Class,SN-20560,Skye Norling,Home Office,United States,Peoria,Arizona,85345.0,West,FUR-FU-10004973,Furniture,Furnishings,Flat Face Poster Frame,75.36,5.0,0.2,20.724,Manual Upload,Rejected,Duplicate?
2043.0,CA-2015-104493,10/2/2015,10/8/2015,Standard Class,EB-13705,Ed Braxton,Corporate,United States,San Diego,California,92105.0,West,OFF-BI-10004817,Office Supplies,Binders,GBC Personal VeloBind Strips,57.504,6.0,0.2,20.1264,ERP,,Check later
2044.0,US-2017-158946,11/18/2017,11/23/2017,Standard Class,JW-15220,Jane Waco,Corporate,United States,Lakewood,Ohio,44107.0,East,OFF-AR-10001860,Office Supplies,Art,BIC Liqua Brite Liner,38.864,7.0,0.2,7.7728,Manual Upload,,
2045.0,CA-2014-129168,8/17/2014,8/23/2014,Standard Class,KB-16585,Ken Black,Corporate,United States,Houston,Texas,77095.0,Central,OFF-PA-10001639,Office Supplies,Paper,Xerox 203,15.552,3.0,0.2,5.4432,Manual Upload,Approved,Check later
2046.0,CA-2016-131835,7/17/2016,7/21/2016,Standard Class,MC-17590,Matt Collister,Corporate,United States,Perth Amboy,New Jersey,8861.0,East,OFF-AP-10004487,Office Supplies,Appliances,Kensington 4 Outlet MasterPiece Compact Power Control Center,162.64,2.0,0.0,45.5392,ERP,,
2047.0,CA-2016-131835,7/17/2016,7/21/2016,Standard Class,MC-17590,Matt Collister,Corporate,United States,Perth Amboy,New Jersey,8861.0,East,TEC-PH-10001760,Technology,Phones,Bose SoundLink Bluetooth Speaker,597.0,3.0,0.0,280.59,Legacy,Pending,
2048.0,CA-2016-131835,7/17/2016,7/21/2016,Standard Class,MC-17590,Matt Collister,Corporate,United States,Perth Amboy,New Jersey,8861.0,East,OFF-PA-10004071,Office Supplies,Paper,"Eaton Premium Continuous-Feed Paper, 25% Cotton, Letter Size, White, 1000 Shts/Box",55.48,1.0,0.0,26.6304,Legacy,Rejected,Duplicate?
2049.0,CA-2015-142237,7/11/2015,7/13/2015,First Class,CK-12595,Clytie Kelty,Consumer,United States,Philadelphia,Pennsylvania,19134.0,East,FUR-FU-10004848,Furniture,Furnishings,"Howard Miller 13-3/4"" Diameter Brushed Chrome Round Wall Clock",289.8,7.0,0.2,36.225,Manual Upload,Rejected,
2050.0,CA-2015-142237,7/11/2015,7/13/2015,First Class,CK-12595,Clytie Kelty,Consumer,United States,Philadelphia,Pennsylvania,19134.0,East,OFF-BI-10004022,Office Supplies,Binders,Acco Suede Grain Vinyl Round Ring Binder,2.502,3.0,0.7,-2.0016,Manual Upload,Rejected,Duplicate?
2051.0,CA-2015-142237,7/11/2015,7/13/2015,First Class,CK-12595,Clytie Kelty,Consumer ,United States,Philadelphia,Pennsylvania,19134.0,East,OFF-BI-10003669,Office Supplies,Binders,3M Organizer Strips,6.48,4.0,0.7,-4.752,CRM,Pending,
2052.0,CA-2015-142237,7/11/2015,7/13/2015,First Class,CK-12595,Clytie Kelty,Consumer,United States,Philadelphia,Pennsylvania,19134.0,East,FUR-CH-10003833,Furniture,Chairs,Novimex Fabric Task Chair,341.488,8.0,0.3,-73.176,CRM,Rejected,Urgent
2053.0,CA-2015-142237,2015/07/11,7/13/2015,First Class,CK-12595,Clytie Kelty,Consumer,United States,Philadelphia,Pennsylvania,19134.0,East,OFF-AR-10003732,Office Supplies,Art,Newell 333,11.12,5.0,0.2,0.834,Manual Upload,,
2054.0,CA-2015-142237,7/11/2015,7/13/2015,First Class,CK-12595,Clytie Kelty,Consumer,United States,Philadelphia,Pennsylvania,19134.0,East,FUR-FU-10003142,Furniture,Furnishings,"Master Big Foot Doorstop, Beige",25.344,6.0,0.2,3.4848,ERP,Pending,Check later
2055.0,CA-2016-136434,12/1/2016,12/7/2016,Standard Class,RD-19480,Rick Duston,Consumer,United States,Richmond,Indiana,47374.0,Central,FUR-FU-10001196,Furniture,Furnishings,DAX Cubicle Frames - 8x10,17.31,3.0,0.0,5.193,CRM,Pending,Check later
2056.0,CA-2017-120376,12/22/2017,12/25/2017,First Class,TP-21130,Theone Pippenger,Consumer,United States,Detroit,Michigan,48227.0,Central,TEC-AC-10001114,Technology,Accessories,Microsoft Wireless Mobile Mouse 4000,199.95,5.0,0.0,63.984,CRM,Approved,Check later
2057.0,CA-2017-120376,12/22/2017,12/25/2017,First Class,TP-21130,Theone Pippenger,Consumer,United States,Detroit,Michigan,48227.0,Central,FUR-CH-10002335,Furniture,Chairs,Hon GuestStacker Chair,1586.69,7.0,0.0,412.5394,CRM,Pending,Check later
2058.0,CA-2017-120376,12/22/2017,12/25/2017,First Class,TP-21130,Theone Pippenger,Consumer,United States,Detroit,Michigan,48227.0,Central,TEC-AC-10000844,Technology,Accessories,Logitech Gaming G510s - Keyboard,84.99,1.0,0.0,30.5964,CRM,Approved,Duplicate?
2059.0,CA-2017-120376,12/22/2017,12/25/2017,First Class,TP-21130,Theone Pippenger,Consumer,United States,Detroit,Michigan,48227.0,Central,FUR-TA-10004534,Furniture,Tables,Bevis 44 x 96 Conference Tables,411.8,2.0,0.0,70.006,Legacy,Pending,
2060.0,CA-2014-106439,10/31/2014,11/4/2014,Standard Class,GG-14650,Greg Guthrie,Corporate,United States,Los Angeles,California,90049.0,West,OFF-FA-10002975,Office Supplies,Fasteners,Staples,11.34,3.0,0.0,5.2164,Manual Upload,Pending,
2061.0,CA-2014-106439,10/31/2014,11/4/2014,Standard Class,GG-14650,Greg Guthrie,Corporate,United States,Los Angeles,California,90049.0,West,OFF-ST-10003996,Office Supplies,Storage,"Letter/Legal File Tote with Clear Snap-On Lid, Black Granite",80.3,5.0,0.0,20.878,Manual Upload,Approved,Urgent
2062.0,CA-2014-106439,10/31/2014,11/4/2014,Standard Class,GG-14650,Greg Guthrie,Corporate,United States,Los Angeles,California,90049.0,west,OFF-BI-10002571,Office Supplies,Binders,"Avery Framed View Binder, EZD Ring (Locking), Navy, 1 1/2""",15.968,2.0,0.2,5.3892,CRM,,Duplicate?
2063.0,CA-2014-106439,10/31/2014,11/4/2014,Standard Class,GG-14650,Greg Guthrie,Corporate,United States,Los Angeles,California,90049.0,West,OFF-PA-10000477,Office Supplies,Paper,Xerox 1952,64.74,13.0,0.0,30.4278,ERP,Approved,Urgent
2064.0,CA-2014-106439,10/31/2014,11/4/2014,Standard Class,GG-14650,Greg Guthrie,Corporate,United States,Los Angeles,California,90049.0,West,OFF-BI-10004209,Office Supplies,Binders,"Fellowes Twister Kit, Gray/Clear, 3/pkg",19.296,3.0,0.2,6.03,ERP,,Duplicate?
2065.0,CA-2014-106439,10/31/2014,11/4/2014,Standard Class,GG-14650,Greg Guthrie,Corporate,United States,Los Angeles,California,90049.0,West,OFF-ST-10001963,Office Supplies,Storage,Tennsco Regal Shelving Units,405.64,4.0,0.0,12.1692,Manual Upload,Approved,Urgent
2066.0,CA-2014-106439,10/31/2014,11/4/2014,Standard Class,GG-14650,Greg Guthrie,Corporate,United States,Los Angeles,California,90049.0,West,FUR-CH-10003833,Furniture,Chairs,Novimex Fabric Task Chair,146.352,3.0,0.2,-9.147,CRM,Approved,Check later
2067.0,CA-2014-106439,10/31/2014,11/4/2014,Standard Class,GG-14650,Greg Guthrie,Corporate,United States,Los Angeles,California,90049.0,West,TEC-AC-10004568,Technology,Accessories,Maxell LTO Ultrium - 800 GB,251.91,9.0,0.0,47.8629,Legacy,Pending,Duplicate?
2068.0,CA-2014-106439,10/31/2014,11/4/2014,Standard Class,GG-14650,Greg Guthrie,Corporate,United States,Los Angeles,California,90049.0,West,OFF-AR-10001419,Office Supplies,Art,Newell 325,12.39,3.0,0.0,3.717,ERP,,
2069.0,CA-2015-133452,4/13/2015,4/19/2015,Standard Class,ZC-21910,Zuschuss Carroll,Consumer,United States,Pomona,California,91767.0,West,TEC-AC-10002800,Technology,Accessories,Plantronics Audio 478 Stereo USB Headset,199.96,4.0,0.0,69.986,ERP,Approved,
2070.0,CA-2015-133452,4/13/2015,4/19/2015,Standard Class,ZC-21910,Zuschuss Carroll,Consumer,United States,Pomona,California,91767.0,West,FUR-TA-10003954,Furniture,Tables,Hon 94000 Series Round Tables,710.832,3.0,0.2,-97.7394,Legacy,,Duplicate?
2071.0,CA-2016-146521,7/21/2016,7/23/2016,Second Class,CC-12610,Corey Catlett,Corporate,United States,Philadelphia,Pennsylvania,19134.0,East,OFF-BI-10000301,Office Supplies,Binders,GBC Instant Report Kit,1.941,1.0,0.7,-1.294,ERP,Approved,Urgent
2072.0,US-2017-110996,11/20/2017,11/25/2017,Standard Class,KA-16525,Kelly Andreada,Consumer,United States,Ontario,California,91761.0,West,FUR-CH-10003956,Furniture,Chairs,Novimex High-Tech Fabric Mesh Task Chair,283.92,5.0,0.2,-46.137,Legacy,Approved,
2073.0,CA-2016-129693,2016/11/26,12/2/2016,Standard Class,TC-20980,Tamara Chand,Corporate,United States,Seattle,Washington,98105.0,West,OFF-BI-10002954,Office Supplies,Binders,Newell 3-Hole Punched Plastic Slotted Magazine Holders for Binders,7.312,2.0,0.2,2.5592,CRM,Pending,Urgent
2074.0,CA-2017-122504,11/7/2017,11/12/2017,Second Class,DB-13270,Deborah Brumfield,Home Office,United States,Brentwood,California,94513.0,West,TEC-AC-10003289,Technology,Accessories,Anker Ultra-Slim Mini Bluetooth 3.0 Wireless Keyboard,59.97,3.0,0.0,13.7931,Manual Upload,,
2075.0,CA-2017-122504,11/7/2017,11/12/2017,Second Class,DB-13270,Deborah Brumfield,Home Office,United States,Brentwood,California,94513.0,West,TEC-PH-10002468,Technology,Phones,"Plantronics CS 50-USB - headset - Convertible, Monaural",761.544,7.0,0.2,66.6351,Manual Upload,Pending,Urgent
2076.0,CA-2014-131051,12/1/2014,12/5/2014,Standard Class,TR-21325,Toby Ritter,Consumer,United States,San Francisco,California,94122.0,West,FUR-FU-10001861,Furniture,Furnishings,"Floodlight Indoor Halogen Bulbs, 1 Bulb per Pack, 60 Watts",58.2,3.0,0.0,28.518,ERP,Pending,Urgent
2077.0,CA-2017-140676,9/12/2017,9/15/2017,First Class,BF-11080,Bart Folk,Consumer,United States,Baltimore,Maryland,21215.0,East,OFF-PA-10004082,Office Supplies,Paper,"Adams Telephone Message Book w/Frequently-Called Numbers Space, 400 Messages per Book",39.9,5.0,0.0,19.95,CRM,,Urgent
2078.0,CA-2017-140676,9/12/2017,2017-09-15,First Class,BF-11080,Bart Folk,Consumer,United States,Baltimore,Maryland,21215.0,East,OFF-AP-10000358,Office Supplies,Appliances,Fellowes Basic Home/Office Series Surge Protectors,90.86,7.0,0.0,26.3494,ERP,Pending,Check later
2079.0,CA-2017-140676,9/12/2017,9/15/2017,First Class,BF-11080,Bart Folk,Consumer,United States,Baltimore,Maryland,21215.0,East,OFF-PA-10004243,Office Supplies,Paper,Xerox 1939,94.85,5.0,0.0,45.528,Legacy,Rejected,
2080.0,CA-2015-120103,12/24/2015,12/29/2015,Standard Class,MS-17365,Maribeth Schnelling,Consumer,United States,Phoenix,Arizona,85023.0,West,OFF-PA-10001295,Office Supplies,Paper,Computer Printout Paper with Letter-Trim Perforations,106.232,7.0,0.2,37.1812,CRM,,Duplicate?
2081.0,CA-2015-120103,12/24/2015,12/29/2015,Standard Class,MS-17365,Maribeth Schnelling,Consumer,United States,Phoenix,Arizona,85023.0,West,TEC-PH-10002170,Technology,Phones,ClearSounds CSC500 Amplified Spirit Phone Corded phone,111.984,2.0,0.2,11.1984,Manual Upload,Pending,Duplicate?
2082.0,CA-2015-120103,12/24/2015,12/29/2015,Standard Class,MS-17365,Maribeth Schnelling,Consumer,United States,Phoenix,Arizona,85023.0,West,FUR-FU-10002885,Furniture,Furnishings,Magna Visual Magnetic Picture Hangers,7.712,2.0,0.2,1.7352,Manual Upload,Rejected,
2083.0,CA-2017-104647,2/23/2017,3/1/2017,Standard Class,CK-12595,Clytie Kelty,Consumer,United States,Los Angeles,California,90008.0,West,OFF-PA-10002870,Office Supplies,Paper,"Ampad Phone Message Book, Recycled, 400 Message Capacity, 5 ¾ x 11",37.44,6.0,0.0,16.848,ERP,Approved,Urgent
2084.0,CA-2014-110352,11/23/2014,11/29/2014,Standard Class,ED-13885,Emily Ducich,Home Office,United States,Houston,Texas,77036.0,Central,OFF-LA-10003923,Office Supplies,Labels,Alphabetical Labels for Top Tab Filing,23.68,2.0,0.2,8.88,CRM,Pending,Urgent
2085.0,CA-2016-140501,6/23/2016,6/28/2016,Standard Class,IM-15070,Irene Maddox,Consumer,United States,New York City,New York,10009.0,East,OFF-LA-10003510,Office Supplies,Labels,"Avery 4027 File Folder Labels for Dot Matrix Printers, 5000 Labels per Box, White",122.12,4.0,0.0,56.1752,Manual Upload,Pending,
2086.0,CA-2016-140501,6/23/2016,6/28/2016,Standard Class,IM-15070,Irene Maddox,Consumer,United States,New York City,New York,10009.0,East,OFF-LA-10000248,Office Supplies,Labels,Avery 52,18.45,5.0,0.0,8.6715,ERP,Rejected,Duplicate?
2087.0,CA-2016-140501,6/23/2016,6/28/2016,Standard Class,IM-15070,Irene Maddox,Consumer,United States,New York City,New York,10009.0,East,OFF-ST-10000060,Office Supplies,Storage,Fellowes Bankers Box Staxonsteel Drawer File/Stacking System,324.9,5.0,0.0,38.988,Legacy,Rejected,
2088.0,CA-2016-140501,6/23/2016,6/28/2016,Standard Class,IM-15070,Irene Maddox,Consumer,United States,New York City,New York,10009.0,East,OFF-PA-10003129,Office Supplies,Paper,Tops White Computer Printout Paper,146.73,3.0,0.0,68.9631,Manual Upload,Approved,
2089.0,CA-2016-140501,6/23/2016,6/28/2016,Standard Class,IM-15070,Irene Maddox,Consumer,United States,New York City,New York,10009.0,East,OFF-FA-10004076,Office Supplies,Fasteners,Translucent Push Pins by OIC,3.96,2.0,0.0,1.4652,Legacy,Approved,
2090.0,CA-2015-139290,10/26/2015,10/30/2015,Standard Class,MY-17380,Maribeth Yedwab,Corporate,United States,Rancho Cucamonga,California,91730.0,West,OFF-LA-10004008,Office Supplies,Labels,Avery 507,5.76,-1.0,0.0,2.6496,Manual Upload,Approved,Urgent
2091.0,CA-2017-166142,7/15/2017,7/19/2017,Standard Class,MM-17260,Magdelene Morse,Consumer,United States,Wilmington,Delaware,19805.0,East,OFF-BI-10004094,Office Supplies,Binders,GBC Standard Plastic Binding Systems Combs,26.55,3.0,0.0,13.0095,Legacy,Rejected,Urgent
2092.0,CA-2017-166142,7/15/2017,7/19/2017,Standard Class,MM-17260,Magdelene Morse,Consumer,United States,Wilmington,Delaware,19805.0,East,FUR-TA-10004607,Furniture,Tables,Hon 2111 Invitation Series Straight Table,310.443,3.0,0.3,-48.7839,Legacy,Pending,
2093.0,CA-2014-145926,11/17/2014,11/21/2014,Standard Class,MP-17470,Mark Packer,Home Office,United States,Moorhead,Minnesota,56560.0,Central,FUR-CH-10004289,Furniture,Chairs,Global Super Steno Chair,479.9,5.0,0.0,81.583,ERP,Pending,
2094.0,CA-2015-149678,4/13/2015,4/15/2015,Second Class,AW-10840,Anthony Witt,Consumer,United States,Farmington,New Mexico,87401.0,West,OFF-SU-10004498,Office Supplies,Supplies,Martin-Yale Premier Letter Opener,12.88,1.0,0.0,0.3864,CRM,Approved,
2095.0,US-2015-164357,11/25/2015,11/29/2015,Standard Class,SF-20065,Sandra Flanagan,Consumer,United States,Wilmington,North Carolina,28403.0,South,OFF-AR-10001177,Office Supplies,Art,Newell 349,13.12,5.0,0.2,1.476,Legacy,Rejected,Check later
2096.0,US-2016-146570,5/15/2016,5/20/2016,Standard Class,SN-20710,Steve Nguyen,Home Office,United States,Jackson,Mississippi,39212.0,South,OFF-BI-10001718,Office Supplies,Binders,GBC DocuBind P50 Personal Binding Machine,511.84,8.0,0.0,240.5648,ERP,Rejected,Urgent
2097.0,US-2016-146570,5/15/2016,5/20/2016,Standard Class,SN-20710,Steve Nguyen,Home Office,United States,Jackson,Mississippi,39212.0,South,OFF-AR-10004602,Office Supplies,Art,Boston KS Multi-Size Manual Pencil Sharpener,91.96,4.0,0.0,25.7488,Legacy,,
2098.0,US-2016-146570,5/15/2016,5/20/2016,Standard Class,SN-20710,Steve Nguyen,Home Office,United States,Jackson,Mississippi,39212.0,South,OFF-AR-10003856,Office Supplies,Art,Newell 344,8.34,3.0,0.0,2.1684,Legacy,Pending,
2099.0,CA-2017-124401,9/7/2017,9/12/2017,Standard Class,RD-19900,Ruben Dartt,Consumer,United States,Portland,Oregon,97206.0,West,OFF-ST-10000649,Office Supplies,Storage,Hanging Personal Folder File,37.68,3.0,0.2,2.355,CRM,Rejected,Check later
2100.0,CA-2017-124401,9/7/2017,9/12/2017,Standard Class,RD-19900,Ruben Dartt,Consumer,United States,Portland,Oregon,97206.0,West,TEC-AC-10002926,Technology,Accessories,Logitech Wireless Marathon Mouse M705,279.944,7.0,0.2,80.4839,Legacy,Rejected,Check later
2101.0,US-2014-140116,3/10/2014,3/17/2014,Standard Class,KT-16480,Kean Thornton,Consumer,United States,Denver,Colorado,80219.0,West,OFF-ST-10000078,Office Supplies,Storage,Tennsco 6- and 18-Compartment Lockers,636.408,3.0,0.2,-15.9102,ERP,Rejected,Urgent
2102.0,US-2014-140116,3/10/2014,3/17/2014,Standard Class,KT-16480,Kean Thornton,Consumer,United States,Denver,Colorado,80219.0,West,OFF-AR-10001044,Office Supplies,Art,"BOSTON Ranger #55 Pencil Sharpener, Black",83.168,4.0,0.2,9.3564,Manual Upload,Approved,
2103.0,CA-2014-123295,7/18/2014,7/18/2014,Same Day,AH-10120,Adrian Hane,Home Office,United States,Tucson,Arizona,85705.0,West,FUR-CH-10002372,Furniture,Chairs,Office Star - Ergonomically Designed Knee Chair,259.136,4.0,0.2,-25.9136,ERP,,Check later
2104.0,CA-2017-167101,3/24/2017,3/28/2017,Second Class,BM-11650,Brian Moss,Corporate,United States,New York City,New York,10009.0,East,OFF-PA-10000357,Office Supplies,Paper,Xerox 1888,221.92,4.0,0.0,106.5216,CRM,Pending,
2105.0,CA-2017-167101,3/24/2017,3/28/2017,Second Class,BM-11650,Brian Moss,Corporate,United States,New York City,New York,10009.0,East,TEC-AC-10001266,Technology,Accessories,Memorex Micro Travel Drive 8 GB,26.0,2.0,0.0,11.7,ERP,Pending,
2106.0,US-2014-167633,9/30/2014,10/5/2014,Standard Class,BW-11200,Ben Wallace,Consumer,United States,Boynton Beach,Florida,33437.0,South,OFF-PA-10004888,Office Supplies,Paper,Xerox 217,15.552,3.0,0.2,5.4432,CRM,Approved,
2107.0,US-2014-152723,9/26/2014,9/26/2014,Same Day,HG-14965,Henry Goldwyn,Corporate,United States,Mesquite,Texas,75150.0,Central,OFF-BI-10003460,Office Supplies,Binders,Acco 3-Hole Punch,0.876,1.0,0.8,-1.4016,Legacy,,
2108.0,CA-2015-164882,10/31/2015,10/31/2015,Same Day,SG-20080,Sandra Glassco,Consumer,United States,Redlands,California,92374.0,West,OFF-PA-10000157,Office Supplies,Paper,Xerox 191,19.98,1.0,0.0,9.3906,CRM,,Urgent
2109.0,CA-2015-164882,10/31/2015,10/31/2015,Same Day,SG-20080,Sandra Glassco,Consumer,United States,Redlands,California,92374.0,West,OFF-BI-10004519,Office Supplies,Binders,GBC DocuBind P100 Manual Binding Machine,398.352,3.0,0.2,124.485,CRM,Pending,Duplicate?
2110.0,CA-2015-164882,10/31/2015,10/31/2015,Same Day,SG-20080,Sandra Glassco,Consumer,United States,Redlands,California,92374.0,West,OFF-AR-10004272,Office Supplies,Art,Newell 308,5.04,3.0,0.0,1.26,Legacy,,Check later
2111.0,CA-2015-164882,10/31/2015,10/31/2015,Same Day,SG-20080,Sandra Glassco,Consumer,United States,Redlands,California,92374.0,West,OFF-FA-10000585,Office Supplies,Fasteners,OIC Bulk Pack Metal Binder Clips,17.45,5.0,0.0,8.027,Legacy,Pending,Check later
2112.0,CA-2015-164882,10/31/2015,10/31/2015,SameDay,SG-20080,Sandra Glassco,Consumer,United States,Redlands,California,92374.0,West,FUR-CH-10004218,Furniture,Chairs,"Global Fabric Manager's Chair, Dark Gray",323.136,4.0,0.2,20.196,Legacy,Pending,Urgent
2113.0,CA-2015-164882,10/31/2015,10/31/2015,Same Day,SG-20080,Sandra Glassco,Consumer,United States,Redlands,California,92374.0,West,OFF-SU-10004231,office supplies,Supplies,Acme Tagit Stainless Steel Antibacterial Scissors,29.7,3.0,0.0,8.019,ERP,,Urgent
2114.0,CA-2015-164882,10/31/2015,10/31/2015,Same Day,SG-20080,Sandra Glassco,Consumer,United States,Redlands,Cali,92374.0,West,TEC-PH-10001578,Technology,Phones,Polycom SoundStation2 EX Conference phone,1295.84,4.0,0.2,145.782,CRM,Pending,
2115.0,CA-2015-164882,10/31/2015,10/31/2015,Same Day,SG-20080,Sandra Glassco,Consumer,United States,Redlands,California,92374.0,West,OFF-ST-10003638,Office Supplies,Storage,Mobile Personal File Cube,46.84,2.0,0.0,12.6468,ERP,,Duplicate?
2116.0,CA-2015-164882,10/31/2015,10/31/2015,Same Day,SG-20080,Sandra Glassco,Consumer,United States,Redlands,California,92374.0,West,FUR-BO-10002213,Furniture,Bookcases,DMI Eclipse Executive Suite Bookcases,425.833,1.0,0.15,20.0392,Legacy,Approved,
2117.0,CA-2015-159786,10/12/2015,10/17/2015,Second Class,RK-19300,Ralph Kennedy,Consumer,United States,Rochester,New York,14609.0,East,FUR-TA-10001307,Furniture,Tables,"SAFCO PlanMaster Heigh-Adjustable Drafting Table Base, 43w x 30d x 30-37h, Black",209.67,1.0,0.4,-13.978,CRM,Approved,
2118.0,CA-2016-130267,9/19/2016,9/23/2016,Standard Class,SW-20245,Scot Wooten,Consumer,United States,Stockton,California,95207.0,West,OFF-PA-10002222,Office Supplies,Paper,"Xerox Color Copier Paper, 11"" x 17"", Ream",159.88,7.0,0.0,73.5448,ERP,,
2119.0,CA-2017-155460,4/13/2017,4/15/2017,First Class,RW-19630,Rob Williams,Corporate,United States,Seattle,Washington,98105.0,West,OFF-PA-10002479,Office Supplies,Paper,Xerox 4200 Series MultiUse Premium Copy Paper (20Lb. and 84 Bright),5.28,1.0,0.0,2.376,CRM,Rejected,Duplicate?
2120.0,CA-2017-155460,4/13/2017,4/15/2017,First Class,RW-19630,Rob Williams,Corporate,United States,Seattle,Washington,98105.0,West,OFF-BI-10003091,Office Supplies,Binders,GBC DocuBind TL200 Manual Binding Machine,895.92,5.0,0.2,302.373,CRM,Approved,Check later
2121.0,US-2017-168690,1/7/2017,1/13/2017,Standard Class,TS-21085,Thais Sissman,Consumer,United States,Ormond Beach,Florida,32174.0,South,OFF-BI-10000145,Office Supplies,Binders,Zipper Ring Binder Pockets,2.808,3.0,0.7,-1.9656,ERP,Rejected,
2122.0,CA-2017-158246,11/9/2017,11/11/2017,First Class,JB-15400,Jennifer Braxton,Corporate,United States,Sunnyvale,California,94086.0,West,FUR-CH-10003061,Furniture,Chairs,"Global Leather Task Chair, Black",215.976,3.0,0.2,-2.6997,ERP,Pending,Urgent
2123.0,CA-2017-167381,9/22/2017,9/24/2017,Second Class,EH-14005,Erica Hernandez,Home Office,United States,Lansing,Michigan,48911.0,Central,FUR-BO-10001972,Furniture,Bookcases,O'Sullivan 4-Shelf Bookcase in Odessa Pine,241.96,2.0,0.0,41.1332,Manual Upload,Pending,
2124.0,CA-2017-167381,9/22/2017,9/24/2017,Second Class,EH-14005,Erica Hernandez,Home Office,United States,Lansing,Michigan,48911.0,Central,OFF-LA-10000134,Office Supplies,Labels,Avery 511,27.72,9.0,0.0,13.3056,CRM,Approved,Check later
2125.0,CA-2017-144862,12/1/2017,12/5/2017,Standard Class,EH-14005,Erica Hernandez,Home Office,United States,Philadelphia,Pennsylvania,19143.0,East,OFF-EN-10003040,Office Supplies,Envelopes,Quality Park Security Envelopes,104.68,5.0,0.2,35.3295,Legacy,Approved,Check later
2126.0,CA-2017-144862,12/1/2017,12/5/2017,Standard Class,EH-14005,Erica Hernandez,Home Office,United States,Philadelphia,Pennsylvania,19143.0,East,TEC-PH-10000923,Technology,Phones,"Belkin SportFit Armband For iPhone 5s/5c, Fuchsia",62.958,7.0,0.4,9.4437,ERP,Approved,
2127.0,CA-2014-126032,06/23/2014,6/28/2014,Standard Class,BS-11665,Brian Stugart,Consumer,United States,Philadelphia,Pennsylvania,19143.0,East,TEC-AC-10000158,Technology,Accessories,Sony 64GB Class 10 Micro SDHC R40 Memory Card,86.376,3.0,0.2,1.0797,Legacy,Rejected,Duplicate?
2128.0,CA-2015-134859,10/4/2015,10/9/2015,Standard Class,JK-16120,Julie Kriz,Home Office,United States,Philadelphia,Pennsylvania,19134.0,East,FUR-FU-10003623,Furniture,Furnishings,"DataProducts Ampli Magnifier Task Lamp, Black,",64.944,3.0,0.2,6.4944,ERP,,Check later
2129.0,CA-2015-134859,10/4/2015,10/9/2015,Standard Class,JK-16120,Julie Kriz,Home Office,United States,Philadelphia,Pennsylvania,19134.0,East,OFF-PA-10001293,Office Supplies,Paper,Xerox 1946,20.736,4.0,0.2,7.2576,ERP,Rejected,Check later
2130.0,US-2014-114188,5/20/2014,5/22/2014,Second Class,RF-19345,Randy Ferguson,Corporate,United States,Dover,New Hampshire,3820.0,East,OFF-AP-10000124,Office Supplies,Appliances,Acco 6 Outlet Guardian Basic Surge Suppressor,33.28,4.0,0.0,9.3184,ERP,,Duplicate?
2131.0,US-2014-114188,5/20/2014,5/22/2014,Second Class,RF-19345,Randy Ferguson,Corporate,United States,Dover,New Hampshire,3820.0,East,OFF-AR-10004511,Office Supplies,Art,"Sanford Colorific Scented Colored Pencils, 12/Pack",38.52,9.0,0.0,11.9412,Legacy,Approved,Check later
2132.0,US-2014-114188,5/20/2014,5/22/2014,Second Class,RF-19345,Randy Ferguson,Corporate,United States,Dover,New Hampshire,3820.0,East,FUR-FU-10000076,Furniture,Furnishings,24-Hour Round Wall Clock,139.86,7.0,0.0,60.1398,CRM,Pending,Urgent
2133.0,CA-2015-156524,11/20/2015,11/26/2015,Standard Class,DL-12865,Dan Lawera,Consumer,United States,New York City,NY,10011.0,East,OFF-PA-10003883,Office Supplies,Paper,"Message Book, Phone, Wirebound Standard Line Memo, 2 3/4"" X 5""",19.65,3.0,0.0,9.039,ERP,,Check later
2134.0,CA-2015-122210,11/30/2015,12/4/2015,Standard Class,WB-21850,William Brown,Consumer,United States,Philadelphia,Pennsylvania,19134.0,East,OFF-BI-10003656,Office Supplies,Binders,Fellowes PB200 Plastic Comb Binding Machine,152.991,3.0,0.7,-122.3928,Legacy,Approved,Check later
2135.0,CA-2015-122210,11/30/2015,12/4/2015,Standard Class,WB-21850,William Brown,Consumer,United States,Philadelphia,Pennsylvania,19134.0,East,OFF-FA-10000053,Office Supplies,Fasteners,Revere Boxed Rubber Bands by Revere,10.584,7.0,0.2,-2.3814,Legacy,Approved,Urgent
2136.0,CA-2015-122210,11/30/2015,12/4/2015,Standard Class,WB-21850,William Brown,Consumer,United States,Philadelphia,Pennsylvania,19134.0,East,TEC-PH-10002807,Technology,Phones,Motorla HX550 Universal Bluetooth Headset,94.92,4.0,0.4,15.82,Legacy,Approved,Check later
2137.0,CA-2015-156377,12/31/2015,1/5/2016,Standard Class,TB-21625,Trudy Brown,Consumer,United States,Grand Prairie,Texas,75051.0,Central,FUR-FU-10002364,Furniture,Furnishings,"Eldon Expressions Wood Desk Accessories, Oak",14.76,5.0,0.6,-11.439,ERP,Approved,Check later
2138.0,CA-2015-156377,12/31/2015,1/5/2016,Standard Class,TB-21625,Trudy Brown,Consumer,United States,Grand Prairie,Texas,75051.0,Central,OFF-BI-10002954,Office Supplies,Binders,Newell 3-Hole Punched Plastic Slotted Magazine Holders for Binders,3.656,4.0,0.8,-5.8496,Manual Upload,Rejected,Duplicate?
2139.0,US-2017-157896,11/16/2017,11/16/2017,Same Day,CB-12415,Christy Brittain,Consumer,United States,New York City,New York,10009.0,East,OFF-PA-10004092,Office Supplies,Paper,Tops Green Bar Computer Printout Paper,146.82,3.0,0.0,73.41,CRM,Pending,
2140.0,CA-2014-159520,6/6/2014,6/11/2014,Standard Class,GT-14635,Grant Thornton,Corporate,United States,Long Beach,New York,11561.0,East,OFF-BI-10003982,Office Supplies,Binders,Wilson Jones Century Plastic Molded Ring Binders,149.544,9.0,0.2,50.4711,ERP,Approved,
2141.0,CA-2014-159520,6/6/2014,6/11/2014,Standard Class,GT-14635,Grant Thornton,Corporate,United States,Long Beach,New York,11561.0,East,OFF-SU-10001664,Office Supplies,Supplies,Acme Office Executive Series Stainless Steel Trimmers,17.14,2.0,0.0,4.4564,Manual Upload,Approved,Check later
2142.0,CA-2014-159520,6/6/2014,6/11/2014,Standard Class,GT-14635,Grant Thornton,Corporate,United States,Long Beach,New York,11561.0,East,FUR-TA-10003238,Furniture,Tables,"Chromcraft Bull-Nose Wood 48"" x 96"" Rectangular Conference Tables",991.764,3.0,0.4,-347.1174,CRM,Approved,
2143.0,CA-2016-155481,9/1/2016,2016-09-05,Standard Class,DK-13225,Dean Katz,Corporate,United States,Philadelphia,Pennsylvania,19140.0,East,OFF-PA-10004675,Office Supplies,Paper,"Telephone Message Books with Fax/Mobile Section, 5 1/2"" x 3 3/16""",30.48,6.0,0.2,9.906,CRM,Pending,
2144.0,CA-2016-155481,9/1/2016,9/5/2016,Standard Class,DK-13225,Dean Katz,Corporate,United States,Philadelphia,Pennsylvania,19140.0,East,TEC-PH-10002293,Technology,Phones,Anker 36W 4-Port USB Wall Charger Travel Power Adapter for iPhone 5s 5c 5,23.988,2.0,0.4,-4.7976,CRM,,
2145.0,CA-2016-155481,9/1/2016,9/5/2016,Standard Class,DK-13225,Dean Katz,Corporate,United States,Philadelphia,Pennsylvania,19140.0,East,OFF-FA-10002780,Office Supplies,Fasteners,Staples,16.688,7.0,0.2,5.4236,Legacy,Rejected,Duplicate?
2146.0,US-2016-152051,6/25/2016,6/29/2016,Standard Class,TS-21160,Theresa Swint,Corporate,United States,York,Pennsylvania,17403.0,East,FUR-CH-10002965,Furniture,Chairs,"Global Leather Highback Executive Chair with Pneumatic Height Adjustment, Black",422.058,3.0,0.3,-18.0882,Legacy,,Check later
2147.0,US-2016-152051,6/25/2016,6/29/2016,Standard Class,TS-21160,Theresa Swint,Corporate,United States,York,Pennsylvania,17403.0,East,OFF-BI-10004781,Office Supplies,Binders,GBC Wire Binding Strips,38.088,4.0,0.7,-27.9312,Legacy,Rejected,Duplicate?
2148.0,US-2016-152051,6/25/2016,6/29/2016,Standard Class,TS-21160,Theresa Swint,Corporate,United States,York,Pennsylvania,17403.0,East,OFF-ST-10001713,Office Supplies,Storage,"Gould Plastics 9-Pocket Panel Bin, 18-3/8w x 5-1/4d x 20-1/2h, Black",254.352,6.0,0.2,-50.8704,Legacy,,
2149.0,CA-2014-141607,12/12/2014,12/17/2014,Standard Class,WB-21850,William Brown,Consumer,United States,Concord,California,94521.0,West,FUR-FU-10003975,Furniture,Furnishings,Eldon Advantage Chair Mats for Low to Medium Pile Carpets,43.31,1.0,0.0,4.331,ERP,Approved,
2150.0,CA-2017-102771,3/31/2017,4/5/2017,Standard Class,DO-13435,Denny Ordway,Consumer,United States,New York City,New York,10035.0,East,TEC-PH-10001536,Technology,Phones,Spigen Samsung Galaxy S5 Case Wallet,84.95,5.0,0.0,22.087,ERP,Approved,Duplicate?
2151.0,US-2017-139969,11/19/2017,11/26/2017,Standard Class,AF-10870,Art Ferguson,Consumer,United States,College Station,Texas,77840.0,Central,FUR-CH-10001973,Furniture,Chairs,Office Star Flex Back Scooter Chair with White Frame,233.058,3.0,0.3,-53.2704,CRM,Pending,Duplicate?
2152.0,CA-2014-167360,11/24/2014,11/29/2014,Second Class,RB-19435,Richard Bierner,Consumer,United States,Saint Louis,Missouri,63116.0,Central,TEC-AC-10001772,Technology,Accessories,Memorex Mini Travel Drive 16 GB USB 2.0 Flash Drive,111.79,7.0,0.0,43.5981,Manual Upload,Approved,
2153.0,CA-2015-123505,11/22/2015,11/26/2015,Standard Class,AR-10540,Andy Reiter,Consumer,United States,Quincy,Massachusetts,2169.0,East,OFF-PA-10002586,Office Supplies,Paper,Xerox 1970,14.94,3.0,0.0,7.0218,Legacy,Pending,
2154.0,CA-2016-117282,7/14/2016,7/18/2016,Standard Class,DR-12880,Dan Reichenbach,Corporate,United States,New York City,New York,10009.0,East,OFF-BI-10004094,Office Supplies,Binders,GBC Standard Plastic Binding Systems Combs,14.16,2.0,0.2,5.133,ERP,,Duplicate?
2155.0,US-2016-120460,4/30/2016,5/5/2016,Standard Class,BF-11170,Ben Ferrer,Home Office,United States,Dallas,Texas,75081.0,Central,FUR-FU-10004973,Furniture,Furnishings,Flat Face Poster Frame,22.608,3.0,0.6,-10.1736,Legacy,Pending,
2156.0,CA-2016-111115,7/25/2016,7/27/2016,Second Class,LB-16735,Larry Blacks,Consumer,United States,Los Angeles,California,90032.0,West,OFF-FA-10000624,Office Supplies,Fasteners,OIC Binder Clips,21.48,6.0,0.0,10.74,ERP,,Urgent
2157.0,CA-2014-124646,6/22/2014,6/24/2014,First Class,DV-13465,Dianna Vittorini,Consumer,United States,Minneapolis,Minnesota,55407.0,Central,OFF-ST-10001097,Office Supplies,Storage,Office Impressions Heavy Duty Welded Shelving & Multimedia Storage Drawers,501.81,3.0,0.0,0.0,Legacy,,Check later
2158.0,CA-2014-124646,6/22/2014,6/24/2014,First Class,DV-13465,Dianna Vittorini,Consumer,United States,Minneapolis,Minnesota,55407.0,Central,OFF-ST-10001469,Office Supplies,Storage,Fellowes Bankers Box Recycled Super Stor/Drawer,161.94,3.0,0.0,9.7164,Legacy,,
2159.0,CA-2017-148166,10/21/2017,10/26/2017,Standard Class,NK-18490,Neil Knudson,Home Office,United States,Deltona,Florida,32725.0,South,OFF-AR-10004956,Office Supplies,Art,Newell 33,17.856,4.0,0.2,2.0088,Manual Upload,,Check later
2160.0,CA-2016-159737,9/3/2016,9/9/2016,Standard Class,CS-11950,Carlos Soltero,Consumer,United States,Chicago,Illinois,60610.0,Central,OFF-BI-10004236,Office Supplies,Binders,"XtraLife ClearVue Slant-D Ring Binder, White, 3""",8.808,3.0,0.8,-14.9736,CRM,,Urgent
2161.0,CA-2016-141019,5/14/2016,5/14/2016,Same Day,LH-17155,Logan Haushalter,Consumer,United States,Cincinnati,Ohio,45231.0,East,FUR-FU-10002937,Furniture,Furnishings,"GE 48"" Fluorescent Tube, Cool White Energy Saver, 34 Watts, 30/Box",79.384,1.0,0.2,29.769,Legacy,Approved,Urgent
2162.0,CA-2016-101938,1/7/2016,1/12/2016,Standard Class,DW-13480,Dianna Wilson,Home Office,United States,Oakland,California,94601.0,West,OFF-AR-10003696,Office Supplies,Art,Panasonic KP-350BK Electric Pencil Sharpener with Auto Stop,34.58,1.0,0.0,10.0282,ERP,Approved,Check later
2163.0,CA-2017-166296,3/13/2017,3/19/2017,Standard Class,KF-16285,Karen Ferguson,Home Office,United States,Manteca,California,95336.0,West,OFF-PA-10004359,Office Supplies,Paper,Multicolor Computer Printout Paper,314.55,3.0,0.0,150.984,CRM,Rejected,
2164.0,CA-2016-154018,10/13/2016,10/19/2016,Standard Class,HA-14920,Helen Andreada,Consumer,United States,Laredo,Texas,78041.0,Central,TEC-AC-10002402,Technology,Accessories,Razer Kraken PRO Over Ear PC and Music Headset,191.976,3.0,0.2,23.997,Legacy,Approved,
2165.0,CA-2016-154018,10/13/2016,10/19/2016,Standard Class,HA-14920,Helen Andreada,Consumer,United States,Laredo,Texas,78041.0,Central,OFF-PA-10000551,Office Supplies,Paper,Array Memo Cubes,8.288,2.0,0.2,3.0044,Legacy,,Urgent
2166.0,CA-2016-154018,10/13/2016,10/19/2016,Standard Class,HA-14920,Helen Andreada,Consumer,United States,Laredo,Texas,78041.0,Central,FUR-FU-10003394,Furniture,Furnishings,"Tenex ""The Solids"" Textured Chair Mats",139.92,5.0,0.6,-150.414,Legacy,Pending,
2167.0,CA-2016-154018,10/13/2016,10/19/2016,Standard Class,HA-14920,Helen Andreada,Consumer,United States,Laredo,texas,78041.0,Central,OFF-AR-10002067,Office Supplies,Art,Newell 334,15.872,1.0,0.2,1.1904,Legacy,Pending,Duplicate?
2168.0,CA-2016-154018,10/13/2016,10/19/2016,Standard Class,HA-14920,Helen Andreada,consumer,United States,Laredo,Texas,78041.0,Central,OFF-BI-10004140,Office Supplies,Binders,Avery Non-Stick Binders,6.286,7.0,0.8,-11.0005,CRM,Rejected,Duplicate?
2169.0,CA-2017-117870,1/27/2017,1/30/2017,Second Class,JH-15820,John Huston,Consumer,United States,Kent,Ohio,44240.0,East,OFF-AR-10004078,Office Supplies,Art,Newell 312,14.016,3.0,0.2,1.752,Manual Upload,,Check later
2170.0,CA-2017-117870,1/27/2017,1/30/2017,Second Class,JH-15820,John Huston,Consumer,United States,Kent,Ohio,44240.0,East,TEC-AC-10000927,Technology,Accessories,Anker Ultrathin Bluetooth Wireless Keyboard Aluminum Cover with Stand ,71.976,3.0,0.2,-8.997,Manual Upload,Rejected,Duplicate?
2171.0,CA-2017-117870,1/27/2017,1/30/2017,Second Class,JH-15820,John Huston,Consumer,United States,Kent,Ohio,44240.0,East,TEC-PH-10003931,Technology,Phones,JBL Micro Wireless Portable Bluetooth Speaker,107.982,3.0,0.4,-26.9955,CRM,Rejected,
2172.0,US-2017-137491,11/19/2017,11/25/2017,Standard Class,LC-16930,Linda Cazamias,Corporate,United States,San Angelo,Texas,76903.0,Central,FUR-CH-10004675,Furniture,Chairs,"Lifetime Advantage Folding Chairs, 4/Carton",305.312,2.0,0.3,-8.7232,Manual Upload,,Check later
2173.0,CA-2014-152296,8/1/2014,8/3/2014,First Class,IL-15100,Ivan Liston,Consumer,United States,San Francisco,California,94122.0,West,OFF-BI-10004506,Office Supplies,Binders,Wilson Jones data.warehouse D-Ring Binders with DublLock,19.752,3.0,0.2,6.9132,CRM,Pending,
2174.0,CA-2016-112025,7/30/2016,8/4/2016,Standard Class,LS-16975,Lindsay Shagiari,Home Office,United States,Houston,Texas,77070.0,Central,OFF-BI-10002353,Office Supplies,Binders,GBC VeloBind Cover Sets,9.264,3.0,0.8,-13.896,ERP,Pending,Check later
2175.0,CA-2015-132507,7/30/2015,8/3/2015,Second Class,CC-12610,Corey Catlett,Corporate,United States,Houston,Texas,77041.0,Central,OFF-ST-10000943,Office Supplies,Storage,Eldon ProFile File 'N Store Portable File Tub Letter/Legal Size Black,61.792,4.0,0.2,6.1792,Manual Upload,Approved,
2176.0,CA-2016-125738,10/15/2016,10/21/2016,Standard Class,PB-18805,Patrick Bzostek,Home Office,United States,Salt Lake City,Utah,84106.0,West,OFF-PA-10000740,Office Supplies,Paper,Xerox 1982,45.68,2.0,0.0,21.0128,Manual Upload,Approved,Urgent
2177.0,CA-2016-125738,10/15/2016,10/21/2016,Standard Class,PB-18805,Patrick Bzostek,Home Office,United States,Salt Lake City,Utah,84106.0,West,OFF-PA-10003001,Office Supplies,Paper,Xerox 1986,60.12,9.0,0.0,28.8576,ERP,Pending,
2178.0,CA-2016-125738,10/15/2016,10/21/2016,Standard Class,PB-18805,Patrick Bzostek,Home Office,United States,Salt Lake City,Utah,84106.0,West,OFF-BI-10001628,Office Supplies,Binders,"Acco Data Flex Cable Posts For Top & Bottom Load Binders, 6"" Capacity",41.72,5.0,0.2,13.0375,Manual Upload,Approved,Duplicate?
2179.0,CA-2016-125738,10/15/2016,10/21/2016,Standard Class,PB-18805,Patrick Bzostek,Home Office,United States,Salt Lake City,Utah,84106.0,West,OFF-PA-10001509,Office Supplies,Paper,"Recycled Desk Saver Line ""While You Were Out"" Book, 5 1/2"" X 4""",71.6,8.0,0.0,32.936,ERP,,Check later
2180.0,CA-2016-128818,5/7/2016,5/11/2016,Standard Class,CJ-12010,Caroline Jumper,Consumer,United States,New York City,New York,10009.0,East,OFF-BI-10000309,Office Supplies,Binders,"GBC Twin Loop Wire Binding Elements, 9/16"" Spine, Black",85.232,7.0,0.2,30.8966,Legacy,Pending,Check later
2181.0,CA-2016-128818,5/7/2016,5/11/2016,Standard Class,CJ-12010,Caroline Jumper,Consumer,United States,New York City,New York,10009.0,East,OFF-LA-10003923,Office Supplies,Labels,Alphabetical Labels for Top Tab Filing,44.4,3.0,0.0,22.2,Legacy,,
2182.0,CA-2016-128818,5/7/2016,5/11/2016,Standard Class,CJ-12010,Caroline Jumper,Consumer,United States,New York City,New York,10009.0,East,FUR-CH-10002084,Furniture,Chairs,Hon Mobius Operator's Chair,442.764,4.0,0.1,59.0352,Legacy,,
2183.0,CA-2016-128818,5/7/2016,5/11/2016,Standard Class,CJ-12010,Caroline Jumper,Consumer,United States,New York City,New York,10009.0,Est,TEC-MA-10000488,Technology,Machines,Bady BDG101FRU Card Printer,3999.95,5.0,0.0,1159.9855,Manual Upload,Pending,Duplicate?
2184.0,CA-2016-128818,5/7/2016,5/11/2016,Standard Class,CJ-12010,Caroline Jumper,Consumer,United States,New York City,New York,10009.0,East,TEC-AC-10001767,Technology,Accessories,SanDisk Ultra 64 GB MicroSDHC Class 10 Memory Card,199.95,5.0,0.0,21.9945,ERP,,Duplicate?
2185.0,CA-2016-128818,5/7/2016,5/11/2016,Standard Class,CJ-12010,Caroline Jumper,Consumer,United States,New York City,N.Y.,10009.0,East,FUR-FU-10001940,Furniture,Furnishings,Staple-based wall hangings,63.68,8.0,0.0,28.0192,Legacy,,Check later
2186.0,CA-2017-124576,8/1/2017,8/4/2017,Second Class,HK-14890,Heather Kirkland,Corporate,United States,Salinas,California,93905.0,West,OFF-BI-10002735,Office Supplies,Binders,GBC Prestige Therm-A-Bind Covers,54.896,2.0,0.2,18.5274,ERP,Pending,Urgent
2187.0,CA-2016-101378,7/14/2016,7/14/2016,Same Day,RH-19600,Rob Haberlin,Consumer,United States,Huntsville,Alabama,35810.0,South,TEC-AC-10002345,Technology,Accessories,HP Standard 104 key PS/2 Keyboard,29.0,2.0,0.0,7.25,Manual Upload,Rejected,Check later
2188.0,CA-2017-143063,8/10/2017,8/15/2017,Standard Class,IL-15100,Ivan Liston,Consumer,United States,Columbus,Indiana,47201.0,Central,OFF-EN-10003134,Office Supplies,Envelopes,Staple envelope,70.08,6.0,0.0,35.04,Legacy,,Check later
2189.0,CA-2017-143063,8/10/2017,8/15/2017,Standard Class,IL-15100,Ivan Liston,Consumer,United States,Columbus,Indiana,47201.0,Central,FUR-FU-10003708,Furniture,Furnishings,"Tenex Traditional Chairmats for Medium Pile Carpet, Standard Lip, 36"" x 48""",121.3,2.0,0.0,25.473,ERP,Approved,
2190.0,CA-2017-143063,8/10/2017,8/15/2017,Standard Class,IL-15100,Ivan Liston,Consumer,United States,Columbus,Indiana,47201.0,Central,TEC-PH-10003645,Technology,Phones,Aastra 57i VoIP phone,1454.49,9.0,0.0,378.1674,CRM,Pending,
2191.0,CA-2016-118913,6/25/2016,6/29/2016,Standard Class,AS-10240,Alan Shonely,Consumer,United States,Los Angeles,California,90049.0,West,OFF-AP-10000692,Office Supplies,Appliances,Fellowes Mighty 8 Compact Surge Protector,60.81,3.0,0.0,17.0268,Legacy,Rejected,
2192.0,CA-2016-128412,2016/12/10,12/17/2016,Standard Class,AP-10915,Arthur Prichep,Consumer,United States,Seattle,Washington,98105.0,West,OFF-BI-10001718,Office Supplies,Binders,GBC DocuBind P50 Personal Binding Machine,153.552,3.0,0.2,51.8238,CRM,,Urgent
2193.0,CA-2016-128412,12/10/2016,12/17/2016,Standard Class,AP-10915,Arthur Prichep,Consumer,United States,Seattle,Washington,98105.0,West,OFF-AP-10002082,Office Supplies,Appliances,Holmes HEPA Air Purifier,65.34,3.0,0.0,22.869,Manual Upload,Rejected,
2194.0,CA-2016-128412,12/10/2016,12/17/2016,Standard Class,AP-10915,Arthur Prichep,Consumer,United States,Seattle,Washington,98105.0,West,OFF-PA-10001125,Office Supplies,Paper,Xerox 1988,123.92,4.0,0.0,55.764,Legacy,,
2195.0,CA-2016-128412,12/10/2016,12/17/2016,Standard Class,AP-10915,Arthur Prichep,Consumer,United States,Seattle,Washington,98105.0,West,OFF-AP-10000252,Office Supplies,Appliances,Harmony HEPA Quiet Air Purifiers,35.1,3.0,0.0,12.285,Legacy,,
2196.0,CA-2016-128412,12/10/2016,12/17/2016,Standard Class,AP-10915,Arthur Prichep,Consumer,United States,Seattle,Washington,98105.0,West,TEC-AC-10003038,Technology,Accessories,Kingston Digital DataTraveler 16GB USB 2.0,44.75,5.0,0.0,8.5025,Legacy,Approved,
2197.0,CA-2016-136483,12/1/2016,12/6/2016,Standard Class,AG-10390,Allen Goldenen,Consumer,United States,Knoxville,Tennessee,37918.0,South,OFF-AR-10000940,Office Supplies,Art,Newell 343,4.704,2.0,0.2,0.4116,ERP,Approved,Urgent
2198.0,CA-2014-163013,11/28/2014,12/4/2014,Standard Class,BF-11080,Bart Folk,Consumer,United States,Montgomery,Alabama,36116.0,South,OFF-AR-10001954,Office Supplies,Art,Newell 331,14.67,3.0,0.0,3.9609,CRM,Approved,
2199.0,CA-2015-135363,3/28/2015,4/2/2015,Standard Class,CK-12205,Chloris Kastensmidt,Consumer,United States,Philadelphia,Pennsylvania,19120.0,East,OFF-PA-10003177,Office Supplies,Paper,Xerox 1999,15.552,3.0,0.2,5.4432,Legacy,Rejected,Duplicate?
2200.0,CA-2015-135363,3/28/2015,4/2/2015,Standard Class,CK-12205,Chloris Kastensmidt,Consumer,United States,Philadelphia,Pennsylvania,19120.0,East,OFF-PA-10000533,Office Supplies,Paper,Southworth Parchment Paper & Envelopes,5.232,1.0,0.2,1.7004,ERP,Approved,Check later
2201.0,US-2014-165659,6/1/2014,6/6/2014,Standard Class,LT-17110,Liz Thompson,Consumer,United States,Little Rock,Arkansas,72209.0,South,FUR-FU-10001935,Furniture,Furnishings,3M Hangers With Command Adhesive,22.2,6.0,0.0,9.102,ERP,Pending,
2202.0,US-2014-165659,6/1/2014,6/6/2014,Standard Class,LT-17110,Liz Thompson,Consumer,United States,Little Rock,Arkansas,72209.0,South,TEC-PH-10002563,Technology,Phones,Adtran 1202752G1,881.93,7.0,0.0,229.3018,Legacy,Pending,Urgent
2203.0,CA-2015-138002,9/6/2015,9/12/2015,Standard Class,BT-11305,Beth Thompson,Home Office,United States,Seattle,Washington,98103.0,West,OFF-BI-10002160,Office Supplies,Binders,Acco Hanging Data Binders,6.096,2.0,0.2,2.1336,CRM,Approved,
2204.0,CA-2015-138002,9/6/2015,9/12/2015,Standard Class,BT-11305,Beth Thompson,Home Office,United States,Seattle,Washington,98103.0,West,FUR-FU-10004748,Furniture,Furnishings,"Howard Miller 16"" Diameter Gallery Wall Clock",191.82,3.0,0.0,74.8098,Legacy,Pending,
2205.0,CA-2015-128860,6/29/2015,7/5/2015,Standard Class,SC-20725,Steven Cartwright,Consumer,United States,Lancaster,Pennsylvania,17602.0,East,FUR-FU-10001473,Furniture,Furnishings,"Eldon Executive Woodline II Desk Accessories, Mahogany",20.104,1.0,0.2,1.7591,Legacy,Rejected,
2206.0,CA-2016-164350,9/10/2016,9/12/2016,Second Class,CG-12040,Catherine Glotzbach,Home Office,United States,Bristol,Tennessee,37620.0,South,OFF-AR-10000538,Office Supplies,Art,"Boston Model 1800 Electric Pencil Sharpener, Gray",67.56,3.0,0.2,8.445,CRM,,Duplicate?
2207.0,US-2014-103905,7/14/2014,7/20/2014,Standard Class,AW-10930,Arthur Wiediger,Home Office,United States,Aurora,Illinois,60505.0,Central,OFF-BI-10001098,Office Supplies,Binders,Acco D-Ring Binder w/DublLock,29.932,7.0,0.8,-46.3946,Manual Upload,Rejected,Duplicate?
2208.0,US-2014-103905,7/14/2014,7/20/2014,Standard Class,AW-10930,Arthur Wiediger,Home Office,United States,Aurora,Illinois,60505.0,Central,TEC-PH-10001552,Technology,Phones,I Need's 3d Hello Kitty Hybrid Silicone Case Cover for HTC One X 4g with 3d Hello Kitty Stylus Pen Green/pink,38.272,4.0,0.2,3.8272,ERP,Pending,
2209.0,CA-2015-129854,8/22/2015,8/26/2015,Standard Class,RB-19705,Roger Barcio,Home Office,United States,New York City,New York,10009.0,East,OFF-AR-10000390,Office Supplies,Art,Newell Chalk Holder,99999.0,4.0,0.0,7.5992,Legacy,,Urgent
2210.0,CA-2014-125556,11/14/2014,11/16/2014,Second Class,ML-17410,Maris LaWare,Consumer,United States,Fairfield,Connecticut,6824.0,East,TEC-PH-10001079,Technology,Phones,Polycom SoundPoint Pro SE-225 Corded phone,832.93,7.0,0.0,233.2204,Manual Upload,,
2211.0,CA-2014-125556,11/14/2014,11/16/2014,Second Class,ML-17410,Maris LaWare,Consumer ,United States,Fairfield,Connecticut,6824.0,East,OFF-BI-10003460,Office Supplies,Binders,Acco 3-Hole Punch,43.8,10.0,0.0,21.024,Legacy,Approved,Duplicate?
2212.0,CA-2016-162313,11/27/2016,11/30/2016,First Class,VB-21745,Victoria Brennan,Corporate,United States,Lincoln Park,Michigan,48146.0,Central,OFF-AP-10003842,Office Supplies,Appliances,Euro-Pro Shark Turbo Vacuum,167.292,6.0,0.1,29.7408,ERP,Pending,
2213.0,CA-2017-107874,11/21/2017,11/25/2017,Standard Class,SW-20275,Scott Williamson,Consumer,United States,New York City,New York,10035.0,East,FUR-FU-10003535,Furniture,Furnishings,Howard Miller Distant Time Traveler Alarm Clock,27.42,1.0,0.0,11.2422,Legacy,,
2214.0,CA-2017-129378,10/1/2017,10/2/2017,First Class,NS-18505,Neola Schneider,Consumer,United States,San Jose,California,95123.0,West,OFF-BI-10002012,Office Supplies,Binders,Wilson Jones Easy Flow II Sheet Lifters,1.44,1.0,0.2,0.504,Legacy,Rejected,
2215.0,CA-2017-129378,10/1/2017,10/2/2017,First Class,NS-18505,Neola Schneider,Consumer,United States,San Jose,California,95123.0,West,OFF-BI-10001922,Office Supplies,Binders,Storex Dura Pro Binders,61.776,13.0,0.2,20.8494,ERP,Pending,
2216.0,CA-2017-129378,10/1/2017,10/2/2017,First Class,NS-18505,Neola Schneider,Consumer,United States,San Jose,California,95123.0,West,OFF-AP-10000576,Office Supplies,Appliances,"Belkin 325VA UPS Surge Protector, 6'",241.96,2.0,0.0,60.49,Manual Upload,,Check later
2217.0,CA-2017-129378,10/1/2017,10/2/2017,First Class,NS-18505,Neola Schneider,Consumer,United States,San Jose,California,95123.0,West,FUR-CH-10000553,Furniture,Chairs,"Metal Folding Chairs, Beige, 4/Carton",108.608,4.0,0.2,9.5032,CRM,,Duplicate?
2218.0,CA-2014-151953,9/20/2014,9/25/2014,Standard Class,DB-13555,Dorothy Badders,Corporate,United States,Jacksonville,Florida,32216.0,South,OFF-AR-10003469,Office Supplies,Art,Nontoxic Chalk,2.816,2.0,0.2,0.9856,Legacy,Pending,
2219.0,CA-2017-130841,7/28/2017,8/1/2017,Standard Class,MH-17620,Matt Hagelstein,Corporate,United States,San Francisco,California,94110.0,West,OFF-BI-10000145,Office Supplies,Binders,Zipper Ring Binder Pockets,9.984,4.0,0.2,3.6192,Manual Upload,Approved,Urgent
2220.0,CA-2017-130841,7/28/2017,8/1/2017,Standard Class,MH-17620,Matt Hagelstein,Corporate,United States,San Francisco,California,94110.0,West,OFF-ST-10001580,Office Supplies,Storage,Super Decoflex Portable Personal File,14.98,1.0,0.0,4.1944,Legacy,Rejected,
2221.0,CA-2017-130841,7/28/2017,8/1/2017,Standard Class,MH-17620,Matt Hagelstein,Corporate,United States,San Francisco,California,94110.0,West,TEC-PH-10001817,Technology,Phones,Wilson Electronics DB Pro Signal Booster,1145.6,4.0,0.2,100.24,CRM,Rejected,
2222.0,CA-2015-131884,12/6/2015,12/6/2015,Same Day,DK-13375,Dennis Kane,Consumer,United States,Marion,Ohio,43302.0,East,TEC-PH-10001578,Technology,Phones,Polycom SoundStation2 EX Conference phone,485.94,2.0,0.4,-89.089,Legacy,Pending,Urgent
2223.0,CA-2015-131884,12/6/2015,12/6/2015,Same Day,DK-13375,Dennis Kane,Consumer,United States,Marion,Ohio,43302.0,East,OFF-AR-10004078,Office Supplies,Art,Newell 312,37.376,8.0,0.2,4.672,Manual Upload,,
2224.0,CA-2015-131884,12/6/2015,12/6/2015,Same Day,DK-13375,Dennis Kane,Consumer,United States,Marion,Ohio,43302.0,East,FUR-CH-10004860,Furniture,Chairs,Global Low Back Tilter Chair,70.686,1.0,0.3,-24.2352,Legacy,,Check later
2225.0,CA-2017-121909,7/31/2017,8/5/2017,Standard Class,EA-14035,Erin Ashbrook,Corporate,United States,Philadelphia,Pennsylvania,19134.0,East,OFF-PA-10003790,Office Supplies,Paper,Xerox 1991,54.816,3.0,0.2,17.8152,Legacy,,
2226.0,CA-2016-106383,3/19/2016,3/21/2016,Second Class,BT-11440,Bobby Trafton,Consumer,United States,Littleton,Colorado,80122.0,West,FUR-BO-10002202,Furniture,Bookcases,"Atlantic Metals Mobile 2-Shelf Bookcases, Custom Colors",72.294,1.0,0.7,-98.8018,Manual Upload,Approved,
2227.0,CA-2017-130771,7/29/2017,8/3/2017,Standard Class,LA-16780,Laura Armstrong,Corporate,United States,Austin,Texas,78745.0,Central,OFF-FA-10003059,Office Supplies,Fasteners,Assorted Color Push Pins,2.896,2.0,0.2,0.4706,Manual Upload,Pending,Urgent
2228.0,CA-2017-130771,7/29/2017,8/3/2017,Standard Class,LA-16780,Laura Armstrong,Corporate,United States,Austin,Texas,78745.0,Central,TEC-PH-10002496,Technology,Phones,Cisco SPA301,124.792,1.0,0.2,15.599,Manual Upload,Approved,
2229.0,CA-2016-139157,10/1/2016,10/5/2016,Standard Class,GM-14680,Greg Matthias,Consumer,United States,New York City,New York,10024.0,East,FUR-TA-10003238,Furniture,Tables,"Chromcraft Bull-Nose Wood 48"" x 96"" Rectangular Conference Tables",330.588,1.0,0.4,-115.7058,ERP,Rejected,
2230.0,CA-2014-128055,3/31/2014,4/5/2014,Standard Class,AA-10315,Alex Avila,Consumer,United States,San Francisco,California,94122.0,West,OFF-BI-10004390,Office Supplies,Binders,GBC DocuBind 200 Manual Binding Machine,673.568,2.0,0.2,252.588,CRM,,Check later
2231.0,CA-2014-128055,3/31/2014,4/5/2014,Standard Class,AA-10315,Alex Avila,Consumer,United States,San Francisco,California,94122.0,West,OFF-AP-10002765,Office Supplies,Appliances,Fellowes Advanced Computer Series Surge Protectors,52.98,2.0,0.0,14.8344,ERP,Pending,Urgent
2232.0,CA-2017-157091,6/26/2017,7/1/2017,Standard Class,DB-13405,Denny Blanton,Consumer,United States,La Porte,Indiana,46350.0,Central,FUR-FU-10000293,Furniture,Furnishings,Eldon Antistatic Chair Mats for Low to Medium Pile Carpets,526.45,5.0,0.0,31.587,CRM,Pending,
2233.0,CA-2017-132122,7/9/2017,7/14/2017,Standard Class,JH-15820,John Huston,Consumer,United States,Chicago,Illinois,60610.0,Central,OFF-ST-10003692,Office Supplies,Storage,Recycled Steel Personal File for Hanging File Folders,228.92,5.0,0.2,14.3075,CRM,Approved,Check later
2234.0,CA-2015-123232,12/14/2015,12/16/2015,Second Class,DJ-13630,Doug Jacobs,Consumer,United States,Portland,Oregon,97206.0,West,TEC-PH-10001051,Technology,Phones,HTC One,319.968,4.0,0.2,35.9964,ERP,Rejected,Check later
2235.0,CA-2017-104066,12/5/2017,12/10/2017,Standard Class,QJ-19255,Quincy Jones,Corporate,United States,Burlington,Vermont,5408.0,East,TEC-AC-10001013,Technology,Accessories,Logitech ClearChat Comfort/USB Headset H390,205.03,7.0,0.0,67.6599,Manual Upload,Pending,
2236.0,CA-2015-145849,9/15/2015,9/17/2015,Second Class,CT-11995,Carol Triggs,Consumer,United States,Indianapolis,Indiana,46203.0,Central,OFF-ST-10000025,Office Supplies,Storage,Fellowes Stor/Drawer Steel Plus Storage Drawers,190.86,2.0,0.0,11.4516,Manual Upload,Pending,
2237.0,CA-2015-145849,9/15/2015,9/17/2015,Second Class,CT-11995,Carol Triggs,Consumer,United States,Indianapolis,Indiana,46203.0,Central,OFF-AR-10000817,Office Supplies,Art,Manco Dry-Lighter Erasable Highlighter,24.32,8.0,0.0,8.2688,CRM,Rejected,
2238.0,CA-2016-122322,7/15/2016,7/21/2016,Standard Class,RH-19510,Rick Huthwaite,Home Office,United States,Provo,Utah,84604.0,West,OFF-SU-10000952,Office Supplies,Supplies,Fiskars Home & Office Scissors,44.4,5.0,0.0,12.432,Manual Upload,Approved,Check later
2239.0,CA-2017-166849,4/20/2017,4/26/2017,Standard Class,SJ-20125,Sanjit Jacobs,Home Office,United States,Chicago,Illinois,60610.0,Central,FUR-FU-10004597,Furniture,Furnishings,Eldon Cleatmat Chair Mats for Medium Pile Carpets,44.4,2.0,0.6,-52.17,ERP,,
2240.0,CA-2016-146633,11/15/2016,11/17/2016,Second Class,TG-21310,Toby Gnade,Consumer,United States,Los Angeles,California,90049.0,West,OFF-BI-10003527,Office Supplies,Binders,Fellowes PB500 Electric Punch Plastic Comb Binding Machine with Manual Bind,1016.792,1.0,0.2,381.297,ERP,Rejected,
2241.0,CA-2016-146633,11/15/2016,11/17/2016,Second Class,TG-21310,Toby Gnade,Consumer,United States,Los Angeles,California,90049.0,West,OFF-BI-10002982,Office Supplies,Binders,Avery Self-Adhesive Photo Pockets for Polaroid Photos,38.136,7.0,0.2,13.3476,ERP,Approved,Duplicate?
2242.0,US-2016-126893,11/26/2016,12/1/2016,Standard Class,CT-11995,Carol Triggs,Consumer,United States,Philadelphia,Pennsylvania,19134.0,East,TEC-PH-10004165,Technology,Phones,Mitel MiVoice 5330e IP Phone,494.982,3.0,0.4,-115.4958,ERP,Rejected,Duplicate?
2243.0,CA-2017-103380,11/21/2017,11/25/2017,Standard Class,BF-11005,Barry Franz,Home Office,United States,Pasadena,California,91104.0,West,OFF-ST-10003442,Office Supplies,Storage,Eldon Portable Mobile Manager,56.56,2.0,0.0,15.2712,Manual Upload,Pending,Duplicate?
2244.0,CA-2017-103380,11/21/2017,11/25/2017,Standard Class,BF-11005,Barry Franz,Home Office,United States,Pasadena,California,91104.0,West,OFF-AR-10003856,Office Supplies,Art,Newell 344,5.56,2.0,0.0,1.4456,CRM,Approved,Check later
2245.0,CA-2017-103380,11/21/2017,11/25/2017,Standard Class,BF-11005,Barry Franz,Home Office,United States,Pasadena,California,91104.0,West,OFF-FA-10004248,Office Supplies,Fasteners,Advantus T-Pin Paper Clips,9.02,2.0,0.0,3.5178,Legacy,Pending,Urgent
2246.0,CA-2017-103380,11/21/2017,11/25/2017,Standard Class,BF-11005,Barry Franz,Home Office,United States,Pasadena,California,91104.0,West,OFF-AP-10001492,Office Supplies,Appliances,"Acco Six-Outlet Power Strip, 4' Cord Length",8.62,1.0,0.0,2.2412,CRM,Pending,
2247.0,CA-2017-103380,11/21/2017,11/25/2017,Standard Class,BF-11005,Barry Franz,Home Office,United States,Pasadena,California,91104.0,West,TEC-PH-10004165,Technology,Phones,Mitel MiVoice 5330e IP Phone,659.976,3.0,0.2,49.4982,ERP,,Urgent
2248.0,CA-2015-116092,2/15/2015,2/18/2015,Second Class,JM-16195,Justin MacKendrick,Consumer,United States,Los Angeles,California,90004.0,West,OFF-PA-10004285,Office Supplies,Paper,Xerox 1959,13.36,2.0,0.0,6.4128,Legacy,Approved,
2249.0,CA-2015-116092,2/15/2015,2/18/2015,Second Class,JM-16195,Justin MacKendrick,Consumer,United States,Los Angeles,California,90004.0,West,OFF-BI-10001628,Office Supplies,Binders,"Acco Data Flex Cable Posts For Top & Bottom Load Binders, 6"" Capacity",41.72,5.0,0.2,13.0375,CRM,Rejected,Check later
2250.0,CA-2015-116092,2/15/2015,2/18/2015,Second Class,JM-16195,Justin MacKendrick,Consumer,United States,Los Angeles,California,90004.0,West,OFF-BI-10000546,Office Supplies,Binders,Avery Durable Binders,11.52,5.0,0.2,4.176,CRM,Pending,Check later
2251.0,CA-2015-116092,2/15/2015,2015-02-18,Second Class,JM-16195,Justin MacKendrick,Consumer,United States,Los Angeles,California,90004.0,West,OFF-AP-10001391,Office Supplies,Appliances,Kensington 6 Outlet MasterPiece HOMEOFFICE Power Control Center,541.44,6.0,0.0,157.0176,ERP,Pending,Urgent
2252.0,CA-2015-116092,2/15/2015,2/18/2015,Second Class,JM-16195,Justin MacKendrick,Consumer,United States,Los Angeles,California,90004.0,West,OFF-PA-10000477,Office Supplies,Paper,Xerox 22,19.44,3.0,0.0,9.3312,ERP,Pending,Check later
2253.0,CA-2016-117849,4/15/2016,4/17/2016,Second Class,JK-16120,Julie Kriz,Home Office,United States,San Diego,California,92105.0,West,OFF-PA-10004327,Office Supplies,Paper,Xerox 1911,143.7,3.0,0.0,68.976,ERP,Approved,Check later
2254.0,CA-2015-169201,9/28/2015,10/1/2015,First Class,HG-14965,Henry Goldwyn,Corporate,United States,San Francisco,California,94110.0,West,OFF-AP-10000696,Office Supplies,Appliances,Holmes Odor Grabber,43.26,3.0,0.0,14.2758,Manual Upload,,
2255.0,CA-2015-169201,9/28/2015,10/1/2015,First Class,HG-14965,Henry Goldwyn,Corporate,United States,San Francisco,California,94110.0,West,OFF-AP-10002082,Office Supplies,Appliances,Holmes HEPA Air Purifier,43.56,2.0,0.0,15.246,CRM,Approved,Check later
2256.0,CA-2016-164091,9/17/2016,9/22/2016,Standard Class,LA-16780,Laura Armstrong,Corporate,United States,Bangor,Maine,4401.0,East,TEC-PH-10001944,Technology,Phones,Wi-Ex zBoost YX540 Cellular Phone Signal Booster,437.85,3.0,0.0,131.355,CRM,,Check later
2257.0,CA-2016-164091,9/17/2016,9/22/2016,Standard Class,LA-16780,Laura Armstrong,Corporate,United States,Bangor,Maine,4401.0,East,FUR-FU-10004952,Furniture,Furnishings,"C-Line Cubicle Keepers Polyproplyene Holder w/Velcro Back, 8-1/2x11, 25/Bx",109.48,2.0,0.0,33.9388,Manual Upload,Rejected,Check later
2258.0,CA-2017-105214,6/16/2017,6/19/2017,First Class,TS-21610,Troy Staebel,Consumer,United States,San Francisco,California,94122.0,West,FUR-CH-10000015,Furniture,Chairs,Hon Multipurpose Stacking Arm Chairs,1212.96,7.0,0.2,90.972,ERP,Rejected,Check later
2259.0,CA-2017-105214,6/16/2017,6/19/2017,First Class,TS-21610,Troy Staebel,Consumer,United States,San Francisco,California,94122.0,West,OFF-PA-10001776,Office Supplies,Paper,"Wirebound Message Books, Four 2 3/4"" x 5"" Forms per Page, 600 Sets per Book",18.54,2.0,0.0,8.7138,Manual Upload,Approved,Urgent
2260.0,CA-2015-117611,11/8/2015,11/10/2015,Second Class,MZ-17335,Maria Zettner,Home Office,United States,San Diego,California,92024.0,West,OFF-FA-10002280,Office Supplies,Fasteners,Advantus Plastic Paper Clips,5.0,1.0,0.0,2.4,Manual Upload,Pending,
2261.0,CA-2015-117611,11/8/2015,11/10/2015,Second Class,MZ-17335,Maria Zettner,Home Office,United States,San Diego,California,92024.0,West,TEC-AC-10002049,Technology,Accessories,Logitech G19 Programmable Gaming Keyboard,371.97,3.0,0.0,66.9546,Manual Upload,Approved,Check later
2262.0,US-2015-137960,12/18/2015,12/18/2015,Same Day,MW-18220,Mitch Webber,Consumer,United States,New York City,New York,10035.0,East,TEC-AC-10002253,Technology,Accessories,Imation Bio 8GB USB Flash Drive Imation Corp,166.24,1.0,0.0,24.936,Legacy,Pending,
2263.0,CA-2017-122994,2/6/2017,2/9/2017,First Class,MV-17485,Mark Van Huff,Consumer,United States,Arlington,Virginia,22204.0,South,FUR-BO-10004015,Furniture,Bookcases,"Bush Andora Bookcase, Maple/Graphite Gray Finish",359.97,3.0,0.0,79.1934,Manual Upload,,
2264.0,CA-2016-131065,11/14/2016,11/16/2016,Second Class,AA-10375,Allen Armold,Consumer,United States,Atlanta,Georgia,30318.0,South,TEC-AC-10004145,Technology,Accessories,Logitech diNovo Edge Keyboard,499.98,2.0,0.0,114.9954,Legacy,Rejected,Urgent
2265.0,CA-2016-131065,11/14/2016,11/16/2016,Second Class,AA-10375,Allen Armold,Consumer,United States,Atlanta,Georgia,30318.0,South,OFF-PA-10002479,Office Supplies,Paper,Xerox 4200 Series MultiUse Premium Copy Paper (20Lb. and 84 Bright),5.28,1.0,0.0,2.376,ERP,Pending,Duplicate?
2266.0,CA-2016-131065,11/14/2016,11/16/2016,Second Class,AA-10375,Allen Armold,Consumer,United States,Atlanta,Georgia,30318.0,South,OFF-BI-10004970,Office Supplies,Binders,"ACCOHIDE 3-Ring Binder, Blue, 1""",8.26,2.0,0.0,-9999.0,CRM,Rejected,Check later
2267.0,CA-2017-149146,10/12/2017,10/12/2017,Same Day,SM-20320,Sean Miller,Home Office,United States,Monroe,North Carolina,28110.0,South,OFF-PA-10003919,Office Supplies,Paper,Xerox 1989,7.968,2.0,0.2,2.6892,Manual Upload,Approved,
2268.0,CA-2017-137470,9/17/2017,9/17/2017,Same Day,TP-21415,Tom Prescott,Consumer,United States,Seattle,Washington,98115.0,West,OFF-PA-10002001,Office Supplies,Paper,Xerox 1984,12.96,2.0,1.5,6.3504,ERP,Approved,Check later
2269.0,CA-2017-105480,12/20/2017,12/26/2017,Standard Class,DK-13225,Dean Katz,Corporate,United States,Rochester,New York,14609.0,East,OFF-PA-10002787,Office Supplies,Paper,Xerox 227,6.48,1.0,0.0,3.1104,CRM,Rejected,Duplicate?
2270.0,CA-2017-105480,12/20/2017,12/26/2017,Standard Class,DK-13225,Dean Katz,Corporate,United States,Rochester,New York,14609.0,East,OFF-BI-10003291,Office Supplies,Binders,Wilson Jones Leather-Like Binders with DublLock Round Rings,6.984,1.0,0.2,2.3571,Manual Upload,Rejected,
2271.0,CA-2017-164917,12/2/2017,12/7/2017,Standard Class,MK-17905,Michael Kennedy,Corporate,United States,Miami,Florida,33180.0,South,OFF-AR-10004344,Office Supplies,Art,Bulldog Vacuum Base Pencil Sharpener,47.96,5.0,0.2,4.1965,Legacy,Rejected,Duplicate?
2272.0,CA-2015-102036,9/21/2015,9/27/2015,Standard Class,CS-12130,Chad Sievert,Consumer,United States,Seattle,Washington,98105.0,West,OFF-ST-10003123,Office Supplies,Storage,Fellowes Bases and Tops For Staxonsteel/High-Stak Systems,199.74,6.0,0.0,47.9376,ERP,Approved,Duplicate?
2273.0,CA-2015-142944,3/6/2015,3/11/2015,Standard Class,JL-15850,John Lucas,Consumer,United States,San Francisco,California,94122.0,West,FUR-FU-10000308,Furniture,Furnishings,Deflect-o Glass Clear Studded Chair Mats,435.26,7.0,0.0,95.7572,Manual Upload,Approved,Check later
2274.0,CA-2015-142944,3/6/2015,3/11/2015,Standard Class,JL-15850,John Lucas,Consumer,United States,San Francisco,California,94122.0,West,TEC-CO-10003763,Technology,Copiers,Canon PC1060 Personal Laser Copier,1119.984,-1.0,0.2,377.9946,Manual Upload,Rejected,Duplicate?
2275.0,CA-2014-157882,10/3/2014,10/8/2014,Second Class,AR-10405,Allen Rosenblatt,Corporate,United States,Los Angeles,California,90036.0,West,FUR-TA-10001866,Furniture,Tables,Bevis Round Conference Room Tables and Bases,143.432,1.0,0.2,3.5858,ERP,Pending,Duplicate?
2276.0,CA-2014-157882,10/3/2014,10/8/2014,Second Class,AR-10405,Allen Rosenblatt,Corporate,United States,Los Angeles,California,90036.0,West,FUR-CH-10002774,Furniture,Chairs,"Global Deluxe Stacking Chair, Gray",122.352,3.0,0.2,13.7646,Legacy,Rejected,
2277.0,CA-2014-104283,6/27/2014,7/1/2014,Standard Class,LM-17065,Liz MacKendrick,Consumer,United States,Southaven,Mississippi,38671.0,South,OFF-ST-10004337,Office Supplies,Storage,"SAFCO Commercial Wire Shelving, 72h",306.2,5.0,0.0,0.0,Legacy,Rejected,Duplicate?
2278.0,CA-2014-104283,6/27/2014,7/1/2014,Standard Class,LM-17065,Liz MacKendrick,Consumer,United States,Southaven,Mississippi,38671.0,South,FUR-TA-10001039,Furn,Tables,KI Adjustable-Height Table,85.98,1.0,0.0,22.3548,Manual Upload,Approved,Urgent
2279.0,CA-2014-104283,6/27/2014,7/1/2014,Standard Class,LM-17065,Liz MacKendrick,Consumer,United States,Southaven,Mississippi,38671.0,South,TEC-AC-10000109,Technology,Accessories,Sony Micro Vault Click 16 GB USB 2.0 Flash Drive,223.96,4.0,0.0,53.7504,Manual Upload,Pending,Check later
2280.0,CA-2017-142622,10/30/2017,11/2/2017,First Class,JK-15625,Jim Karlsson,Consumer,United States,Seattle,Washington,98115.0,West,FUR-CH-10003833,Furniture,Chairs,Novimex Fabric Task Chair,97.568,2.0,0.2,-6.098,Manual Upload,Approved,Urgent
2281.0,CA-2017-142622,10/30/2017,11/2/2017,First Class,JK-15625,Jim Karlsson,Consumer,United States,Seattle,Washington,98115.0,West,FUR-CH-10004289,Furniture,Chairs,Global Super Steno Chair,614.272,8.0,0.2,-23.0352,CRM,,
2282.0,CA-2017-142622,10/30/2017,11/2/2017,First Class,JK-15625,Jim Karlsson,Consumer,United States,Seattle,Washington,98115.0,West,FUR-BO-10004467,Furniture,Bookcases,Bestar Classic Bookcase,199.98,2.0,0.0,37.9962,ERP,Rejected,
2283.0,CA-2016-132143,9/3/2016,9/5/2016,First Class,FM-14215,Filia McAdams,Corporate,United States,Middletown,Connecticut,6457.0,East,OFF-PA-10002713,Office Supplies,Paper,"Adams Phone Message Book, 200 Message Capacity, 8 1/16 x 11",48.16,7.0,0.0,22.1536,Legacy,Pending,Urgent
2284.0,CA-2015-153108,3/5/2015,3/9/2015,Standard Class,SF-20200,Sarah Foster,Consumer,United States,New Castle,Indiana,47362.0,Central,TEC-PH-10001552,Technology,Phones,I Need's 3d Hello Kitty Hybrid Silicone Case Cover for HTC One X 4g with 3d Hello Kitty Stylus Pen Green/pink,23.92,2.0,0.0,6.6976,Legacy,,
2285.0,CA-2015-153108,3/5/2015,3/9/2015,Standard Class,SF-20200,Sarah Foster,Consumer,United States,New Castle,Indiana,47362.0,Central,OFF-AP-10002222,Office Supplies,Appliances,Staple holder,60.69,7.0,0.0,16.3863,ERP,Pending,
2286.0,CA-2016-112676,5/5/2016,5/8/2016,First Class,PJ-18835,Patrick Jones,Corporate,United States,Murfreesboro,Tennessee,37130.0,South,OFF-PA-10003971,Office Supplies,Paper,Xerox 1965,14.352,3.0,0.2,5.2026,CRM,Pending,Check later
2287.0,CA-2017-165687,11/17/2017,11/23/2017,Standard Class,CS-12355,Christine Sundaresam,Consumer,United States,Salem,Virginia,24153.0,South,OFF-AP-10004036,Office Supplies,Appliances,Bionaire 99.97% HEPA Air Cleaner,35.04,2.0,0.0,12.264,CRM,,Urgent
2288.0,US-2017-112928,6/1/2017,6/5/2017,Second Class,BB-10990,Barry Blumstein,Corporate,United States,Toledo,Ohio,43615.0,East,OFF-AP-10002287,Office Supplies,Appliances,"Eureka Sanitaire  Multi-Pro Heavy-Duty Upright, Disposable Bags",17.48,5.0,0.2,1.311,Legacy,Approved,Urgent
2289.0,CA-2017-143343,6/10/2017,6/13/2017,First Class,BW-11200,Ben Wallace,Consumer,United States,Los Angeles,California,90032.0,West,OFF-AR-10002375,Office Supplies,Art,Newell 351,16.4,5.0,0.0,4.756,CRM,Rejected,Check later
2290.0,CA-2017-115154,1/8/2017,1/11/2017,First Class,RS-19420,Ricardo Sperren,Corporate,United States,Seattle,Washington,98115.0,West,FUR-TA-10001950,Furniture,Tables,Balt Solid Wood Round Tables,892.98,2.0,0.0,80.3682,Manual Upload,Approved,Urgent
2291.0,CA-2015-149342,4/20/2015,4/25/2015,Standard Class,TS-21160,Theresa Swint,Corporate,United States,Columbus,Georgia,31907.0,South,TEC-PH-10001557,Technology,Phones,Pyle PMP37LED,287.97,3.0,0.0,77.7519,CRM,Approved,
2292.0,CA-2015-149342,4/20/2015,4/25/2015,Standard Class,TS-21160,Theresa Swint,Corporate,United States,Columbus,Georgia,31907.0,South,FUR-FU-10002937,Furniture,Furnishings,"GE 48"" Fluorescent Tube, Cool White Energy Saver, 34 Watts, 30/Box",595.38,6.0,0.0,297.69,Legacy,Approved,Urgent
2293.0,CA-2015-149342,4/20/2015,4/25/2015,Standard Class,TS-21160,Theresa Swint,Corporate,United States,Columbus,Georgia,31907.0,South,OFF-PA-10001166,Office Supplies,Paper,Xerox 2,12.96,2.0,0.0,6.2208,Legacy,Approved,
2294.0,CA-2015-130995,11/1/2015,11/6/2015,Standard Class,QJ-19255,Quincy Jones,Corporate,United States,New York City,New York,10009.0,East,TEC-PH-10000347,Technology,Phones,Cush Cases Heavy Duty Rugged Cover Case for Samsung Galaxy S5 - Purple,4.95,0.0,0.0,1.3365,CRM,,
2295.0,CA-2017-127929,12/23/2017,12/27/2017,Standard Class,FM-14215,Filia McAdams,Corporate,United States,Middletown,Connecticut,6457.0,East,FUR-FU-10003708,Furniture,Furnishings,"Tenex Traditional Chairmats for Medium Pile Carpet, Standard Lip, 36"" x 48""",181.95,3.0,0.0,38.2095,ERP,Rejected,Check later
2296.0,CA-2015-113145,11/1/2015,11/5/2015,Standard Class,VD-21670,Valerie Dominguez,Consumer,United States,New York City,New York,10011.0,East,OFF-PA-10002659,Office Supplies,Paper,Avoid Verbal Orders Carbonless Minifold Book,13.52,4.0,0.0,6.2192,Legacy,Approved,Urgent
2297.0,CA-2015-113145,11/1/2015,11/5/2015,Standard Class,VD-21670,Valerie Dominguez,Consumer,United States,New York City,New York,10011.0,East,FUR-FU-10000965,Furniture,Furnishings,"Howard Miller 11-1/2"" Diameter Ridgewood Wall Clock",259.7,5.0,0.0,106.477,ERP,,Check later
2298.0,CA-2015-113145,11/1/2015,11/5/2015,Standard Class,VD-21670,Valerie Dominguez,Consumer,United States,New York City,New York,10011.0,East,TEC-PH-10001527,Technology,Phones,Plantronics MX500i Earset,42.95,1.0,0.0,1.2885,Manual Upload,,Urgent
2299.0,CA-2015-113145,11/1/2015,11/5/2015,Standard Class,VD-21670,Valerie Dominguez,Consumer,United States,New York City,New York,10011.0,East,TEC-AC-10001838,Technology,Accessories,Razer Tiamat Over Ear 7.1 Surround Sound PC Gaming Headset,1399.93,7.0,0.0,601.9699,CRM,Rejected,
2300.0,CA-2015-113145,11/1/2015,11/5/2015,Standard Class,VD-21670,Valerie Dominguez,Consumer,United States,New York City,New York,10011.0,East,TEC-PH-10002597,Technology,Phones,Xblue XB-1670-86 X16 Small Office Telephone - Titanium,503.96,4.0,0.0,125.99,CRM,,Duplicate?
2301.0,CA-2014-162362,11/14/2014,11/18/2014,Standard Class,JL-15505,Jeremy Lonsdale,Consumer,United States,Midland,Michigan,48640.0,Central,OFF-BI-10000756,Office Supplies,Binders,Storex DuraTech Recycled Plastic Frosted Binders,12.72,3.0,0.0,6.36,ERP,,
2302.0,CA-2014-162362,11/14/2014,11/18/2014,Standard Class,JL-15505,Jeremy Lonsdale,Consumer,United States,Midland,Michigan,48640.0,Central,OFF-BI-10000546,Office Supplies,Binders,Avery Durable Binders,11.52,4.0,0.0,5.6448,CRM,Approved,
2303.0,CA-2016-106558,1/17/2016,1/21/2016,Standard Class,DL-13495,Dionis Lloyd,Corporate,United States,Columbus,Georgia,31907.0,South,TEC-AC-10001142,Technology,Accessories,First Data FD10 PIN Pad,316.0,4.0,0.0,31.6,CRM,Rejected,
2304.0,CA-2017-157931,9/17/2017,9/22/2017,Second Class,MO-17800,Meg O'Connel,Home Office,United States,Roswell,Georgia,30076.0,South,FUR-CH-10000785,Furniture,Chairs,Global Ergonomic Managers Chair,723.92,4.0,0.0,188.2192,Legacy,Approved,
2305.0,CA-2017-157931,9/17/2017,9/22/2017,Second Class,MO-17800,Meg O'Connel,Home Office,United States,Roswell,Georgia,30076.0,South,OFF-PA-10000474,Office Supplies,Paper,Easy-staple paper,106.32,3.0,0.0,49.9704,Manual Upload,Rejected,
2306.0,CA-2016-115574,12/23/2016,12/24/2016,First Class,BP-11185,Ben Peterman,Corporate,United States,Chicago,Illinois,60623.0,central,FUR-BO-10003441,Furniture,Bookcases,"Bush Westfield Collection Bookcases, Fully Assembled",141.372,2.0,0.3,-14.1372,Manual Upload,Pending,Check later
2307.0,CA-2015-160794,8/6/2015,8/8/2015,First Class,MS-17980,Michael Stewart,Corporate,United States,Houston,Texas,77041.0,Central,OFF-PA-10004156,Office Supplies,Paper,Xerox 188,27.216,3.0,0.2,9.8658,Manual Upload,Rejected,Check later
2308.0,CA-2017-116225,11/5/2017,11/9/2017,Standard Class,SV-20935,Susan Vittorini,Consumer,United States,New York City,New York,10009.0,East,TEC-AC-10001432,Technology,Accessories,Enermax Aurora Lite Keyboard,390.75,5.0,0.0,171.93,ERP,Pending,Check later
2309.0,US-2017-120418,6/11/2017,6/12/2017,First Class,BC-11125,Becky Castell,Home Office,United States,Peoria,Arizona,85345.0,West,FUR-CH-10001394,Furniture,Chairs,Global Leather Executive Chair,280.792,1.0,0.2,35.099,Manual Upload,Approved,
2310.0,US-2017-120418,6/11/2017,6/12/2017,First Class,BC-11125,Becky Castell,Home Office,United States,Peoria,Arizona,85345.0,West,OFF-ST-10002370,Office Supplies,Storage,"Sortfiler Multipurpose Personal File Organizer, Black",68.448,4.0,0.2,7.7004,Manual Upload,Rejected,Urgent
2311.0,US-2017-120418,6/11/2017,6/12/2017,First Class,BC-11125,Becky Castell,Home Office,United States,Peoria,Arizona,85345.0,West,OFF-AR-10002956,Office Supplies,Art,Boston 16801 Nautilus Battery Pencil Sharpener,88.04,5.0,0.2,6.603,Manual Upload,Rejected,Urgent
2312.0,US-2017-120418,6/11/2017,6/12/2017,First Class,BC-11125,Becky Castell,Home Office,United States,Peoria,Arizona,85345.0,West,OFF-AR-10001955,Office Supplies,Art,Newell 319,15.872,1.0,0.2,1.984,Manual Upload,,
2313.0,US-2017-120418,6/11/2017,6/12/2017,First Class,BC-11125,Becky Castell,Home Office,United States,Peoria,Arizona,85345.0,West,OFF-ST-10001809,Office Supplies,Storage,Fellowes Officeware Wire Shelving,215.592,3.0,0.2,-48.5082,CRM,Rejected,
2314.0,CA-2017-122035,7/20/2017,7/25/2017,Standard Class,EM-13825,Elizabeth Moffitt,Corporate,United States,Sioux Falls,South Dakota,57103.0,Central,OFF-LA-10004093,Office Supplies,Labels,Avery 486,14.62,2.0,0.0,6.8714,ERP,Rejected,Urgent
2315.0,CA-2017-122035,7/20/2017,7/25/2017,Standard Class,EM-13825,Elizabeth Moffitt,Corporate,United States,Sioux Falls,South Dakota,57103.0,Central,OFF-AP-10002118,Office Supplies,Appliances,"1.7 Cubic Foot Compact ""Cube"" Office Refrigerators",416.32,2.0,0.0,112.4064,Manual Upload,Rejected,Check later
2316.0,CA-2017-122035,7/20/2017,7/25/2017,Standard Class,EM-13825,Elizabeth Moffitt,Corporate,United States,Sioux Falls,South Dakota,57103.0,Central,OFF-BI-10000404,Office Supplies,Binders,Avery Printable Repositionable Plastic Tabs,43.0,5.0,0.0,20.21,ERP,Pending,
2317.0,CA-2017-122035,7/20/2017,7/25/2017,Standard Class,EM-13825,Elizabeth Moffitt,Corporate,United States,Sioux Falls,South Dakota,57103.0,Central,FUR-CH-10003833,Furniture,Chairs,Novimex Fabric Task Chair,182.94,3.0,0.0,27.441,ERP,Pending,Check later
2318.0,CA-2017-122035,7/20/2017,7/25/2017,Standard Class,EM-13825,Elizabeth Moffitt,Corporate,United States,Sioux Falls,South Dakota,57103.0,Central,OFF-BI-10002072,Office Supplies,Binders,Cardinal Slant-D Ring Binders,60.83,7.0,0.0,30.415,Legacy,Rejected,Check later
2319.0,CA-2017-122035,7/20/2017,7/25/2017,Standard Class,EM-13825,Elizabeth Moffitt,Corporate,United States,Sioux Falls,South Dakota,57103.0,Central,TEC-AC-10003095,Technology,Accessories,Logitech G35 7.1-Channel Surround Sound Headset,389.97,3.0,0.0,132.5898,Legacy,,Duplicate?
2320.0,CA-2015-117828,12/23/2015,12/26/2015,First Class,BD-11500,Bradley Drucker,Consumer,United States,Richmond,Virginia,23223.0,South,OFF-AP-10001563,Office Supplies,Appliances,Belkin Premiere Surge Master II 8-outlet surge protector,194.32,4.0,0.0,56.3528,ERP,,Check later
2321.0,CA-2017-165491,3/20/2017,3/24/2017,Standard Class,HW-14935,Helen Wasserman,Corporate,United States,Seattle,Washington,98115.0,West,TEC-AC-10000358,Technology,Accessories,Imation Secure Drive + Hardware Encrypted USB flash drive - 16 GB,265.93,7.0,0.0,63.8232,CRM,Pending,Duplicate?
2322.0,CA-2015-109470,12/31/2015,1/3/2016,Second Class,KC-16255,Karen Carlisle,Corporate,United States,Henderson,Kentucky,42420.0,South,OFF-BI-10004492,Office Supplies,Binders,Tuf-Vin Binders,94.74,3.0,0.0,44.5278,Manual Upload,,Check later
2323.0,CA-2015-109470,12/31/2015,1/3/2016,Second Class,KC-16255,Karen Carlisle,Corporate,United States,Henderson,Kentucky,42420.0,South,OFF-BI-10001072,Office Supplies,Binders,"GBC Clear Cover, 8-1/2 x 11, unpunched, 25 covers per pack",60.64,4.0,0.0,27.8944,CRM,,Duplicate?
2324.0,CA-2015-109470,12/31/2015,1/3/2016,Second Class,KC-16255,Karen Carlisle,Corporate,United States,Henderson,Kentucky,42420.0,South,OFF-BI-10003707,Office Supplies,Binders,Aluminum Screw Posts,76.3,5.0,0.0,38.15,ERP,Rejected,Check later
2325.0,CA-2015-109470,12/31/2015,1/3/2016,Second Class,KC-16255,Karen Carlisle,Corporate,United States,Henderson,Kentucky,42420.0,South,OFF-BI-10000977,Office Supplies,Binders,Ibico Plastic Spiral Binding Combs,364.8,12.0,0.0,167.808,CRM,Approved,
2326.0,CA-2015-105102,9/15/2015,9/19/2015,Second Class,BM-11575,Brendan Murry,Corporate,United States,New York City,New York,10035.0,East,OFF-BI-10002082,Office Supplies,Binders,GBC Twin Loop Wire Binding Elements,79.872,3.0,0.2,29.952,ERP,Approved,Urgent
2327.0,CA-2015-105102,9/15/2015,9/19/2015,Second Class,BM-11575,Brendan Murry,Corporate,United States,New York City,New York,10035.0,East,FUR-BO-10004709,Furniture,Bookcases,"Bush Westfield Collection Bookcases, Medium Cherry Finish",46.384,1.0,0.2,1.1596,Legacy,Pending,
2328.0,CA-2015-105102,9/15/2015,9/19/2015,Second Class,BM-11575,Brendan Murry,Corporate,United States,New York City,New York,10035.0,East,OFF-PA-10002365,Office Supplies,Paper,Xerox 1967,12.96,2.0,0.0,6.2208,Manual Upload,Rejected,
2329.0,CA-2017-138422,9/23/2017,9/26/2017,First Class,KN-16705,Kristina Nunn,Home Office,United States,Fort Collins,Colorado,80525.0,West,OFF-EN-10004147,Office Supplies,Envelopes,Wausau Papers Astrobrights Colored Envelopes,14.352,3.0,0.2,5.2026,ERP,Approved,Urgent
2330.0,US-2015-147739,12/25/2015,12/29/2015,Standard Class,JD-16150,Justin Deggeller,Corporate,United States,Philadelphia,Pennsylvania,19140.0,East,FUR-FU-10001468,Furniture,Furnishings,Tenex Antistatic Computer Chair Mats,547.136,4.0,0.2,-68.392,ERP,Rejected,
2331.0,CA-2016-155187,9/24/2016,9/26/2016,Second Class,LA-16780,Laura Armstrong,Corporate,United States,Los Angeles,California,90004.0,West,OFF-ST-10000642,Office Supplies,Storage,"Tennsco Lockers, Gray",41.96,2.0,0.0,2.9372,Legacy,Pending,
2332.0,CA-2016-155187,9/24/2016,9/26/2016,Second Class,LA-16780,Laura Armstrong,Corporate,United States,Los Angeles,California,90004.0,West,OFF-PA-10000380,Office Supplies,Paper,"REDIFORM Incoming/Outgoing Call Register, 11"" X 8 1/2"", 100 Messages",41.7,5.0,0.0,20.85,CRM,Rejected,Urgent
2333.0,CA-2017-169285,3/21/2017,3/25/2017,Standard Class,RW-19690,Robert Waldorf,Consumer,United States,Lafayette,Indiana,47905.0,Central,OFF-PA-10004071,Office Supplies,Paper,"Eaton Premium Continuous-Feed Paper, 25% Cotton, Letter Size, White, 1000 Shts/Box",277.4,5.0,0.0,133.152,CRM,Rejected,Check later
2334.0,CA-2017-169285,3/21/2017,3/25/2017,Standard Class,RW-19690,Robert Waldorf,Consumer,United States,Lafayette,Indiana,47905.0,Central,OFF-PA-10004971,Office Supplies,Paper,Xerox 196,5.78,1.0,0.0,2.8322,ERP,Pending,
2335.0,CA-2014-140886,9/30/2014,10/4/2014,Standard Class,KW-16570,Kelly Williams,Consumer,United States,Clarksville,Tennessee,37042.0,South,OFF-AP-10000696,Office Supplies,Appliances,Holmes Odor Grabber,69.216,6.0,0.2,11.2476,Manual Upload,Rejected,Check later
2336.0,CA-2017-152695,12/10/2017,12/10/2017,Same Day,CC-12220,Chris Cortes,Consumer,United States,Fairfield,Connecticut,6824.0,East,OFF-EN-10004030,Office Supplies,Envelopes,Convenience Packs of Business Envelopes,10.86,3.0,0.0,5.1042,Manual Upload,Approved,Urgent
2337.0,CA-2017-152695,12/10/2017,12/10/2017,Same Day,CC-12220,Chris Cortes,Consumer,United States,Fairfield,Connecticut,6824.0,East,OFF-AP-10000026,Office Supplies,Appliances,Tripp Lite Isotel 6 Outlet Surge Protector with Fax/Modem Protection,426.79,7.0,0.0,123.7691,Manual Upload,Pending,Urgent
2338.0,CA-2014-110639,8/23/2014,8/23/2014,Same Day,RH-19495,Rick Hansen,Consumer,United States,New York City,New York,10009.0,East,OFF-PA-10003936,Office Supplies,Paper,Xerox 1994,25.92,4.0,0.0,12.4416,Manual Upload,,
2339.0,CA-2014-110639,8/23/2014,8/23/2014,Same Day,RH-19495,Rick Hansen,Consumer,United States,New York City,New York,10009.0,East,OFF-PA-10004530,Office Supplies,Paper,Personal Creations Ink Jet Cards and Labels,45.92,4.0,0.0,22.5008,Manual Upload,Rejected,Duplicate?
2340.0,CA-2014-121727,8/19/2014,8/24/2014,Standard Class,JK-15625,Jim Karlsson,Consumer,United States,Columbus,Ohio,43229.0,East,OFF-AR-10004930,Office Supplies,Art,Turquoise Lead Holder with Pocket Clip,10.72,2.0,0.2,1.742,Manual Upload,Pending,Duplicate?
2341.0,CA-2016-137736,11/10/2016,11/15/2016,Standard Class,DC-13285,Debra Catini,Consumer,United States,Warner Robins,Georgia,31088.0,South,OFF-AR-10004999,Office Supplies,Art,Newell 315,41.86,7.0,0.0,10.465,Legacy,Approved,Urgent
2342.0,US-2014-143231,12/31/2014,1/3/2015,First Class,GM-14455,Gary Mitchum,Home Office,United States,Franklin,Massachusetts,2038.0,East,FUR-FU-10002501,Furniture,Furnishings,Nu-Dell Executive Frame,63.2,5.0,0.0,23.384,Manual Upload,Pending,Urgent
2343.0,US-2014-143231,12/31/2014,1/3/2015,First Class,GM-14455,Gary Mitchum,Home Office,United States,Franklin,Massachusetts,2038.0,East,TEC-AC-10000358,Technology,Accessories,Imation Secure Drive + Hardware Encrypted USB flash drive - 16 GB,113.97,3.0,0.0,27.3528,Manual Upload,Pending,
2344.0,US-2014-155894,7/26/2014,7/30/2014,Second Class,CL-11890,Carl Ludwig,Consumer,United States,Chicago,Illinois,60623.0,Central,OFF-ST-10004804,Office Supplies,Storage,"Belkin 19"" Vented Equipment Shelf, Black",123.552,3.0,0.2,-29.3436,Manual Upload,,Check later
2345.0,CA-2016-119025,2/22/2016,2/28/2016,Standard Class,PV-18985,Paul Van Hugh,Home Office,United States,Milwaukee,Wisconsin,53209.0,Central,OFF-AP-10001205,Office Supplies,Appliances,Belkin 5 Outlet SurgeMaster Power Centers,490.32,9.0,0.0,137.2896,Legacy,,Duplicate?
2346.0,CA-2016-159373,3/13/2016,3/18/2016,Standard Class,LT-17110,Liz Thompson,Consumer,United States,San Antonio,Texas,78207.0,Central,OFF-PA-10000659,Office Supplies,Paper,"TOPS Carbonless Receipt Book, Four 2-3/4 x 7-1/4 Money Receipts per Page",70.08,5.0,0.2,24.528,Legacy,Rejected,
2347.0,CA-2016-159373,3/13/2016,3/18/2016,Standard Class,LT-17110,Liz Thompson,Consumer,United States,San Antonio,Texas,78207.0,Central,OFF-BI-10004141,Office Supplies,Binders,Insertable Tab Indexes For Data Binders,1.272,2.0,0.8,-2.1624,CRM,Pending,
2348.0,CA-2016-159373,3/13/2016,3/18/2016,Standard Class,LT-17110,Liz Thompson,Consumer,United States,San Antonio,Texas,78207.0,Central,FUR-TA-10004619,Furniture,Tables,Hon Non-Folding Utility Tables,557.585,5.0,0.3,0.0,CRM,Pending,
2349.0,CA-2017-109701,12/2/2017,12/3/2017,Same Day,AM-10360,Alice McCarthy,Corporate,United States,Los Angeles,California,90032.0,West,OFF-BI-10004187,Office Supplies,Binders,3-ring staple pack,9.024,6.0,0.2,3.1584,ERP,Rejected,Urgent
2350.0,CA-2017-109701,12/2/2017,12/3/2017,Same Day,AM-10360,Alice McCarthy,Corporate,United States,Los Angeles,California,90032.0,West,OFF-BI-10000632,Office Supplies,Binders,Satellite Sectional Post Binders,69.456,2.0,0.2,22.5732,Legacy,Approved,Urgent
2351.0,CA-2017-109701,12/2/2017,12/3/2017,Same Day,AM-10360,Alice McCarthy,Corporate,United States,Los Angeles,California,90032.0,West,OFF-PA-10003724,Office Supplies,Paper,"Wirebound Message Book, 4 per Page",10.86,2.0,0.0,5.3214,ERP,,
2352.0,CA-2017-109701,12/2/2017,12/3/2017,Same Day,AM-10360,Alice McCarthy,Corporate,United States,Los Angeles,California,90032.0,West,OFF-AP-10002765,Office Supplies,Appliances,Fellowes Advanced Computer Series Surge Protectors,79.47,3.0,0.0,22.2516,ERP,Rejected,
2353.0,CA-2017-109701,12/2/2017,12/3/2017,Same Day,AM-10360,Alice McCarthy,Corporate,United States,Los Angeles,California,90032.0,West,OFF-AR-10001868,Office Supplies,Art,Prang Dustless Chalk Sticks,10.08,6.0,0.0,5.04,Manual Upload,Pending,
2354.0,CA-2015-111514,8/31/2015,9/2/2015,First Class,SC-20260,Scott Cohen,Corporate,United States,San Francisco,California,94122.0,West,FUR-BO-10002545,Furniture,Bookcases,"Atlantic Metals Mobile 3-Shelf Bookcases, Custom Colors",1552.831,7.0,0.15,200.9546,Legacy,Rejected,
2355.0,CA-2015-111514,8/31/2015,9/2/2015,First Class,SC-20260,Scott Cohen,Corporate,United States,San Francisco,California,94122.0,West,OFF-BI-10002735,Office Supplies,Binders,GBC Prestige Therm-A-Bind Covers,137.24,5.0,0.2,46.3185,Manual Upload,,Duplicate?
2356.0,CA-2015-111514,8/31/2015,9/2/2015,First Class,SC-20260,Scott Cohen,Corporate,United States,San Francisco,California,94122.0,West,TEC-AC-10004864,Technology,Accessories,Memorex Micro Travel Drive 32 GB,36.51,1.0,0.0,15.6993,Manual Upload,Rejected,
2357.0,CA-2015-111514,8/31/2015,9/2/2015,First Class,SC-20260,Scott Cohen,Corporate,United States,San Francisco,california,94122.0,West,TEC-MA-10000597,Technology,Machines,Lexmark S315 Color Inkjet Printer,239.976,3.0,0.2,80.9919,Manual Upload,,
2358.0,US-2014-148838,3/17/2014,3/21/2014,Standard Class,CP-12340,Christine Phan,Corporate,United States,New York City,New York,10024.0,East,FUR-TA-10003473,Furniture,Tables,Bretford Rectangular Conference Table Tops,1579.746,7.0,0.4,-447.5947,ERP,,Check later
2359.0,US-2014-148838,3/17/2014,3/21/2014,Standard Class,CP-12340,Christine Phan,Corporate,United States,New York City,New York,10024.0,East,FUR-TA-10001950,Furniture,Tables,Balt Solid Wood Round Tables,1071.576,4.0,0.4,-553.6476,Legacy,Pending,
2360.0,US-2014-148838,3/17/2014,3/21/2014,Standard Class,CP-12340,Christine Phan,Corporate,United States,New York City,New York,10024.0,East,FUR-TA-10004175,Furniture,Tables,"Hon 30"" x 60"" Table with Locking Drawer",613.908,3.0,0.4,-122.7816,Legacy,,
2361.0,US-2014-148838,3/17/2014,3/21/2014,Standard Class,CP-12340,Christine Phan,Corporate,United States,New York City,New York,10024.0,East,OFF-PA-10002960,Office Supplies,Paper,Xerox 1926,34.86,7.0,0.0,16.3842,Manual Upload,Rejected,
2362.0,US-2014-148838,3/17/2014,3/21/2014,Standard Class,CP-12340,Christine Phan,Corporate,United States,New York City,New York,10024.0,East,OFF-PA-10000919,Office Supplies,Paper,Xerox 1918,155.04,4.0,0.0,75.9696,Legacy,,Urgent
2363.0,CA-2017-136497,4/16/2017,4/20/2017,Standard Class,RF-19840,Roy Französisch,Consumer,United States,Columbus,Ohio,43229.0,East,OFF-BI-10001553,Office Supplies,Binders,SpineVue Locking Slant-D Ring Binders by Cardinal,13.71,5.0,0.7,-10.054,Manual Upload,,Duplicate?
2364.0,US-2016-108637,3/13/2016,3/18/2016,Standard Class,AB-10060,Adam Bellavance,Home Office,United States,Waynesboro,Virginia,22980.0,South,FUR-FU-10004864,Furniture,Furnishings,"Howard Miller 14-1/2"" Diameter Chrome Round Wall Clock",127.88,2.0,0.0,40.9216,Legacy,Rejected,Duplicate?
2365.0,US-2016-108637,3/13/2016,3/18/2016,Standard Class,AB-10060,Adam Bellavance,Home Office,United States,Waynesboro,Virginia,22980.0,South,OFF-AP-10004540,Office Supplies,Appliances,"Eureka The Boss Lite 10-Amp Upright Vacuum, Blue",160.32,2.0,0.0,44.8896,CRM,Pending,
2366.0,US-2016-108637,3/13/2016,3/18/2016,Standard Class,AB-10060,Adam Bellavance,Home Office,United States,Waynesboro,Virginia,22980.0,South,OFF-BI-10004965,Office Supplies,Binders,Ibico Covers for Plastic or Wire Binding Elements,46.0,4.0,0.0,20.7,Legacy,Rejected,Duplicate?
2367.0,CA-2014-102295,11/24/2014,11/26/2014,2nd Class,EH-13990,Erica Hackney,Consumer,United States,Sacramento,California,95823.0,West,FUR-CH-10001714,Furniture,Chairs,"Global Leather & Oak Executive Chair, Burgundy",120.712,1.0,0.2,-18.1068,Legacy,Approved,Urgent
2368.0,CA-2017-123659,2/10/2017,2/13/2017,First Class,MN-17935,Michael Nguyen,Consumer,United States,Clinton,Maryland,20735.0,East,OFF-PA-10002464,Office Supplies,Paper,HP Office Recycled Paper (20Lb. and 87 Bright),23.12,4.0,0.0,11.3288,ERP,Pending,Duplicate?
2369.0,US-2016-129469,9/23/2016,9/27/2016,Standard Class,KL-16555,Kelly Lampkin,Corporate,United States,Fairfield,Ohio,45014.0,East,FUR-FU-10002298,Furniture,Furnishings,"Rubbermaid ClusterMat Chairmats, Mat Size- 66"" x 60"", Lip 20"" x 11"" -90 Degree Angle",532.704,6.0,0.2,-26.6352,Manual Upload,Approved,
2370.0,US-2016-129469,9/23/2016,9/27/2016,Standard Class,KL-16555,Kelly Lampkin,Corporate,United States,Fairfield,Ohio,45014.0,East,OFF-AR-10000315,Office Supplies,Art,"Dixon Ticonderoga Maple Cedar Pencil, #2",4.912,2.0,0.2,0.307,Manual Upload,Approved,Check later
2371.0,CA-2017-155152,7/7/2017,7/9/2017,Second Class,MP-17965,Michael Paige,Corporate,United States,Warwick,Rhode Island,2886.0,East,TEC-AC-10004353,Technology,Accessories,Hypercom P1300 Pinpad,252.0,4.0,0.0,93.24,CRM,Approved,Duplicate?
2372.0,CA-2016-159940,7/7/2016,2016-07-11,Second Class,BF-11020,Barry Französisch,Corporate,United States,Aurora,Illinois,60505.0,Central,FUR-FU-10004973,Furniture,Furnishings,Flat Face Poster Frame,60.288,8.0,0.6,-27.1296,CRM,Pending,Check later
2373.0,CA-2016-159940,7/7/2016,7/11/2016,Second Class,BF-11020,Barry Französisch,Corporate,United States,Aurora,Illinois,60505.0,Central,OFF-FA-10000936,Office Supplies,Fasteners,Acco Hot Clips Clips to Go,2.632,1.0,0.2,0.8225,ERP,,
2374.0,CA-2016-159940,7/7/2016,7/11/2016,Second Class,BF-11020,Barry Französisch,Corporate,United States,Aurora,Illinois,60505.0,Central,OFF-PA-10001609,Office Supplies,Paper,Tops Wirebound Message Log Books,23.688,9.0,0.2,7.6986,CRM,Rejected,Urgent
2375.0,CA-2016-159940,7/7/2016,7/11/2016,Second Class,BF-11020,Barry Französisch,Corporate,United States,Aurora,Illinois,60505.0,Central,FUR-CH-10000785,Furniture,Chairs,Global Ergonomic Managers Chair,253.372,2.0,0.3,-14.4784,Manual Upload,Rejected,Duplicate?
2376.0,CA-2017-119669,1/24/2017,1/30/2017,Standard Class,TP-21130,Theone Pippenger,Consumer,United States,Smyrna,Georgia,30080.0,South,OFF-FA-10000053,Office Supplies,Fasteners,Revere Boxed Rubber Bands by Revere,5.67,3.0,0.0,0.1134,CRM,Pending,
2377.0,US-2014-164616,8/19/2014,8/21/2014,Second Class,MS-17770,Maxwell Schwartz,Consumer,United States,Columbus,Ohio,43229.0,East,OFF-BI-10001718,Office Supplies,Binders,GBC DocuBind P50 Personal Binding Machine,76.776,4.0,0.7,-58.8616,ERP,Pending,
2378.0,US-2014-164616,8/19/2014,8/21/2014,Second Class,MS-17770,Maxwell Schwartz,Consumer,United States,Columbus,Ohio,43229.0,East,OFF-SU-10004768,Office Supplies,Supplies,Acme Kleencut Forged Steel Scissors,9.184,2.0,0.2,1.148,ERP,Rejected,Urgent
2379.0,CA-2015-148628,12/6/2015,12/11/2015,Standard Class,KM-16375,Katherine Murray,Home Office,United States,Thousand Oaks,California,91360.0,West,OFF-PA-10003883,Office Supplies,Paper,"Message Book, Phone, Wirebound Standard Line Memo, 2 3/4"" X 5""",32.75,5.0,0.0,15.065,Legacy,Approved,Duplicate?
2380.0,CA-2016-118052,5/6/2016,5/10/2016,Standard Class,BE-11455,Brad Eason,Home Office,United States,Lorain,Ohio,44052.0,East,OFF-FA-10004248,Office Supplies,Fasteners,Advantus T-Pin Paper Clips,7.216,2.0,0.2,1.7138,CRM,Approved,Urgent
2381.0,CA-2016-118052,5/6/2016,5/10/2016,Standard Class,BE-11455,Brad Eason,Home Office,United States,Lorain,Ohio,44052.0,East,OFF-PA-10002581,Office Supplies,Paper,Xerox 1951,49.568,2.0,0.2,15.49,Manual Upload,Rejected,
2382.0,CA-2016-118052,5/6/2016,5/10/2016,Standard Class,BE-11455,Brad Eason,Home Office,United States,Lorain,Ohio,44052.0,East,FUR-FU-10004848,Furniture,Furnishings,DAX Solid Wood Frames,54.712,7.0,0.2,11.6263,Manual Upload,Rejected,Duplicate?
2383.0,US-2017-117534,3/25/2017,3/26/2017,First Class,CV-12295,Christina VanderZanden,Consumer,United States,Fresno,California,93727.0,West,OFF-AP-10002403,Office Supplies,Appliances,Acco Smartsocket Color-Coded Six-Outlet AC Adapter Model Surge Protectors,176.04,4.0,2.0,45.7704,ERP,Approved,
2384.0,US-2017-117534,3/25/2017,3/26/2017,First Class,CV-12295,Christina VanderZanden,Consumer,United States,Fresno,California,93727.0,West,OFF-AR-10003087,Office Supplies,Art,Staples in misc. colors,16.02,9.0,0.0,-9999.0,CRM,,Urgent
2385.0,US-2017-117534,3/25/2017,3/26/2017,First Class,CV-12295,Christina VanderZanden,Consumer,United States,Fresno,California,93727.0,West,OFF-BI-10002026,Office Supplies,Binders,Avery Arch Ring Binders,185.92,4.0,0.2,62.748,CRM,,Urgent
2386.0,US-2017-117534,3/25/2017,3/26/2017,First Class,CV-12295,Christina VanderZanden,Consumer,United States,Fresno,California,93727.0,West,TEC-PH-10000141,Technology,Phones,Clearsounds A400,211.168,4.0,0.2,15.8376,Manual Upload,Approved,
2387.0,US-2017-117534,3/25/2017,3/26/2017,First Class,CV-12295,Christina VanderZanden,Consumer,United States,Fresno,California,93727.0,West,TEC-CO-10000971,Technology,Copiers,Hewlett Packard 310 Color Digital Copier,479.984,2.0,0.2,59.998,ERP,Pending,
2388.0,CA-2015-145065,12/12/2015,12/15/2015,First Class,DK-13375,Dennis Kane,Consumer,United States,San Diego,California,92105.0,West,OFF-FA-10001229,Office Supplies,Fasteners,Staples,7.86,2.0,0.0,3.6156,Legacy,Rejected,Check later
2389.0,CA-2015-145065,12/12/2015,12/15/2015,First Class,DK-13375,Dennis Kane,Consumer,United States,San Diego,California,92105.0,West,OFF-BI-10002437,Office Supplies,Binders,Recycled Premium Regency Composition Covers,24.448,2.0,0.2,8.8624,Legacy,Approved,
2390.0,US-2015-127040,12/6/2015,12/10/2015,Standard Class,SG-20605,Speros Goranitis,Consumer,United States,New York City,New York,10009.0,East,OFF-PA-10004255,Office Supplies,Paper,Xerox 219,6.48,1.0,0.0,3.1104,Manual Upload,Approved,
2391.0,US-2015-127040,12/6/2015,10/12/2015,Standard Class,SG-20605,Speros Goranitis,Consumer,United States,New York City,New York,10009.0,East,OFF-PA-10001184,Office Supplies,Paper,Xerox 1903,41.86,7.0,0.0,20.5114,CRM,Pending,Check later
2392.0,US-2015-127040,12/6/2015,12/10/2015,Standard Class,SG-20605,Speros Goranitis,Consumer,United States,New York City,New York,10009.0,East,TEC-AC-10002637,Technology,Accessories,Logitech VX Revolution Cordless Laser Mouse for Notebooks (Black),1619.91,9.0,0.0,97.1946,ERP,Rejected,
2393.0,US-2015-127040,12/6/2015,12/10/2015,Standard Class,SG-20605,Speros Goranitis,Consumer,United States,New York City,New York,10009.0,East,FUR-FU-10002878,Furniture,Furnishings,"Seth Thomas 14"" Day/Date Wall Clock",113.92,4.0,0.0,42.1504,ERP,Approved,
2394.0,CA-2016-128111,3/17/2016,3/23/2016,Standard Class,CS-12355,Christine Sundaresam,consumer,United States,Malden,Massachusetts,2148.0,East,OFF-AR-10000588,Office Supplies,Art,Newell 345,39.68,2.0,0.0,10.3168,ERP,,
2395.0,CA-2015-137897,11/14/2015,11/19/2015,Standard Class,PJ-18835,Patrick Jones,Corporate,United States,New York City,New York,10035.0,East,TEC-AC-10002217,Technology,Accessories,Imation Clip USB flash drive - 8 GB,37.6,2.0,0.0,2.256,CRM,Approved,Duplicate?
2396.0,CA-2015-137897,11/14/2015,11/19/2015,Standard Class,PJ-18835,Patrick Jones,Corporate,United States,New York City,New York,10035.0,East,TEC-AC-10001267,Technology,Accessories,Imation 32GB Pocket Pro USB 3.0 Flash Drive - 32 GB - Black - 1 P ...,59.9,2.0,0.0,23.96,Manual Upload,,Check later
2397.0,CA-2015-137897,11/14/2015,11/19/2015,Standard Class,PJ-18835,Patrick Jones,Corporate,United States,New York City,New York,10035.0,East,OFF-PA-10004041,Office Supplies,Paper,"It's Hot Message Books with Stickers, 2 3/4"" x 5""",37.0,5.0,0.0,16.65,Manual Upload,Approved,Duplicate?
2398.0,CA-2017-169264,8/14/2017,8/16/2017,Second Class,NP-18700,Nora Preis,Consumer,United States,San Francisco,California,94109.0,West,OFF-LA-10001613,Office Supplies,Labels,Avery File Folder Labels,5.76,2.0,0.0,2.8224,Manual Upload,,Urgent
2399.0,CA-2017-169264,8/14/2017,8/16/2017,Second Class,NP-18700,Nora Preis,Consumer,United States,San Francisco,California,94109.0,West,OFF-AR-10000246,Office Supplies,Art,Newell 318,16.68,6.0,0.0,4.3368,Legacy,Approved,Urgent
2400.0,CA-2017-147361,2017/09/09,9/15/2017,Standard Class,SB-20290,Sean Braxton,Corporate,United States,Florence,South Carolina,29501.0,South,OFF-ST-10001809,Office Supplies,Storage,Fellowes Officeware Wire Shelving,628.81,7.0,0.0,12.5762,Manual Upload,Approved,Duplicate?
2401.0,CA-2017-147361,9/9/2017,9/15/2017,Standard Class,SB-20290,Sean Braxton,Corporate,United States,Florence,South Carolina,29501.0,South,OFF-ST-10002214,Office Supplies,Storage,X-Rack File for Hanging Folders,56.45,5.0,0.0,14.677,CRM,,Duplicate?
2402.0,CA-2017-145877,4/1/2017,4/4/2017,Second Class,AS-10090,Adam Shillingsburg,Consumer,United States,Springfield,Missouri,65807.0,Central,OFF-ST-10000649,Office Supplies,Storage,Hanging Personal Folder File,94.2,6.0,0.0,23.55,CRM,Approved,Duplicate?
2403.0,CA-2017-145877,4/1/2017,4/4/2017,Second Class,AS-10090,Adam Shillingsburg,Consumer,United States,Springfield,Missouri,65807.0,Central,OFF-EN-10001990,Office Supplies,Envelopes,Staple envelope,28.4,5.0,0.0,13.348,CRM,Pending,Check later
2404.0,US-2016-110170,9/27/2016,10/3/2016,Standard Class,HM-14860,Harry Marie,Corporate,United States,Huntsville,Texas,77340.0,Central,FUR-BO-10000780,Furniture,Bookcases,O'Sullivan Plantations 2-Door Library in Landvery Oak,956.6648,7.0,0.32,-225.0976,Legacy,Pending,Check later
2405.0,CA-2017-108574,2017/10/07,10/11/2017,Standard Class,MG-18145,Mike Gockenbach,Consumer,United States,Los Angeles,California,90045.0,West,TEC-AC-10002049,Technology,Accessories,Logitech G19 Programmable Gaming Keyboard,1115.91,9.0,0.0,200.8638,Legacy,,Duplicate?
2406.0,CA-2017-108574,10/07/2017,10/11/2017,Standard Class,MG-18145,Mike Gockenbach,Consumer,United States,Los Angeles,California,90045.0,West,TEC-PH-10003555,Technology,Phones,Motorola HK250 Universal Bluetooth Headset,128.744,7.0,0.2,-28.9674,Manual Upload,,
2407.0,CA-2017-108574,10/7/2017,10/11/2017,Standard Class,MG-18145,Mike Gockenbach,Consumer,United States,Los Angeles,California,90045.0,West,TEC-PH-10000702,Technology,Phones,"Square Credit Card Reader, 4 1/2"" x 4 1/2"" x 1"", White",79.92,10.0,0.2,26.973,Legacy,Approved,
2408.0,CA-2017-144589,1/20/2017,1/25/2017,Standard Class,TM-21010,Tamara Manning,Consumer,United States,San Francisco,California,94122.0,West,OFF-AR-10003631,Office Supplies,Art,Staples in misc. colors,24.2,5.0,0.0,7.986,Legacy,Pending,
2409.0,CA-2017-144589,1/20/2017,1/25/2017,Standard Class,TM-21010,Tamara Manning,Consumer,United States,San Francisco,California,94122.0,West,TEC-PH-10003072,Technology,Phones,Panasonic KX-TG9541B DECT 6.0 Digital 2-Line Expandable Cordless Phone With Digital Answering System,359.976,3.0,0.2,130.4913,CRM,,
2410.0,CA-2017-155985,3/23/2017,3/25/2017,First Class,BE-11335,Bill Eplett,Home Office,United States,San Francisco,California,94122.0,West,FUR-FU-10000758,Furniture,Furnishings,DAX Natural Wood-Tone Poster Frame,211.84,8.0,0.0,76.2624,CRM,,Check later
2411.0,CA-2014-162684,8/1/2014,8/6/2014,Standard Class,AS-10630,Ann Steele,Home Office,United States,Philadelphia,Pennsylvania,19120.0,East,OFF-FA-10000992,Office Supplies,Fasteners,"Acco Clips to Go Binder Clips, 24 Clips in Two Sizes",5.68,2.0,0.2,1.917,Manual Upload,Rejected,Check later
2412.0,CA-2015-142041,6/7/2015,6/9/2015,Second Class,EM-13810,Eleni McCrary,Corporate,United States,Los Angeles,Calif.,90036.0,West,OFF-BI-10004187,Office Supplies,Binders,3-ring staple pack,7.52,5.0,0.2,2.632,Manual Upload,,Urgent
2413.0,CA-2014-151295,11/12/2014,11/16/2014,Standard Class,JA-15970,Joseph Airdo,Consumer,United States,Los Angeles,California,90045.0,West,OFF-PA-10001947,Office Supplies,Paper,Xerox 1974,11.96,2.0,0.0,5.8604,Legacy,Pending,
2414.0,CA-2014-151295,11/12/2014,11/16/2014,Standard Class,JA-15970,Joseph Airdo,Consumer,United States,Los Angeles,California,90045.0,West,FUR-TA-10002356,Furniture,Tables,Bevis Boat-Shaped Conference Table,629.064,3.0,0.2,31.4532,ERP,Pending,
2415.0,CA-2016-156300,12/29/2016,1/2/2017,Standard Class,TB-21595,Troy Blackwell,Consumer,United States,Milwaukee,Wisconsin,53209.0,Central,FUR-CH-10001714,Furniture,Chairs,"Global Leather & Oak Executive Chair, Burgundy",754.45,5.0,0.0,60.356,Manual Upload,Rejected,
2416.0,CA-2015-146087,7/6/2015,7/11/2015,Standard Class,PP-18955,Paul Prost,Home Office,United States,Holyoke,Massachusetts,1040.0,East,FUR-BO-10002824,Furniture,Bookcases,Bush Mission Pointe Library,301.96,2.0,0.0,60.392,Legacy,Approved,Check later
2417.0,CA-2017-168655,10/12/2017,10/18/2017,Standard Class,ML-18040,Michelle Lonsdale,Corporate,United States,Albuquerque,New Mexico,87105.0,West,TEC-AC-10002842,Technology,Accessories,WD My Passport Ultra 2TB Portable External Hard Drive,595.0,5.0,0.0,95.2,ERP,Approved,
2418.0,CA-2017-168655,10/12/2017,10/18/2017,Standard Class,ML-18040,Michelle Lonsdale,Corporate,United States,Albuquerque,New Mexico,87105.0,West,OFF-BI-10002082,Office Supplies,Binders,GBC Twin Loop Wire Binding Elements,79.872,3.0,0.2,29.952,CRM,,
2419.0,CA-2016-107202,5/21/2016,5/28/2016,Standard Class,LC-16930,Linda Cazamias,Corporate,United States,Sparks,Nevada,89431.0,West,TEC-MA-10000112,Technology,Machines,Panasonic KX MB2061 Multifunction Printer,2396.4,10.0,0.2,179.73,Manual Upload,Approved,Check later
2420.0,CA-2017-159597,11/9/2017,11/14/2017,Standard Class,MC-17590,Matt Collister,Corporate,United States,Coachella,California,92236.0,West,OFF-ST-10002289,Office Supplies,Storage,"Safco Wire Cube Shelving System, For Use as 4 or 5 14"" Cubes, Black",63.56,2.0,0.0,3.178,Manual Upload,Pending,
2421.0,CA-2017-159597,11/9/2017,11/14/2017,Standard Class,MC-17590,Matt Collister,Corporate,United States,Coachella,California,92236.0,West,TEC-AC-10004171,Technology,Accessories,Razer Kraken 7.1 Surround Sound Over Ear USB Gaming Headset,99.99,1.0,0.0,43.9956,Legacy,Rejected,Duplicate?
2422.0,CA-2016-155551,4/18/2016,4/23/2016,Standard Class,CR-12580,Clay Rozendal,Home Office,United States,Elmhurst,Illinois,60126.0,Central,OFF-ST-10003656,Office Supplies,Storage,Safco Industrial Wire Shelving,230.376,3.0,0.2,-48.9549,CRM,Pending,Duplicate?
2423.0,CA-2016-155551,4/18/2016,4/23/2016,Standard Class,CR-12580,Clay Rozendal,Home Office,United States,Elmhurst,Illinois,60126.0,Central,OFF-PA-10001560,Office Supplies,Paper,"Adams Telephone Message Books, 5 1/4 x 11",9.664,2.0,0.2,3.2616,ERP,Approved,Duplicate?
2424.0,US-2017-147669,12/25/2017,12/30/2017,Standard Class,SV-20935,Susan Vittorini,Consumer,United States,Fairfield,Ohio,45014.0,East,TEC-AC-10002473,Technology,Accessories,Maxell 4.7GB DVD-R,158.928,7.0,0.2,41.7186,CRM,Rejected,Urgent
2425.0,US-2017-147669,12/25/2017,12/30/2017,Standard Class,SV-20935,Susan Vittorini,Consumer,United States,Fairfield,Ohio,45014.0,East,OFF-BI-10000632,Office Supplies,Binders,Satellite Sectional Post Binders,13.023,1.0,0.7,-10.4184,Legacy,Pending,
2426.0,US-2017-147669,12/25/2017,12/30/2017,Standard Class,SV-20935,Susan Vittorini,Consumer,United States,Fairfield,Ohio,45014.0,East,FUR-TA-10002645,Furniture,Tables,Hon Rectangular Conference Tables,273.06,2.0,0.4,-104.673,Manual Upload,Approved,Urgent
2427.0,US-2017-147669,12/25/2017,12/30/2017,Standard Class,SV-20935,Susan Vittorini,Consumer,United States,Fairfield,Ohio,45014.0,East,OFF-FA-10002975,Office Supplies,Fasteners,Staples,39.312,13.0,0.2,12.7764,Manual Upload,Pending,Urgent
2428.0,CA-2016-169922,6/11/2016,6/17/2016,Standard Class,MZ-17515,Mary Zewe,Corporate,United States,Arlington,Texas,76017.0,Central,OFF-BI-10003784,Office Supplies,Binders,Computer Printout Index Tabs,1.344,4.0,0.8,-2.1504,ERP,Rejected,Check later
2429.0,CA-2016-169922,6/11/2016,6/17/2016,Standard Class,MZ-17515,Mary Zewe,Corporate,United States,Arlington,Texas,76017.0,Central,OFF-BI-10001617,Office Supplies,Binders,GBC Wire Binding Combs,8.272,4.0,0.8,-13.6488,ERP,,Duplicate?
2430.0,CA-2016-169922,6/11/2016,6/17/2016,Standard Class,MZ-17515,Mary Zewe,Corporate,United States,Arlington,Texas,76017.0,Central,FUR-FU-10004415,Furniture,Furnishings,"Stacking Tray, Side-Loading, Legal, Smoke",12.544,7.0,0.6,-9.0944,Manual Upload,Approved,Duplicate?
2431.0,CA-2017-100748,5/13/2017,5/20/2017,Standard Class,RB-19795,Ross Baird,Home Office,United States,San Francisco,California,94110.0,West,OFF-LA-10000240,Office Supplies,Labels,Self-Adhesive Address Labels for Typewriters by Universal,58.48,8.0,0.0,27.4856,CRM,,
2432.0,CA-2017-129805,12/28/2017,1/2/2018,Standard Class,HM-14860,Harry Marie,Corporate,United States,Seattle,Washington,98103.0,West,FUR-FU-10001935,Furniture,Furnishings,3M Hangers With Command Adhesive,7.4,2.0,0.0,3.034,Manual Upload,Pending,
2433.0,CA-2014-148586,3/25/2014,4/1/2014,Standard Class,AZ-10750,Annie Zypern,consumer,United States,New York City,New York,10009.0,East,FUR-CH-10002439,Furniture,Chairs,"Iceberg Nesting Folding Chair, 19w x 6d x 43h",366.786,7.0,0.1,65.2064,Manual Upload,,
2434.0,US-2017-112613,5/28/2017,6/1/2017,Standard Class,JH-15910,Jonathan Howell,Consumer,United States,Houston,Texas,77070.0,Central,TEC-PH-10001536,Technology,Phones,Spigen Samsung Galaxy S5 Case Wallet,54.368,4.0,0.2,4.0776,ERP,Rejected,Duplicate?
2435.0,CA-2015-154746,11/14/2015,11/17/2015,First Class,PJ-18835,Patrick Jones,Corporate,United States,Springfield,Virginia,22153.0,South,OFF-EN-10001532,Office Supplies,Envelopes,Brown Kraft Recycled Envelopes,33.96,2.0,0.0,16.98,Manual Upload,,Duplicate?
2436.0,CA-2015-154746,11/14/2015,11/17/2015,First Class,PJ-18835,Patrick Jones,Corporate,United States,Springfield,Virginia,22153.0,South,OFF-AP-10003057,Office Supplies,Appliances,Honeywell Enviracaire Portable HEPA Air Cleaner for 16' x 20' Room,826.11,3.0,0.0,322.1829,Legacy,Pending,
2437.0,CA-2017-140053,7/3/2017,7/10/2017,Standard Class,CA-12265,Christina Anderson,Consumer,United States,Farmington,New Mexico,87401.0,West,FUR-FU-10003708,Furniture,Furnishings,"Tenex Traditional Chairmats for Medium Pile Carpet, Standard Lip, 36"" x 48""",545.85,9.0,0.0,114.6285,ERP,Rejected,Duplicate?
2438.0,CA-2014-164210,11/18/2014,11/20/2014,Second Class,PW-19240,Pierre Wener,Consumer,United States,Louisville,Colorado,80027.0,West,FUR-TA-10000849,Furniture,Tables,Bevis Rectangular Conference Tables,145.98,2.0,0.5,-99.2664,CRM,Rejected,Duplicate?
2439.0,CA-2014-164210,11/18/2014,11/20/2014,Second Class,PW-19240,Pierre Wener,Consumer,United States,Louisville,Colorado,80027.0,West,OFF-PA-10002259,Office Supplies,Paper,"Geographics Note Cards, Blank, White, 8 1/2"" x 11""",35.808,4.0,0.2,12.5328,CRM,Approved,
2440.0,CA-2017-139948,7/17/2017,7/22/2017,Standard Class,SW-20455,Shaun Weien,consumer,United States,Tampa,Florida,33614.0,South,FUR-FU-10002597,Furniture,Furnishings,"C-Line Magnetic Cubicle Keepers, Clear Polypropylene",7.904,2.0,0.2,2.1736,Manual Upload,Pending,Check later
2441.0,CA-2016-146934,5/22/2016,5/27/2016,Standard Class,AF-10870,Art Ferguson,Consumer,United States,Passaic,New Jersey,7055.0,East,TEC-PH-10004614,Technology,Phones,AT&T 841000 Phone,345.0,5.0,0.0,86.25,Legacy,Pending,Check later
2442.0,CA-2016-146934,5/22/2016,5/27/2016,Standard Class,AF-10870,Art Ferguson,Consumer,United States,Passaic,New Jersey,7055.0,East,FUR-TA-10003748,Furniture,Tables,Bevis 36 x 72 Conference Tables,174.286,2.0,0.3,-19.9184,Manual Upload,Approved,
2443.0,CA-2016-146934,5/22/2016,5/27/2016,Standard Class,AF-10870,Art Ferguson,Consumer,United States,Passaic,New Jersey,7055.0,East,OFF-AP-10003217,Office Supplies,Appliances,Eureka Sanitaire  Commercial Upright,662.84,4.0,0.0,172.3384,ERP,Pending,
2444.0,CA-2016-146934,5/22/2016,5/27/2016,Standard Class,AF-10870,Art Ferguson,Consumer,United States,Passaic,New Jersey,7055.0,East,TEC-AC-10002399,Technology,Accessories,SanDisk Cruzer 32 GB USB Flash Drive,95.1,5.0,0.0,30.432,Legacy,Approved,Duplicate?
2445.0,CA-2016-146934,5/22/2016,5/27/2016,Standard Class,AF-10870,Art Ferguson,Consumer,United States,Passaic,New Jersey,7055.0,East,OFF-EN-10002973,Office Supplies,Envelopes,Ampad #10 Peel & Seel Holiday Envelopes,26.88,6.0,0.0,12.9024,CRM,Pending,
2446.0,CA-2016-146934,5/22/2016,5/27/2016,Standard Class,AF-10870,Art Ferguson,Consumer,United States,Passaic,New Jersey,7055.0,East,TEC-PH-10001336,Technology,Phones,Digium D40 VoIP phone,257.98,2.0,0.0,74.8142,Manual Upload,,Check later
2447.0,CA-2015-100573,9/25/2015,10/1/2015,Standard Class,AM-10705,Anne McFarland,Consumer,United States,Los Angeles,California,90004.0,West,OFF-EN-10000461,Office Supplies,Envelopes,"#10- 4 1/8"" x 9 1/2"" Recycled Envelopes",17.48,2.0,0.0,8.2156,CRM,Rejected,
2448.0,CA-2016-119165,10/31/2016,11/6/2016,Standard Class,BD-11320,Bill Donatelli,Consumer,United States,Philadelphia,Pennsylvania,19143.0,East,FUR-CH-10000988,Furniture,Chairs,Hon Olson Stacker Stools,492.835,5.0,0.3,-14.081,Manual Upload,Rejected,Urgent
2449.0,CA-2015-128027,9/14/2015,9/17/2015,Second Class,CM-12385,Christopher Martinez,Consumer,United States,North Charleston,South Carolina,29406.0,South,OFF-ST-10001809,Office Supplies,Storage,Fellowes Officeware Wire Shelving,269.49,3.0,0.0,5.3898,CRM,Rejected,
2450.0,CA-2016-140207,11/5/2016,11/10/2016,Standard Class,CS-12400,Christopher Schild,Home Office,United States,San Jose,California,95123.0,West,OFF-BI-10003963,Office Supplies,Binders,Cardinal Holdit Data Disk Pockets,29.12,5.0,0.2,9.828,CRM,Rejected,
2451.0,CA-2017-140949,3/17/2017,3/22/2017,Second Class,DB-13405,Denny Blanton,Consumer,United States,New York City,New York,10011.0,East,OFF-LA-10000081,Office Supplies,Labels,Avery 496,18.75,5.0,0.0,9.0,CRM,,
2452.0,CA-2017-140949,3/17/2017,3/22/2017,Second Class,DB-13405,Denny Blanton,Consumer,United States,New York City,New York,10011.0,East,TEC-PH-10000149,Technology,Phones,Cisco SPA525G2 IP Phone - Wireless,119.7,6.0,0.0,31.122,CRM,,Duplicate?
2453.0,CA-2017-140949,3/17/2017,3/22/2017,Second Class,DB-13405,Denny Blanton,Consumer,United States,New York City,New York,10011.0,East,OFF-BI-10000605,Office Supplies,Binders,"Acco Pressboard Covers with Storage Hooks, 9 1/2"" x 11"", Executive Red",9.144,3.0,0.2,3.0861,ERP,Approved,Urgent
2454.0,CA-2017-140949,3/17/2017,3/22/2017,Second Class,DB-13405,Denny Blanton,Consumer,United States,New York City,New York,10011.0,East,TEC-AC-10002399,Technology,Accessories,SanDisk Cruzer 32 GB USB Flash Drive,0.01,3.0,0.0,18.2592,CRM,,Duplicate?
2455.0,CA-2017-140949,3/17/2017,3/22/2017,Second Class,DB-13405,Denny Blanton,Consumer,United States,New York City,New York,10011.0,East,TEC-AC-10003038,Technology,Accessories,Kingston Digital DataTraveler 16GB USB 2.0,71.6,8.0,0.0,13.604,Legacy,,Check later
2456.0,CA-2017-140949,3/17/2017,3/22/2017,Second Class,DB-13405,Denny Blanton,Consumer,United States,New York City,New York,10011.0,East,OFF-ST-10000344,Office Supplies,Storage,"Neat Ideas Personal Hanging Folder Files, Black",107.44,8.0,0.0,27.9344,CRM,Approved,Duplicate?
2457.0,CA-2017-140949,3/17/2017,3/22/2017,Second Class,DB-13405,Denny Blanton,Consumer,United States,New York City,New York,10011.0,East,OFF-LA-10004093,Office Supplies,Labels,Avery 486,7.31,1.0,0.0,3.4357,CRM,Pending,
2458.0,CA-2017-140949,3/17/2017,3/22/2017,Second Class,DB-13405,Denny Blanton,Consumer,United States,New York City,New York,10011.0,East,OFF-AR-10001683,Office Supplies,Art,Lumber Crayons,59.1,6.0,0.0,22.458,Legacy,Approved,Check later
2459.0,CA-2017-140949,3/17/2017,3/22/2017,Second Class,DB-13405,Denny Blanton,Consumer,United States,New York City,New York,10011.0,East,OFF-ST-10003455,Office Supplies,Storage,"Tenex File Box, Personal Filing Tote with Lid, Black",46.53,3.0,0.0,12.0978,ERP,Approved,Check later
2460.0,CA-2017-138548,8/15/2017,8/21/2017,Standard Class,JG-15160,James Galang,Consumer,United States,Plainfield,New Jersey,7060.0,East,OFF-AP-10002578,Office Supplies,Appliances,"Fellowes Premier Superior Surge Suppressor, 10-Outlet, With Phone and Remote",97.84,2.0,0.0,25.4384,Manual Upload,Pending,Urgent
2461.0,CA-2015-142419,7/11/2015,7/13/2015,Second Class,SC-20380,Shahid Collister,Consumer,United States,Seattle,Washington,98115.0,West,OFF-PA-10001763,Office Supplies,Paper,Xerox 1896,29.97,3.0,0.0,13.4865,CRM,Rejected,
2462.0,CA-2015-142419,7/11/2015,7/13/2015,Second Class,SC-20380,Shahid Collister,Consumer,United States,Seattle,Washington,98115.0,West,OFF-BI-10001597,Office Supplies,Binders,"Wilson Jones Ledger-Size, Piano-Hinge Binder, 2"", Blue",98.352,3.0,0.2,34.4232,Manual Upload,Approved,
2463.0,CA-2017-148691,12/3/2017,12/9/2017,Standard Class,CS-12460,Chuck Sachs,Consumer,United States,New York City,New York,10009.0,East,OFF-BI-10001524,Office Supplies,Binders,GBC Premium Transparent Covers with Diagonal Lined Pattern,83.92,5.0,0.2,29.372,Manual Upload,Approved,Urgent
2464.0,CA-2017-148691,12/3/2017,12/9/2017,Standard Class,CS-12460,Chuck Sachs,Consumer,United States,New York City,New York,ABCDE,East,OFF-BI-10001553,Office Supplies,Binders,SpineVue Locking Slant-D Ring Binders by Cardinal,14.624,2.0,0.2,5.1184,ERP,Rejected,Duplicate?
2465.0,CA-2017-148691,12/3/2017,12/9/2017,Standard Class,CS-12460,Chuck Sachs,Consumer,United States,New York City,New York,10009.0,East,TEC-PH-10000576,Technology,Phones,AT&T 1080 Corded phone,136.99,1.0,0.0,36.9873,ERP,Approved,Check later
2466.0,CA-2017-148691,12/3/2017,12/9/2017,Standard Class,CS-12460,Chuck Sachs,Consumer,United States,New York City,New York,10009.0,East,OFF-LA-10001317,Office Supplies,Labels,Avery 520,3.15,1.0,0.0,1.512,CRM,Pending,Check later
2467.0,CA-2017-128755,5/4/2017,5/8/2017,Standard Class,MK-18160,Mike Kennedy,Consumer,United States,Newport News,Virginia,23602.0,South,OFF-PA-10000726,Office Supplies,Paper,"Black Print Carbonless Snap-Off Rapid Letter, 8 1/2"" x 7""",9.11,1.0,0.0,4.0995,CRM,Approved,
2468.0,CA-2017-128755,5/4/2017,5/8/2017,Standard Class,MK-18160,Mike Kennedy,Consumer,United States,Newport News,Virginia,23602.0,South,OFF-ST-10003306,Office Supplies,Storage,Letter Size Cart,571.44,4.0,0.0,165.7176,CRM,Pending,Duplicate?
2469.0,CA-2017-128755,5/4/2017,5/8/2017,Standard Class,MK-18160,Mike Kennedy,Consumer,United States,Newport News,Virginia,23602.0,South,OFF-PA-10004983,Office Supplies,Paper,Xerox 23,32.4,5.0,0.0,15.552,ERP,Rejected,Duplicate?
2470.0,CA-2017-128755,5/4/2017,5/8/2017,Standard Class,MK-18160,Mike Kennedy,Consumer,United States,Newport News,Virginia,23602.0,South,OFF-ST-10001291,Office Supplies,Storage,"Tenex Personal Self-Stacking Standard File Box, Black/Gray",16.91,1.0,0.0,4.5657,Legacy,Approved,
2471.0,US-2016-135923,1/22/2016,1/28/2016,Standard Class,CM-11935,Carlos Meador,Consumer,United States,Fayetteville,North Carolina,28314.0,South,FUR-FU-10002107,Furniture,Furnishings,Eldon Pizzaz Desk Accessories,14.272,8.0,0.2,4.2816,ERP,Pending,Check later
2472.0,US-2016-135923,1/22/2016,1/28/2016,Standard Class,CM-11935,Carlos Meador,Consumer,United States,Fayetteville,North Carolina,28314.0,South,FUR-BO-10002213,Furniture,Bookcases,"Sauder Forest Hills Library, Woodland Oak Finish",451.136,4.0,0.2,-67.6704,CRM,Pending,
2473.0,US-2016-135923,1/22/2016,1/28/2016,Standard Class,CM-11935,Carlos Meador,Consumer,United States,Fayetteville,North Carolina,28314.0,South,OFF-AP-10000692,Office Supplies,Appliances,Fellowes Mighty 8 Compact Surge Protector,64.864,4.0,0.2,6.4864,Manual Upload,Pending,Check later
2474.0,CA-2016-114972,11/3/2016,11/6/2016,First Class,PF-19225,Phillip Flathmann,Consumer,United States,Los Angeles,California,90032.0,West,FUR-CH-10001190,Furniture,Chairs,Global Deluxe High-Back Office Chair in Storm,217.584,2.0,0.2,-29.9178,Manual Upload,Rejected,
2475.0,CA-2016-114972,11/3/2016,11/6/2016,First Class,PF-19225,Phillip Flathmann,Consumer,United States,Los Angeles,California,ABCDE,West,TEC-AC-10000682,Technology,Accessories,Kensington K72356US Mouse-in-a-Box USB Desktop Mouse,82.95,5.0,0.0,29.0325,ERP,,Urgent
2476.0,CA-2016-114972,11/3/2016,11/6/2016,First Class,PF-19225,PHILLIP FLATHMANN,Consumer,United States,Los Angeles,California,90032.0,West,OFF-LA-10004545,Office Supplies,Labels,Avery 50,87.71,7.0,0.0,41.2237,Manual Upload,Rejected,
2477.0,CA-2016-114972,11/3/2016,11/6/2016,First Class,PF-19225,Phillip Flathmann,Consumer,United States,Los Angeles,California,90032.0,West,OFF-AP-10003057,Office Supplies,Appliances,Honeywell Enviracaire Portable HEPA Air Cleaner for 16' x 20' Room,1101.48,4.0,0.0,429.5772,Legacy,Rejected,
2478.0,CA-2017-102750,9/4/2017,9/8/2017,Second Class,GM-14695,Greg Maxwell,Corporate,United States,Los Angeles,California,90036.0,West,FUR-TA-10000198,Furniture,Tables,Chromcraft Bull-Nose Wood Oval Conference Tables & Bases,1322.352,3.0,0.2,-99.1764,Legacy,Approved,
2479.0,CA-2014-145212,9/13/2014,9/19/2014,Standard Class,DC-12850,Dan Campbell,Consumer,United States,New York City,New York,10011.0,East,OFF-AR-10002833,Office Supplies,Art,Newell 322,5.46,3.0,0.0,1.4742,Manual Upload,,Duplicate?
2480.0,CA-2017-141992,6/19/2017,6/25/2017,Standard Class,FO-14305,Frank Olsen,Consumer,United States,Dallas,Texas,75220.0,Central,OFF-SU-10002557,Office Supplies,Supplies,Fiskars Spring-Action Scissors,11.184,-1.0,0.2,0.8388,Legacy,Rejected,Duplicate?
2481.0,CA-2017-141992,6/19/2017,6/25/2017,Standard Class,FO-14305,Frank Olsen,Consumer,United States,Dallas,Texas,75220.0,Central,OFF-ST-10003656,Office Supplies,Storage,Safco Industrial Wire Shelving,153.584,2.0,0.2,-32.6366,Manual Upload,Rejected,
2482.0,CA-2017-147956,12/24/2017,12/31/2017,Standard Class,AH-10210,Alan Hwang,Consumer,United States,Seattle,Washington,98105.0,West,OFF-ST-10001097,Office Supplies,Storage,Office Impressions Heavy Duty Welded Shelving & Multimedia Storage Drawers,1003.62,6.0,0.0,0.0,Manual Upload,,
2483.0,CA-2017-126067,8/28/2017,9/3/2017,Standard Class,KN-16705,Kristina Nunn,Home Office,United States,Seattle,Washington,98105.0,West,TEC-PH-10000912,Technology,Phones,Anker 24W Portable Micro USB Car Charger,35.168,4.0,0.2,11.4296,Manual Upload,,
2484.0,CA-2017-126067,8/28/2017,9/3/2017,Standard Class,KN-16705,Kristina Nunn,Home Office,United States,Seattle,Washington,98105.0,West,FUR-TA-10000617,Furniture,Tables,"Hon Practical Foundations 30 x 60 Training Table, Light Gray/Charcoal",1137.75,5.0,0.0,250.305,ERP,Approved,Urgent
2485.0,CA-2017-126067,8/28/2017,9/3/2017,Standard Class,KN-16705,Kristina Nunn,Home Office,United States,Seattle,Washington,98105.0,West,OFF-BI-10001658,Office Supplies,Binders,GBC Standard Therm-A-Bind Covers,99.68,5.0,0.2,32.396,Manual Upload,Rejected,Urgent
2486.0,CA-2017-126067,8/28/2017,9/3/2017,Standard Class,KN-16705,Kristina Nunn,Home Office,United States,Seattle,Washington,98105.0,West,OFF-AR-10003856,Office Supplies,Art,Newell 344,5.56,2.0,0.0,1.4456,ERP,Pending,
2487.0,CA-2015-104514,1/2/2015,1/4/2015,Second Class,CB-12535,Claudia Bergmann,Corporate,United States,Newark,Delaware,19711.0,East,OFF-ST-10001837,Office Supplies,Storage,"SAFCO Mobile Desk Side File, Wire Frame",85.52,2.0,0.0,22.2352,CRM,,
2488.0,CA-2015-104514,1/2/2015,1/4/2015,Second Class,CB-12535,Claudia Bergmann,Corporate,United States,Newark,Delaware,19711.0,East,OFF-AR-10001473,Office Supplies,Art,Newell 313,9.84,3.0,0.0,2.6568,ERP,Rejected,Urgent
2489.0,CA-2015-104514,1/2/2015,1/4/2015,Second Class,CB-12535,Claudia Bergmann,Corporate,United States,Newark,Delaware,19711.0,East,OFF-PA-10004285,Office Supplies,Paper,Xerox 1959,20.04,3.0,0.0,9.6192,Legacy,Rejected,Check later
2490.0,CA-2015-141040,10/9/2015,10/13/2015,Second Class,TB-21250,Tim Brockman,Consumer,United States,New York City,New York,10024.0,East,TEC-PH-10001835,Technology,Phones,Jawbone JAMBOX Wireless Bluetooth Speaker,631.96,4.0,0.0,303.3408,Manual Upload,,Check later
2491.0,CA-2015-141040,09-10-2015,10/13/2015,Second Class,TB-21250,Tim Brockman,Consumer,United States,New York City,New York,10024.0,East,OFF-PA-10002245,Office Supplies,Paper,Xerox 1895,23.92,4.0,0.0,10.764,CRM,Approved,Duplicate?
2492.0,CA-2014-113579,12/13/2014,12/15/2014,Second Class,KD-16345,Katherine Ducich,Consumer,United States,Los Angeles,California,90049.0,West,OFF-PA-10001457,Office Supplies,Paper,White GlueTop Scratch Pads,90.24,6.0,0.0,41.5104,Legacy,Pending,
2493.0,CA-2014-144624,11/19/2014,11/23/2014,Standard Class,JM-15865,John Murray,Consumer,United States,Jamestown,NY,14701.0,East,TEC-PH-10002885,Technology,Phones,Apple iPhone 5,4548.81,7.0,0.0,1228.1787,Legacy,Rejected,
2494.0,CA-2016-146206,9/10/2016,9/14/2016,Second Class,KT-16480,Kean Thornton,Consumer,United States,Houston,Texas,77095.0,Central,FUR-TA-10004086,Furniture,Tables,KI Adjustable-Height Table,300.93,5.0,0.3,-34.392,Manual Upload,,
2495.0,CA-2016-146206,9/10/2016,9/14/2016,Second Class,KT-16480,Kean Thornton,Consumer,United States,Houston,Texas,77095.0,Central,TEC-PH-10000895,Technology,Phones,Polycom VVX 310 VoIP phone,719.96,5.0,0.2,53.997,ERP,Approved,
2496.0,CA-2014-136644,6/16/2014,22/06/2014,Standard Class,SC-20575,Sonia Cooley,Consumer,United States,Mishawaka,Indiana,46544.0,Central,FUR-CH-10000225,Furniture,Chairs,"Global Geo Office Task Chair, Gray",647.84,8.0,0.0,32.392,ERP,,Urgent
2497.0,CA-2015-122371,9/26/2015,10/1/2015,Standard Class,BS-11800,Bryan Spruell,Home Office,United States,San Diego,California,92037.0,West,OFF-ST-10002370,Office Supplies,Storage,"Sortfiler Multipurpose Personal File Organizer, Black",64.17,3.0,0.0,18.6093,Legacy,,Duplicate?
2498.0,CA-2015-122371,9/26/2015,10/1/2015,Standard Class,BS-11800,Bryan Spruell,Home Office,United States,San Diego,California,92037.0,West,OFF-EN-10000056,Office Supplies,Envelopes,Cameo Buff Policy Envelopes,124.46,2.0,0.0,58.4962,Legacy,Pending,
2499.0,CA-2016-126935,5/19/2016,5/24/2016,Standard Class,BT-11395,Bill Tyler,Corporate,United States,San Francisco,California,94109.0,West,OFF-BI-10004817,Office Supplies,Binders,GBC Personal VeloBind Strips,9.584,1.0,0.2,3.3544,CRM,Rejected,
2500.0,US-2017-133781,6/22/2017,6/23/2017,First Class,DC-12850,Dan Campbell,Consumer,United States,Miami,Florida,33178.0,South,OFF-EN-10004483,Office Supplies,Envelopes,"#10 White Business Envelopes,4 1/8 x 9 1/2",37.608,3.0,0.2,12.6927,Legacy,,
2501.0,CA-2017-131618,6/17/2017,6/20/2017,First Class,LS-17200,Luke Schmidt,Corporate,United States,Skokie,Illinois,60076.0,Central,OFF-PA-10001892,Office Supplies,Paper,"Rediform Wirebound ""Phone Memo"" Message Book, 11 x 5-3/4",12.224,2.0,0.2,4.4312,Manual Upload,Pending,Duplicate?
2502.0,CA-2017-131618,6/17/2017,6/20/2017,First Class,LS-17200,Luke Schmidt,Corporate,United States,Skokie,Illinois,60076.0,Central,OFF-BI-10000546,Office Supplies,Binders,Avery Durable Binders,2.304,4.0,0.8,-3.5712,ERP,Rejected,
2503.0,CA-2017-131618,6/17/2017,6/20/2017,First Class,LS-17200,Luke Schmidt,Corporate,United States,Skokie,Illinois,60076.0,Central,OFF-BI-10001294,Office Supplies,Binders,Fellowes Binding Cases,9.36,4.0,0.8,-16.38,CRM,Pending,Check later
2504.0,CA-2016-149482,11/14/2016,11/19/2016,Standard Class,RR-19315,Ralph Ritter,Consumer,United States,San Francisco,California,94110.0,West,OFF-LA-10000248,Office Supplies,Labels,Avery 52,7.38,2.0,0.0,3.4686,Manual Upload,Approved,
2505.0,CA-2014-143917,7/25/2014,7/27/2014,Second Class,KL-16645,Ken Lonsdale,Consumer,United States,San Francisco,California,94122.0,West,OFF-ST-10001228,Office Supplies,Storage,"Fellowes Personal Hanging Folder Files, Navy",53.72,4.0,0.0,15.0416,Legacy,,Check later
2506.0,CA-2014-143917,7/25/2014,7/27/2014,Second Class,KL-16645,Ken Lonsdale,Consumer,United States,San Francisco,California,94122.0,West,OFF-SU-10000151,Office Supplies,Supplies,High Speed Automatic Electric Letter Opener,8187.65,5.0,0.0,327.506,ERP,,Duplicate?
2507.0,CA-2014-143917,7/25/2014,7/27/2014,Second Class,KL-16645,Ken Lonsdale,Consumer,United States,San Francisco,California,94122.0,West,FUR-FU-10004351,Furniture,Furnishings,Staple-based wall hangings,77.92,8.0,0.0,34.2848,CRM,Rejected,Check later
2508.0,CA-2015-120397,7/2/2015,7/2/2015,Same Day,RB-19435,Richard Bierner,Consumer,United States,Houston,Texas,77070.0,Central,OFF-AP-10001293,Office Supplies,Appliances,Belkin 8 Outlet Surge Protector,32.784,4.0,0.8,-85.2384,Legacy,Rejected,Duplicate?
2509.0,CA-2017-163902,03/02/2017,3/8/2017,Standard Class,MY-17380,Maribeth Yedwab,Corporate,United States,Los Angeles,California,90045.0,West,TEC-PH-10000675,Technology,Phones,Panasonic KX TS3282B Corded phone,196.776,3.0,0.2,14.7582,ERP,Pending,Duplicate?
2510.0,CA-2017-163902,3/2/2017,3/8/2017,Standard Class,MY-17380,Maribeth Yedwab,Corporate,United States,Los Angeles,California,90045.0,West,TEC-AC-10000580,Technology,Accessories,Logitech G13 Programmable Gameboard with LCD Display,479.94,6.0,0.0,52.7934,Legacy,,
2511.0,CA-2016-136812,11/18/2016,11/23/2016,Standard Class,AW-10930,Arthur Wiediger,Home Office,United States,Oklahoma City,Oklahoma,73120.0,Central,OFF-ST-10003470,Office Supplies,Storage,"Tennsco Snap-Together Open Shelving Units, Starter Sets and Add-On Units",1117.92,4.0,0.0,55.896,ERP,Approved,Urgent
2512.0,CA-2015-102722,4/18/2015,4/19/2015,First Class,KW-16570,Kelly Williams,Consumer,United States,Monroe,Louisiana,71203.0,South,TEC-AC-10003116,Technology,Accessories,Memorex Froggy Flash Drive 8 GB,106.5,6.0,0.0,41.535,Manual Upload,,
2513.0,CA-2017-155089,12/2/2017,12/6/2017,Standard Class,DB-12910,Daniel Byrd,Home Office,United States,Tampa,Florida,33614.0,South,OFF-BI-10002429,Office Supplies,Binders,"Premier Elliptical Ring Binder, Black",-500.0,5.0,0.7,-33.484,ERP,Rejected,Duplicate?
2514.0,CA-2016-124506,11/11/2016,11/17/2016,Standard Class,BB-11545,Brenda Bowman,Corporate,United States,Chicago,Illinois,60623.0,Central,TEC-AC-10003280,Technology,Accessories,Belkin F8E887 USB Wired Ergonomic Keyboard,95.968,4.0,0.2,1.1996,ERP,Rejected,Duplicate?
2515.0,CA-2016-124506,11/11/2016,11/17/2016,Standard Class,BB-11545,Brenda Bowman,Corporate,United States,Chicago,Illinois,60623.0,Central,FUR-CH-10004540,Furniture,Chairs,Global Chrome Stack Chair,47.992,2.0,0.3,-2.0568,Legacy,Pending,Urgent
2516.0,CA-2014-106572,9/5/2014,9/10/2014,Standard Class,NP-18700,Nora Preis,Consumer,United States,Bowling Green,Ohio,43402.0,East,OFF-ST-10000585,Office Supplies,Storage,Economy Rollaway Files,264.32,2.0,0.2,19.824,Legacy,Pending,Duplicate?
2517.0,CA-2014-128888,11/15/2014,11/22/2014,Standard Class,PB-19105,Peter Bühler,Consumer,United States,Houston,Texas,77095.0,Central,OFF-EN-10003001,Office Supplies,Envelopes,Ames Color-File Green Diamond Border X-ray Mailers,604.656,9.0,0.2,204.0714,Legacy,Rejected,Duplicate?
2518.0,CA-2017-123134,5/2/2017,5/7/2017,Standard Class,DW-13585,Dorothy Wardle,Corporate,United States,Westfield,New Jersey,7090.0,East,FUR-FU-10003975,Furniture,Furnishings,Eldon Advantage Chair Mats for Low to Medium Pile Carpets,129.93,3.0,0.0,12.993,ERP,,
2519.0,CA-2016-124352,10/15/2016,10/21/2016,Standard Class,CD-12790,Cynthia Delaney,Home Office,United States,Oklahoma City,Oklahoma,73120.0,Central,OFF-LA-10004559,Office Supplies,Labels,Avery 49,20.16,7.0,0.0,9.8784,Manual Upload,,
2520.0,CA-2016-124352,10/15/2016,10/21/2016,Standard Class,CD-12790,Cynthia Delaney,Home Office,United States,Oklahoma City,Oklahoma,73120.0,Central,OFF-LA-10003223,Office Supplies,Labels,Avery 508,29.46,6.0,0.0,0.0,Manual Upload,Pending,Urgent
2521.0,CA-2016-124352,10/15/2016,10/21/2016,Standard Class,CD-12790,Cynthia Delaney,Home Office,United States,Oklahoma City,Oklahoma,ABCDE,Central,OFF-AP-10002651,Office Supplies,Appliances,Hoover Upright Vacuum With Dirt Cup,868.59,3.0,0.0,251.8911,Legacy,,
2522.0,CA-2016-124352,10/15/2016,10/21/2016,Standard Class,CD-12790,Cynthia Delaney,Home Office,United States,Oklahoma City,Oklahoma,73120.0,Central,OFF-PA-10003177,Office Supplies,Paper,Xerox 1999,12.96,2.0,0.0,6.2208,ERP,,
2523.0,CA-2016-124352,10/15/2016,10/21/2016,Standard Class,CD-12790,Cynthia Delaney,Home Office,United States,Oklahoma City,Oklahoma,73120.0,Central,TEC-PH-10003442,Technology,Phones,Samsung Replacement EH64AVFWE Premium Headset,5.5,1.0,0.0,1.375,Legacy,Approved,Check later
2524.0,CA-2016-124352,10/15/2016,10/21/2016,Standard Class,CD-12790,Cynthia Delaney,Home Office,United States,Oklahoma City,Oklahoma,73120.0,Central,OFF-BI-10000977,Office Supplies,Binders,Ibico Plastic Spiral Binding Combs,121.6,4.0,0.0,55.936,Legacy,,
2525.0,CA-2015-124541,4/6/2015,4/10/2015,Standard Class,TT-21220,Thomas Thornton,Consumer,United States,Houston,Texas,77041.0,Central,OFF-AR-10004078,Office Supplies,Art,Newell 312,42.048,9.0,0.2,5.256,Legacy,,
2526.0,CA-2015-124541,4/6/2015,4/10/2015,Standard Class,TT-21220,Thomas Thornton,Consumer,United States,Houston,Texas,77041.0,Central,TEC-AC-10002550,Technology,Accessories,Maxell 4.7GB DVD-RW 3/Pack,25.488,2.0,0.2,4.4604,Legacy,Pending,Duplicate?
2527.0,CA-2015-124541,4/6/2015,4/10/2015,Standard Class,TT-21220,Thomas Thornton,Consumer,United States,Houston,Texas,77041.0,Central,OFF-BI-10004965,Office Supplies,Binders,Ibico Covers for Plastic or Wire Binding Elements,6.9,3.0,0.8,-12.075,Legacy,Pending,
2528.0,CA-2015-124541,4/6/2015,4/10/2015,Standard Class,TT-21220,Thomas Thornton,Consumer,United States,Houston,Texas,77041.0,Central,OFF-BI-10004209,Office Supplies,Binders,"Fellowes Twister Kit, Gray/Clear, 3/pkg",9.648,6.0,0.8,-16.884,Manual Upload,Pending,Check later
2529.0,CA-2015-124541,4/6/2015,4/10/2015,Standard Class,TT-21220,Thomas Thornton,Consumer,United States,Houston,Texas,77041.0,Central,OFF-PA-10001526,Office Supplies,Paper,Xerox 1949,7.968,2.0,0.2,2.8884,ERP,,Duplicate?
2530.0,CA-2014-108707,10/24/2014,10/29/2014,Standard Class,DB-12910,Daniel Byrd,Home Office,United States,Fort Lauderdale,Florida,33311.0,South,OFF-PA-10000788,Office Supplies,Paper,Xerox 210,0.0,2.0,0.2,3.6288,CRM,Pending,Urgent
2531.0,CA-2014-111500,8/17/2014,8/21/2014,Standard Class,DJ-13510,Don Jones,Corporate,United States,Little Rock,Arkansas,72209.0,South,OFF-PA-10000595,Office Supplies,Paper,Xerox 1929,114.2,5.0,0.0,52.532,CRM,Pending,
2532.0,CA-2014-111500,8/17/2014,8/21/2014,Standard Class,DJ-13510,Don Jones,Corporate,United States,Little Rock,Arkansas,72209.0,South,OFF-BI-10000829,Office Supplies,Binders,Avery Non-Stick Binders,17.96,4.0,0.0,8.2616,Manual Upload,Pending,Check later
2533.0,CA-2014-111500,8/17/2014,8/21/2014,Standard Class,DJ-13510,Don Jones,Corporate,United States,Little Rock,Arkansas,72209.0,South,OFF-FA-10002676,Office Supplies,Fasteners,Colored Push Pins,12.67,7.0,0.0,4.5612,Legacy,Pending,
2534.0,CA-2014-111500,8/17/2014,8/21/2014,Standard Class,DJ-13510,Don Jones,Corporate,United States,Little Rock,Arkansas,72209.0,South,TEC-AC-10000844,Technology,Accessories,Logitech Gaming G510s - Keyboard,339.96,4.0,0.0,122.3856,ERP,Approved,
2535.0,US-2017-117723,8/15/2017,8/18/2017,Second Class,DL-13495,Dionis Lloyd,Corporate,United States,Philadelphia,Pennsylvania,19120.0,East,OFF-ST-10004459,Office Supplies,Storage,Tennsco Single-Tier Lockers,1801.632,6.0,0.2,-337.806,Legacy,Pending,Check later
2536.0,CA-2015-143238,9/6/2015,9/8/2015,First Class,LO-17170,Lori Olson,Corporate,United States,La Quinta,California,92253.0,West,TEC-AC-10003499,Technology,Accessories,Memorex Mini Travel Drive 8 GB USB 2.0 Flash Drive,46.32,4.0,0.0,18.0648,CRM,,
2537.0,CA-2015-168746,01/27/2015,1/29/2015,Second Class,SV-20365,Seth Vernon,Consumer,United States,Cleveland,Ohio,44105.0,East,FUR-CH-10000513,Furniture,Chairs,High-Back Leather Manager's Chair,181.986,2.0,0.3,-54.5958,Manual Upload,Rejected,
2538.0,CA-2015-168746,1/27/2015,1/29/2015,Second Class,SV-20365,Seth Vernon,Consumer,United States,Cleveland,Ohio,44105.0,East,TEC-PH-10000895,Technology,Phones,Polycom VVX 310 VoIP phone,431.976,4.0,0.4,-100.7944,ERP,,
2539.0,CA-2015-168746,1/27/2015,1/29/2015,Second Class,SV-20365,Seth Vernon,Consumer,United States,Cleveland,Ohio,44105.0,East,TEC-PH-10002555,Technology,Phones,Nortel Meridian M5316 Digital phone,155.37,1.0,0.4,-36.253,Legacy,,Duplicate?
2540.0,CA-2015-113404,7/16/2015,7/16/2015,Same Day,EM-13810,Eleni McCrary,Corporate,United States,San Francisco,California,94122.0,West,FUR-CH-10003312,Furniture,Chairs,Hon 2090 Pillow Soft Series Mid Back Swivel/Tilt Chairs,1348.704,6.0,0.2,-219.1644,Legacy,,
2541.0,CA-2015-113404,7/16/2015,7/16/2015,Same Day,EM-13810,Eleni McCrary,Corporate,United States,San Francisco,California,94122.0,West,FUR-CH-10004086,Furniture,Chairs,Hon 4070 Series Pagoda Armless Upholstered Stacking Chairs,700.152,3.0,0.2,78.7671,Legacy,Pending,
2542.0,CA-2016-144792,4/30/2016,5/4/2016,Standard Class,KD-16615,Ken Dana,Corporate,United States,Scottsdale,Arizona,85254.0,West,FUR-FU-10002759,Furniture,Furnishings,12-1/2 Diameter Round Wall Clock,111.888,7.0,0.2,22.3776,CRM,Rejected,Check later
2543.0,CA-2014-164385,9/26/2014,10/1/2014,Second Class,NB-18580,Nicole Brennan,Corporate,United States,Philadelphia,Pennsylvania,19134.0,East,OFF-AP-10002191,Office Supplies,Appliances,Belkin 8 Outlet SurgeMaster II Gold Surge Protector,143.952,3.0,0.2,14.3952,Legacy,,
2544.0,US-2016-114174,9/8/2016,9/14/2016,Standard Class,AP-10720,Anne Pryor,Home Office,United States,Malden,Massachusetts,2148.0,East,FUR-BO-10003450,Furniture,Bookcases,"Bush Westfield Collection Bookcases, Dark Cherry Finish",173.94,3.0,0.0,13.9152,CRM,Rejected,Check later
2545.0,US-2016-114174,9/8/2016,9/14/2016,Standard Class,AP-10720,Anne Pryor,Home Office,United States,Malden,Massachusetts,2148.0,East,OFF-LA-10000248,Office Supplies,Labels,Avery 52,14.76,4.0,0.0,6.9372,Legacy,Rejected,Urgent
2546.0,CA-2017-108070,4/16/2017,4/20/2017,Standard Class,JE-15745,Joel Eaton,Consumer,United States,San Jose,California,95123.0,West,OFF-ST-10004804,Office Supplies,Storage,"Belkin 19"" Vented Equipment Shelf, Black",205.92,4.0,0.0,2.0592,ERP,Pending,Check later
2547.0,CA-2017-108070,4/16/2017,4/20/2017,Standard Class,JE-15745,Joel Eaton,Consumer,United States,San Jose,California,95123.0,West,FUR-BO-10001337,Furniture,Bookcases,O'Sullivan Living Dimensions 2-Shelf Bookcases,102.833,1.0,0.15,-6.049,Legacy,Pending,
2548.0,US-2015-128090,8/16/2015,22/08/2015,Standard Class,JM-15865,John Murray,Consumer,United States,Phoenix,Arizona,85023.0,West,OFF-AR-10002255,Office Supplies,Art,Newell 346,2.304,1.0,0.2,0.2592,ERP,,
2549.0,US-2015-128090,8/16/2015,8/22/2015,Standard Class,JM-15865,John Murray,Consumer,United States,Phoenix,Arizona,85023.0,West,TEC-PH-10002624,Technology,Phones,Samsung Galaxy S4 Mini,1879.96,5.0,0.2,211.4955,Manual Upload,Rejected,Duplicate?
2550.0,US-2015-128090,8/16/2015,8/22/2015,Standard Class,JM-15865,John Murray,Consumer,United States,Phoenix,Arizona,85023.0,West,OFF-PA-10001878,office_supplies,Paper,Xerox 1891,313.024,8.0,0.2,105.6456,Manual Upload,,Urgent
2551.0,US-2015-128090,8/16/2015,8/22/2015,Standard Class,JM-15865,John Murray,Consumer,United States,Phoenix,Arizona,85023.0,West,OFF-LA-10000452,Office Supplies,Labels,Avery 488,5.04,2.0,0.2,1.764,CRM,Pending,Urgent
2552.0,CA-2017-101042,11/19/2017,11/23/2017,Standard Class,AB-10105,Adrian Barton,Consumer,United States,Henderson,Kentucky,42420.0,South,FUR-FU-10004665,Furniture,Furnishings,"3M Polarizing Task Lamp with Clamp Arm, Light Gray",821.88,6.0,0.0,213.6888,Manual Upload,,Check later
2553.0,CA-2017-101042,11/19/2017,11/23/2017,Standard Class,AB-10105,Adrian Barton,Consumer,United States,Henderson,Kentucky,42420.0,South,OFF-BI-10000088,Office Supplies,Binders,GBC Imprintable Covers,21.96,2.0,0.0,10.7604,CRM,,Duplicate?
2554.0,CA-2016-155439,9/14/2016,9/18/2016,Standard Class,PN-18775,Parhena Norris,Home Office,United States,Columbia,South Carolina,29203.0,South,OFF-PA-10000029,Office Supplies,Paper,Xerox 224,25.92,4.0,0.0,12.4416,CRM,,Duplicate?
2555.0,CA-2016-118626,8/15/2016,8/20/2016,Standard Class,JC-15775,John Castell,Consumer,United States,Tallahassee,Florida,32303.0,South,TEC-PH-10000369,Technology,Phones,HTC One Mini,705.544,7.0,0.2,70.5544,Manual Upload,Approved,Urgent
2556.0,CA-2015-111458,9/26/2015,9/30/2015,Standard Class,PF-19165,Philip Fox,Consumer,United States,New York City,New York,10035.0,East,TEC-AC-10001590,Technology,Accessories,Dell Slim USB Multimedia Keyboard,50.0,2.0,0.0,12.0,CRM,Pending,
2557.0,US-2016-126844,10/8/2016,10/14/2016,Standard Class,BW-11110,Bart Watters,Corporate,United States,Houston,Texas,77070.0,Central,FUR-FU-10004909,Furniture,Furnishings,Contemporary Wood/Metal Frame,51.712,8.0,0.6,-32.32,Legacy,Rejected,Duplicate?
2558.0,US-2015-112508,3/24/2015,3/30/2015,Standard Class,BP-11185,Ben Peterman,Corporate,United States,Coral Springs,Florida,33065.0,South,OFF-AP-10002287,Office Supplies,Appliances,"Eureka Sanitaire  Multi-Pro Heavy-Duty Upright, Disposable Bags",6.992,2.0,0.2,0.5244,CRM,,
2559.0,CA-2015-147788,5/31/2015,6/4/2015,Standard Class,TM-21010,Tamara Manning,Consumer,United States,Orem,Utah,84057.0,West,FUR-BO-10004357,Furniture,Bookcases,O'Sullivan Living Dimensions 3-Shelf Bookcases,1406.86,7.0,0.0,140.686,Manual Upload,,
2560.0,CA-2015-147788,5/31/2015,6/4/2015,Standard Class,TM-21010,Tamara Manning,Consumer,United States,Orem,Utah,84057.0,West,OFF-LA-10003766,Office Supplies,Labels,Self-Adhesive Removable Labels,15.75,5.0,0.0,7.56,Legacy,Pending,Urgent
2561.0,CA-2015-147788,5/31/2015,6/4/2015,Standard Class,TM-21010,Tamara Manning,Consumer,United States,Orem,Utah,84057.0,West,OFF-ST-10000046,Office Supplies,Storage,Fellowes Super Stor/Drawer Files,323.1,2.0,0.0,61.389,Legacy,Rejected,Duplicate?
2562.0,CA-2015-144288,12/25/2015,12/31/2015,Standard Class,MB-17305,Maria Bertelson,Consumer,United States,Nashville,Tennessee,37211.0,South,OFF-LA-10003190,Office Supplies,Labels,Avery 474,9.216,4.0,0.2,3.3408,Manual Upload,Approved,Check later
2563.0,CA-2015-144288,12/25/2015,12/31/2015,Standard Class,MB-17305,Maria Bertelson,Consumer,United States,Nashville,Tennessee,37211.0,South,OFF-PA-10002787,Office Supplies,Paper,Xerox 227,10.368,2.0,0.2,3.6288,Manual Upload,Pending,Urgent
2564.0,CA-2015-110632,3/17/2015,3/22/2015,Second Class,HR-14830,Harold Ryan,Corporate,United States,New York City,New York,10009.0,East,TEC-AC-10000387,Technology,Accessories,KeyTronic KT800P2 - Keyboard - Black,15.02,1.0,0.0,2.7036,CRM,,Urgent
2565.0,CA-2015-110632,3/17/2015,3/22/2015,Second Class,HR-14830,Harold Ryan,Corporate,United States,New York City,New York,10009.0,East,OFF-ST-10001291,Office Supplies,Storage,"Tenex Personal Self-Stacking Standard File Box, Black/Gray",33.82,2.0,0.0,9.1314,Manual Upload,Approved,Check later
2566.0,CA-2017-109589,12/21/2017,12/24/2017,First Class,BD-11635,Brian Derr,Consumer,United States,Bowling Green,Kentucky,42104.0,South,TEC-AC-10003116,Technology,Accessories,Memorex Froggy Flash Drive 8 GB,71.0,4.0,0.0,27.69,CRM,Pending,
2567.0,CA-2017-123967,11/1/2017,11/3/2017,Second Class,SF-20200,Sarah Foster,Consumer,United States,Bellingham,Washington,98226.0,West,OFF-BI-10001308,Office Supplies,Binders,GBC Standard Plastic Binding Systems' Combs,25.12,5.0,0.2,7.85,ERP,Pending,Duplicate?
2568.0,CA-2017-123967,11/1/2017,11/3/2017,Second Class,SF-20200,Sarah Foster,Consumer,United States,Bellingham,Washington,98226.0,Wst,FUR-TA-10003954,Furniture,Tables,Hon 94000 Series Round Tables,2665.62,9.0,1.5,239.9058,Legacy,Pending,Check later
2569.0,CA-2017-148929,9/7/2017,9/11/2017,Standard Class,SP-20620,Stefania Perrino,Corporate,United States,New York City,New York,10011.0,East,OFF-ST-10003282,Office Supplies,Storage,"Advantus 10-Drawer Portable Organizer, Chrome Metal Frame, Smoke Drawers",478.08,8.0,0.0,133.8624,Legacy,,Check later
2570.0,CA-2017-134404,12/27/2017,12/27/2017,Same Day,DR-12880,Dan Reichenbach,Corporate,United States,Newark,Ohio,43055.0,East,TEC-PH-10000576,Technology,Phones,AT&T 1080 Corded phone,164.388,2.0,0.4,-35.6174,ERP,,Duplicate?
2571.0,CA-2017-134404,12/27/2017,12/27/2017,Same Day,DR-12880,Dan Reichenbach,Corporate,United States,Newark,Ohio,43055.0,East,OFF-AR-10004441,Office Supplies,Art,BIC Brite Liner Highlighters,13.248,4.0,0.2,3.6432,CRM,Pending,Check later
2572.0,CA-2017-109778,7/16/2017,7/21/2017,Standard Class,VM-21685,Valerie Mitchum,Home Office,United States,Woodstock,Illinois,60098.0,Central,OFF-AR-10003759,Office Supplies,Art,"Crayola Anti Dust Chalk, 12/Pack",2.912,2.0,0.2,0.91,Manual Upload,Rejected,Urgent
2573.0,CA-2016-155845,8/12/2016,8/15/2016,Second Class,CM-12235,Chris McAfee,Consumer,United States,Carrollton,Texas,75007.0,Central,TEC-AC-10004145,Technology,Accessories,Logitech diNovo Edge Keyboard,1399.944,7.0,0.2,52.4979,Legacy,,
2574.0,CA-2017-145128,7/9/2017,7/14/2017,Standard Class,SM-20320,Sean Miller,Home Office,United States,Lafayette,Indiana,47905.0,Central,FUR-FU-10000293,Furn,Furnishings,Eldon Antistatic Chair Mats for Low to Medium Pile Carpets,526.45,5.0,0.0,31.587,Legacy,Pending,Duplicate?
2575.0,CA-2014-129091,11/22/2014,11/27/2014,Standard Class,RA-19885,Ruben Ausman,Corporate,United States,Columbus,Georgia,31907.0,South,OFF-EN-10004955,Office Supplies,Envelopes,Fashion Color Clasp Envelopes,16.23,3.0,0.0,7.9527,ERP,Approved,Urgent
2576.0,CA-2014-129091,11/22/2014,11/27/2014,Standard Class,RA-19885,Ruben Ausman,CORP,United States,Columbus,Georgia,31907.0,South,OFF-BI-10001071,Office Supplies,Binders,GBC ProClick Punch Binding System,319.9,5.0,0.0,156.751,CRM,Rejected,Check later
2577.0,CA-2014-129091,11/22/2014,11/27/2014,Standard Class,RA-19885,Ruben Ausman,Corporate,United States,Columbus,Georgia,31907.0,South,OFF-EN-10001990,Office Supplies,Envelopes,Staple envelope,11.36,2.0,0.0,5.3392,Manual Upload,Pending,Check later
2578.0,CA-2014-129091,11/22/2014,11/27/2014,Standard Class,RA-19885,Ruben Ausman,Corporate,United States,Columbus,Georgia,31907.0,South,OFF-AP-10002734,Office Supplies,Appliances,Holmes Harmony HEPA Air Purifier for 17 x 20 Room,675.12,3.0,0.0,290.3016,Manual Upload,Rejected,Check later
2579.0,US-2014-155502,1/26/2014,1/31/2014,Standard Class,SD-20485,Shirley Daniels,Home Office,United States,Alexandria,Virginia,22304.0,South,FUR-FU-10004587,Furniture,Furnishings,"GE General Use Halogen Bulbs, 100 Watts, 1 Bulb per Pack",62.82,3.0,0.0,30.7818,Manual Upload,Pending,
2580.0,US-2014-155502,2014/01/26,1/31/2014,Standard Class,SD-20485,Shirley Daniels,Home Office,United States,Alexandria,Virginia,22304.0,South,OFF-ST-10004337,Office Supplies,Storage,"SAFCO Commercial Wire Shelving, 72h",489.92,8.0,0.0,0.0,Legacy,Approved,Urgent
2581.0,US-2014-155502,1/26/2014,1/31/2014,Standard Class,SD-20485,Shirley Daniels,Home Office,United States,Alexandria,Virginia,22304.0,South,OFF-PA-10003072,Office Supplies,Paper,"Eureka Recycled Copy Paper 8 1/2"" x 11"", Ream",19.44,3.0,0.0,9.3312,ERP,,Urgent
2582.0,US-2014-155502,1/26/2014,1/31/2014,Standard Class,SD-20485,Shirley Daniels,Home Office,United States,Alexandria,Virginia,22304.0,South,OFF-PA-10000380,Office Supplies,Paper,"REDIFORM Incoming/Outgoing Call Register, 11"" X 8 1/2"", 100 Messages",16.68,2.0,0.0,8.34,Manual Upload,Rejected,Urgent
2583.0,US-2014-155502,1/26/2014,1/31/2014,Standard Class,SD-20485,Shirley Daniels,Home Office,United States,Alexandria,Virginia,22304.0,South,TEC-PH-10004833,Technology,Phones,Macally Suction Cup Mount,155.35,13.0,0.0,0.0,ERP,Approved,
2584.0,US-2014-155502,1/26/2014,1/31/2014,Standard Class,SD-20485,Shirley Daniels,Home Office,United States,Alexandria,Virginia,22304.0,South,FUR-FU-10001847,Furniture,Furnishings,Eldon Image Series Black Desk Accessories,12.42,3.0,0.0,4.4712,CRM,,Check later
2585.0,US-2014-155502,1/26/2014,1/31/2014,Standard Class,SD-20485,Shirley Daniels,Home Office,United States,Alexandria,Virginia,22304.0,South,TEC-PH-10002103,Technology,Phones,Jabra SPEAK 410,187.98,2.0,0.0,52.6344,Legacy,Rejected,Check later
2586.0,CA-2015-121041,11/3/2015,11/10/2015,Standard Class,CS-12250,Chris Selesnick,Corporate,United States,Haltom City,Texas,76117.0,Central,OFF-EN-10001137,Office Supplies,Envelopes,"#10 Gummed Flap White Envelopes, 100/Box",6.608,2.0,0.2,2.1476,Legacy,Approved,Urgent
2587.0,CA-2017-131695,6/30/2017,7/6/2017,Standard Class,RA-19285,Ralph Arnett,Consumer,United States,New York City,New York,10024.0,East,OFF-ST-10001476,Office Supplies,Storage,Steel Personal Filing/Posting Tote,248.57,7.0,0.0,67.1139,ERP,,Duplicate?
2588.0,CA-2017-131695,6/30/2017,06/07/2017,Standard Class,RA-19285,Ralph Arnett,Consumer,United States,New York City,New York,10024.0,East,FUR-FU-10002045,Furniture,Furnishings,"Executive Impressions 14""",22.23,1.0,0.0,9.7812,Manual Upload,Pending,Urgent
2589.0,CA-2016-137729,5/5/2016,5/9/2016,Standard Class,BF-11005,Barry Franz,HOME OFFICE,United States,Los Angeles,California,90004.0,West,OFF-ST-10001505,Office Supplies,Storage,"Perma STOR-ALL Hanging File Box, 13 1/8""W x 12 1/4""D x 10 1/2""H",5.98,1.0,0.99,1.0166,CRM,,
2590.0,CA-2016-137729,5/5/2016,5/9/2016,Standard Class,BF-11005,Barry Franz,Home Office,United States,Los Angeles,California,90004.0,West,TEC-PH-10001433,Technology,Phones,Cisco Small Business SPA 502G VoIP phone,246.168,3.0,0.2,21.5397,ERP,Pending,Duplicate?
2591.0,US-2016-115455,9/8/2016,2016-09-14,Standard Class,SE-20110,Sanjit Engle,Consumer,United States,Wheeling,Illinois,60090.0,Central,FUR-FU-10004671,Furniture,Furnishings,"Executive Impressions 12"" Wall Clock",14.136,2.0,0.6,-7.7748,Manual Upload,,Urgent
2592.0,US-2016-115455,9/8/2016,9/14/2016,Standard Class,SE-20110,Sanjit Engle,Consumer,United States,Wheeling,Illinois,60090.0,Central,FUR-TA-10003569,Furniture,Tables,Bretford CR8500 Series Meeting Room Furniture,601.47,3.0,0.5,-300.735,Manual Upload,Rejected,Check later
2593.0,CA-2017-128300,11/24/2017,11/26/2017,Second Class,RS-19765,Roland Schwarz,Corporate,United States,Summerville,South Carolina,29483.0,South,TEC-PH-10002807,Technology,Phones,Motorla HX550 Universal Bluetooth Headset,79.1,2.0,0.0,39.55,ERP,Approved,Duplicate?
2594.0,CA-2017-128300,11/24/2017,11/26/2017,Second Class,RS-19765,Roland Schwarz,Corporate,United States,Summerville,South Carolina,29483.0,South,OFF-BI-10001597,Office Supplies,Binders,"Wilson Jones Ledger-Size, Piano-Hinge Binder, 2"", Blue",327.84,8.0,0.0,157.3632,ERP,Pending,
2595.0,CA-2017-149048,13 May 2017,5/17/2017,Standard Class,BM-11650,Brian Moss,Corporate,United States,Columbus,Indiana,47201.0,Central,OFF-EN-10003296,Office Supplies,Envelopes,Tyvek Side-Opening Peel & Seel Expanding Envelopes,180.96,100.0,0.0,81.432,Manual Upload,Rejected,
2596.0,CA-2017-149048,5/13/2017,5/17/2017,Standard Class,BM-11650,Brian Moss,Corporate,United States,Columbus,Indiana,47201.0,Central,OFF-BI-10004632,Office Supplies,Binders,Ibico Hi-Tech Manual Binding System,914.97,3.0,0.0,411.7365,Manual Upload,Rejected,Urgent
2597.0,CA-2017-149048,5/13/2017,5/17/2017,Standard Class,BM-11650,Brian Moss,Corporate,United States,Columbus,Indiana,47201.0,Central,TEC-PH-10002310,Technology,Phones,Plantronics Calisto P620-M USB Wireless Speakerphone System,587.97,3.0,0.0,158.7519,CRM,,Urgent
2598.0,CA-2017-149048,5/13/2017,5/17/2017,Standard Class,BM-11650,Brian Moss,Corporate,United States,Columbus,Indiana,47201.0,Central,OFF-ST-10000078,Office Supplies,Storage,Tennsco 6- and 18-Compartment Lockers,530.34,2.0,0.0,95.4612,Manual Upload,Rejected,
2599.0,CA-2017-149048,5/13/2017,5/17/2017,Standard Class,BM-11650,Brian Moss,Corporate,United States,Columbus,Indiana,47201.0,Central,OFF-PA-10001752,Office Supplies,Paper,Hammermill CopyPlus Copy Paper (20Lb. and 84 Bright),14.94,3.0,0.0,7.3206,ERP,Rejected,Urgent
2600.0,CA-2017-108553,4/23/2017,4/29/2017,Standard Class,SK-19990,Sally Knutson,Consumer,United States,New York City,New York,10024.0,East,OFF-AP-10000026,Office Supplies,Appliances,Tripp Lite Isotel 6 Outlet Surge Protector with Fax/Modem Protection,121.94,2.0,0.0,35.3626,ERP,Approved,
2601.0,CA-2017-108553,4/23/2017,4/29/2017,Standard Class,SK-19990,Sally Knutson,Consumer,United States,New York City,New York,10024.0,East,OFF-SU-10002573,Office Supplies,Supplies,"Acme 10"" Easy Grip Assistive Scissors",122.71,7.0,0.0,36.813,CRM,Pending,Check later
2602.0,CA-2016-165848,6/4/2016,6/4/2016,Same Day,EN-13780,Edward Nazzal,Consumer,United States,New York City,New York,10035.0,East,OFF-PA-10000349,Office Supplies,Paper,Easy-staple paper,14.94,3.0,0.0,7.0218,CRM,Rejected,
2603.0,CA-2016-165848,6/4/2016,6/4/2016,Same Day,EN-13780,Edward Nazzal,Consumer,United States,New York City,New York,10035.0,East,TEC-MA-10003356,Technology,Machines,Panasonic KX MC6040 Color Laser Multifunction Printer,1349.85,3.0,0.0,364.4595,CRM,Pending,Duplicate?
2604.0,CA-2016-165848,6/4/2016,6/4/2016,Same Day,EN-13780,Edward Nazzal,Consumer,United States,New York City,NY,10035.0,East,FUR-BO-10000362,Furniture,Bookcases,Sauder Inglewood Library Bookcases,136.784,1.0,0.2,5.1294,CRM,Pending,
2605.0,CA-2016-165848,6/4/2016,6/4/2016,Same Day,EN-13780,Edward Nazzal,Consumer,United States,New York City,New York,10035.0,East,FUR-FU-10003878,Furniture,Furnishings,"Linden 10"" Round Wall Clock, Black",61.12,4.0,0.0,20.7808,ERP,Pending,Check later
2606.0,CA-2014-112718,12/16/2014,12/21/2014,Standard Class,KN-16450,Kean Nguyen,Corporate,United States,Jacksonville,Florida,32216.0,South,OFF-BI-10000591,Office Supplies,Binders,Avery Binder Labels,1.167,1.0,0.7,-0.8558,Manual Upload,,
2607.0,CA-2016-154053,3/4/2016,3/10/2016,Standard Class,MG-17890,Michael Granlund,Home Office,United States,San Diego,California,92024.0,West,OFF-AR-10003727,Office Supplies,Art,Berol Giant Pencil Sharpener,16.99,1.0,0.0,4.9271,Legacy,Rejected,Duplicate?
2608.0,CA-2014-127446,11/25/2014,11/30/2014,Standard Class,MC-17590,Matt Collister,Corporate,United States,Arlington,Texas,76017.0,Central,TEC-AC-10001635,Technology,Accessories,KeyTronic KT400U2 - Keyboard - Black,24.672,3.0,0.2,0.0,ERP,,Urgent
2609.0,CA-2014-127446,11/25/2014,11/30/2014,Standard Class,MC-17590,Matt Collister,Corporate,United States,Arlington,Texas,76017.0,Central,OFF-LA-10001317,Office Supplies,Labels,Avery 520,2.52,1.0,0.2,0.882,Legacy,Pending,Check later
2610.0,CA-2014-127446,11/25/2014,11/30/2014,Standard Class,MC-17590,Matt Collister,Corporate,United States,Arlington,Texas,76017.0,Central,FUR-TA-10000577,Furniture,Tables,Bretford CR4500 Series Slim Rectangular Table,1218.735,5.0,0.3,-121.8735,Legacy,Approved,Duplicate?
2611.0,CA-2014-127446,11/25/2014,11/30/2014,Standard Class,MC-17590,Matt Collister,Corporate,United States,Arlington,Texas,76017.0,Central,OFF-LA-10000248,Office Supplies,Labels,Avery 52,5.904,2.0,0.2,1.9926,Manual Upload,Rejected,
2612.0,CA-2014-127446,11/25/2014,11/30/2014,Standard Class,MC-17590,Matt Collister,Corporate,United States,Arlington,Texas,76017.0,Central,OFF-PA-10000955,Office Supplies,Paper,Southworth 25% Cotton Granite Paper & Envelopes,15.696,3.0,0.2,5.1012,Legacy,Rejected,
2613.0,CA-2014-127446,11/25/2014,11/30/2014,Standard Class,MC-17590,Matt Collister,CORP,United States,Arlington,Texas,76017.0,Central,FUR-FU-10000221,Furniture,Furnishings,"Master Caster Door Stop, Brown",6.096,3.0,0.6,-3.9624,CRM,Approved,
2614.0,CA-2016-137204,4/28/2016,5/5/2016,Standard Class,BO-11350,Bill Overfelt,Corporate,United States,Los Angeles,California,90045.0,West,FUR-CH-10002304,Furniture,Chairs,"Global Stack Chair without Arms, Black",41.568,2.0,0.2,2.598,CRM,Approved,Duplicate?
2615.0,CA-2014-147298,4/26/2014,5/3/2014,Standard Class,AG-10300,Aleksandra Gannaway,Corporate,United States,Los Angeles,California,90049.0,West,FUR-CH-10004886,Furniture,Chairs,Bevis Steel Folding Chairs,230.28,3.0,0.2,23.028,Legacy,Rejected,Duplicate?
2616.0,CA-2014-147298,4/26/2014,5/3/2014,Standard Class,AG-10300,Aleksandra Gannaway,Corporate,United States,Los Angeles,California,90049.0,West,OFF-BI-10001525,Office Supplies,Binders,"Acco Pressboard Covers with Storage Hooks, 14 7/8"" x 11"", Executive Red",18.288,6.0,0.2,5.715,CRM,Approved,Urgent
2617.0,CA-2017-147942,4/1/2017,4/5/2017,Standard Class,MS-17365,Maribeth Schnelling,Consumer,United States,San Francisco,California,94110.0,West,OFF-LA-10003663,Office Supplies,Labels,Avery 498,5.78,2.0,0.0,2.7166,Legacy,Approved,
2618.0,CA-2017-147942,4/1/2017,4/5/2017,Standard Class,MS-17365,Maribeth Schnelling,Consumer,United States,San Francisco,California,94110.0,West,OFF-BI-10001294,Office Supplies,Binders,Fellowes Binding Cases,121.68,13.0,0.2,38.025,Legacy,Approved,Urgent
2619.0,CA-2017-115931,12/22/2017,12/26/2017,Standard Class,JM-15655,Jim Mitchum,Corporate,United States,Carlsbad,New Mexico,88220.0,West,OFF-AR-10000369,Office Supplies,Art,Design Ebony Sketching Pencil,4.17,3.0,0.0,1.0842,Manual Upload,,Urgent
2620.0,CA-2017-115931,12/22/2017,12/26/2017,Standard Class,JM-15655,Jim Mitchum,Corporate,United States,Carlsbad,New Mexico,88220.0,West,TEC-PH-10001300,Technology,Phones,"iKross Bluetooth Portable Keyboard + Cell Phone Stand Holder + Brush for Apple iPhone 5S 5C 5, 4S 4",67.04,4.0,0.2,6.704,Manual Upload,Rejected,Urgent
2621.0,CA-2017-115931,12/22/2017,12/26/2017,Standard Class,JM-15655,Jim Mitchum,Corporate,United States,Carlsbad,New Mexico,88220.0,West,OFF-ST-10000876,Office Supplies,Storage,Eldon Simplefile Box Office,37.32,3.0,0.0,10.4496,Legacy,Approved,
2622.0,CA-2017-115931,12/22/2017,12/26/2017,Standard Class,JM-15655,Jim Mitchum,Corporate,United States,Carlsbad,New Mexico,88220.0,West,OFF-LA-10001404,Office Supplies,Labels,Avery 517,18.45,5.0,0.0,8.6715,CRM,Pending,Urgent
2623.0,CA-2014-164861,12/3/2014,12/6/2014,Second Class,MC-17635,Matthew Clasen,Corporate,United States,Saint Louis,Missouri,63116.0,Central,OFF-PA-10001972,Office Supplies,Paper,Xerox 214,25.92,4.0,0.0,12.4416,CRM,Approved,Urgent
2624.0,CA-2017-127180,10/22/2017,10/24/2017,First Class,TA-21385,Tom Ashbrook,Home Office,United States,New York City,New York,10024.0,East,TEC-CO-10004722,Technology,Copiers,Canon imageCLASS 2200 Advanced Copier,11199.968,4.0,0.2,3919.9888,CRM,Pending,Check later
2625.0,CA-2017-127180,10/22/2017,10/24/2017,First Class,TA-21385,Tom Ashbrook,Home Office,United States,New York City,New York,10024.0,East,TEC-PH-10001494,Technology,Phones,Polycom CX600 IP Phone VoIP phone,2399.6,8.0,0.0,647.892,Legacy,Pending,
2626.0,CA-2017-127180,10/22/2017,10/24/2017,First Class,TA-21385,Tom Ashbrook,Home Office,United States,New York City,New York,10024.0,East,OFF-EN-10002500,Office Supplies,Envelopes,Globe Weis Peel & Seel First Class Envelopes,63.9,5.0,0.0,28.755,ERP,Pending,Duplicate?
2627.0,CA-2017-127180,10/22/2017,10/24/2017,First Class,TA-21385,Tom Ashbrook,Home Office,United States,New York City,New York,10024.0,East,TEC-PH-10003800,Technology,Phones,i.Sound Portable Power - 8000 mAh,52.99,1.0,0.0,0.5299,CRM,Approved,
2628.0,US-2017-165344,11/13/2017,11/15/2017,First Class,SB-20290,Sean Braxton,Corporate,United States,Springfield,Ohio,45503.0,East,TEC-AC-10002399,Technology,Accessories,SanDisk Cruzer 32 GB USB Flash Drive,60.864,4.0,0.2,9.1296,Legacy,Approved,Urgent
2629.0,US-2017-165344,11/13/2017,11/15/2017,First Class,SB-20290,Sean Braxton,Corporate,United States,Springfield,Ohio,45503.0,East,TEC-MA-10002210,Technology,Machines,Epson TM-T88V Direct Thermal Printer - Monochrome - Desktop,652.995,7.0,0.7,-935.9595,ERP,Approved,
2630.0,US-2017-165344,11/13/2017,11/15/2017,First Class,SB-20290,Sean Braxton,Corporate,United States,Springfield,Ohio,45503.0,East,OFF-BI-10003196,Office Supplies,Binders,Accohide Poly Flexible Ring Binders,11.22,10.0,0.7,-7.48,Legacy,Pending,
2631.0,CA-2015-168186,9/10/2015,9/15/2015,Standard Class,AB-10150,Aimee Bixby,Consumer,United States,Tulsa,Oklahoma,74133.0,Central,OFF-PA-10000477,Office Supplies,Paper,Xerox 1952,14.94,3.0,0.0,7.0218,CRM,,Check later
2632.0,US-2017-110604,5/15/2017,5/20/2017,Standard Class,JF-15295,Jason Fortune-,Consumer,United States,Seattle,Washington,98103.0,West,FUR-FU-10000076,Furniture,Furnishings,24-Hour Round Wall Clock,39.96,2.0,0.0,17.1828,CRM,Approved,Check later
2633.0,US-2017-110604,5/15/2017,5/20/2017,Standard Class,JF-15295,Jason Fortune-,Consumer,United States,Seattle,Washington,98103.0,West,FUR-CH-10002017,Furniture,Chairs,SAFCO Optional Arm Kit for Workspace Cribbage Stacking Chair,42.624,2.0,0.2,4.2624,CRM,Pending,
2634.0,US-2017-110604,5/15/2017,5/20/2017,Standard Class,JF-15295,Jason Fortune-,Consumer,United States,Seattle,Washington,98103.0,West,FUR-CH-10004287,Furniture,Chairs,SAFCO Arco Folding Chair,220.96,1.0,0.2,24.858,CRM,Rejected,
2635.0,CA-2015-116750,7/5/2015,7/10/2015,Second Class,BF-10975,Barbara Fisher,Corporate,United States,Fayetteville,North Carolina,28314.0,South,FUR-FU-10003829,Furniture,Furnishings,Stackable Trays,4.928,2.0,0.2,0.7392,Manual Upload,Rejected,Duplicate?
2636.0,CA-2015-116750,7/5/2015,7/10/2015,Second Class,BF-10975,Barbara Fisher,Corporate,United States,Fayetteville,North Carolina,28314.0,South,OFF-BI-10004728,Office Supplies,Binders,Wilson Jones Turn Tabs Binder Tool for Ring Binders,7.23,5.0,0.7,-5.784,Legacy,,
2637.0,CA-2015-162369,8/15/2015,8/19/2015,Standard Class,TT-21265,Tim Taslimi,Corporate,United States,Los Angeles,California,90045.0,West,OFF-ST-10000046,Office Supplies,Storage,Fellowes Super Stor/Drawer Files,323.1,2.0,0.0,61.389,ERP,Rejected,Urgent
2638.0,CA-2017-108441,6/12/2017,6/18/2017,Standard Class,SB-20170,Sarah Bern,Consumer,United States,New York City,New York,10035.0,East,OFF-PA-10000697,office supplies,Paper,"TOPS Voice Message Log Book, Flash Format",19.04,4.0,0.0,9.3296,Manual Upload,,Urgent
2639.0,CA-2017-108441,6/12/2017,6/18/2017,Standard Class,SB-20170,Sarah Bern,Consumer,United States,New York City,New York,10035.0,East,OFF-BI-10000848,Office Supplies,Binders,Angle-D Ring Binders,13.128,3.0,0.2,4.2666,CRM,Rejected,Duplicate?
2640.0,CA-2017-108441,6/12/2017,6/18/2017,Standard Class,SB-20170,Sarah Bern,Consumer,United States,New york city,New York,10035.0,East,OFF-AR-10004691,Office Supplies,Art,Boston 1730 StandUp Electric Pencil Sharpener,64.14,3.0,0.0,16.6764,Legacy,,Urgent
2641.0,CA-2017-108441,6/12/2017,6/18/2017,Standard Class,SB-20170,Sarah Bern,Consumer,United States,New York City,New York,10035.0,East,FUR-CH-10000595,Furniture,Chairs,Safco Contoured Stacking Chairs,858.24,4.0,0.1,143.04,ERP,Approved,Duplicate?
2642.0,CA-2015-169740,2/20/2015,2/25/2015,Standard Class,LM-17065,Liz MacKendrick,Consumer,United States,Hot Springs,Arkansas,71901.0,South,TEC-AC-10000927,Technology,Accessories,Anker Ultrathin Bluetooth Wireless Keyboard Aluminum Cover with Stand ,29.99,1.0,0.0,2.999,Manual Upload,Rejected,
2643.0,CA-2016-124051,12/29/2016,12/30/2016,First Class,KA-16525,Kelly Andreada,Consumer,United States,Aurora,Illinois,60505.0,Central,OFF-PA-10001289,Office Supplies,Paper,White Computer Printout Paper by Universal,186.048,6.0,0.2,67.4424,CRM,Pending,
2644.0,CA-2016-149111,4/17/2016,4/21/2016,Second Class,BF-11170,Ben Ferrer,Home Office,United States,Raleigh,North Carolina,27604.0,South,TEC-PH-10003092,Technology,Phones,Motorola L804,36.792,1.0,0.2,4.1391,ERP,,
2645.0,CA-2016-149111,4/17/2016,4/21/2016,Second Class,BF-11170,Ben Ferrer,Home Office,United States,Raleigh,North Carolina,27604.0,South,FUR-FU-10000206,Furniture,Furnishings,"GE General Purpose, Extra Long Life, Showcase & Floodlight Incandescent Bulbs",18.624,8.0,0.2,6.2856,Legacy,,Check later
2646.0,CA-2014-131002,9/7/2014,9/12/2014,Second Class,TB-21400,Tom Boeckenhauer,Consumer,United States,Tulsa,Oklahoma,74133.0,Central,FUR-FU-10004270,Furniture,Furnishings,"Executive Impressions 13"" Clairmont Wall Clock",99999.0,3.0,0.0,23.6529,Legacy,Rejected,Urgent
2647.0,CA-2014-131002,9/7/2014,9/12/2014,Second Class,TB-21400,Tom Boeckenhauer,Consumer,United States,Tulsa,Oklahoma,74133.0,Central,OFF-BI-10000948,Office Supplies,Binders,"GBC Laser Imprintable Binding System Covers, Desert Sand",42.81,3.0,0.0,20.1207,Manual Upload,Rejected,Urgent
2648.0,CA-2014-131002,9/7/2014,9/12/2014,Second Class,TB-21400,Tom Boeckenhauer,Consumer,United States,Tulsa,Oklahoma,74133.0,Central,OFF-PA-10000223,Office Supplies,Paper,Xerox 2000,12.96,2.0,0.0,6.2208,Manual Upload,,
2649.0,CA-2014-131002,9/7/2014,9/12/2014,Second Class,TB-21400,Tom Boeckenhauer,Consumer,United States,Tulsa,Oklahoma,74133.0,Central,FUR-FU-10004665,Furniture,Furnishings,"3M Polarizing Task Lamp with Clamp Arm, Light Gray",821.88,6.0,0.0,213.6888,ERP,Rejected,
2650.0,CA-2014-131002,9/7/2014,9/12/2014,2nd Class,TB-21400,Tom Boeckenhauer,Consumer,United States,Tulsa,Oklahoma,74133.0,Central,TEC-PH-10000215,Technology,Phones,Plantronics Cordless Phone Headset with In-line Volume - M214C,104.85,3.0,0.0,28.3095,Manual Upload,Rejected,Check later
2651.0,US-2016-146794,9/26/2016,10/1/2016,Standard Class,SH-19975,Sally Hughsby,Corporate,United States,Hesperia,California,92345.0,West,FUR-BO-10004467,Furniture,Bookcases,Bestar Classic Bookcase,424.9575,5.0,0.15,19.998,Manual Upload,Pending,Duplicate?
2652.0,CA-2017-112515,9/17/2017,9/21/2017,Second Class,AS-10225,Alan Schoenberger,Corporate,United States,Provo,Utah,84604.0,West,OFF-BI-10000829,Office Supplies,Binders,Avery Non-Stick Binders,10.776,3.0,0.2,3.5022,Manual Upload,,Urgent
2653.0,CA-2017-112515,9/17/2017,9/21/2017,Second Class,AS-10225,Alan Schoenberger,Corporate,United States,Provo,Utah,84604.0,West,OFF-BI-10003712,Office Supplies,Binders,"Acco Pressboard Covers with Storage Hooks, 14 7/8"" x 11"", Light Blue",11.784,3.0,0.2,4.2717,ERP,Rejected,Urgent
2654.0,CA-2017-112515,9/17/2017,9/21/2017,Second Class,AS-10225,Alan Schoenberger,Corporate,United States,Provo,Utah,84604.0,West,OFF-PA-10000062,Office Supplies,Paper,Green Bar Computer Printout Paper,164.88,3.0,0.0,80.7912,ERP,,Check later
2655.0,CA-2017-112515,9/17/2017,9/21/2017,Second Class,AS-10225,Alan Schoenberger,Corporate,United States,Provo,Utah,84604.0,West,FUR-BO-10003404,Furniture,Bookcases,"Global Adaptabilites Bookcase, Cherry/Storm Gray Finish",1292.94,3.0,0.0,77.5764,Manual Upload,Pending,Duplicate?
2656.0,CA-2017-112515,9/17/2017,9/21/2017,Second Class,AS-10225,Alan Schoenberger,Corporate,United States,Provo,Utah,84604.0,West,OFF-BI-10004233,Office Supplies,Binders,"GBC Pre-Punched Binding Paper, Plastic, White, 8-1/2"" x 11""",25.584,2.0,0.2,8.9544,ERP,Rejected,
2657.0,CA-2017-112515,9/17/2017,9/21/2017,Second Class,AS-10225,Alan Schoenberger,Corporate,United States,Provo,Utah,84604.0,West,OFF-ST-10001272,Office Supplies,Storage,"Mini 13-1/2 Capacity Data Binder Rack, Pearl",261.74,2.0,0.0,65.435,Legacy,,Check later
2658.0,CA-2017-112515,9/17/2017,9/21/2017,Second Class,AS-10225,Alan Schoenberger,Corporate,United States,Provo,Utah,84604.0,West,OFF-LA-10001175,Office Supplies,Labels,Avery 514,14.4,5.0,0.0,7.056,ERP,,Urgent
2659.0,CA-2016-150343,8/16/2016,8/20/2016,Standard Class,PK-19075,Pete Kriz,Consumer,United States,San Francisco,California,94110.0,West,OFF-EN-10004030,office_supplies,Envelopes,Convenience Packs of Business Envelopes,10.86,3.0,0.0,5.1042,Legacy,Approved,Check later
2660.0,CA-2015-135538,12/24/2015,12/28/2015,Standard Class,HR-14830,Harold Ryan,Corporate,United States,Gilbert,Arizona,85234.0,West,FUR-CH-10004287,Furniture,Chairs,SAFCO Arco Folding Chair,883.84,4.0,0.2,99.432,ERP,Approved,
2661.0,CA-2017-123372,11/28/2017,12/2/2017,Standard Class,DG-13300,Deirdre Greer,Corporate,United States,New York City,New York,10035.0,East,TEC-PH-10002834,Technology,Phones,Google Nexus 5,1979.89,11.0,0.0,494.9725,ERP,,
2662.0,CA-2017-123372,11/28/2017,12/2/2017,Standard Class,DG-13300,Deirdre Greer,Corporate,United States,New York City,new york,10035.0,East,OFF-EN-10003055,Office Supplies,Envelopes,"Blue String-Tie & Button Interoffice Envelopes, 10 x 13",79.96,2.0,0.0,35.982,Manual Upload,Pending,Check later
2663.0,CA-2017-159604,4/14/2017,4/15/2017,First Class,CL-12700,Craig Leslie,Home Office,United States,Springfield,Missouri,65807.0,Central,OFF-BI-10003460,Office Supplies,Binders,Acco 3-Hole Punch,8.76,2.0,0.0,4.2048,ERP,Rejected,
2664.0,CA-2016-164784,5/1/2016,5/4/2016,First Class,HF-14995,Herbert Flentye,Consumer,United States,Memphis,Tennessee,38109.0,South,OFF-LA-10001569,Office Supplies,Labels,Avery 499,3.984,1.0,0.2,1.2948,ERP,Approved,Duplicate?
2665.0,CA-2016-164784,5/1/2016,5/4/2016,First Class,HF-14995,Herbert Flentye,Consumer,United States,Memphis,Tennessee,38109.0,South,FUR-TA-10004534,Furniture,Tables,Bevis 44 x 96 Conference Tables,370.62,3.0,0.4,-142.071,Manual Upload,Pending,
2666.0,CA-2016-164784,5/1/2016,5/4/2016,First Class,HF-14995,Herbert Flentye,Consumer,United States,Memphis,Tennessee,38109.0,South,OFF-BI-10002954,Office Supplies,Binders,Newell 3-Hole Punched Plastic Slotted Magazine Holders for Binders,2.742,2.0,0.7,-2.0108,CRM,,Duplicate?
2667.0,CA-2016-111794,10/1/2016,10/1/2016,Same Day,HG-15025,Hunter Glantz,Consumer,United States,Amarillo,Texas,79109.0,Central,TEC-AC-10003832,Technology,Accessories,Imation 16GB Mini TravelDrive USB 2.0 Flash Drive,79.512,3.0,0.2,20.8719,Manual Upload,,Check later
2668.0,CA-2016-111794,10/1/2016,10/1/2016,Same Day,HG-15025,Hunter Glantz,Consumer,United States,Amarillo,Texas,00000,Central,OFF-PA-10000474,Office Supplies,Paper,Easy-staple paper,28.352,1.0,0.2,9.5688,Manual Upload,Approved,Duplicate?
2669.0,US-2015-139759,8/25/2015,8/30/2015,Standard Class,NL-18310,Nancy Lomonaco,Home Office,United States,Los Angeles,California,90045.0,West,FUR-CH-10002774,Furniture,Chairs,"Global Deluxe Stacking Chair, Gray",40.784,1.0,0.2,4.5882,ERP,Pending,Urgent
2670.0,US-2015-139759,8/25/2015,8/30/2015,Standard Class,NL-18310,Nancy Lomonaco,Home Office,United States,Los Angeles,California,90045.0,West,OFF-AP-10002765,Office Supplies,Appliances,Fellowes Advanced Computer Series Surge Protectors,105.96,4.0,0.0,29.6688,Legacy,Rejected,Duplicate?
2671.0,CA-2014-126403,9/9/2014,9/12/2014,Second Class,RR-19525,Rick Reed,Corporate,United States,Lowell,Massachusetts,1852.0,East,OFF-PA-10001144,Office Supplies,Paper,Xerox 1913,166.44,3.0,0.0,79.8912,Legacy,Pending,Duplicate?
2672.0,CA-2014-126403,9/9/2014,9/12/2014,Second Class,RR-19525,Rick Reed,Corporate,United States,Lowell,Massachusetts,1852.0,East,FUR-CH-10003761,Furniture,Chairs,Global Italian Leather Office Chair,785.88,6.0,0.0,212.1876,Manual Upload,,Urgent
2673.0,CA-2014-126403,9/9/2014,9/12/2014,Second Class,RR-19525,Rick Reed,Corporate,United States,Lowell,Massachusetts,1852.0,East,OFF-PA-10004665,Office Supplies,Paper,Advantus Motivational Note Cards,26.2,2.0,0.0,12.838,Manual Upload,Pending,
2674.0,CA-2014-126403,9/9/2014,9/12/2014,Second Class,RR-19525,Rick Reed,Corporate,United States,Lowell,Massachusetts,1852.0,East,OFF-ST-10000078,Office Supplies,Storage,Tennsco 6- and 18-Compartment Lockers,1325.85,5.0,0.0,238.653,Legacy,Pending,
2675.0,CA-2017-136875,12/3/2017,12/3/2017,Same Day,TC-21295,Toby Carlisle,Consumer,United States,San Diego,California,92024.0,West,OFF-PA-10000357,Office Supplies,Paper,Xerox 1888,166.44,3.0,0.0,79.8912,ERP,Approved,Duplicate?
2676.0,CA-2017-132185,11/27/2017,12/2/2017,Standard Class,DB-13615,Doug Bickford,Consumer,United States,Asheville,North Carolina,28806.0,South,OFF-AR-10000422,Office Supplies,Art,Pencil and Crayon Sharpener,8.76,5.0,0.2,0.7665,ERP,Rejected,
2677.0,CA-2017-132185,11/27/2017,12/2/2017,Standard Class,DB-13615,Doug Bickford,Consumer,United States,Asheville,North Carolina,28806.0,South,OFF-AP-10001205,Office Supplies,Appliances,Belkin 5 Outlet SurgeMaster Power Centers,43.584,1.0,0.2,4.3584,Manual Upload,Pending,Duplicate?
2678.0,US-2014-160780,6/21/2014,6/21/2014,Same Day,SV-20785,Stewart Visinsky,Consumer,United States,Pueblo,Colorado,81001.0,West,OFF-BI-10001116,Office Supplies,Binders,"Wilson Jones 1"" Hanging DublLock Ring Binders",11.088,7.0,0.7,-8.1312,ERP,Rejected,Urgent
2679.0,US-2014-160780,6/21/2014,6/21/2014,Same Day,SV-20785,Stewart Visinsky,Consumer,United States,Pueblo,Colorado,81001.0,West,OFF-BI-10002931,Office Supplies,Binders,"Avery Trapezoid Extra Heavy Duty 4"" Binders",25.164,2.0,0.7,-16.776,ERP,,Check later
2680.0,CA-2017-127026,1/21/2017,1/27/2017,Standard Class,MH-18115,Mick Hernandez,Home Office,United States,Jackson,Michigan,49201.0,Central,OFF-BI-10000546,Office Supplies,Binders,Avery Durable Binders,14.4,5.0,0.0,7.056,ERP,Rejected,Duplicate?
2681.0,CA-2017-127026,1/21/2017,1/27/2017,Standard Class,MH-18115,Mick Hernandez,Home Office,United States,Jackson,Michigan,49201.0,Central,TEC-AC-10002049,Technology,Accessories,Logitech G19 Programmable Gaming Keyboard,619.95,5.0,0.0,111.591,Manual Upload,,
2682.0,CA-2017-127026,1/21/2017,1/27/2017,Standard Class,MH-18115,Mick Hernandez,Home Office,United States,Jackson,Michigan,49201.0,Central,OFF-BI-10001196,Office Supplies,Binders,"Avery Flip-Chart Easel Binder, Black",89.52,4.0,0.0,42.0744,ERP,Approved,
2683.0,CA-2017-127026,1/21/2017,1/27/2017,Standard Class,MH-18115,Mick Hernandez,Home Office,United States,Jackson,Michigan,49201.0,Central,TEC-MA-10002981,Technology,Machines,I.R.I.S IRISCard Anywhere 5 Card Scanner,350.973,3.0,0.1,152.0883,Legacy,Approved,Urgent
2684.0,CA-2017-127026,1/21/2017,1/27/2017,Standard Class,MH-18115,Mick Hernandez,Home Office,United States,Jackson,Michigan,49201.0,Central,TEC-PH-10003601,Technology,Phones,"Ativa D5772 2-Line 5.8GHz Digital Expandable Corded/Cordless Phone System with Answering & Caller ID/Call Waiting, Black/Silver",164.99,1.0,0.0,49.497,CRM,Pending,Check later
2685.0,CA-2017-137085,6/29/2017,7/6/2017,Standard Class,CT-11995,Carol Triggs,consumer,United States,Los Angeles,California,90004.0,West,OFF-BI-10000632,Office Supplies,Binders,Satellite Sectional Post Binders,312.552,9.0,0.2,101.5794,ERP,Approved,
2686.0,CA-2016-133123,9/6/2016,9/11/2016,Standard Class,KB-16315,Karl Braun,Consumer,United States,Thomasville,North Carolina,27360.0,South,OFF-EN-10003055,Office Supplies,Envelopes,"Blue String-Tie & Button Interoffice Envelopes, 10 x 13",95.952,3.0,0.2,29.985,ERP,Approved,Check later
2687.0,CA-2016-133123,9/6/2016,9/11/2016,Standard Class,KB-16315,Karl Braun,Consumer,United States,Thomasville,North Carolina,27360.0,South,OFF-BI-10001031,Office Supplies,Binders,Pressboard Data Binders by Wilson Jones,3.204,2.0,0.7,-2.4564,ERP,Pending,Urgent
2688.0,US-2016-128195,8/4/2016,8/5/2016,First Class,RA-19285,Ralph Arnett,Consumer,United States,Peoria,Illinois,61604.0,CENTRAL,OFF-BI-10002003,Office Supplies,Binders,Ibico Presentation Index for Binding Systems,3.98,5.0,0.8,-6.567,CRM,,
2689.0,CA-2015-153220,11/12/2015,11/14/2015,First Class,YC-21895,Yoseph Carroll,Corporate,United States,Los Angeles,California,90032.0,West,OFF-PA-10003016,Office Supplies,Paper,"Adams ""While You Were Out"" Message Pads",15.7,5.0,0.0,7.065,CRM,Rejected,Duplicate?
2690.0,CA-2014-123064,6/30/2014,7/2/2014,First Class,RA-19915,Russell Applegate,Consumer,United States,Chicago,Illinois,60653.0,Central,OFF-AR-10004582,Office Supplies,Art,BIC Brite Liner Grip Highlighters,5.248,4.0,0.2,1.64,CRM,Rejected,
2691.0,CA-2017-156412,12/4/2017,12/8/2017,Standard Class,CM-12160,Charles McCrossin,Consumer,United States,Philadelphia,Pennsylvania,19134.0,East,OFF-BI-10004364,Office Supplies,Binders,Storex Dura Pro Binders,5.346,3.0,0.7,-4.455,CRM,Rejected,Duplicate?
2692.0,US-2016-144211,8/28/2016,9/2/2016,Standard Class,CS-12130,Chad Sievert,Consumer,United States,Englewood,Colorado,80112.0,West,OFF-PA-10002246,Office Supplies,Paper,"Wirebound Four 2-3/4 x 5 Forms per Page, 400 Sets per Book",15.48,3.0,0.2,5.6115,ERP,Pending,
2693.0,US-2016-144211,8/28/2016,9/2/2016,Standard Class,CS-12130,Chad Sievert,Consumer,United States,Englewood,Colorado,80112.0,West,TEC-PH-10002890,Technology,Phones,AT&T 17929 Lendline Telephone,108.576,3.0,0.2,8.1432,ERP,Rejected,
2694.0,CA-2016-138079,1/22/2016,1/28/2016,Standard Class,AJ-10795,Anthony Johnson,Corporate,United States,Seattle,Washington,98115.0,West,FUR-FU-10001475,Furniture,Furnishings,"Contract Clock, 14"", Brown",109.9,5.0,0.0,37.366,CRM,Approved,
2695.0,CA-2014-143182,10/15/2014,10/20/2014,Standard Class,DL-12865,Dan Lawera,Consumer,United States,Hialeah,Florida,33012.0,South,FUR-FU-10004270,Furniture,Furnishings,"Executive Impressions 13"" Clairmont Wall Clock",15.384,1.0,0.2,4.0383,Manual Upload,Pending,Duplicate?
2696.0,CA-2016-161662,2/7/2016,2/9/2016,First Class,BE-11410,Bobby Elias,Consumer,United States,Lancaster,Ohio,43130.0,East,OFF-PA-10003465,Office Supplies,Paper,Xerox 1912,30.352,2.0,0.2,10.6232,CRM,,Duplicate?
2697.0,CA-2014-145317,3/18/2014,3/23/2014,Standard Class,SM-20320,Sean Miller,Home Office,United States,Jacksonville,Florida,32216.0,South,TEC-MA-10003626,Technology,Machines,Hewlett-Packard Deskjet 6540 Color Inkjet Printer,821.3,4.0,0.5,-16.426,CRM,Rejected,Urgent
2698.0,CA-2014-145317,3/18/2014,3/23/2014,Std Class,SM-20320,Sean Miller,Home Office,United States,Jacksonville,Florida,32216.0,South,TEC-MA-10002412,Technology,Machines,Cisco TelePresence System EX90 Videoconferencing Unit,22638.48,6.0,0.5,-1811.0784,CRM,,Check later
2699.0,CA-2014-145317,3/18/2014,3/23/2014,Standard Class,SM-20320,Sean Miller,Home Office,United States,Jacksonville,Florida,32216.0,South,OFF-PA-10001804,Office Supplies,Paper,Xerox 195,21.376,4.0,0.2,7.4816,Legacy,Approved,
2700.0,CA-2014-145317,3/18/2014,3/23/2014,Standard Class,SM-20320,Sean Miller,Home Office,United States,Jacksonville,Florida,32216.0,South,OFF-AR-10003183,Office Supplies,Art,Avery Fluorescent Highlighter Four-Color Set,8.016,3.0,0.2,1.002,Legacy,Rejected,Check later
2701.0,CA-2014-145317,3/18/2014,3/23/2014,Standard Class,SM-20320,Sean Miller,Home Office,United States,Jacksonville,Florida,32216.0,South,FUR-FU-10004270,Furniture,Furnishings,"Executive Impressions 13"" Clairmont Wall Clock",30.768,2.0,0.2,8.0766,CRM,Pending,
2702.0,CA-2014-145317,3/18/2014,3/23/2014,Standard Class,SM-20320,Sean Miller,Home Office,United States,Jacksonville,Florida,32216.0,South,OFF-FA-10003112,Office Supplies,Fasteners,Staples,18.936,3.0,0.2,5.9175,ERP,Approved,
2703.0,CA-2014-145317,3/18/2014,3/23/2014,Standard Class,SM-20320,Sean Miller,Home Office,United States,Jacksonville,Florida,32216.0,South,FUR-FU-10001986,Furniture,Furnishings,"Dana Fluorescent Magnifying Lamp, White, 36""",122.352,3.0,0.2,15.294,ERP,,
2704.0,CA-2014-143413,5/24/2014,5/30/2014,Standard Class,RP-19390,Resi Pölking,Consumer,United States,Baltimore,Maryland,21215.0,East,OFF-PA-10002319,office supplies,Paper,Xerox 1944,116.28,3.0,0.0,56.9772,CRM,,
2705.0,CA-2017-156818,7/11/2017,7/13/2017,Second Class,JD-16015,Joy Daniels,Consumer,United States,New York City,New York,10009.0,East,TEC-AC-10002323,Technology,Accessories,SanDisk Ultra 32 GB MicroSDHC Class 10 Memory Card,132.6,6.0,0.0,17.238,CRM,Rejected,Check later
2706.0,CA-2017-155873,6/16/2017,6/21/2017,Standard Class,AB-10255,Alejandro Ballentine,Home Office,United States,Carlsbad,New Mexico,88220.0,West,OFF-SU-10001165,Office Supplies,Supplies,Acme Elite Stainless Steel Scissors,16.68,2.0,0.0,4.3368,ERP,,Duplicate?
2707.0,CA-2017-155873,6/16/2017,6/21/2017,Standard Class,AB-10255,Alejandro Ballentine,Home Office,United States,Carlsbad,New Mexico,88220.0,West,OFF-PA-10001246,Office Supplies,Paper,Xerox 215,19.44,3.0,0.0,9.3312,Manual Upload,Approved,Urgent
2708.0,CA-2017-155873,6/16/2017,6/21/2017,Standard Class,AB-10255,Alejandro Ballentine,Home Office,United States,Carlsbad,New Mexico,88220.0,West,OFF-PA-10001815,Office Supplies,Paper,Xerox 1885,192.16,4.0,0.0,92.2368,Legacy,Approved,Urgent
2709.0,CA-2015-121797,1/30/2015,2/6/2015,Standard Class,CC-12145,Charles Crestani,Consumer,United States,Los Angeles,California,90049.0,West,FUR-FU-10001876,Furniture,Furnishings,"Computer Room Manger, 14""",227.36,7.0,0.0,81.8496,CRM,Rejected,Check later
2710.0,CA-2015-121797,1/30/2015,2/6/2015,Standard Class,CC-12145,Charles Crestani,Consumer,United States,los angeles ,California,90049.0,West,TEC-MA-10000488,Technology,Machines,Bady BDG101FRU Card Printer,1919.976,3.0,0.2,215.9973,Manual Upload,,Urgent
2711.0,US-2015-120572,12/11/2015,12/15/2015,Standard Class,GH-14425,Gary Hwang,Consumer,United States,Jacksonville,Florida,32216.0,South,OFF-BI-10001098,Office Supplies,Binders,Acco D-Ring Binder w/DublLock,12.828,2.0,0.7,-8.9796,Legacy,Approved,
2712.0,CA-2017-132430,10/9/2017,10/11/2017,First Class,CP-12085,Cathy Prescott,Corporate,United States,Lakewood,Ohio,44107.0,East,FUR-FU-10003577,Furniture,Furnishings,Nu-Dell Leatherette Frames,45.888,4.0,0.2,9.1776,Legacy,,Duplicate?
2713.0,CA-2017-146031,7/29/2017,8/1/2017,Second Class,GM-14440,Gary McGarr,Consumer,United States,Troy,New York,12180.0,East,OFF-AR-10002656,Office Supplies,Art,Sanford Liquid Accent Highlighters,60.12,9.0,0.0,22.2444,ERP,Approved,Check later
2714.0,CA-2014-110100,4/25/2014,4/29/2014,Standard Class,LC-16885,Lena Creighton,Consumer,United States,Wilmington,North Carolina,28403.0,South,TEC-PH-10004531,Technology,Phones,AT&T CL2909,302.376,3.0,0.2,37.797,CRM,Rejected,Check later
2715.0,CA-2015-103723,12/1/2015,Dec 06 2015,Standard Class,BT-11305,Beth Thompson,Home Office,United States,Seattle,Washington,98105.0,West,OFF-AR-10003251,Office Supplies,Art,Prang Drawing Pencil Set,13.9,5.0,0.0,5.56,ERP,Pending,Duplicate?
2716.0,CA-2014-127187,12/4/2014,12/8/2014,Standard Class,CP-12085,Cathy Prescott,Corporate,United States,New York City,New York,10024.0,East,TEC-PH-10000673,Technology,Phones,Plantronics Voyager Pro HD - Bluetooth Headset,129.98,2.0,0.0,62.3904,CRM,Rejected,Urgent
2717.0,CA-2017-128475,8/26/2017,9/1/2017,Standard Class,SC-20680,Steve Carroll,Home Office,United States,Columbus,Georgia,31907.0,South,TEC-AC-10000158,Technology,Accessories,Sony 64GB Class 10 Micro SDHC R40 Memory Card,71.98,2.0,0.0,15.1158,ERP,Pending,Urgent
2718.0,CA-2014-100006,9/7/2014,9/13/2014,Standard Class,DK-13375,Dennis Kane,Consumer,United States,New York City,New York,10024.0,East,TEC-PH-10002075,Technology,Phones,AT&T EL51110 DECT,377.97,3.0,0.0,109.6113,Legacy,,
2719.0,CA-2017-144827,12/21/2017,12/27/2017,Standard Class,SE-20110,Sanjit Engle,Consumer,United States,Costa Mesa,California,92627.0,West,OFF-ST-10004340,Office Supplies,Storage,"Fellowes Mobile File Cart, Black",124.36,2.0,0.0,33.5772,ERP,,Check later
2720.0,CA-2014-110030,12/6/2014,12/8/2014,Second Class,LF-17185,Luke Foster,Consumer,United States,Houston,Texas,77095.0,Central,FUR-FU-10002759,Furniture,Furnishings,12-1/2 Diameter Round Wall Clock,23.976,3.0,0.6,-14.3856,ERP,Pending,Check later
2721.0,CA-2014-121286,11/4/2014,11/8/2014,Second Class,ON-18715,Odella Nelson,Corporate,United States,Cary,North Carolina,27511.0,South,OFF-FA-10000585,Office Supplies,Fasteners,OIC Bulk Pack Metal Binder Clips,8.376,3.0,0.2,2.7222,ERP,Approved,Duplicate?
2722.0,CA-2014-121286,11/4/2014,11/8/2014,Second Class,ON-18715,Odella Nelson,Corporate,United States,Cary,North Carolina,27511.0,South,OFF-AP-10004859,Office Supplies,Appliances,Acco 6 Outlet Guardian Premium Surge Suppressor,58.24,5.0,0.2,5.096,Legacy,,Duplicate?
2723.0,CA-2016-164735,4/14/2016,4/19/2016,Second Class,TB-21400,Tom Boeckenhauer,Consumer,United States,Alexandria,Virginia,22304.0,South,OFF-ST-10001558,Office Supplies,Storage,Acco Perma 4000 Stacking Storage Drawers,81.2,5.0,0.0,12.18,Manual Upload,Rejected,Duplicate?
2724.0,CA-2014-153479,10/4/2014,10/8/2014,Standard Class,DF-13135,David Flashing,Consumer,United States,Vallejo,California,94591.0,West,OFF-LA-10004689,Office Supplies,Labels,Avery 512,14.45,5.0,0.0,6.7915,Legacy,Approved,Check later
2725.0,CA-2014-153479,10/4/2014,10/8/2014,Standard Class,DF-13135,David Flashing,Consumer,United States,Vallejo,California,94591.0,West,OFF-BI-10002867,Office Supplies,Binders,GBC Recycled Regency Composition Covers,95.648,2.0,0.2,31.0856,ERP,,Duplicate?
2726.0,CA-2017-149888,11/7/2017,11/13/2017,Standard Class,EP-13915,Emily Phan,Consumer,United States,Philadelphia,Pennsylvania,19120.0,East,TEC-PH-10003811,Technology,Phones,Jabra Supreme Plus Driver Edition Headset,359.97,5.0,0.4,-71.994,Manual Upload,,
2727.0,CA-2017-149888,11/7/2017,11/13/2017,Standard Class,EP-13915,Emily Phan,Consumer,United States,Philadelphia,Pennsylvania,19120.0,East,FUR-TA-10000849,Furniture,Tables,Bevis Rectangular Conference Tables,350.352,4.0,0.4,-140.1408,Manual Upload,Pending,
2728.0,CA-2017-119193,12/22/2017,12/24/2017,First Class,SK-19990,Sally Knutson,Consumer,United States,Toledo,Ohio,43615.0,East,OFF-BI-10000848,Office Supplies,Binders,Angle-D Ring Binders,1.641,1.0,0.7,-1.3128,ERP,,
2729.0,CA-2017-119193,12/22/2017,12/24/2017,First Class,SK-19990,Sally Knutson,Consumer,United States,Toledo,Ohio,43615.0,East,TEC-PH-10003072,Technology,Phones,Panasonic KX-TG9541B DECT 6.0 Digital 2-Line Expandable Cordless Phone With Digital Answering System,629.958,7.0,0.4,94.4937,CRM,Pending,Check later
2730.0,CA-2017-104801,2/13/2017,2/19/2017,Standard Class,FH-14350,Fred Harton,Consumer,United States,Seattle,Washington,98105.0,West,OFF-AR-10001547,Office Supplies,Art,Newell 311,6.63,3.0,0.0,1.7901,ERP,Rejected,Duplicate?
2731.0,CA-2017-104801,2/13/2017,2/19/2017,Standard Class,FH-14350,Fred Harton,Consumer,United States,Seattle,Washington,98105.0,West,TEC-AC-10001838,Technology,Accessories,Razer Tiamat Over Ear 7.1 Surround Sound PC Gaming Headset,799.96,4.0,0.0,343.9828,Legacy,,
2732.0,CA-2017-104801,2/13/2017,2/19/2017,Standard Class,FH-14350,Fred Harton,Consumer,United States,Seattle,Washington,98105.0,West,FUR-FU-10004017,Furniture,Furnishings,"Tenex Contemporary Contur Chairmats for Low and Medium Pile Carpet, Computer, 39"" x 49""",107.53,1.0,0.0,21.506,ERP,Rejected,Duplicate?
2733.0,CA-2014-107594,7/2/2014,7/6/2014,Standard Class,EH-13945,Eric Hoffmann,Consumer,United States,Plainfield,New Jersey,7060.0,East,TEC-PH-10002923,Technology,Phones,"Logitech B530 USB Headset - headset - Full size, Binaural",73.98,2.0,0.0,19.9746,ERP,,
2734.0,CA-2014-107594,7/2/2014,7/6/2014,Standard Class,EH-13945,Eric Hoffmann,Consumer,United States,Plainfield,New Jersey,7060.0,East,OFF-AR-10000716,Office Supplies,Art,DIXON Ticonderoga Erasable Checking Pencils,5.58,1.0,0.0,2.1762,Manual Upload,Approved,Check later
2735.0,CA-2015-129770,2/21/2015,2/23/2015,Second Class,JE-15715,Joe Elijah,Consumer,United States,Las Cruces,New Mexico,88001.0,West,OFF-PA-10000249,Office Supplies,Paper,Easy-staple paper,49.12,4.0,0.0,23.0864,Legacy,Pending,
2736.0,CA-2015-115798,11/13/2015,11/19/2015,Standard Class,KL-16645,Ken Lonsdale,Consumer,United States,Newark,Delaware,19711.0,East,TEC-PH-10003691,Technology,Phones,BlackBerry Q10,377.97,3.0,0.0,-9999.0,Legacy,Pending,
2737.0,CA-2015-115798,11/13/2015,11/19/2015,Standard Class,KL-16645,Ken Lonsdale,Consumer,United States,Newark,Delaware,19711.0,East,OFF-PA-10001560,Office Supplies,Paper,"Adams Telephone Message Books, 5 1/4 x 11",42.28,7.0,0.0,19.8716,Legacy,Rejected,Urgent
2738.0,CA-2015-115798,11/13/2015,11/19/2015,Standard Class,KL-16645,Ken Lonsdale,Consumer,United States,Newark,Delaware,19711.0,East,FUR-BO-10004467,Furniture,Bookcases,Bestar Classic Bookcase,299.97,3.0,0.0,56.9943,CRM,Pending,
2739.0,CA-2015-115798,11/13/2015,11/19/2015,Standard Class,KL-16645,Ken Lonsdale,Consumer,United States,Newark,Delaware,19711.0,East,TEC-PH-10001819,Technology,Phones,Innergie mMini Combo Duo USB Travel Charging Kit,89.98,2.0,0.0,43.1904,ERP,Approved,Urgent
2740.0,CA-2017-122707,4/16/2017,4/18/2017,First Class,EB-13750,Edward Becker,Corporate,United States,Hoover,Alabama,35244.0,South,OFF-SU-10000157,Office Supplies,Supplies,Compact Automatic Electric Letter Opener,477.24,4.0,0.0,9.5448,ERP,Pending,Duplicate?
2741.0,CA-2017-122707,4/16/2017,4/18/2017,First Class,EB-13750,Edward Becker,Corporate,United States,Hoover,Alabama,35244.0,South,TEC-AC-10004227,Technology,Accessories,SanDisk Ultra 16 GB MicroSDHC Class 10 Memory Card,25.98,2.0,0.0,1.5588,CRM,Pending,
2742.0,CA-2016-165015,2/25/2016,2/27/2016,Second Class,BD-11725,Bruce Degenhardt,Consumer,United States,Newark,Ohio,43055.0,East,OFF-EN-10003134,Office Supplies,Envelopes,Staple envelope,46.72,5.0,0.2,17.52,Manual Upload,Pending,Duplicate?
2743.0,CA-2014-149244,11/4/2014,11/8/2014,Standard Class,MS-17530,MaryBeth Skach,Consumer,United States,San Diego,California,92037.0,West,FUR-FU-10004671,Furniture,Furnishings,"Executive Impressions 12"" Wall Clock",35.34,2.0,0.0,13.4292,Legacy,Rejected,Check later
2744.0,CA-2015-140144,6/20/2015,6/25/2015,Second Class,SC-20770,Stewart Carmichael,Corporate,United States,San Francisco,California,94122.0,West,FUR-FU-10002253,Furniture,Furnishings,"Howard Miller 13"" Diameter Pewter Finish Round Wall Clock",257.64,6.0,0.0,100.4796,ERP,,Urgent
2745.0,CA-2015-140144,6/20/2015,6/25/2015,Second Class,SC-20770,Stewart Carmichael,Corporate,United States,San Francisco,California,94122.0,West,TEC-PH-10002726,Technology,Phones,netTALK DUO VoIP Telephone Service,125.976,3.0,0.2,47.241,ERP,Approved,
2746.0,CA-2017-163321,8/7/2017,8/11/2017,Second Class,FM-14380,Fred McMath,Consumer,United States,Jacksonville,North Carolina,28540.0,South,TEC-AC-10004571,Technology,Accessories,Logitech G700s Rechargeable Gaming Mouse,79.992,1.0,0.2,21.9978,CRM,,
2747.0,CA-2014-155887,5/12/2014,5/17/2014,Standard Class,KT-16480,Kean Thornton,Consumer,United States,Franklin,Massachusetts,2038.0,East,FUR-TA-10002228,Furniture,Tables,"Bevis Traditional Conference Table Top, Plinth Base",700.056,3.0,0.3,-130.0104,CRM,Rejected,
2748.0,US-2015-165449,11/22/2015,11/26/2015,Standard Class,AP-10720,Anne Pryor,Home Office,United States,Frisco,Texas,75034.0,Central,TEC-AC-10004127,Technology,Accessories,SanDisk Cruzer 8 GB USB Flash Drive,27.168,4.0,0.2,-1.3584,Legacy,Rejected,Urgent
2749.0,CA-2015-110247,12/4/2015,12/8/2015,Standard Class,RH-19555,Ritsa Hightower,Consumer,United States,Tallahassee,Florida,32303.0,South,OFF-BI-10001553,Office Supplies,Binders,SpineVue Locking Slant-D Ring Binders by Cardinal,8.226,3.0,0.7,-6.0324,Legacy,Rejected,
2750.0,US-2014-141257,6/8/2014,6/14/2014,Standard Class,CS-11950,Carlos Soltero,Consumer,United States,Seattle,Washington,98115.0,West,FUR-CH-10002758,Furniture,Chairs,"Hon Deluxe Fabric Upholstered Stacking Chairs, Squared Back",585.552,3.0,0.2,73.194,CRM,Approved,Check later
2751.0,CA-2014-154669,8/8/2014,8/11/2014,Second Class,TM-21010,Tamara Manning,Consumer,United States,Vacaville,California,95687.0,West,OFF-ST-10000532,Office Supplies,Storage,Advantus Rolling Drawer Organizers,423.28,11.0,0.0,110.0528,Manual Upload,,
2752.0,CA-2014-158029,5/26/2014,5/30/2014,Standard Class,HF-14995,Herbert Flentye,Consumer,United States,Los Angeles,California,90008.0,WEST,FUR-CH-10000988,Furniture,Chairs,Hon Olson Stacker Stools,225.296,2.0,0.2,22.5296,CRM,,
2753.0,CA-2015-155306,4/17/2015,4/21/2015,Standard Class,GA-14515,George Ashbrook,Consumer,United States,San Francisco,California,94122.0,West,OFF-AR-10003251,Office Supplies,Art,Prang Drawing Pencil Set,5.56,2.0,0.0,2.224,CRM,Rejected,
2754.0,CA-2015-155306,4/17/2015,4/21/2015,Standard Class,GA-14515,George Ashbrook,Consumer,United States,San Francisco,California,94122.0,West,TEC-AC-10003174,Technology,Accessories,Plantronics S12 Corded Telephone Headset System,323.37,3.0,0.0,129.348,Manual Upload,Rejected,
2755.0,CA-2015-155306,4/17/2015,4/21/2015,Standard Class,GA-14515,George Ashbrook,Consumer,United States,San Francisco,California,94122.0,West,TEC-PH-10002310,Technology,Phones,Plantronics Calisto P620-M USB Wireless Speakerphone System,783.96,5.0,0.2,68.5965,Manual Upload,Pending,
2756.0,CA-2015-155306,4/17/2015,4/21/2015,Standard Class,GA-14515,George Ashbrook,Consumer,United States,San Francisco,California,94122.0,West,OFF-AP-10002651,Office Supplies,Appliances,Hoover Upright Vacuum With Dirt Cup,1447.65,5.0,0.0,419.8185,Legacy,Approved,Duplicate?
2757.0,CA-2015-155306,4/17/2015,4/21/2015,Standard Class,GA-14515,George Ashbrook,Consumer,United States,San Francisco,California,94122.0,West,OFF-PA-10001184,office supplies,Paper,Xerox 1903,11.96,2.0,0.0,5.8604,Manual Upload,,Urgent
2758.0,CA-2016-127775,6/11/2016,6/13/2016,Second Class,ES-14020,Erica Smith,Consumer,United States,New York City,New York,10035.0,East,TEC-AC-10002402,Technology,Accessories,Razer Kraken PRO Over Ear PC and Music Headset,239.97,3.0,0.0,71.991,Manual Upload,Rejected,Check later
2759.0,CA-2016-146171,3/11/2016,3/15/2016,Standard Class,JP-16135,Julie Prescott,Home Office,United States,Columbus,Georgia,31907.0,South,FUR-FU-10004270,Furniture,Furnishings,"Executive Impressions 13"" Clairmont Wall Clock",76.92,4.0,0.0,31.5372,CRM,,Urgent
2760.0,CA-2016-146171,3/11/2016,3/15/2016,Standard Class,JP-16135,Julie Prescott,Home Office,United States,Columbus,Georgia,31907.0,South,OFF-ST-10001526,Office Supplies,Storage,Iceberg Mobile Mega Data/Printer Cart ,481.32,4.0,0.0,125.1432,Manual Upload,Pending,
2761.0,CA-2014-129574,5/26/2014,5/29/2014,First Class,Dp-13240,Dean percer,Home Office,United States,Murray,Utah,84107.0,West,OFF-PA-10002893,Office Supplies,Paper,"Wirebound Service Call Books, 5 1/2"" x 4""",48.4,5.0,0.0,23.232,Legacy,Approved,Check later
2762.0,CA-2017-126536,10/12/2017,10/14/2017,First Class,NK-18490,Neil Knudson,Home Office,United States,San Francisco,California,94110.0,West,TEC-AC-10003709,Technology,Accessories,Maxell 4.7GB DVD-R 5/Pack,0.99,1.0,0.0,0.4356,Manual Upload,Rejected,Check later
2763.0,CA-2017-126536,10/12/2017,10/14/2017,First Class,NK-18490,Neil Knudson,Home Office,United States,San Francisco,California,94110.0,West,OFF-BI-10001191,Office Supplies,Binders,Canvas Sectional Post Binders,101.84,5.0,0.2,36.917,CRM,Pending,Duplicate?
2764.0,CA-2017-165757,6/22/2017,6/28/2017,Standard Class,PL-18925,Paul Lucas,Home Office,United States,Philadelphia,Pennsylvania,19140.0,East,OFF-BI-10003166,Office Supplies,Binders,GBC Plasticlear Binding Covers,10.332,3.0,0.7,-7.5768,ERP,Pending,Urgent
2765.0,CA-2017-165757,6/22/2017,6/28/2017,Standard Class,PL-18925,Paul Lucas,Home Office,United States,Philadelphia,Pennsylvania,19140.0,East,OFF-BI-10003982,Office Supplies,Binders,Wilson Jones Century Plastic Molded Ring Binders,31.155,5.0,0.7,-23.8855,Manual Upload,,Duplicate?
2766.0,CA-2017-165757,6/22/2017,6/28/2017,Standard Class,PL-18925,Paul Lucas,Home Office,United States,Philadelphia,Pennsylvania,19140.0,East,OFF-ST-10004835,Office Supplies,Storage,Plastic Stacking Crates & Casters,8.928,2.0,0.2,0.6696,Legacy,Rejected,
2767.0,CA-2017-167752,1/15/2017,1/18/2017,First Class,RW-19690,Robert Waldorf,Consumer,United States,Philadelphia,Pennsylvania,19134.0,East,OFF-AP-10000159,Office Supplies,Appliances,Belkin F9M820V08 8 Outlet Surge,34.384,1.0,0.2,3.8682,Legacy,Pending,
2768.0,CA-2017-167752,1/15/2017,1/18/2017,First Class,RW-19690,Robert Waldorf,Consumer,United States,Philadelphia,Pennsylvania,19134.0,East,OFF-AP-10002945,Office Supplies,Appliances,Honeywell Enviracaire Portable HEPA Air Cleaner for 17' x 22' Room,1924.16,8.0,0.2,312.676,Legacy,Rejected,Check later
2769.0,US-2015-122140,4/2/2015,4/7/2015,Standard Class,MO-17950,Michael Oakman,Consumer,United States,Dallas,Texas,75220.0,Central,OFF-AP-10001242,Office Supplies,Appliances,APC 7 Outlet Network SurgeArrest Surge Protector,32.192,2.0,0.8,-80.48,Legacy,Rejected,Check later
2770.0,US-2015-122140,4/2/2015,4/7/2015,Standard Class,MO-17950,Michael Oakman,Consumer,United States,Dallas,Texas,75220.0,Central,TEC-AC-10003038,Technology,Accessories,Kingston Digital DataTraveler 16GB USB 2.0,50.12,7.0,0.2,-0.6265,ERP,Rejected,Urgent
2771.0,US-2015-122140,4/2/2015,4/7/2015,Standard Class,MO-17950,Michael Oakman,Consumer,United States,Dallas,Texas,75220.0,Central,TEC-AC-10003289,Technology,Accessories,Anker Ultra-Slim Mini Bluetooth 3.0 Wireless Keyboard,47.976,3.0,0.2,1.7991,ERP,Rejected,Duplicate?
2772.0,CA-2016-163986,9/3/2016,9/10/2016,Standard Class,JJ-15445,Jennifer Jackson,Consumer,United States,Waukesha,Wisconsin,53186.0,Central,OFF-ST-10000918,Office Supplies,Storage,Crate-A-Files,54.5,5.0,0.0,14.17,CRM,Pending,
2773.0,CA-2017-158967,12/10/2017,12/12/2017,First Class,BT-11680,Brian Thompson,Consumer,United States,Fort Lauderdale,Florida,33311.0,South,FUR-FU-10001940,Furniture,Furnishings,Staple-based wall hangings,19.104,3.0,0.2,5.7312,Manual Upload,,Duplicate?
2774.0,CA-2016-131576,11/22/2016,11/26/2016,Standard Class,RD-19585,Rob Dowd,Consumer,United States,Detroit,Michigan,48205.0,Central,OFF-BI-10002852,Office Supplies,Binders,Ibico Standard Transparent Covers,49.44,3.0,0.0,24.2256,Legacy,,Urgent
2775.0,CA-2017-143455,11/11/2017,11/18/2017,Standard Class,ML-17755,Max Ludwig,Home Office,United States,Springfield,Ohio,45503.0,East,OFF-PA-10004451,Office Supplies,Paper,Xerox 222,10.368,2.0,0.2,3.6288,Manual Upload,Pending,
2776.0,CA-2016-144729,10/21/2016,10/25/2016,Standard Class,JE-15745,Joel Eaton,Consumer,United States,San Diego,California,92037.0,West,OFF-ST-10004804,Office Supplies,Storage,"Belkin 19"" Vented Equipment Shelf, Black",154.44,3.0,0.0,1.5444,Legacy,Approved,Check later
2777.0,CA-2015-127019,12/21/2015,12/25/2015,Standard Class,ER-13855,Elpida Rittenbach,Corporate,United States,Colorado Springs,Colorado,80906.0,West,OFF-AP-10003971,Office Supplies,Appliances,Belkin 6 Outlet Metallic Surge Strip,60.984,7.0,0.2,4.5738,Manual Upload,Pending,
2778.0,CA-2015-138534,7/17/2015,7/19/2015,Second Class,JM-15535,Jessica Myrick,Consumer,United States,Bakersfield,California,93309.0,West,FUR-BO-10003159,Furniture,Bookcases,"Sauder Camden County Collection Libraries, Planked Cherry Finish",195.466,2.0,0.15,-13.7976,CRM,,Urgent
2779.0,CA-2017-108322,4/30/2017,5/5/2017,Standard Class,SS-20140,Saphhira Shifley,Corporate,United States,Pompano Beach,Florida,33068.0,South,FUR-FU-10001935,Furniture,Furnishings,3M Hangers With Command Adhesive,23.68,8.0,0.2,6.216,Manual Upload,Approved,
2780.0,CA-2017-108322,4/30/2017,5/5/2017,Standard Class,SS-20140,Saphhira Shifley,Corporate,United States,Pompano Beach,Florida,33068.0,South,TEC-AC-10003433,Technology,Accessories,Maxell 4.7GB DVD+R 5/Pack,2.376,3.0,0.2,0.7425,ERP,Approved,Urgent
2781.0,CA-2017-167668,5/6/2017,5/8/2017,First Class,TC-21295,Toby Carlisle,Consumer,United States,New York City,New York,10035.0,East,OFF-LA-10004544,Office Supplies,Labels,Avery 505,59.2,4.0,0.0,29.6,Legacy,Approved,Urgent
2782.0,CA-2017-146724,11/20/2017,11/27/2017,Standard Class,HG-15025,Hunter Glantz,Consumer,United States,Lakeville,Minnesota,55044.0,Central,OFF-AR-10001026,Office Supplies,Art,"Sanford Uni-Blazer View Highlighters, Chisel Tip, Yellow",22.0,10.0,0.0,9.68,Legacy,Pending,
2783.0,CA-2016-139878,11/11/2016,11/16/2016,Standard Class,LD-17005,Lisa DeCherney,Consumer,United States,Detroit,Michigan,48234.0,Central,TEC-PH-10001336,Technology,Phones,Digium D40 VoIP phone,257.98,2.0,0.0,74.8142,Manual Upload,Rejected,Check later
2784.0,US-2016-106677,11/5/2016,11/10/2016,Standard Class,AS-10285,Alejandro Savely,Corporate,United States,Philadelphia,Pennsylvania,19134.0,East,TEC-PH-10003187,Technology,Phones,Anker Astro Mini 3000mAh Ultra-Compact Portable Charger,23.988,2.0,0.4,-15.992,CRM,Approved,
2785.0,CA-2016-116974,10/9/2016,10/15/2016,Standard Class,MP-17965,Michael Paige,Corporate,United States,Troy,Ohio,45373.0,East,TEC-PH-10004897,Technology,Phones,Mediabridge Sport Armband iPhone 5s,23.976,4.0,0.4,-15.5844,Manual Upload,Rejected,Urgent
2786.0,CA-2015-149972,9/21/2015,9/23/2015,First Class,CD-12790,Cynthia Delaney,Home Office,United States,Los Angeles,California,90036.0,West,FUR-CH-10004997,Furniture,Chairs,Hon Every-Day Series Multi-Task Chairs,601.536,4.0,0.2,0.0,Manual Upload,Approved,Check later
2787.0,CA-2015-149972,9/21/2015,9/23/2015,First Class,CD-12790,Cynthia Delaney,Home Office,United States,Los Angeles,California,90036.0,West,OFF-FA-10002763,Office Supplies,Fasteners,Advantus Map Pennant Flags and Round Head Tacks,7.9,2.0,0.0,2.528,Legacy,Approved,Check later
2788.0,US-2014-117744,12/2/2014,12/6/2014,Standard Class,MD-17860,Michael Dominguez,Corporate,United States,Corpus Christi,Texas,78415.0,Central,FUR-FU-10001588,Furniture,Furnishings,"Deflect-o SuperTray Unbreakable Stackable Tray, Letter, Black",58.36,5.0,0.6,-24.803,ERP,,Duplicate?
2789.0,US-2014-117744,12/2/2014,12/6/2014,Standard Class,MD-17860,Michael Dominguez,corporate,United States,Corpus Christi,Texas,78415.0,Central,OFF-AR-10000940,Office Supplies,Art,Newell 343,16.464,7.0,0.2,1.4406,ERP,,Check later
2790.0,US-2014-117744,12/2/2014,12/6/2014,Standard Class,MD-17860,Michael Dominguez,Corporate,United States,Corpus Christi,Texas,78415.0,Central,FUR-FU-10002759,Furniture,Furnishings,12-1/2 Diameter Round Wall Clock,39.96,5.0,0.6,-23.976,CRM,Rejected,Urgent
2791.0,CA-2014-125514,9/21/2014,9/22/2014,First Class,BM-11650,Brian Moss,Corporate,United States,Omaha,Nebraska,68104.0,Central,OFF-AP-10000358,Office Supplies,Appliances,Fellowes Basic Home/Office Series Surge Protectors,25.96,2.0,0.0,7.5284,ERP,Rejected,Urgent
2792.0,CA-2014-125514,9/21/2014,9/22/2014,First Class,BM-11650,Brian Moss,Corporate,United States,Omaha,Nebraska,68104.0,Central,OFF-AP-10003281,Office Supplies,Appliances,Acco 6 Outlet Guardian Standard Surge Suppressor,36.27,3.0,0.0,10.881,Manual Upload,Approved,Check later
2793.0,CA-2014-125514,9/21/2014,9/22/2014,First Class,BM-11650,Brian Moss,Corporate,United States,Omaha,Nebraska,68104.0,Central,OFF-PA-10000029,Office Supplies,Paper,Xerox 224,6.48,1.0,0.0,3.1104,Manual Upload,Pending,Check later
2794.0,CA-2014-154599,4/12/2014,4/17/2014,Standard Class,KN-16450,Kean Nguyen,Corporate,United States,Redondo Beach,California,90278.0,West,TEC-PH-10001557,Technology,Phones,Pyle PMP37LED,1075.088,14.0,0.2,94.0702,Legacy,Approved,Duplicate?
2795.0,CA-2014-154599,4/12/2014,4/17/2014,Standard Class,KN-16450,Kean Nguyen,Corporate,United States,Redondo Beach,California,90278.0,West,TEC-PH-10000576,Technology,Phones,AT&T 1080 Corded phone,438.368,4.0,0.2,38.3572,ERP,Pending,
2796.0,CA-2014-154599,4/12/2014,4/17/2014,Standard Class,KN-16450,Kean Nguyen,Corporate,United States,Redondo Beach,California,90278.0,West,OFF-BI-10002764,Office Supplies,Binders,Recycled Pressboard Report Cover with Reinforced Top Hinge,18.088,7.0,0.2,6.5569,Manual Upload,Rejected,Duplicate?
2797.0,CA-2014-154599,4/12/2014,4/17/2014,Standard Class,KN-16450,Kean Nguyen,Corporate,United States,Redondo Beach,Cali,90278.0,West,FUR-BO-10001337,Furniture,Bookcases,O'Sullivan Living Dimensions 2-Shelf Bookcases,308.499,3.0,0.15,-18.147,Manual Upload,Rejected,
2798.0,CA-2017-158743,10/20/2017,10/27/2017,Standard Class,IG-15085,Ivan Gibson,Consumer,United States,Little Rock,Arkansas,72209.0,South,OFF-AR-10002257,Office Supplies,Art,"Eldon Spacemaker Box, Quick-Snap Lid, Clear",13.36,4.0,0.0,4.1416,CRM,,
2799.0,CA-2017-158743,10/20/2017,10/27/2017,Standard Class,IG-15085,Ivan Gibson,Consumer,United States,Little Rock,Arkansas,72209.0,South,OFF-PA-10001019,Office Supplies,Paper,Xerox 1884,39.96,2.0,0.0,18.7812,Legacy,Rejected,Duplicate?
2800.0,CA-2017-158743,10/20/2017,10/27/2017,Standard Class,IG-15085,Ivan Gibson,Consumer,United States,Little Rock,Arkansas,72209.0,South,OFF-BI-10003364,Office Supplies,Binders,Binding Machine Supplies,145.85,5.0,0.0,70.008,Legacy,,
2801.0,CA-2016-153318,10/25/2016,10/28/2016,First Class,JS-15595,Jill Stevenson,Corporate,United States,Miami,Florida,33180.0,South,TEC-PH-10000984,Technology,Phones,Panasonic KX-TG9471B,783.96,5.0,0.2,78.396,CRM,,Urgent
2802.0,US-2015-110163,11/1/2015,11/4/2015,First Class,GA-14725,Guy Armstrong,Consumer,United States,Salem,Oregon,97301.0,West,OFF-AR-10001683,Office Supplies,Art,Lumber Crayons,7.88,1.0,0.2,1.773,Manual Upload,Approved,Duplicate?
2803.0,CA-2017-143329,11/3/2017,11/8/2017,Standard Class,DL-13330,Denise Leinenbach,Consumer,United States,Las Cruces,New Mexico,88001.0,West,FUR-FU-10000629,Furniture,Furnishings,9-3/4 Diameter Round Wall Clock,41.37,3.0,0.0,17.3754,Legacy,Pending,Duplicate?
2804.0,CA-2015-159380,5/12/2015,5/16/2015,Standard Class,CS-12505,Cindy Stewart,Consumer,United States,San Francisco,Calif.,94122.0,West,OFF-PA-10003893,Office Supplies,Paper,Xerox 1962,12.84,3.0,0.0,5.778,ERP,Approved,Urgent
2805.0,CA-2015-159380,5/12/2015,5/16/2015,Standard Class,CS-12505,Cindy Stewart,Consumer,United States,San Francisco,California,94122.0,West,OFF-PA-10004239,Office Supplies,Paper,Xerox 1953,25.68,6.0,0.0,11.556,Manual Upload,Rejected,
2806.0,CA-2015-122623,9/7/2015,9/11/2015,Standard Class,CC-12145,Charles Crestani,Consumer,United States,El Paso,Texas,79907.0,Central,FUR-CH-10000553,Furniture,Chairs,"Metal Folding Chairs, Beige, 4/Carton",47.516,2.0,0.3,-2.0364,Legacy,,Check later
2807.0,CA-2015-148635,7/25/2015,7/27/2015,Second Class,MH-18025,Michelle Huthwaite,Consumer,United States,Seattle,Washington,98115.0,West,OFF-FA-10004395,Office Supplies,Fasteners,Plymouth Boxed Rubber Bands by Plymouth,9.42,2.0,0.0,0.471,Manual Upload,Pending,Duplicate?
2808.0,CA-2015-148635,7/25/2015,7/27/2015,Second Class,MH-18025,Michelle Huthwaite,Consumer,United States,Seattle,Washington,98115.0,West,OFF-PA-10004782,Office Supplies,Paper,Xerox 228,12.96,2.0,0.0,6.2208,CRM,Rejected,Check later
2809.0,CA-2015-148635,7/25/2015,7/27/2015,Second Class,MH-18025,Michelle Huthwaite,Consumer,United States,Seattle,Washington,98115.0,West,FUR-BO-10002213,Furniture,Bookcases,"Sauder Forest Hills Library, Woodland Oak Finish",704.9,5.0,0.0,56.392,Manual Upload,,
2810.0,CA-2015-148635,7/25/2015,7/27/2015,Second Class,MH-18025,Michelle Huthwaite,Consumer,United States,Seattle,Washington,98115.0,West,FUR-CH-10001854,Furniture,Chairs,Office Star - Professional Matrix Back Chair with 2-to-1 Synchro Tilt and Mesh Fabric Seat,561.568,2.0,0.2,28.0784,ERP,,Duplicate?
2811.0,CA-2015-135685,11/16/2015,11/18/2015,Second Class,MP-18175,Mike Pelletier,Home Office,United States,Milwaukee,Wisconsin,53209.0,Central,OFF-PA-10000157,Office Supplies,Paper,Xerox 191,179.82,9.0,0.0,84.5154,Legacy,Rejected,Check later
2812.0,CA-2015-135685,11/16/2015,11/18/2015,2nd Class,MP-18175,Mike Pelletier,Home Office,United States,Milwaukee,Wisconsin,53209.0,Central,FUR-FU-10001185,Furniture,Furnishings,"Advantus Employee of the Month Certificate Frame, 11 x 13-1/2",185.58,6.0,0.0,76.0878,Manual Upload,Rejected,
2813.0,CA-2015-135685,11/16/2015,11/18/2015,Second Class,MP-18175,Mike Pelletier,Home Office,United States,Milwaukee,Wisconsin,53209.0,Central,FUR-TA-10001520,Furniture,Tables,"Lesro Sheffield Collection Coffee Table, End Table, Center Table, Corner Table",214.11,3.0,0.0,36.3987,Legacy,Pending,
2814.0,CA-2015-135685,11/16/2015,11/18/2015,Second Class,MP-18175,Mike Pelletier,Home Office,United States,Milwaukee,Wisconsin,53209.0,Central,TEC-AC-10004145,Technology,Accessories,Logitech diNovo Edge Keyboard,999.96,4.0,0.0,229.9908,Legacy,,Urgent
2815.0,CA-2015-135685,11/16/2015,11/18/2015,Second Class,MP-18175,Mike Pelletier,Home Office,United States,Milwaukee,Wisconsin,53209.0,Central,FUR-TA-10000688,Furniture,Tables,"Chromcraft Bull-Nose Wood Round Conference Table Top, Wood Base",653.55,3.0,0.0,111.1035,Legacy,Pending,Urgent
2816.0,CA-2015-104626,9/1/2015,9/8/2015,Standard Class,DR-12940,Daniel Raglin,Home Office,United States,Franklin,Massachusetts,2038.0,East,OFF-BI-10001510,Office Supplies,Binders,Deluxe Heavy-Duty Vinyl Round Ring Binder,114.6,5.0,0.0,51.57,Manual Upload,Pending,
2817.0,CA-2015-104626,9/1/2015,2015-09-08,Standard Class,DR-12940,Daniel Raglin,Home Office,United States,Franklin,Massachusetts,2038.0,East,FUR-CH-10003817,Furniture,Chairs,"Global Value Steno Chair, Gray",60.74,1.0,0.0,15.185,Legacy,Approved,
2818.0,CA-2015-104626,9/1/2015,9/8/2015,Standard Class,DR-12940,Daniel Raglin,Home Office,United States,Franklin,Massachusetts,2038.0,East,FUR-FU-10000308,Furniture,Furnishings,Deflect-o Glass Clear Studded Chair Mats,124.36,2.0,0.0,27.3592,Manual Upload,Rejected,Duplicate?
2819.0,CA-2015-104626,9/1/2015,9/8/2015,Standard Class,DR-12940,Daniel Raglin,Home Office,United States,Franklin,Massachusetts,2038.0,East,OFF-ST-10003208,Office Supplies,Storage,Adjustable Depth Letter/Legal Cart,1088.76,6.0,0.0,315.7404,Legacy,,Check later
2820.0,CA-2016-160500,5/5/2016,5/8/2016,First Class,DM-13015,Darrin Martin,Consumer,United States,Encinitas,California,92024.0,West,OFF-BI-10003784,Office Supplies,Binders,Computer Printout Index Tabs,6.72,5.0,0.2,2.352,CRM,Approved,Duplicate?
2821.0,CA-2016-160500,5/5/2016,5/8/2016,First Class,DM-13015,Darrin Martin,Consumer,United States,Encinitas,California,92024.0,West,FUR-TA-10003748,Furniture,Tables,Bevis 36 x 72 Conference Tables,298.776,3.0,0.2,7.4694,Legacy,Rejected,
2822.0,CA-2017-100202,12/31/2016,1/5/2017,Standard Class,BD-11620,Brian DeCherney,Consumer,United States,Anaheim,California,92804.0,West,TEC-PH-10002563,Technology,Phones,Adtran 1202752G1,302.376,3.0,0.2,22.6782,Legacy,Pending,Urgent
2823.0,CA-2017-131016,9/18/2017,9/20/2017,First Class,DC-12850,Dan Campbell,Consumer,United States,Arlington,Texas,76017.0,Central,OFF-AR-10000122,Office Supplies,Art,Newell 314,8.928,2.0,0.2,0.558,Manual Upload,Pending,Check later
2824.0,CA-2017-131016,9/18/2017,9/20/2017,First Class,DC-12850,Dan Campbell,Consumer,United States,Arlington,Texas,76017.0,Central,OFF-ST-10000352,Office Supplies,Storage,Acco Perma 2700 Stacking Storage Drawers,47.584,2.0,0.2,-2.974,Legacy,Rejected,Duplicate?
2825.0,US-2014-112914,9/25/2014,9/30/2014,Standard Class,MT-18070,Michelle Tran,Home Office,United States,Houston,Texas,77041.0,Central,OFF-PA-10003270,Office Supplies,Paper,Xerox 1954,33.792,8.0,0.2,10.56,Legacy,Pending,
2826.0,US-2014-112914,9/25/2014,9/30/2014,Standard Class,MT-18070,Michelle Tran,Home Office,United States,Houston,Texas,77041.0,Central,FUR-BO-10003272,Furniture,Bookcases,O'Sullivan Living Dimensions 5-Shelf Bookcases,300.5328,2.0,0.32,-97.2312,ERP,Pending,Check later
2827.0,US-2014-112914,9/25/2014,9/30/2014,Standard Class,MT-18070,Michelle Tran,Home Office,United States,Houston,Texas,77041.0,Central,OFF-BI-10002982,Office Supplies,Binders,Avery Self-Adhesive Photo Pockets for Polaroid Photos,2.724,2.0,0.8,-4.3584,Manual Upload,,Duplicate?
2828.0,US-2014-112914,9/25/2014,9/30/2014,Standard Class,MT-18070,Michelle Tran,Home Office,United States,Houston,Texas,77041.0,Central,OFF-EN-10001509,Office Supplies,Envelopes,Poly String Tie Envelopes,3.264,2.0,0.2,1.1016,CRM,Approved,Urgent
2829.0,CA-2016-124149,4/23/2016,4/26/2016,First Class,MJ-17740,Max Jones,Consumer,United States,Lancaster,Ohio,43130.0,East,OFF-PA-10002421,Office Supplies,Paper,Embossed Ink Jet Note Cards,108.336,6.0,0.2,37.9176,Manual Upload,Approved,Check later
2830.0,CA-2016-124149,4/23/2016,4/26/2016,First Class,MJ-17740,Max Jones,Consumer,United States,Lancaster,Ohio,43130.0,East,OFF-ST-10000760,Office Supplies,Storage,Eldon Fold 'N Roll Cart System,55.92,5.0,0.2,6.291,CRM,Pending,
2831.0,CA-2016-124149,4/23/2016,4/26/2016,First Class,MJ-17740,Max Jones,Consumer,United States,Lancaster,Ohio,43130.0,East,OFF-PA-10002923,Office Supplies,Paper,Xerox 1942,78.304,2.0,0.2,29.364,ERP,Pending,
2832.0,CA-2014-148915,11/1/2014,11/5/2014,Standard Class,ND-18370,Natalie DeCherney,Consumer,United States,Portland,Oregon,97206.0,West,OFF-ST-10001128,Office Supplies,Storage,"Carina Mini System Audio Rack, Model AR050B",443.92,5.0,0.2,-94.333,Manual Upload,Pending,
2833.0,CA-2014-148915,11/1/2014,11/5/2014,Standard Class,ND-18370,Natalie DeCherney,Consumer,United States,Portland,Oregon,97206.0,West,TEC-PH-10000673,Technology,Phones,Plantronics Voyager Pro HD - Bluetooth Headset,155.976,3.0,0.2,54.5916,CRM,Rejected,
2834.0,CA-2017-134649,1/26/2017,1/31/2017,Second Class,CA-11965,Carol Adams,Corporate,United States,Hoover,Alabama,35244.0,South,OFF-AR-10001547,Office Supplies,Art,Newell 311,15.47,7.0,0.0,4.1769,ERP,Approved,
2835.0,CA-2017-134649,1/26/2017,1/31/2017,Second Class,CA-11965,Carol Adams,Corporate,United States,Hoover,Alabama,35244.0,South,OFF-BI-10001890,Office Supplies,Binders,Avery Poly Binder Pockets,7.16,2.0,0.0,3.4368,Legacy,,
2836.0,CA-2017-110842,11/11/2017,11/16/2017,Standard Class,GA-14725,Guy Armstrong,Consumer,United States,Los Angeles,California,90036.0,West,OFF-AP-10003971,Office Supplies,Appliances,Belkin 6 Outlet Metallic Surge Strip,10.89,1.0,0.0,2.8314,Legacy,Approved,
2837.0,CA-2017-110842,11/11/2017,11/16/2017,Standard Class,GA-14725,Guy Armstrong,consumer,United States,Los Angeles,California,90036.0,West,OFF-PA-10000520,Office Supplies,Paper,Xerox 201,19.44,3.0,0.0,9.3312,CRM,,Duplicate?
2838.0,CA-2017-110842,11/11/2017,11/16/2017,Standard Class,GA-14725,Guy Armstrong,Consumer,United States,Los Angeles,California,90036.0,West,OFF-BI-10000977,Office Supplies,Binders,Ibico Plastic Spiral Binding Combs,121.6,5.0,0.2,39.52,Manual Upload,,
2839.0,CA-2016-147368,6/9/2016,6/12/2016,First Class,TC-21295,Toby Carlisle,Consumer,United States,Tallahassee,Florida,32303.0,South,TEC-MA-10002178,Technology,Machines,Cisco CP-7937G Unified IP Conference Station Phone,695.7,2.0,0.5,-27.828,ERP,Pending,Duplicate?
2840.0,US-2015-104185,9/3/2015,9/8/2015,Second Class,JB-15400,Jennifer Braxton,Corporate,United States,New York City,New York,10009.0,East,OFF-ST-10001526,Office Supplies,Storage,Iceberg Mobile Mega Data/Printer Cart ,120.33,1.0,0.0,31.2858,Legacy,Rejected,Check later
2841.0,US-2014-125521,3/14/2014,3/19/2014,Standard Class,CK-12325,Christine Kargatis,Home Office,United States,Chesapeake,Virginia,23320.0,South,FUR-CH-10003379,Furniture,Chairs,Global Commerce Series High-Back Swivel/Tilt Chairs,1139.92,4.0,0.0,284.98,CRM,Rejected,Urgent
2842.0,US-2017-135062,8/31/2017,9/4/2017,Second Class,RL-19615,Rob Lucas,Consumer,United States,Fayetteville,North Carolina,28314.0,South,OFF-PA-10000100,Office Supplies,Paper,Xerox 1945,229.544,7.0,0.2,83.2097,Manual Upload,,Check later
2843.0,CA-2017-135650,3/23/2017,3/27/2017,Standard Class,AC-10660,Anna Chung,Consumer,United States,Huntsville,Texas,77340.0,Central,OFF-ST-10001809,Office Supplies,Storage,Fellowes Officeware Wire Shelving,143.728,2.0,0.2,-32.3388,Manual Upload,Approved,
2844.0,CA-2017-112865,5/18/2017,5/22/2017,Standard Class,BH-11710,Brosina Hoffman,Consumer,United States,Philadelphia,Pennsylvania,19140.0,East,TEC-AC-10000387,Technology,Accessories,KeyTronic KT800P2 - Keyboard - Black,36.048,3.0,0.2,-0.9012,ERP,,Check later
2845.0,US-2016-162852,12/27/2016,12/31/2016,Standard Class,BG-11695,Brooke Gillingham,Corporate,United States,Woodstock,Illinois,60098.0,central,FUR-CH-10004853,Furniture,Chairs,"Global Manager's Adjustable Task Chair, Storm",845.488,8.0,0.3,-12.0784,Legacy,Rejected,
2846.0,CA-2017-138163,11/17/2017,11/20/2017,First Class,XP-21865,Xylona Preis,Consumer,United States,Everett,Massachusetts,2149.0,East,OFF-AR-10001958,Office Supplies,Art,Stanley Bostitch Contemporary Electric Pencil Sharpeners,50.94,3.0,0.0,14.2632,ERP,Rejected,
2847.0,CA-2017-152093,9/10/2017,9/15/2017,Standard Class,SN-20560,Skye Norling,Home Office,United States,Chicago,Illinois,60653.0,Central,OFF-BI-10003527,Office Supplies,Binders,Fellowes PB500 Electric Punch Plastic Comb Binding Machine with Manual Bind,762.594,3.0,0.8,-1143.891,Legacy,Rejected,Urgent
2848.0,CA-2017-157854,4/8/2017,15/04/2017,Standard Class,DM-13345,Denise Monton,Corporate,United States,Roswell,Georgia,30076.0,South,FUR-FU-10003832,Furniture,Furnishings,"Eldon Expressions Punched Metal & Wood Desk Accessories, Black & Cherry",56.28,6.0,0.0,15.7584,ERP,,
2849.0,CA-2017-157854,4/8/2017,4/15/2017,Standard Class,DM-13345,Denise Monton,Corporate,United States,Roswell,Georgia,30076.0,South,OFF-BI-10001359,Office Supplies,Binders,GBC DocuBind TL300 Electric Binding System,2690.97,3.0,0.0,1264.7559,CRM,,Check later
2850.0,CA-2016-123617,11/28/2016,12/3/2016,Standard Class,AJ-10780,Anthony Jacobs,Corporate,United States,Palm Coast,Florida,32137.0,South,OFF-BI-10002976,Office Supplies,Binders,ACCOHIDE Binder by Acco,7.434,6.0,0.7,-5.6994,ERP,Pending,Duplicate?
2851.0,US-2016-128293,6/2/2016,6/5/2016,First Class,KC-16255,Karen Carlisle,Corporate,United States,Philadelphia,Pennsylvania,19120.0,East,OFF-ST-10000736,Office Supplies,Storage,Carina Double Wide Media Storage Towers in Natural & Black,64.784,1.0,0.2,-12.9568,Legacy,Pending,Duplicate?
2852.0,CA-2017-107342,12/17/2017,12/22/2017,Standard Class,VF-21715,Vicky Freymann,Home Office,United States,Columbus,Indiana,47201.0,Central,OFF-PA-10001745,Office Supplies,Paper,"Wirebound Message Books, 2 7/8"" x 5"", 3 Forms per Page",28.16,4.0,0.0,13.2352,Manual Upload,Rejected,Urgent
2853.0,CA-2016-136371,3/19/2016,3/21/2016,Second Class,SV-20935,Susan Vittorini,Consumer,United States,Oceanside,New York,11572.0,East,FUR-FU-10000409,Furniture,Furnishings,"GE 4 Foot Flourescent Tube, 40 Watt",14.98,1.0,0.0,6.8908,Legacy,Pending,Check later
2854.0,CA-2016-136371,3/19/2016,3/21/2016,Second Class,SV-20935,Susan Vittorini,Consumer,United States,Oceanside,New York,11572.0,East,FUR-FU-10000221,Furniture,Furnishings,"Master Caster Door Stop, Brown",20.32,4.0,0.0,6.9088,ERP,Pending,
2855.0,CA-2017-137344,8/20/2017,8/20/2017,Same Day,EM-13810,Eleni McCrary,Corporate,United States,Franklin,Massachusetts,2038.0,East,OFF-ST-10000344,Office Supplies,Storage,"Neat Ideas Personal Hanging Folder Files, Black",40.29,3.0,0.0,10.4754,Legacy,Approved,Duplicate?
2856.0,CA-2017-169810,7/25/2017,7/31/2017,Standard Class,RB-19360,Raymond Buch,Consumer,United States,Sioux Falls,South Dakota,57103.0,Central,OFF-LA-10003663,Office Supplies,Labels,Avery 498,20.23,7.0,0.0,9.5081,ERP,,
2857.0,CA-2016-128594,8/26/2016,8/29/2016,First Class,DJ-13510,Don Jones,Corporate,United States,San Diego,California,92037.0,West,FUR-CH-10001215,Furniture,Chairs,Global Troy Executive Leather Low-Back Tilter,1603.136,4.0,0.2,100.196,Legacy,Pending,Duplicate?
2858.0,CA-2016-154690,8/15/2016,8/17/2016,Second Class,CC-12370,Christopher Conant,Consumer,United States,Fayetteville,North Carolina,28314.0,South,FUR-CH-10000988,Furniture,Chairs,Hon Olson Stacker Stools,225.296,2.0,0.2,22.5296,ERP,Rejected,Urgent
2859.0,CA-2017-138975,5/19/2017,5/23/2017,Standard Class,SC-20380,Shahid Collister,Consumer,United States,Atlanta,Georgia,30318.0,South,TEC-AC-10003441,Technology,Accessories,Kingston Digital DataTraveler 32GB USB 2.0,67.8,4.0,0.0,4.068,Legacy,Pending,Duplicate?
2860.0,CA-2017-138975,5/19/2017,5/23/2017,Standard Class,SC-20380,Shahid Collister,Consumer,United States,Atlanta,Georgia,30318.0,South,TEC-PH-10004389,Technology,Phones,Nokia Lumia 925,377.97,3.0,0.0,98.2722,Manual Upload,,Urgent
2861.0,CA-2017-138975,5/19/2017,5/23/2017,Standard Class,SC-20380,Shahid Collister,Consumer,United States,Atlanta,Georgia,30318.0,South,FUR-BO-10004695,Furniture,Bookcases,O'Sullivan 2-Door Barrister Bookcase in Odessa Pine,1628.82,9.0,0.0,374.6286,Legacy,,
2862.0,CA-2017-138975,5/19/2017,5/23/2017,Standard Class,SC-20380,Shahid Collister,Consumer,United States,Atlanta,Georgia,30318.0,South,OFF-PA-10000100,Office Supplies,Paper,Xerox 1945,286.93,7.0,0.0,140.5957,Manual Upload,Pending,
2863.0,CA-2017-106537,8/12/2017,8/17/2017,Standard Class,RH-19495,Rick Hansen,Consumer,United States,Orlando,Florida,32839.0,South,OFF-PA-10000223,Office Supplies,Paper,Xerox 2000,20.736,4.0,0.2,7.2576,ERP,,Duplicate?
2864.0,US-2017-103828,8/13/2017,8/13/2017,Same Day,JK-15370,Jay Kimmel,Consumer,United States,San Francisco,California,94122.0,West,OFF-ST-10001325,Office Supplies,Storage,Sterilite Officeware Hinged File Box,31.44,3.0,0.0,8.4888,CRM,Rejected,
2865.0,US-2017-103828,8/13/2017,8/13/2017,Same Day,JK-15370,Jay Kimmel,Consumer,United States,San Francisco,California,94122.0,West,OFF-AP-10004249,Office Supplies,Appliances,Staple holder,83.79,7.0,0.0,22.6233,Manual Upload,Approved,Urgent
2866.0,US-2017-103828,8/13/2017,8/13/2017,Same Day,JK-15370,Jay Kimmel,Consumer,United States,San Francisco,California,94122.0,West,OFF-AR-10000588,Office Supplies,Art,Newell 345,59.52,3.0,0.0,15.4752,CRM,Approved,Check later
2867.0,US-2017-103828,8/13/2017,8/13/2017,Same Day,JK-15370,Jay Kimmel,Consumer,United States,San Francisco,California,94122.0,West,OFF-SU-10000946,Office Supplies,Supplies,Staple remover,31.92,4.0,0.0,9.2568,Legacy,Pending,Duplicate?
2868.0,CA-2016-115588,11/10/2016,11/12/2016,Second Class,AF-10885,Art Foster,Consumer,United States,Toledo,Ohio,43615.0,East,OFF-SU-10001225,Office Supplies,Supplies,Staple remover,14.72,5.0,0.2,-3.312,Legacy,Approved,Duplicate?
2869.0,CA-2016-115588,11/10/2016,11/12/2016,Second Class,AF-10885,Art Foster,Consumer,United States,Toledo,Ohio,43615.0,East,OFF-ST-10001558,Office Supplies,Storage,Acco Perma 4000 Stacking Storage Drawers,38.976,3.0,0.2,-2.436,CRM,Rejected,Duplicate?
2870.0,CA-2017-143861,6/12/2017,6/19/2017,Standard Class,LC-16885,Lena Creighton,Consumer,United States,Saint Petersburg,Florida,33710.0,South,FUR-FU-10001546,Furniture,Furnishings,Dana Swing-Arm Lamps,17.088,2.0,0.2,1.068,Legacy,,
2871.0,CA-2014-148040,3/22/2014,3/26/2014,Standard Class,BF-11275,Beth Fritzler,Corporate,United States,Tucson,Arizona,85705.0,West,OFF-PA-10002581,Office Supplies,Paper,Xerox 1951,74.352,3.0,0.2,23.235,Manual Upload,Approved,
2872.0,CA-2014-148040,3/22/2014,3/26/2014,Standard Class,BF-11275,Beth Fritzler,Corporate,United States,Tucson,Arizona,85705.0,West,FUR-CH-10001482,Furniture,Chairs,Office Star - Mesh Screen back chair with Vinyl seat,314.352,3.0,0.2,-35.3646,CRM,Pending,Check later
2873.0,CA-2017-135167,2017/06/15,6/20/2017,Standard Class,SC-20800,Stuart Calhoun,Consumer,United States,Los Angeles,California,90036.0,West,OFF-AR-10002399,Office Supplies,Art,"Dixon Prang Watercolor Pencils, 10-Color Set with Brush",4.26,1.0,0.0,1.7466,Manual Upload,Approved,
2874.0,CA-2017-137022,11/16/2017,11/22/2017,Standard Class,SW-20275,Scott Williamson,Consumer,United States,San Diego,California,92105.0,West,OFF-ST-10001963,Office Supplies,Storage,Tennsco Regal Shelving Units,811.28,8.0,0.0,24.3384,Manual Upload,Pending,
2875.0,US-2017-102638,12/29/2017,12/31/2017,First Class,MC-17845,Michael Chen,Consumer,United States,New York City,New York,10035.0,East,OFF-FA-10002988,Office Supplies,Fasteners,Ideal Clamps,6.03,3.0,0.0,2.9547,Manual Upload,,
2876.0,US-2016-167339,1/21/2016,1/23/2016,Second Class,TD-20995,Tamara Dahlen,Consumer,United States,San Diego,California,92037.0,West,FUR-CH-10004289,Furniture,Chairs,Global Super Steno Chair,153.568,2.0,0.2,-5.7588,CRM,,Duplicate?
2877.0,US-2016-167339,1/21/2016,1/23/2016,Second Class,TD-20995,Tamara Dahlen,Consumer,United States,San Diego,California,92037.0,West,FUR-CH-10000785,Furniture,Chairs,Global Ergonomic Managers Chair,1013.488,7.0,0.2,76.0116,ERP,,Urgent
2878.0,CA-2016-152072,1/15/2016,1/19/2016,Standard Class,Dp-13240,Dean percer,Home Office,United States,Westfield,New Jersey,7090.0,East,OFF-EN-10003040,Office Supplies,Envelopes,Quality Park Security Envelopes,52.34,2.0,0.0,24.5998,Manual Upload,Pending,Urgent
2879.0,CA-2016-152072,1/15/2016,1/19/2016,Standard Class,Dp-13240,Dean percer,Home Office,United States,Westfield,New Jersey,7090.0,East,OFF-AR-10001573,Office Supplies,Art,American Pencil,4.66,2.0,0.0,1.3514,Legacy,Rejected,Check later
2880.0,CA-2016-152072,1/15/2016,1/19/2016,Standard Class,Dp-13240,Dean percer,Home Office,United States,Westfield,New Jersey,7090.0,East,TEC-AC-10000844,Technology,Accessories,Logitech Gaming G510s - Keyboard,254.97,3.0,0.0,91.7892,ERP,Rejected,Check later
2881.0,CA-2016-102932,9/19/2016,9/23/2016,Second Class,SD-20485,Shirley Daniels,Home Office,United States,Orange,New Jersey,7050.0,East,OFF-BI-10000756,Office Supplies,Binders,Storex DuraTech Recycled Plastic Frosted Binders,25.44,6.0,0.0,12.72,Manual Upload,,Urgent
2882.0,CA-2016-102932,9/19/2016,9/23/2016,Second Class,SD-20485,Shirley Daniels ,Home Office,United States,Orange,New Jersey,7050.0,East,OFF-SU-10000381,Office Supplies,Supplies,Acme Forged Steel Scissors with Black Enamel Handles,27.93,3.0,0.0,8.0997,ERP,,Duplicate?
2883.0,CA-2014-165540,2/21/2014,2/25/2014,Standard Class,TM-21010,Tamara Manning,Consumer,United States,Woodstock,Illinois,60098.0,Central,OFF-BI-10004094,Office Supplies,Binders,GBC Standard Plastic Binding Systems Combs,8.85,5.0,0.8,-13.7175,Legacy,Rejected,Duplicate?
2884.0,CA-2016-130799,11/11/2016,11/16/2016,Second Class,BK-11260,Berenike Kampe,Consumer,United States,San Francisco,California,94110.0,West,FUR-FU-10001852,Furniture,Furnishings,"Eldon Regeneration Recycled Desk Accessories, Smoke",6.96,4.0,0.0,2.2272,Legacy,Pending,
2885.0,CA-2016-164483,1/30/2016,2/3/2016,Standard Class,JF-15490,Jeremy Farry,Consumer,United States,San Francisco,California,94122.0,West,OFF-BI-10000014,Office Supplies,Binders,Heavy-Duty E-Z-D Binders,17.456,2.0,0.2,5.8914,ERP,Approved,Urgent
2886.0,US-2016-159856,10/18/2016,10/22/2016,Standard Class,EP-13915,Emily Phan,Consumer,United States,Tempe,Arizona,85281.0,West,FUR-CH-10003396,Furniture,Chairs,Global Deluxe Steno Chair,307.92,5.0,0.2,-34.641,Manual Upload,,Urgent
2887.0,CA-2017-102099,12/18/2017,12/19/2017,First Class,EP-13915,Emily Phan,Consumer,United States,Los Angeles,California,90008.0,West,OFF-AR-10003811,Office Supplies,Art,Newell 327,6.63,3.0,0.0,1.7901,ERP,Rejected,
2888.0,CA-2017-102099,12/18/2017,12/19/2017,First Class,EP-13915,Emily Phan,Consumer,United States,Los Angeles,California,90008.0,West,OFF-PA-10003172,Office Supplies,Paper,Xerox 1996,12.96,2.0,0.0,6.2208,Manual Upload,Approved,
2889.0,CA-2017-102099,12/18/2017,12/19/2017,First Class,EP-13915,Emily Phan,Consumer,United States,Los Angeles,California,90008.0,West,OFF-PA-10000289,Office Supplies,Paper,Xerox 213,32.4,5.0,0.0,15.552,CRM,Approved,Urgent
2890.0,CA-2017-164049,11/2/2017,11/6/2017,Standard Class,KH-16630,Ken Heidel,Corporate,United States,Seattle,Washington,98105.0,West,OFF-PA-10000791,Office Supplies,Paper,"Wirebound Message Books, Four 2 3/4 x 5 Forms per Page, 200 Sets per Book",23.85,5.0,0.0,10.7325,CRM,Rejected,Duplicate?
2891.0,CA-2014-142727,4/29/2014,5/1/2014,Second Class,HG-14845,Harry Greene,Consumer,United States,Lake Charles,Louisiana,70601.0,South,FUR-CH-10002304,Furniture,Chairs,"Global Stack Chair without Arms, Black",51.96,2.0,0.0,12.99,CRM,Approved,
2892.0,CA-2014-142727,4/29/2014,5/1/2014,Second Class,HG-14845,Harry Greene,Consumer,United States,Lake Charles,Louisiana,70601.0,South,OFF-BI-10000136,Office Supplies,Binders,Avery Non-Stick Heavy Duty View Round Locking Ring Binders,17.94,3.0,0.0,8.6112,ERP,Pending,Urgent
2893.0,CA-2017-139913,10/23/2017,10/29/2017,Standard Class,JC-16105,Julie Creighton,Corporate,United States,Rochester,New York,14609.0,East,OFF-PA-10003739,Office Supplies,Paper,Xerox 1969,11.56,2.0,0.0,5.6644,Manual Upload,,
2894.0,CA-2017-139913,10/23/2017,10/29/2017,Standard Class,JC-16105,Julie Creighton,Corporate,United States,Rochester,New York,14609.0,East,OFF-PA-10002479,Office Supplies,Paper,Xerox 4200 Series MultiUse Premium Copy Paper (20Lb. and 84 Bright),26.4,5.0,0.0,11.88,Legacy,Approved,Duplicate?
2895.0,CA-2017-139913,10/23/2017,10/29/2017,Standard Class,JC-16105,Julie Creighton,Corporate,United States,Rochester,New York,14609.0,East,FUR-FU-10000771,Furniture,Furnishings,"Eldon 200 Class Desk Accessories, Smoke",69.08,11.0,0.0,29.0136,Manual Upload,,Duplicate?
2896.0,CA-2017-139913,10/23/2017,10/29/2017,Standard Class,JC-16105,Julie Creighton,Corporate,United States,Rochester,New York,14609.0,East,TEC-PH-10001552,Technology,Phones,I Need's 3d Hello Kitty Hybrid Silicone Case Cover for HTC One X 4g with 3d Hello Kitty Stylus Pen Green/pink,35.88,3.0,0.0,10.0464,Manual Upload,Pending,
2897.0,CA-2014-169033,3/30/2014,4/3/2014,Standard Class,KM-16720,Kunst Miller,Consumer,United States,Long Beach,New York,11561.0,East,OFF-AR-10001915,Office Supplies,Art,Peel-Off China Markers,49.65,5.0,0.0,20.853,Legacy,Approved,
2898.0,US-2016-164630,1/4/2016,1/9/2016,Standard Class,EB-13975,Erica Bern,Corporate,United States,Charlotte,North Carolina,28205.0,South,TEC-CO-10000971,Technology,Copiers,Hewlett Packard 310 Color Digital Copier,959.968,4.0,0.2,119.996,ERP,,Duplicate?
2899.0,US-2015-114839,4/26/2015,4/30/2015,Standard Class,PW-19240,Pierre Wener,Consumer,United States,Houston,Texas,77036.0,Central,FUR-CH-10004086,Furniture ,Chairs,Hon 4070 Series Pagoda Armless Upholstered Stacking Chairs,408.422,2.0,0.3,-5.8346,ERP,,Check later
2900.0,CA-2015-166464,9/12/2015,9/17/2015,Standard Class,PG-18895,Paul Gonzalez,Consumer,United States,New York City,New York,10035.0,East,TEC-CO-10000971,Technology,Copiers,Hewlett Packard 310 Color Digital Copier,479.984,2.0,0.2,59.998,Legacy,Rejected,Duplicate?
2901.0,CA-2015-166464,9/12/2015,9/17/2015,Standard Class,PG-18895,Paul Gonzalez,Consumer,United States,New York City,New York,10035.0,East,OFF-LA-10001317,Office Supplies,Labels,Avery 520,12.6,4.0,0.0,6.048,Legacy,Pending,Check later
2902.0,CA-2017-124898,9/11/2017,9/15/2017,Standard Class,DB-12910,Daniel Byrd,Home Office,United States,Columbus,Georgia,31907.0,South,OFF-PA-10003656,Office Supplies,Paper,Xerox 1935,184.66,7.0,0.0,84.9436,ERP,Approved,
2903.0,CA-2016-164035,6/12/2016,6/17/2016,Standard Class,CR-12730,Craig Reiter,Consumer,United States,Chicago,Illinois,,Central,OFF-PA-10002160,Office Supplies,Paper,Xerox 1978,23.12,5.0,0.2,8.381,Manual Upload,,
2904.0,CA-2016-153577,6/27/2016,7/1/2016,Standard Class,KH-16330,Katharine Harms,Corporate,United States,Highland Park,Illinois,60035.0,Central,OFF-PA-10000575,Office Supplies,Paper,"Wirebound Message Books, Four 2 3/4 x 5 White Forms per Page",37.464,7.0,0.2,12.1758,CRM,Pending,Urgent
2905.0,CA-2016-153577,6/27/2016,7/1/2016,Standard Class,KH-16330,Katharine Harms,Corporate,United States,Highland Park,Illinois,60035.0,Central,FUR-CH-10003981,Furniture,Chairs,Global Commerce Series Low-Back Swivel/Tilt Chairs,539.658,3.0,0.3,-7.7094,Manual Upload,Rejected,Duplicate?
2906.0,CA-2014-127586,9/26/2014,9/30/2014,Standard Class,CS-12400,Christopher Schild,Home Office,United States,Seattle,Washington,98115.0,West,OFF-ST-10002615,Office Supplies,Storage,"Dual Level, Single-Width Filing Carts",310.12,2.0,0.0,80.6312,Legacy,Approved,
2907.0,CA-2017-121615,11/3/2017,11/9/2017,Standard Class,DL-12925,Daniel Lacy,Consumer,United States,Eagan,Minnesota,55122.0,Central,OFF-PA-10000327,Office Supplies,Paper,Xerox 1971,8.56,2.0,0.0,3.852,Manual Upload,Rejected,
2908.0,CA-2017-121615,11/3/2017,11/9/2017,Standard Class,DL-12925,Daniel Lacy,Consumer,United States,Eagan,Minnesota,55122.0,Central,OFF-ST-10001325,Office Supplies,Storage,Sterilite Officeware Hinged File Box,52.4,5.0,0.0,14.148,Legacy,Rejected,
2909.0,CA-2017-121615,11/3/2017,11/9/2017,Standard Class,DL-12925,Daniel Lacy,Consumer,United States,Eagan,Minnesota,55122.0,Central,OFF-LA-10001771,Office Supplies,Labels,Avery 513,14.94,3.0,0.0,6.8724,Manual Upload,Rejected,
2910.0,CA-2017-166415,2/19/2017,2/23/2017,Standard Class,ME-17725,Max Engle,Consumer,United States,Seattle,Washington,98103.0,West,OFF-FA-10004968,Office Supplies,Fasteners,Rubber Band Ball,11.22,3.0,0.0,0.2244,CRM,,Duplicate?
2911.0,CA-2015-118444,11/5/2015,11/9/2015,Standard Class,VD-21670,Valerie Dominguez,Consumer,United States,Coral Springs,Florida,33065.0,South,OFF-AP-10000576,Office Supplies,Appliances,"Belkin 325VA UPS Surge Protector, 6'",387.136,4.0,0.2,24.196,Legacy,Approved,Check later
2912.0,CA-2014-113929,6/16/2014,6/21/2014,Standard Class,CK-12205,Chloris Kastensmidt,Consumer,United States,Hempstead,New York,11550.0,EAST,OFF-EN-10003286,Office Supplies,Envelopes,Staple envelope,41.4,5.0,0.0,19.458,Manual Upload,Rejected,Urgent
2913.0,CA-2014-113929,6/16/2014,6/21/2014,Standard Class,CK-12205,Chloris Kastensmidt,Consumer,United States,Hempstead,New York,11550.0,East,OFF-AR-10003772,Office Supplies,Art,Boston 16750 Black Compact Battery Pencil Sharpener,35.0,4.0,0.0,10.5,CRM,Pending,Duplicate?
2914.0,CA-2014-113929,6/16/2014,6/21/2014,Standard Class,CK-12205,Chloris Kastensmidt,Consumer,United States,Hempstead,New York,11550.0,East,OFF-BI-10002852,Office Supplies,Binders,Ibico Standard Transparent Covers,39.552,3.0,0.2,14.3376,CRM,Approved,Duplicate?
2915.0,CA-2015-134747,10/12/2015,10/17/2015,Second Class,DL-12925,Daniel Lacy,Consumer,United States,Noblesville,Indiana,46060.0,Central,TEC-PH-10002890,Technology,Phones,AT&T 17929 Lendline Telephone,135.72,3.0,0.0,35.2872,CRM,Approved,Duplicate?
2916.0,CA-2015-134747,10/12/2015,10/17/2015,Second Class,DL-12925,Daniel Lacy,Consumer,United States,Noblesville,Indiana,46060.0,Central,OFF-BI-10001308,Office Supplies,Binders,GBC Standard Plastic Binding Systems' Combs,12.56,2.0,0.0,5.652,Manual Upload,Approved,
2917.0,CA-2015-134747,10/12/2015,10/17/2015,Second Class,DL-12925,Daniel Lacy,Consumer,United States,Noblesville,Indiana,00000,Central,TEC-PH-10001750,Technology,Phones,Samsung Rugby III,263.96,4.0,0.0,71.2692,ERP,Pending,Check later
2918.0,CA-2017-155047,8/27/2017,8/30/2017,First Class,SE-20110,Sanjit Engle,Consumer,United States,Dallas,Texas,75220.0,Central,OFF-AR-10003338,Office Supplies,Art,"Eberhard Faber 3 1/2"" Golf Pencils",5.952,1.0,0.2,0.372,CRM,Approved,
2919.0,CA-2016-160129,11/23/2016,11/23/2016,Same Day,LS-17200,Luke Schmidt,Corporate,United States,Philadelphia,Pennsylvania,19140.0,East,OFF-FA-10002763,Office Supplies,Fasteners,Advantus Map Pennant Flags and Round Head Tacks,15.8,5.0,0.2,2.37,Manual Upload,Pending,
2920.0,CA-2016-160129,11/23/2016,11/23/2016,Same Day,LS-17200,Luke Schmidt,Corporate,United States,Philadelphia,Pennsylvania,19140.0,East,FUR-FU-10002088,Furniture,Furnishings,Nu-Dell Float Frame 11 x 14 1/2,14.368,2.0,0.2,3.9512,CRM,Rejected,Duplicate?
2921.0,CA-2016-160129,11/23/2016,11/23/2016,Same Day,LS-17200,Luke Schmidt,Corporate,United States,Philadelphia,Pennsylvania,19140.0,East,FUR-FU-10003976,Furniture,Furnishings,"DAX Executive Solid Wood Document Frame, Desktop or Hang, Mahogany, 5 x 7",70.448,7.0,0.2,12.3284,CRM,Approved,Check later
2922.0,CA-2017-164329,1/30/2017,1/30/2017,Same Day,MM-17920,Michael Moore,Consumer,United States,San Francisco,California,94109.0,West,OFF-ST-10001511,Office Supplies,Storage,Space Solutions Commercial Steel Shelving,129.3,2.0,0.0,6.465,ERP,Rejected,
2923.0,US-2015-141453,11/30/2015,12/3/2015,Second Class,DB-13270,Deborah Brumfield,Home Office,United States,Austin,Texas,78745.0,Central,OFF-BI-10000301,office_supplies,Binders,GBC Instant Report Kit,3.882,3.0,0.8,-5.823,Manual Upload,,Urgent
2924.0,CA-2014-156993,6/28/2014,7/4/2014,Standard Class,RW-19630,Rob Williams,Corporate,United States,Detroit,Michigan,48234.0,Central,OFF-FA-10003495,Office Supplies,Fasteners,Staples,6.08,1.0,0.0,3.04,CRM,,
2925.0,CA-2014-157721,9/2/2014,9/5/2014,1st Class,JM-16195,Justin MacKendrick,Consumer,United States,Watertown,New York,13601.0,East,OFF-AP-10001303,Office Supplies,Appliances,"Holmes Cool Mist Humidifier for the Whole House with 8-Gallon Output per Day, Extended Life Filter",19.9,1.0,0.0,8.955,CRM,Rejected,
2926.0,CA-2014-157721,9/2/2014,9/5/2014,First Class,JM-16195,Justin MacKendrick,Consumer,United States,Watertown,New York,13601.0,East,FUR-FU-10002116,Furniture,Furnishings,"Tenex Carpeted, Granite-Look or Clear Contemporary Contour Shape Chair Mats",70.71,1.0,0.0,4.9497,CRM,Rejected,Urgent
2927.0,CA-2017-128629,7/10/2017,7/14/2017,Second Class,BP-11155,Becky Pak,Consumer,United States,Columbus,Georgia,31907.0,South,FUR-FU-10000771,Furniture,Furnishings,"Eldon 200 Class Desk Accessories, Smoke",18.84,3.0,0.0,7.9128,Legacy,Rejected,Check later
2928.0,CA-2017-158106,6/4/2017,6/10/2017,Standard Class,CT-11995,Carol Triggs,Consumer,United States,Apple Valley,Minnesota,55124.0,Central,OFF-AR-10002255,Office Supplies,Art,Newell 346,8.64,3.0,0.0,2.5056,CRM,Approved,
2929.0,US-2017-120390,10/19/2017,10/26/2017,Standard Class,TH-21550,Tracy Hopkins,Home Office,United States,Burlington,North Carolina,27217.0,South,OFF-BI-10004995,Office Supplies,Binders,GBC DocuBind P400 Electric Binding System,1633.188,4.0,0.7,-1306.5504,Manual Upload,Pending,Duplicate?
2930.0,CA-2017-143434,11/18/2017,11/24/2017,Standard Class,ME-17320,Maria Etezadi,Home Office,United States,Saginaw,Michigan,48601.0,Central,FUR-FU-10002597,Furniture,Furnishings,"C-Line Magnetic Cubicle Keepers, Clear Polypropylene",19.76,4.0,0.0,8.2992,Legacy,Approved,Urgent
2931.0,CA-2015-168564,8/8/2015,8/8/2015,Same Day,TT-21220,Thomas Thornton,Consumer,United States,San Francisco,California,94109.0,West,OFF-BI-10004970,Office Supplies,Binders,"ACCOHIDE 3-Ring Binder, Blue, 1""",6.608,2.0,0.2,2.2302,Manual Upload,Rejected,Check later
2932.0,CA-2015-168564,8/8/2015,8/8/2015,Same Day,TT-21220,Thomas Thornton,Consumer,United States,San Francisco,California,94109.0,West,OFF-BI-10002557,Office Supplies,Binders,Presstex Flexible Ring Binders,7.28,2.0,0.2,2.73,CRM,Pending,Check later
2933.0,CA-2015-168564,8/8/2015,8/8/2015,Same Day,TT-21220,Thomas Thornton,Consumer,United States,San Francisco,California,94109.0,West,FUR-CH-10000785,Furniture,Chairs,Global Ergonomic Managers Chair,144.784,1.0,0.2,10.8588,ERP,Rejected,
2934.0,US-2016-169040,12/6/2016,12/12/2016,Standard Class,GT-14710,Greg Tran,Consumer,United States,Seattle,Washington,98105.0,West,TEC-PH-10002310,Technology,Phones,Plantronics Calisto P620-M USB Wireless Speakerphone System,156.792,1.0,0.2,13.7193,Manual Upload,Rejected,Duplicate?
2935.0,US-2016-169040,12/6/2016,12/12/2016,Standard Class,GT-14710,Greg Tran,Consumer,United States,Seattle,Washington,98105.0,West,TEC-PH-10002834,Technology,Phones,Google Nexus 5,431.976,3.0,0.2,26.9985,CRM,Pending,Duplicate?
2936.0,US-2016-169040,12/6/2016,12/12/2016,Standard Class,GT-14710,Greg Tran,Consumer,United States,Seattle,WA,98105.0,West,OFF-EN-10000927,Office Supplies,Envelopes,Jet-Pak Recycled Peel 'N' Seal Padded Mailers,35.89,1.0,0.0,16.1505,Legacy,Pending,
2937.0,US-2016-169040,12/6/2016,12/12/2016,Standard Class,GT-14710,Greg Tran,Consumer,United States,Seattle,Washington,98105.0,West,OFF-BI-10001636,Office Supplies,Binders,Ibico Plastic and Wire Spiral Binding Combs,47.208,7.0,0.2,15.3426,ERP,Pending,
2938.0,US-2016-169040,12/6/2016,12/12/2016,Standard Class,GT-14710,Greg Tran,Consumer,United States,Seattle,Washington,98105.0,West,OFF-PA-10001736,Office Supplies,Paper,Xerox 1880,248.08,7.0,0.0,116.5976,Manual Upload,,
2939.0,US-2016-169040,12/6/2016,12/12/2016,Standard Class,GT-14710,Greg Tran,Consumer,United States,Seattle,Washington,98105.0,West,OFF-PA-10000482,office_supplies,Paper,"Snap-A-Way Black Print Carbonless Ruled Speed Letter, Triplicate",189.7,5.0,0.0,89.159,CRM,Rejected,Check later
2940.0,US-2016-169040,12/6/2016,12/12/2016,Standard Class,GT-14710,Greg Tran,Consumer,United States,Seattle,Washington,98105.0,West,OFF-BI-10001658,Office Supplies,Binders,GBC Standard Therm-A-Bind Covers,59.808,3.0,0.2,19.4376,CRM,Approved,Duplicate?
2941.0,CA-2017-155880,3/25/2017,3/31/2017,Standard Class,JD-16150,Justin Deggeller,Corporate,United States,Milwaukee,Wisconsin,53209.0,Central,FUR-CH-10000422,Furniture,Chairs,Global Highback Leather Tilter in Burgundy,90.99,1.0,0.0,14.5584,Manual Upload,Rejected,
2942.0,CA-2017-155880,3/25/2017,3/31/2017,Standard Class,JD-16150,Justin Deggeller,Corporate,United States,Milwaukee,Wisconsin,53209.0,Central,FUR-CH-10004675,Furniture,Chairs,"Lifetime Advantage Folding Chairs, 4/Carton",1526.56,7.0,0.0,427.4368,ERP,Rejected,Urgent
2943.0,CA-2017-155880,3/25/2017,3/31/2017,Standard Class,JD-16150,Justin Deggeller,Corporate,United States,Milwaukee,Wisconsin,53209.0,Central,FUR-CH-10002880,Furniture,Chairs,"Global High-Back Leather Tilter, Burgundy",368.97,3.0,0.0,40.5867,CRM,Rejected,
2944.0,CA-2017-126242,11/19/2017,11/24/2017,Standard Class,MC-18100,Mick Crebagga,Consumer,United States,Los Angeles,California,90049.0,West,OFF-ST-10000675,Office Supplies,Storage,"File Shuttle II and Handi-File, Black",305.01,9.0,0.0,76.2525,Manual Upload,,Urgent
2945.0,CA-2017-126242,11/19/2017,11/24/2017,Standard Class,MC-18100,Mick Crebagga,Consumer,United States,Los Angeles,California,90049.0,West,FUR-FU-10002685,Furniture,Furnishings,"Executive Impressions 13-1/2"" Indoor/Outdoor Wall Clock",18.7,1.0,0.0,7.106,Manual Upload,Rejected,
2946.0,CA-2016-166443,11/4/2016,11/5/2016,First Class,LH-17020,Lisa Hazard,Consumer,United States,San Francisco,California,94122.0,West,FUR-FU-10004020,Furniture,Furnishings,Advantus Panel Wall Acrylic Frame,38.29,7.0,0.0,16.4647,CRM,Pending,Duplicate?
2947.0,CA-2017-169859,12/14/2017,12/18/2017,Standard Class,MP-18175,Mike Pelletier,Home Office,United States,San Diego,California,92024.0,West,FUR-FU-10004963,Furniture,Furnishings,"Eldon 400 Class Desk Accessories, Black Carbon",26.25,3.0,0.0,11.025,CRM,Rejected,Check later
2948.0,CA-2017-169859,12/14/2017,Dec 18 2017,Standard Class,MP-18175,Mike Pelletier,Home Office,United States,San Diego,California,92024.0,West,OFF-BI-10000174,Office Supplies,Binders,"Wilson Jones Clip & Carry Folder Binder Tool for Ring Binders, Clear",64.96,14.0,0.2,22.736,Legacy,,Check later
2949.0,CA-2017-169859,12/14/2017,12/18/2017,Standard Class,MP-18175,Mike Pelletier,Home Office,United States,San Diego,California,92024.0,West,OFF-EN-10000461,Office Supplies,Envelopes,"#10- 4 1/8"" x 9 1/2"" Recycled Envelopes",43.7,5.0,0.0,20.539,Legacy,Rejected,Duplicate?
2950.0,CA-2017-134915,11/12/2017,11/12/2017,Same Day,EM-14140,Eugene Moren,Home Office,United States,Glendale,Arizona,85301.0,West,TEC-AC-10001266,Technology,Accessories,Memorex Micro Travel Drive 8 GB,41.6,4.0,0.2,13.0,CRM,Approved,Check later
2951.0,CA-2017-134915,11/12/2017,11/12/2017,Same Day,EM-14140,Eugene Moren,Home Office,United States,Glendale,Arizona,85301.0,West,OFF-PA-10002160,Office Supplies,Paper,Xerox 1978,23.12,5.0,0.2,8.381,Legacy,Pending,Urgent
2952.0,CA-2017-134915,11/12/2017,11/12/2017,Same Day,EM-14140,Eugene Moren,Home Office,United States,Glendale,Arizona,85301.0,West,FUR-CH-10004875,Furniture,Chairs,Harbour Creations 67200 Series Stacking Chairs,113.888,2.0,0.2,9.9652,Legacy,,Check later
2953.0,CA-2017-134915,11/12/2017,11/12/2017,Same Day,EM-14140,Eugene Moren,Home Office,United States,Glendale,Arizona,85301.0,West,FUR-FU-10000305,Furniture,Furnishings,"Tenex V2T-RE Standard Weight Series Chair Mat, 45"" x 53"", Lip 25"" x 12""",113.568,2.0,0.2,-5.6784,CRM,Approved,Check later
2954.0,CA-2017-134915,11/12/2017,11/12/2017,Same Day,EM-14140,Eugene Moren,Home Office,United States,Glendale,Arizona,85301.0,West,TEC-PH-10000347,Technology,Phones,Cush Cases Heavy Duty Rugged Cover Case for Samsung Galaxy S5 - Purple,7.92,2.0,0.2,0.693,ERP,,
2955.0,CA-2017-134915,11/12/2017,11/12/2017,Same Day,EM-14140,Eugene Moren,Home Office,United States,Glendale,Arizona,85301.0,West,TEC-PH-10001459,Technology,Phones,Samsung Galaxy Mega 6.3,671.984,2.0,0.2,50.3988,ERP,Approved,Check later
2956.0,CA-2016-153353,8/18/2016,8/24/2016,Standard Class,GG-14650,Greg Guthrie,Corporate,United States,New York City,New York,10035.0,East,TEC-PH-10000439,Technology,Phones,GE DSL Phone Line Filter,39.99,1.0,0.0,11.5971,Legacy,Pending,Urgent
2957.0,CA-2017-123638,6/27/2017,7/4/2017,Standard Class,MA-17995,Michelle Arnett,Home Office,United States,Watertown,New York,13601.0,East,FUR-CH-10002647,Furniture,Chairs,"Situations Contoured Folding Chairs, 4/Set",191.646,3.0,0.1,31.941,Legacy,Rejected,
2958.0,CA-2017-168900,5/4/2017,5/9/2017,Standard Class,SH-20395,Shahid Hopkins,Consumer,United States,Springfield,Ohio,45503.0,East,OFF-BI-10003910,Office Supplies,Binders,DXL Angle-View Binders with Locking Rings by Samsill,2.313,1.0,0.7,-1.9275,Manual Upload,,Duplicate?
2959.0,CA-2015-158456,12/24/2015,12/29/2015,Standard Class,KT-16465,Kean Takahito,Consumer,United States,Los Angeles,California,90032.0,West,OFF-BI-10001097,Office Supplies,Binders,Avery Hole Reinforcements,19.936,4.0,0.2,7.2268,ERP,Rejected,Urgent
2960.0,CA-2015-158456,12/24/2015,12/29/2015,Standard Class,KT-16465,Kean Takahito,Consumer,United States,Los Angeles,California,90032.0,West,OFF-FA-10004854,Office Supplies,Fasteners,"Vinyl Coated Wire Paper Clips in Organizer Box, 800/Box",45.92,4.0,0.0,21.5824,Legacy,Rejected,Urgent
2961.0,CA-2017-143665,4/26/2017,5/1/2017,Standard Class,PO-19180,Philisse Overcash,Home Office,United States,Seattle,Washington,98115.0,West,OFF-PA-10003673,Office Supplies,Paper,Strathmore Photo Mount Cards,20.34,3.0,0.0,9.3564,Manual Upload,,
2962.0,CA-2017-143665,4/26/2017,5/1/2017,Standard Class,PO-19180,PhilisseOvercash,Home Office,United States,Seattle,Washington,98115.0,West,OFF-LA-10002034,Office Supplies,Labels,Avery 478,39.28,8.0,0.0,19.2472,CRM,,Urgent
2963.0,CA-2017-137428,12/16/2017,12/21/2017,Second Class,AY-10555,Andy Yotov,Corporate,United States,Oceanside,California,92054.0,West,FUR-CH-10002774,Furniture,Chairs,"Global Deluxe Stacking Chair, Gray",81.568,2.0,0.2,9.1764,Manual Upload,Rejected,Check later
2964.0,CA-2017-137428,12/16/2017,12/21/2017,Second Class,AY-10555,Andy Yotov,Corporate,United States,Oceanside,Cali,92054.0,West,FUR-CH-10003817,Furniture,Chairs,"Global Value Steno Chair, Gray",97.184,2.0,0.2,6.074,ERP,,Duplicate?
2965.0,CA-2017-137428,12/16/2017,12/21/2017,Second Class,AY-10555,Andy Yotov,Corporate,United States,Oceanside,California,92054.0,West,OFF-BI-10002949,Office Supplies,Binders,Prestige Round Ring Binders,24.32,5.0,0.2,8.208,ERP,Rejected,
2966.0,CA-2017-137428,16 Dec 2017,12/21/2017,Second Class,AY-10555,Andy Yotov,Corporate,United States,Oceanside,California,92054.0,West,FUR-FU-10002445,Furniture,Furnishings,"DAX Two-Tone Rosewood/Black Document Frame, Desktop, 5 x 7",18.96,2.0,0.0,7.584,Legacy,,Urgent
2967.0,CA-2014-162866,12/27/2014,12/31/2014,Standard Class,Co-12640,Corey-Lock,Consumer,United States,Skokie,Illinois,60076.0,Central,FUR-FU-10001473,Furniture,Furnishings,DAX Wood Document Frame,32.952,6.0,0.6,-19.7712,Legacy,,Check later
2968.0,CA-2014-162866,12/27/2014,12/31/2014,Standard Class,Co-12640,Corey-Lock,Consumer,United States,Skokie,Illinois,60076.0,Central,OFF-ST-10002562,Office Supplies,Storage,Staple magnet,30.016,4.0,0.2,3.0016,CRM,Rejected,Urgent
2969.0,CA-2017-167941,11/6/2017,11/9/2017,Second Class,JF-15565,Jill Fjeld,Consumer,United States,Fayetteville,North Carolina,28314.0,South,OFF-AP-10002118,Office Supplies,Appliances,"1.7 Cubic Foot Compact ""Cube"" Office Refrigerators",499.584,3.0,0.2,43.7136,Legacy,Approved,Urgent
2970.0,CA-2017-167941,11/6/2017,11/9/2017,Second Class,JF-15565,Jill Fjeld,Consumer,United States,Fayetteville,North Carolina,28314.0,South,OFF-PA-10001800,Office Supplies,Paper,Xerox 220,31.104,6.0,0.2,10.8864,ERP,Approved,Urgent
2971.0,CA-2017-167941,11/6/2017,11/9/2017,Second Class,JF-15565,Jill Fjeld,Consumer,United States,Fayetteville,North Carolina,28314.0,South,OFF-BI-10002827,Office Supplies,Binders,Avery Durable Poly Binders,13.272,8.0,0.7,-10.6176,Legacy,Rejected,Urgent
2972.0,CA-2017-167941,11/6/2017,11/9/2017,Second Class,JF-15565,Jill Fjeld,Consumer,United States,Fayetteville,North Carolina,28314.0,South,FUR-FU-10004671,Furniture,Furnishings,"Executive Impressions 12"" Wall Clock",28.272,2.0,0.2,6.3612,ERP,Rejected,Duplicate?
2973.0,CA-2017-167941,11/6/2017,11/9/2017,Second Class,JF-15565,Jill Fjeld,Consumer,United States,Fayetteville,North Carolina,28314.0,South,OFF-ST-10000736,Office Supplies,Storage,Carina Double Wide Media Storage Towers in Natural & Black,259.136,4.0,0.2,-51.8272,CRM,Approved,Urgent
2974.0,CA-2017-111808,12/16/2017,12/20/2017,Standard Class,AR-10510,Andrew Roberts,Consumer,United States,Tulsa,Oklahoma,74133.0,Central,OFF-BI-10004656,Office Supplies,Binders,Peel & Stick Add-On Corner Pockets,10.8,5.0,0.0,5.184,CRM,Rejected,Duplicate?
2975.0,CA-2015-137512,5/7/2015,5/12/2015,Standard Class,AG-10675,Anna Gayman,Consumer,United States,Allen,Texas,75002.0,Central,FUR-TA-10001095,Furniture,Tables,Chromcraft Round Conference Tables,244.006,2.0,0.3,-31.3722,Legacy,Rejected,Urgent
2976.0,CA-2015-137512,5/7/2015,5/12/2015,Standard Class,AG-10675,Anna Gayman,Consumer,United States,Allen,Texas,75002.0,Central,OFF-PA-10000213,Office Supplies,Paper,Xerox 198,15.936,4.0,0.2,5.3784,ERP,,Duplicate?
2977.0,CA-2017-139773,12/4/2017,12/4/2017,Same Day,DV-13045,,Corporate,United States,Philadelphia,Pennsylvania,19143.0,East,FUR-CH-10001797,Furniture,Chairs,"Safco Chair Connectors, 6/Carton",188.552,7.0,0.3,-2.6936,ERP,Rejected,Check later
2978.0,CA-2017-134607,10/3/2017,10/8/2017,Second Class,HL-15040,Hunter Lopez,Consumer,United States,Rochester,New York,14609.0,East,OFF-ST-10002214,Office Supplies,Storage,X-Rack File for Hanging Folders,22.58,2.0,0.0,5.8708,Manual Upload,Approved,Urgent
2979.0,CA-2014-109232,1/13/2014,1/16/2014,Second Class,ND-18370,Natalie DeCherney,Consumer,United States,Mount Pleasant,South Carolina,29464.0,South,FUR-CH-10000422,Furniture,Chairs,Global Highback Leather Tilter in Burgundy,545.94,6.0,0.0,87.3504,CRM,Pending,Check later
2980.0,CA-2015-139850,6/12/2015,17/06/2015,Standard Class,GB-14575,Giulietta Baptist,Consumer,United States,Philadelphia,Pennsylvania,19134.0,East,OFF-PA-10003848,OfficeSupply,Paper,Xerox 1997,20.736,4.0,0.2,7.2576,ERP,Rejected,
2981.0,CA-2015-139850,6/12/2015,6/17/2015,Standard Class,GB-14575,Giulietta Baptist,Consumer,United States,Philadelphia,Pennsylvania,19134.0,East,FUR-FU-10003623,Furniture,Furnishings,"DataProducts Ampli Magnifier Task Lamp, Black,",43.296,2.0,0.2,4.3296,Manual Upload,Approved,
2982.0,CA-2014-131310,7/12/2014,7/18/2014,Standard Class,CL-12565,Clay Ludtke,Consumer,United States,Seattle,Washington,98115.0,West,FUR-CH-10001797,Furniture,Chairs,"Safco Chair Connectors, 6/Carton",123.136,4.0,0.2,13.8528,ERP,Pending,
2983.0,CA-2014-131310,7/12/2014,7/18/2014,Standard Class,CL-12565,Clay Ludtke,Consumer,United States,Seattle,Washington,98115.0,West,OFF-BI-10003094,Office Supplies,Binders,Self-Adhesive Ring Binder Labels,11.264,4.0,0.2,3.8016,Legacy,Pending,Duplicate?
2984.0,US-2014-112872,12/6/2014,12/11/2014,Second Class,RC-19960,Ryan Crowe,Consumer,United States,Springfield,Oregon,97477.0,West,OFF-ST-10002205,Office Supplies,Storage,File Shuttle I and Handi-File,53.424,3.0,0.2,4.6746,CRM,Approved,Duplicate?
2985.0,US-2014-112872,12/6/2014,12/11/2014,Second Class,RC-19960,Ryan Crowe,Consumer,United States,Springfield,Oregon,97477.0,West,FUR-TA-10003238,Furniture,Tables,"Chromcraft Bull-Nose Wood 48"" x 96"" Rectangular Conference Tables",275.49,1.0,0.5,-170.8038,Legacy,Approved,Duplicate?
2986.0,CA-2016-139269,5/25/2016,5/30/2016,Standard Class,JB-16045,Julia Barnett,Home Office,United States,Columbus,Georgia,31907.0,South,FUR-FU-10000755,Furniture,Furnishings,Eldon Expressions Mahogany Wood Desk Collection,24.96,4.0,0.0,6.24,CRM,,Check later
2987.0,CA-2016-139269,5/25/2016,5/30/2016,Standard Class,JB-16045,Julia Barnett,Home Office,United States,Columbus,Georgia,31907.0,South,OFF-PA-10002893,Office Supplies,Paper,"Wirebound Service Call Books, 5 1/2"" x 4""",19.36,2.0,0.0,9.2928,ERP,Rejected,Urgent
2988.0,CA-2016-139269,5/25/2016,5/30/2016,Standard Class,JB-16045,Julia Barnett,Home Office,United States,Columbus,Georgia,31907.0,South,OFF-ST-10000689,Office Supplies,Storage,"Fellowes Strictly Business Drawer File, Letter/Legal Size",1267.65,9.0,0.0,152.118,Legacy,Rejected,
2989.0,CA-2016-139010,2/21/2016,2/26/2016,Second Class,MC-17635,Matthew Clasen,Corporate,United States,Los Angeles,California,90032.0,West,TEC-AC-10004227,Technology,Accessories,SanDisk Ultra 16 GB MicroSDHC Class 10 Memory Card,12.99,1.0,0.0,0.7794,Legacy,Pending,Check later
2990.0,CA-2016-139010,2/21/2016,2/26/2016,Second Class,MC-17635,Matthew Clasen,Corporate,United States,Los Angeles,California,90032.0,West,OFF-BI-10000174,Office Supplies,Binders,"Wilson Jones Clip & Carry Folder Binder Tool for Ring Binders, Clear",18.56,4.0,0.2,6.496,Manual Upload,Rejected,Check later
2991.0,CA-2016-139010,2/21/2016,2/26/2016,Second Class,MC-17635,Matthew Clasen,Corporate,United States,Los Angeles,California,90032.0,West,OFF-ST-10001809,Office Supplies,Storage,Fellowes Officeware Wire Shelving,449.15,5.0,0.0,8.983,CRM,,Check later
2992.0,CA-2016-139010,2/21/2016,2/26/2016,Second Class,MC-17635,Matthew Clasen,Corporate,United States,Los Angeles,California,90032.0,West,OFF-BI-10002309,Office Supplies,Binders,Avery Heavy-Duty EZD  Binder With Locking Rings,31.248,7.0,0.2,10.9368,CRM,Approved,Urgent
2993.0,CA-2016-134376,10/2/2016,10/6/2016,Standard Class,TT-21265,Tim Taslimi,Corporate,United States,New York City,New York,10024.0,East,OFF-AP-10004532,Office Supplies,Appliances,Kensington 6 Outlet Guardian Standard Surge Protector,61.44,3.0,0.0,16.5888,Manual Upload,Rejected,
2994.0,CA-2017-147291,3/11/2017,3/17/2017,Standard Class,MJ-17740,Max Jones,Consumer,United States,Detroit,Michigan,48227.0,Central,OFF-BI-10003091,Office Supplies,Binders,GBC DocuBind TL200 Manual Binding Machine,895.92,4.0,0.0,421.0824,Legacy,,Duplicate?
2995.0,CA-2016-112893,9/9/2016,9/13/2016,Second Class,AT-10735,Annie Thurman,Consumer,United States,Stockton,California,95207.0,West,OFF-BI-10004654,Office Supplies,Binders,VariCap6 Expandable Binder,55.36,4.0,0.2,18.684,ERP,Pending,Urgent
2996.0,US-2014-150532,7/14/2014,7/21/2014,Standard Class,PB-19150,Philip Brown,Consumer,United States,Phoenix,Arizona,85023.0,West,OFF-ST-10000760,Office Supplies,Storage,Eldon Fold 'N Roll Cart System,55.92,5.0,0.2,6.291,Manual Upload,Rejected,Duplicate?
2997.0,CA-2014-138317,6/21/2014,6/25/2014,Standard Class,NW-18400,Natalie Webber,Consumer,United States,Philadelphia,Pennsylvania,19120.0,East,OFF-EN-10001539,Office Supplies,Envelopes,Staple envelope,24.896,4.0,0.2,8.4024,CRM,Rejected,Duplicate?
2998.0,CA-2014-138317,6/21/2014,6/25/2014,Standard Class,NW-18400,Natalie Webber,Consumer,United States,Philadelphia,Pennsylvania,19120.0,East,FUR-FU-10000550,Furniture,Furnishings,Stacking Trays by OIC,3.984,1.0,0.2,0.6474,Legacy,,Duplicate?
2999.0,CA-2014-138317,6/21/2014,6/25/2014,Standard Class,NW-18400,Natalie Webber,Consumer,United States,Philadelphia,Pennsylvania,19120.0,East,TEC-AC-10003628,Technology,Accessories,Logitech 910-002974 M325 Wireless Mouse for Web Scrolling,95.968,4.0,0.2,28.7904,Manual Upload,,Check later
3000.0,CA-2014-138317,6/21/2014,6/25/2014,Standard Class,NW-18400,Natalie Webber,Consumer,United States,Philadelphia,Pennsylvania,19120.0,East,TEC-MA-10004521,Technology,Machines,Epson Perfection V600 Photo Scanner,0.0,3.0,0.7,-172.4925,CRM,Pending,Check later
3001.0,CA-2014-138317,6/21/2014,6/25/2014,Standard Class,NW-18400,Natalie Webber,Consumer,United States,Philadelphia,Pennsylvania,19120.0,East,OFF-AP-10003860,Office Supplies,Appliances,Fellowes Advanced 8 Outlet Surge Suppressor with Phone/Fax Protection,44.416,2.0,0.2,3.8864,CRM,Pending,Check later
3002.0,CA-2014-138317,6/21/2014,6/25/2014,Standard Class,NW-18400,Natalie Webber,Consumer,United States,Philadelphia,Pennsylvania,19120.0,East,OFF-BI-10000069,Office Supplies,Binders,"GBC Prepunched Paper, 19-Hole, for Binding Systems, 24-lb",9.006,2.0,0.7,-7.2048,Legacy,Pending,Check later
3003.0,CA-2015-130610,7/5/2015,7/10/2015,Standard Class,VP-21730,Victor Preis,Home Office,United States,Sterling Heights,Michigan,48310.0,Central,OFF-BI-10003655,Office Supplies,Binders,Durable Pressboard Binders,19.0,0.0,0.0,8.93,CRM,Rejected,
3004.0,CA-2017-104381,12/16/2017,12/23/2017,Standard Class,RD-19810,Ross DeVincentis,Home Office,United States,Rochester,New York,14609.0,East,OFF-BI-10001628,Office Supplies,Binders,"Acco Data Flex Cable Posts For Top & Bottom Load Binders, 6"" Capacity",33.376,4.0,0.2,10.43,CRM,Approved,Urgent
3005.0,CA-2016-131499,9/8/2016,9/10/2016,First Class,MG-17875,Michael Grace,Home Office,United States,New York City,New York,10011.0,East,OFF-AP-10003779,Office Supplies,Appliances,Kensington 7 Outlet MasterPiece Power Center with Fax/Phone Line Protection,207.48,1.0,0.0,62.244,Manual Upload,Rejected,
3006.0,CA-2014-148761,5/17/2014,5/21/2014,Standard Class,PA-19060,Pete Armstrong,Home Office,United States,Eau Claire,Wisconsin,54703.0,Central,OFF-BI-10000666,Office Supplies,Binders,Surelock Post Binders,91.68,3.0,0.0,45.84,ERP,Approved,
3007.0,CA-2017-116519,10/13/2017,10/15/2017,First Class,CR-12730,Craig Reiter,Consumer,United States,New York City,New York,10009.0,East,OFF-AP-10000828,Office Supplies,Appliances,Avanti 4.4 Cu. Ft. Refrigerator,904.9,5.0,0.0,253.372,Manual Upload,Approved,Urgent
3008.0,CA-2014-130729,10/24/2014,10/29/2014,Standard Class,AA-10375,Allen Armold,Consumer,United States,Rancho Cucamonga,California,91730.0,West,OFF-BI-10002706,Office Supplies,Binders,Avery Premier Heavy-Duty Binder with Round Locking Rings,34.272,3.0,0.2,11.1384,CRM,Rejected,Urgent
3009.0,CA-2016-124772,12/5/2016,12/6/2016,First Class,JG-15160,James Galang,Consumer,United States,Murray,Kentucky,42071.0,South,FUR-FU-10004748,Furniture,Furnishings,"Howard Miller 16"" Diameter Gallery Wall Clock",191.82,3.0,0.0,74.8098,CRM,Rejected,Duplicate?
3010.0,CA-2016-115525,7/25/2016,7/29/2016,Standard Class,RR-19525,Rick Reed,Corporate,United States,Toledo,Ohio,43615.0,East,OFF-AP-10000026,Office Supplies,Appliances,Tripp Lite Isotel 6 Outlet Surge Protector with Fax/Modem Protection,243.88,5.0,0.2,27.4365,Legacy,,
3011.0,CA-2017-134845,4/17/2017,4/23/2017,Standard Class,SR-20425,Sharelle Roach,Home Office,United States,Louisville,Colorado,80027.0,West,OFF-BI-10000773,Office Supplies,Binders,Insertable Tab Post Binder Dividers,12.03,5.0,1.5,-9.223,Manual Upload,Approved,Check later
3012.0,CA-2017-134845,4/17/2017,4/23/2017,Standard Class,SR-20425,Sharelle Roach,Home Office,United States,Louisville,Colorado,80027.0,West,TEC-MA-10000822,Technology,Machines,Lexmark MX611dhe Monochrome Laser Printer,2549.985,5.0,0.7,-3399.98,Manual Upload,Rejected,
3013.0,CA-2017-134845,4/17/2017,4/23/2017,Standard Class,SR-20425,Sharelle Roach,Home Office,United States,Louisville,Colorado,80027.0,West,OFF-BI-10001543,Office Supplies,Binders,GBC VeloBinder Manual Binding System,21.594,2.0,0.7,-15.8356,CRM,Approved,Urgent
3014.0,CA-2017-134845,4/17/2017,4/23/2017,Standard Class,SR-20425,Sharelle Roach,Home Office,United States,Louisville,Colorado,80027.0,West,OFF-BI-10003355,Office Supplies,Binders,Cardinal Holdit Business Card Pockets,8.964,6.0,0.7,-6.5736,Manual Upload,Rejected,Duplicate?
3015.0,CA-2017-134845,4/17/2017,4/23/2017,Standard Class,SR-20425,Sharelle Roach,Home Office,United States,Louisville,Colorado,80027.0,West,OFF-PA-10002005,Office Supplies,Paper,Xerox 225,20.736,4.0,0.2,7.2576,Manual Upload,Pending,
3016.0,US-2015-138919,9/17/2015,9/21/2015,Standard Class,LS-16975,Lindsay Shagiari,Home Office,United States,New York City,New York,10035.0,East,FUR-TA-10004154,Furniture,Tables,"Riverside Furniture Oval Coffee Table, Oval End Table, End Table with Drawer",344.22,2.0,0.4,-103.266,Manual Upload,,Urgent
3017.0,US-2016-160528,8/23/2016,8/30/2016,Standard Class,MH-18115,Mick Hernandez,Home Office,United States,Pharr,Texas,78577.0,Central,OFF-ST-10002743,Office Supplies,Storage,SAFCO Boltless Steel Shelving,727.296,8.0,0.2,-172.7328,Legacy,Rejected,Duplicate?
3018.0,US-2016-160528,8/23/2016,8/30/2016,Standard Class,MH-18115,Mick Hernandez,Home Office,United States,Pharr,Texas,78577.0,Central,FUR-FU-10004973,Furniture,Furnishings,Flat Face Poster Frame,22.608,3.0,0.6,-10.1736,Legacy,Pending,Check later
3019.0,US-2016-160528,8/23/2016,8/30/2016,Standard Class,MH-18115,Mick Hernandez,Home Office,United States,Pharr,Texas,78577.0,Central,TEC-AC-10002842,Technology,Accessories,WD My Passport Ultra 2TB Portable External Hard Drive,666.4,7.0,0.2,-33.32,CRM,Approved,
3020.0,CA-2015-123568,11/8/2015,11/14/2015,Standard Class,SC-20095,Sanjit Chand,Consumer,United States,West Jordan,Utah,84084.0,West,OFF-FA-10002701,Office Supplies,Fasteners,Alliance Rubber Bands,5.04,3.0,0.0,0.2016,Manual Upload,Pending,Urgent
3021.0,CA-2015-123568,11/8/2015,11/14/2015,Standard Class,SC-20095,Sanjit Chand,Consumer,United States,West Jordan,Utah,84084.0,West,OFF-PA-10001125,Office Supplies,Paper,Xerox 1988,92.94,3.0,0.0,41.823,Legacy,Approved,
3022.0,CA-2015-123568,11/8/2015,11/14/2015,Standard Class,SC-20095,Sanjit Chand,Consumer,United States,West Jordan,Utah,84084.0,West,FUR-FU-10004090,Furniture,Furnishings,"Executive Impressions 14"" Contract Wall Clock",66.69,3.0,0.0,22.0077,Legacy,Pending,
3023.0,CA-2015-123568,11/8/2015,11/14/2015,Standard Class,SC-20095,Sanjit Chand,Consumer,United States,West Jordan,Utah,84084.0,West,OFF-BI-10001510,Office Supplies,Binders,Deluxe Heavy-Duty Vinyl Round Ring Binder,91.68,5.0,0.2,28.65,Legacy,Rejected,Check later
3024.0,CA-2017-124674,11/17/2017,11/23/2017,Standard Class,JB-16000,Joy Bell-,Consumer,United States,Brownsville,Texas,78521.0,Central,FUR-BO-10002202,Furniture,Bookcases,"Atlantic Metals Mobile 2-Shelf Bookcases, Custom Colors",327.7328,2.0,0.32,-14.4588,CRM,Pending,
3025.0,CA-2015-164441,11/8/2015,11/13/2015,Standard Class,AC-10450,Amy Cox,Consumer,United States,New York City,New York,10011.0,East,OFF-BI-10001922,Office Supplies,Binders,Storex Dura Pro Binders,52.272,11.0,0.2,17.6418,CRM,,Check later
3026.0,CA-2015-164441,11/8/2015,11/13/2015,Standard Class,AC-10450,Amy Cox,Consumer,United States,New York City,New York,10011.0,East,OFF-PA-10001667,Office Supplies,Paper,Great White Multi-Use Recycled Paper (20Lb. and 84 Bright),17.94,3.0,0.0,8.073,Legacy,Approved,
3027.0,CA-2017-169054,4/22/2017,4/26/2017,Standard Class,MO-17800,Meg O'Connel,Home Office,United States,Philadelphia,Pennsylvania,19140.0,East,FUR-FU-10001488,Furniture,Furnishings,"Tenex 46"" x 60"" Computer Anti-Static Chairmat, Rectangular Shaped",254.352,3.0,0.2,0.0,CRM,,Urgent
3028.0,CA-2014-106719,8/24/2014,8/24/2014,Same Day,RB-19645,Robert Barroso,Corporate,United States,Billings,Montana,59102.0,West,OFF-BI-10002799,Office Supplies,Binders,"SlimView Poly Binder, 3/8""",8.288,2.0,0.2,2.6936,Manual Upload,Approved,
3029.0,CA-2017-116855,12/17/2017,12/21/2017,Standard Class,AI-10855,Arianne Irving,Consumer,United States,Chesapeake,Virginia,23320.0,South,FUR-CH-10003846,Furniture,Chairs,Hon Valutask Swivel Chairs,504.9,5.0,0.0,80.784,Manual Upload,Approved,Check later
3030.0,US-2016-164189,3/24/2016,3/28/2016,Standard Class,DR-12880,Dan Reichenbach,Corporate,United States,Gresham,Oregon,97030.0,West,TEC-PH-10003691,Technology,Phones,BlackBerry Q10,403.168,4.0,0.2,25.198,Manual Upload,Rejected,Duplicate?
3031.0,CA-2015-168480,9/21/2015,9/27/2015,Standard Class,DM-12955,Dario Medina,Corporate,United States,Lincoln Park,Michigan,48146.0,Central,FUR-BO-10000468,Furniture,Bookcases,O'Sullivan 2-Shelf Heavy-Duty Bookcases,194.32,4.0,0.0,31.0912,CRM,Approved,Urgent
3032.0,CA-2015-168480,9/21/2015,9/27/2015,Standard Class,DM-12955,Dario Medina,Corporate,United States,Lincoln Park,Michigan,48146.0,Central,OFF-AR-10001044,Office Supplies,Art,"BOSTON Ranger #55 Pencil Sharpener, Black",25.99,1.0,0.0,7.5371,ERP,Rejected,Duplicate?
3033.0,US-2016-114293,11/21/2016,11/26/2016,Standard Class,JH-16180,Justin Hirsh,Consumer,United States,Gresham,Oregon,97030.0,West,FUR-CH-10003833,Furniture,Chairs,Novimex Fabric Task Chair,195.136,4.0,0.2,-12.196,ERP,,Urgent
3034.0,CA-2017-134173,9/16/2017,9/21/2017,Standard Class,AB-10060,Adam Bellavance,Home Office,United States,Philadelphia,Pennsylvania,19143.0,East,OFF-PA-10004355,Office Supplies,Paper,Xerox 231,20.736,4.0,0.2,7.2576,Manual Upload,Approved,
3035.0,US-2015-123960,6/11/2015,6/16/2015,Standard Class,BD-11605,Brian Dahlen,Consumer,United States,Monroe,Louisiana,71203.0,South,TEC-AC-10003038,Technology,Accessories,Kingston Digital DataTraveler 16GB USB 2.0,53.7,6.0,0.0,10.203,Legacy,Rejected,
3036.0,US-2015-123960,6/11/2015,6/16/2015,Standard Class,BD-11605,Brian Dahlen,Consumer,United States,Monroe,Louisiana,71203.0,South,OFF-BI-10002799,Office Supplies,Binders,"SlimView Poly Binder, 3/8""",36.26,7.0,0.0,16.6796,Legacy,Approved,
3037.0,US-2015-123960,6/11/2015,6/16/2015,Standard Class,BD-11605,Brian Dahlen,Consumer,United States,Monroe,Louisiana,71203.0,South,OFF-AR-10003582,Office Supplies,Art,"Boston Electric Pencil Sharpener, Model 1818, Charcoal Black",56.3,2.0,0.0,15.764,ERP,,
3038.0,US-2015-123960,6/11/2015,6/16/2015,Standard Class,BD-11605,Brian Dahlen,Consumer,United States,Monroe,Louisiana,71203.0,South,OFF-PA-10004451,Office Supplies,Paper,Xerox 222,32.4,5.0,0.0,15.552,CRM,Pending,Check later
3039.0,US-2015-123960,6/11/2015,6/16/2015,Standard Class,BD-11605,Brian Dahlen,Consumer,United States,Monroe,Louisiana,71203.0,South,FUR-FU-10004666,Furniture,Furnishings,DAX Clear Channel Poster Frame,99999.0,2.0,0.0,10.7892,CRM,Pending,
3040.0,CA-2017-101749,10/3/2017,10/8/2017,Standard Class,AS-10045,Aaron Smayling,Corporate,United States,Pasadena,California,91104.0,West,FUR-TA-10001520,Furniture,Tables,"Lesro Sheffield Collection Coffee Table, End Table, Center Table, Corner Table",171.288,3.0,0.2,-6.4233,Legacy,Pending,Duplicate?
3041.0,US-2016-147991,5/5/2016,5/9/2016,Standard Class,ZD-21925,Zuschuss Donatelli,Consumer,United States,Chattanooga,Tennessee,37421.0,South,FUR-FU-10004270,Furniture,Furnishings,"Eldon Image Series Desk Accessories, Burgundy",16.72,5.0,0.2,3.344,CRM,Rejected,Urgent
3042.0,CA-2017-149559,9/11/2017,9/12/2017,Same Day,KF-16285,Karen Ferguson,Home Office,United States,Long Beach,California,90805.0,West,OFF-PA-10003172,Office Supplies,Paper,Xerox 1996,12.96,2.0,0.0,6.2208,Legacy,Approved,Duplicate?
3043.0,CA-2017-149559,9/11/2017,9/12/2017,Same Day,KF-16285,Karen Ferguson,Home Office,United States,Long Beach,California,90805.0,WEST,OFF-EN-10002312,Office Supplies,Envelopes,#10 Self-Seal White Envelopes,22.18,2.0,0.0,10.8682,CRM,,
3044.0,CA-2017-149559,2017/09/11,9/12/2017,Same Day,KF-16285,Karen Ferguson,Home Office,United States,Long Beach,California,90805.0,West,FUR-CH-10002320,Furniture,Chairs,Hon Pagoda Stacking Chairs,2054.272,8.0,0.2,256.784,ERP,Approved,Duplicate?
3045.0,CA-2015-135174,4/30/2015,5/2/2015,Second Class,BP-11230,Benjamin Patterson,Consumer,United States,Troy,Ohio,45373.0,East,TEC-PH-10001530,Technology,Phones,Cisco Unified IP Phone 7945G VoIP phone,1022.97,5.0,0.4,-255.7425,Legacy,Rejected,Duplicate?
3046.0,CA-2017-125290,11/6/2017,11/10/2017,Second Class,CC-12430,Chuck Clark,Home Office,United States,Minneapolis,Minnesota,55407.0,Central,OFF-AR-10001216,Office Supplies,Art,Newell 339,13.9,5.0,0.0,3.614,CRM,Pending,
3047.0,CA-2017-125290,11/6/2017,11/10/2017,Second Class,CC-12430,Chuck Clark,Home Office,United States,Minneapolis,Minnesota,55407.0,Central,OFF-PA-10003127,Office Supplies,Paper,Easy-staple paper,26.38,1.0,0.0,12.1348,ERP,Rejected,
3048.0,CA-2014-137351,9/30/2014,10/4/2014,Standard Class,DB-13615,Doug Bickford,Consumer,United States,Seattle,Washington,98105.0,West,OFF-BI-10003910,Office Supplies,Binders,DXL Angle-View Binders with Locking Rings by Samsill,43.176,7.0,0.2,13.4925,Legacy,Approved,
3049.0,CA-2017-121419,4/2/2017,4/4/2017,First Class,TC-21475,Tony Chapman,Home Office,United States,Columbus,Georgia,31907.0,South,FUR-TA-10004534,Furniture,Tables,Bevis 44 x 96 Conference Tables,411.8,2.0,0.0,70.006,CRM,Pending,
3050.0,CA-2017-121419,4/2/2017,4/4/2017,First Class,TC-21475,Tony Chapman,Home Office,United States,Columbus,Georgia,31907.0,South,TEC-AC-10000892,Technology,Accessories,NETGEAR N750 Dual Band Wi-Fi Gigabit Router,360.0,4.0,0.0,129.6,ERP,,Urgent
3051.0,US-2017-148054,10/6/2017,10/11/2017,Standard Class,NZ-18565,Nick Zandusky,Home Office,United States,Meridian,Idaho,83642.0,West,FUR-FU-10003247,Furniture,Furnishings,36X48 HARDFLOOR CHAIRMAT,41.96,2.0,0.0,2.9372,Legacy,Rejected,Urgent
3052.0,US-2017-148054,10/6/2017,10/11/2017,Standard Class,NZ-18565,Nick Zandusky,Home Office,United States,Meridian,Idaho,83642.0,West,OFF-AP-10004336,Office Supplies,Appliances,"Conquest 14 Commercial Heavy-Duty Upright Vacuum, Collection System, Accessory Kit",227.84,4.0,0.0,66.0736,Manual Upload,Pending,Urgent
3053.0,US-2017-148054,10/6/2017,10/11/2017,Standard Class,NZ-18565,Nick Zandusky,Home Office,United States,Meridian,Idaho,83642.0,West,OFF-PA-10001295,Office Supplies,Paper,Computer Printout Paper with Letter-Trim Perforations,37.94,2.0,2.0,18.2112,Manual Upload,Approved,Duplicate?
3054.0,CA-2016-128517,4/9/2016,4/14/2016,Second Class,SW-20350,Sean Wendt,Home Office,United States,Detroit,Michigan,48227.0,Central,TEC-PH-10002555,Technology,Phones,Nortel Meridian M5316 Digital phone,517.9,2.0,0.0,134.654,ERP,,
3055.0,CA-2016-128517,4/9/2016,4/14/2016,Second Class,SW-20350,Sean Wendt,Home Office,United States,Detroit,Michigan,48227.0,Central,OFF-BI-10000831,Office Supplies,Binders,Storex Flexible Poly Binders with Double Pockets,5.28,2.0,0.0,2.4288,Legacy,Rejected,Check later
3056.0,US-2015-100377,8/28/2015,9/1/2015,Standard Class,TS-21370,Todd Sumrall,Corporate,United States,Chicago,Illinois,60623.0,Central,TEC-CO-10001046,Technology,Copiers,Canon Imageclass D680 Copier / Fax,2799.96,5.0,0.2,874.9875,CRM,,
3057.0,CA-2017-131492,10/19/2017,10/24/2017,Second Class,HH-15010,Hilary Holden,Corporate,United States,San Francisco,California,94110.0,West,OFF-EN-10002973,Office Supplies,Envelopes,Ampad #10 Peel & Seel Holiday Envelopes,8.96,2.0,0.0,4.3008,Legacy,Approved,Duplicate?
3058.0,CA-2017-131492,10/19/2017,10/24/2017,Second Class,HH-15010,Hilary Holden,Corporate,United States,San Francisco,California,94110.0,West,OFF-LA-10001641,Office Supplies,Labels,Avery 518,31.5,10.0,0.0,15.12,CRM,Rejected,Urgent
3059.0,CA-2017-131492,10/19/2017,10/24/2017,Second Class,HH-15010,Hilary Holden,Corporate,United States,San Francisco,California,94110.0,West,FUR-FU-10003878,Furniture,Furnishings,"Linden 10"" Round Wall Clock, Black",30.56,2.0,0.0,10.3904,Legacy,Pending,
3060.0,CA-2017-131492,10/19/2017,10/24/2017,Second Class,HH-15010,Hilary Holden,Corporate,United States,San Francisco,California,94110.0,WEST,FUR-TA-10003837,Furniture,Tables,Anderson Hickey Conga Table Tops & Accessories,24.368,2.0,0.2,-3.3506,ERP,Approved,Urgent
3061.0,CA-2016-144554,11/7/2016,11/12/2016,Standard Class,DM-13345,Denise Monton,Corporate,United States,Newark,Ohio,43055.0,East,TEC-AC-10002800,Technology,Accessories,Plantronics Audio 478 Stereo USB Headset,119.976,3.0,0.2,22.4955,Manual Upload,Approved,Duplicate?
3062.0,CA-2017-127621,3/3/2017,3/7/2017,Standard Class,RE-19450,Richard Eichhorn,Consumer,United States,Dallas,Texas,75081.0,Central,OFF-PA-10001307,Office Supplies,Paper,"Important Message Pads, 50 4-1/4 x 5-1/2 Forms per Pad",26.88,8.0,0.2,9.744,Manual Upload,Rejected,
3063.0,CA-2015-145184,27 Nov 2015,11/29/2015,First Class,JD-16150,Justin Deggeller,Corporate,United States,Newark,Delaware,19711.0,East,TEC-PH-10002350,Technology,Phones,Apple EarPods with Remote and Mic,83.97,3.0,0.0,23.5116,ERP,,Urgent
3064.0,CA-2015-145184,11/27/2015,11/29/2015,First Class,JD-16150,Justin Deggeller,Corporate,United States,Newark,Delaware,19711.0,East,TEC-AC-10000397,Technology,Accessories,"Perixx PERIBOARD-512B, Ergonomic Split Keyboard",104.97,3.0,0.0,7.3479,CRM,Rejected,Duplicate?
3065.0,CA-2017-106859,3/13/2017,3/18/2017,Second Class,BF-11215,Benjamin Farhat,Home Office,United States,Albuquerque,New Mexico,87105.0,West,OFF-ST-10000615,Office Supplies,Storage,"SimpliFile Personal File, Black Granite, 15w x 6-15/16d x 11-1/4h",90.8,8.0,0.0,25.424,Legacy,,Check later
3066.0,CA-2017-106859,3/13/2017,3/18/2017,Second Class,BF-11215,Benjamin Farhat,Home Office,United States,Albuquerque,New Mexico,87105.0,West,TEC-PH-10004531,Technology,Phones,OtterBox Commuter Series Case - iPhone 5 & 5s,140.736,8.0,0.2,49.2576,CRM,Pending,
3067.0,CA-2017-106859,3/13/2017,3/18/2017,Second Class,BF-11215,Benjamin Farhat,Home Office,United States,Albuquerque,New Mexico,87105.0,West,TEC-AC-10004001,Technology,Accessories,Logitech Wireless Headset H600 Over-The-Head Design,214.95,5.0,0.0,88.1295,Manual Upload,,
3068.0,CA-2017-106859,3/13/2017,3/18/2017,Second Class,BF-11215,Benjamin Farhat,Home Office,United States,Albuquerque,New Mexico,87105.0,West,OFF-PA-10001534,Office Supplies,Paper,Xerox 230,45.36,7.0,0.0,21.7728,Legacy,Approved,
3069.0,CA-2017-106859,3/13/2017,3/18/2017,Second Class,BF-11215,Benjamin Farhat,Home Office,United States,Albuquerque,New Mexico,87105.0,Wst,OFF-PA-10001815,Office Supplies,Paper,Xerox 1885,288.24,6.0,0.0,138.3552,Manual Upload,,
3070.0,US-2017-120089,11/30/2017,11/30/2017,Same Day,ML-17755,Max Ludwig,Home Office,United States,Toledo,Ohio,43615.0,East,OFF-AP-10003779,Office Supplies,Appliances,Kensington 7 Outlet MasterPiece Power Center with Fax/Phone Line Protection,663.936,4.0,0.2,82.992,CRM,Rejected,
3071.0,CA-2014-119375,17-11-2014,11/22/2014,Standard Class,YC-21895,Yoseph Carroll,Corporate,United States,Newark,Delaware,19711.0,East,OFF-ST-10002011,Office Supplies,Storage,Smead Adjustable Mobile File Trolley with Lockable Top,2934.33,7.0,0.0,792.2691,ERP,Rejected,Urgent
3072.0,CA-2014-119375,11/17/2014,11/22/2014,Standard Class,YC-21895,Yoseph Carroll,Corporate,United States,Newark,Delaware,19711.0,East,FUR-FU-10002379,Furniture,Furnishings,Eldon Econocleat Chair Mats for Low Pile Carpets,124.41,3.0,0.0,14.9292,CRM,Pending,
3073.0,CA-2014-119375,11/17/2014,11/22/2014,Standard Class,YC-21895,Yoseph Carroll,Corporate,United States,Newark,Delaware,19711.0,East,OFF-AR-10003752,Office Supplies,Art,Deluxe Chalkboard Eraser Cleaner,57.75,5.0,0.0,26.565,Manual Upload,Approved,
3074.0,CA-2016-125206,1/3/2016,1/5/2016,First Class,LR-16915,Lena Radford,Consumer,United States,Los Angeles,California,90045.0,West,OFF-ST-10003692,Office Supplies,Storage,Recycled Steel Personal File for Hanging File Folders,114.46,2.0,0.0,28.615,CRM,,Duplicate?
3075.0,CA-2015-126137,10/3/2015,10/8/2015,Standard Class,BS-11755,Bruce Stewart,Consumer,United States,Los Angeles,California,90032.0,West,FUR-BO-10004409,Furniture,Bookcases,"Safco Value Mate Series Steel Bookcases, Baked Enamel Finish on Steel, Gray",120.666,2.0,0.15,18.4548,CRM,Pending,
3076.0,CA-2014-143903,07/20/2014,7/24/2014,Standard Class,KM-16375,Katherine Murray,Home Office,United States,Dallas,Texas,75217.0,Central,OFF-ST-10003306,Office Supplies,Storage,Letter Size Cart,342.864,3.0,0.2,38.5722,ERP,Rejected,Check later
3077.0,CA-2014-143903,7/20/2014,7/24/2014,Standard Class,KM-16375,Katherine Murray,Home Office,United States,Dallas,Texas,75217.0,Central,FUR-FU-10003724,Furniture,Furnishings,Westinghouse Clip-On Gooseneck Lamps,16.74,5.0,0.6,-14.229,CRM,Pending,Duplicate?
3078.0,CA-2014-143903,7/20/2014,7/24/2014,Standard Class,KM-16375,Katherine Murray,Home Office,United States,Dallas,Texas,75217.0,Central,FUR-CH-10002024,Furniture,Chairs,HON 5400 Series Task Chairs for Big and Tall,981.372,2.0,0.3,-140.196,ERP,,Check later
3079.0,CA-2014-104780,5/21/2014,5/25/2014,Standard Class,BT-11530,Bradley Talbott,Home Office,United States,San Diego,California,92037.0,West,OFF-AR-10003514,Office Supplies,Art,4009 Highlighters by Sanford,31.84,8.0,0.0,10.5072,Legacy,,
3080.0,CA-2017-101182,9/4/2017,9/5/2017,First Class,KB-16405,Katrina Bavinger,Home Office,United States,Apple Valley,California,92307.0,West,OFF-PA-10001800,Office Supplies,Paper,Xerox 220,12.96,2.0,0.0,6.2208,CRM,,Duplicate?
3081.0,CA-2017-101182,9/4/2017,9/5/2017,First Class,KB-16405,Katrina Bavinger,Home Office,United States,Apple Valley,California,92307.0,West,TEC-PH-10003589,Technology,Phones,invisibleSHIELD by ZAGG Smudge-Free Screen Protector,43.176,3.0,0.2,15.1116,ERP,,Check later
3082.0,US-2017-132297,5/27/2017,6/2/2017,Standard Class,DW-13480,Dianna Wilson,Home Office,United States,Louisville,Kentucky,40214.0,South,OFF-BI-10003364,Office Supplies,Binders,Binding Machine Supplies,58.34,2.0,0.0,28.0032,Manual Upload,Rejected,
3083.0,US-2017-132297,5/27/2017,6/2/2017,Standard Class,DW-13480,Dianna Wilson,Home Office,United States,Louisville,Kentucky,40214.0,South,TEC-PH-10002834,Technology,Phones,Google Nexus 5,539.97,3.0,0.0,134.9925,ERP,,
3084.0,CA-2014-100328,1/28/2014,2/3/2014,Standard Class,JC-15340,Jasper Cacioppo,Consumer,United States,New York City,New York,10024.0,East,OFF-BI-10000343,Office Supplies,Binders,"Pressboard Covers with Storage Hooks, 9 1/2"" x 11"", Light Blue",3.928,1.0,0.2,1.3257,Manual Upload,Approved,
3085.0,CA-2017-118773,2/9/2017,2/14/2017,Standard Class,TP-21415,Tom Prescott,Consumer,United States,Houston,Texas,77070.0,Central,OFF-BI-10004584,Office Supplies,Binders,GBC ProClick 150 Presentation Binding System,252.784,4.0,0.8,-417.0936,CRM,Rejected,Urgent
3086.0,CA-2017-118773,2/9/2017,2/14/2017,Standard Class,TP-21415,Tom Prescott,Consumer,United States,Houston,Texas,77070.0,Central,TEC-AC-10002402,Technology,Accessories,Razer Kraken PRO Over Ear PC and Music Headset,127.984,2.0,0.2,15.998,Manual Upload,Approved,
3087.0,CA-2017-118773,2/9/2017,2/14/2017,Standard Class,TP-21415,Tom Prescott,Consumer,United States,Houston,Texas,77070.0,Central,FUR-FU-10000550,Furniture,Furnishings,Stacking Trays by OIC,3.984,2.0,0.6,-2.6892,Manual Upload,,Check later
3088.0,CA-2017-118773,2/9/2017,2/14/2017,Standard Class,TP-21415,Tom Prescott,Consumer,United States,Houston,Texas,77070.0,Central,OFF-AP-10000055,Office Supplies,Appliances,Belkin F9S820V06 8 Outlet Surge,12.992,2.0,0.8,-32.48,ERP,Rejected,Urgent
3089.0,US-2017-159205,3/31/2017,4/2/2017,Second Class,DB-12910,Daniel Byrd,Home Office,United States,Henderson,Kentucky,42420.0,South,FUR-FU-10001591,Furniture,Furnishings,Advantus Panel Wall Certificate Holder - 8.5x11,61.0,5.0,0.0,25.62,CRM,Rejected,
3090.0,US-2017-159205,3/31/2017,4/2/2017,Second Class,DB-12910,Daniel Byrd,Home Office,United States,Henderson,Kentucky,42420.0,South,TEC-PH-10000526,Technology,Phones,Vtech CS6719,671.93,7.0,0.0,188.1404,CRM,Approved,
3091.0,CA-2016-112123,3/3/2016,3/8/2016,Standard Class,BH-11710,Brosina Hoffman,Consumer,United States,Newark,Delaware,19711.0,East,OFF-BI-10001071,Office Supplies,Binders,GBC ProClick Punch Binding System,447.86,7.0,0.0,219.4514,ERP,Pending,Check later
3092.0,CA-2016-112123,2016/03/03,3/8/2016,Standard Class,BH-11710,Brosina Hoffman,Consumer,United States,Newark,Delaware,19711.0,East,TEC-PH-10001557,Technology,Phones,Pyle PMP37LED,479.95,5.0,0.0,129.5865,CRM,Pending,Urgent
3093.0,CA-2016-112123,3/3/2016,3/8/2016,Standard Class,BH-11710,Brosina Hoffman,Consumer,United States,Newark,Delaware,19711.0,East,OFF-PA-10001977,Office Supplies,Paper,Xerox 194,166.44,3.0,0.0,79.8912,Legacy,,Check later
3094.0,CA-2015-114468,8/23/2015,8/23/2015,Same Day,TD-20995,Tamara Dahlen,consumer,United States,Bolingbrook,Illinois,60440.0,Central,OFF-SU-10004231,Office Supplies,Supplies,Acme Tagit Stainless Steel Antibacterial Scissors,31.68,4.0,0.2,2.772,Legacy,Pending,Duplicate?
3095.0,CA-2015-114468,8/23/2015,8/23/2015,Same Day,TD-20995,Tamara Dahlen,Consumer,United States,Bolingbrook,Illinois,60440.0,Central,OFF-PA-10000809,Office Supplies,Paper,Xerox 206,10.368,2.0,0.2,3.6288,Legacy,Pending,Duplicate?
3096.0,CA-2015-114468,8/23/2015,8/23/2015,Same Day,TD-20995,Tamara Dahlen,Consumer,United States,Bolingbrook,Illinois,60440.0,Central,OFF-FA-10003021,Office Supplies,Fasteners,Staples,12.032,8.0,0.2,2.256,ERP,Rejected,Duplicate?
3097.0,CA-2015-114468,8/23/2015,8/23/2015,Same Day,TD-20995,Tamara Dahlen,Consumer,United States,Bolingbrook,Illinois,60440.0,Central,OFF-AP-10000696,Office Supplies,Appliances,Holmes Odor Grabber,5.768,2.0,0.8,-13.5548,CRM,Approved,Duplicate?
3098.0,CA-2017-135692,4/27/2017,5/1/2017,Standard Class,CV-12805,Cynthia Voltz,Corporate,United States,Fort Worth,Texas,76106.0,Central,OFF-LA-10001158,Office Supplies,Labels,"Avery Address/Shipping Labels for Typewriters, 4"" x 2""",33.12,4.0,-0.2,50000.0,Manual Upload,Rejected,Check later
3099.0,CA-2017-135692,4/27/2017,5/1/2017,Standard Class,CV-12805,Cynthia Voltz,Corporate,United States,Fort Worth,Texas,76106.0,Central,FUR-BO-10002268,Furniture,Bookcases,Sauder Barrister Bookcases,220.2656,4.0,0.32,-42.1096,Manual Upload,,Duplicate?
3100.0,CA-2017-131233,4/14/2017,4/19/2017,Standard Class,CS-12355,Christine Sundaresam,Consumer,United States,New York City,new york,10024.0,East,OFF-BI-10000829,Office Supplies,Binders,Avery Non-Stick Binders,10.776,3.0,0.2,3.5022,Manual Upload,Pending,
3101.0,CA-2017-131233,4/14/2017,4/19/2017,Standard Class,CS-12355,Christine Sundaresam,Consumer,United States,New York City,New York,10024.0,East,FUR-BO-10003441,Furniture,Bookcases,"Bush Westfield Collection Bookcases, Fully Assembled",242.352,3.0,0.2,9.0882,ERP,Approved,Check later
3102.0,CA-2017-119578,12/22/2017,12/27/2017,Second Class,JG-15310,Jason Gross,Corporate,United States,Providence,Rhode Island,2908.0,East,OFF-SU-10003505,Office Supplies,Supplies,Premier Electric Letter Opener,695.16,6.0,0.0,34.758,Manual Upload,Pending,Duplicate?
3103.0,CA-2017-119578,12/22/2017,12/27/2017,Second Class,JG-15310,Jason Gross,Corporate,United States,Providence,Rhode Island,2908.0,East,FUR-BO-10003660,Furniture,Bookcases,"Bush Cubix Collection Bookcases, Fully Assembled",220.98,1.0,0.0,50.8254,CRM,Pending,
3104.0,CA-2016-124562,12/8/2016,12/12/2016,Standard Class,JP-16135,Julie Prescott,Home Office,United States,Columbus,Ohio,43229.0,East,OFF-BI-10001267,Office Supplies,Binders,"Universal Recycled Hanging Pressboard Report Binders, Letter Size",12.957,7.0,0.7,-9.5018,ERP,Pending,Duplicate?
3105.0,US-2017-140074,3/23/2017,3/29/2017,Standard Class,EC-14050,Erin Creighton,Consumer,United States,New York City,New York,10024.0,East,OFF-PA-10002741,Office Supplies,Paper,Xerox 1980,25.68,6.0,0.0,11.556,ERP,,Check later
3106.0,CA-2016-103037,7/25/2016,7/29/2016,Standard Class,KH-16630,Ken Heidel,Corporate,United States,Houston,Texas,77070.0,Central,OFF-LA-10004345,Office Supplies,Labels,Avery 493,15.712,4.0,0.2,5.6956,CRM,Approved,
3107.0,CA-2017-127460,7/10/2017,7/14/2017,Standard Class,FG-14260,Frank Gastineau,Home Office,United States,Aurora,Illinois,60505.0,Central,OFF-ST-10004340,Office Supplies,Storage,"Fellowes Mobile File Cart, Black",298.464,6.0,0.2,26.1156,Legacy,Rejected,Duplicate?
3108.0,CA-2016-121671,7/17/2016,7/22/2016,Standard Class,AA-10480,Andrew Allen,Consumer,United States,Springfield,Missouri,65807.0,Central,OFF-PA-10001471,Office Supplies,Paper,Strathmore Photo Frame Cards,21.93,3.0,0.0,10.0878,Legacy,,Urgent
3109.0,CA-2016-121671,7/17/2016,7/22/2016,Standard Class,AA-10480,Andrew Allen,Consumer,United States,Springfield,Missouri,65807.0,Central,OFF-ST-10002344,Office Supplies,Storage,"Carina 42""Hx23 3/4""W Media Storage Unit",242.94,3.0,0.0,4.8588,CRM,,Duplicate?
3110.0,CA-2016-121671,7/17/2016,7/22/2016,Standard Class,AA-10480,Andrew Allen,Consumer,United States,Springfield,Missouri,65807.0,Central,OFF-PA-10001892,Office Supplies,Paper,"Rediform Wirebound ""Phone Memo"" Message Book, 11 x 5-3/4",7.64,1.0,0.0,3.7436,Manual Upload,Approved,Duplicate?
3111.0,CA-2016-121671,7/17/2016,7/22/2016,Standard Class,AA-10480,Andrew Allen,Consumer,United States,Springfield,Missouri,65807.0,Central,OFF-PA-10001934,Office Supplies,Paper,Xerox 1993,51.84,8.0,0.0,25.4016,Manual Upload,Rejected,
3112.0,CA-2016-121671,7/17/2016,7/22/2016,Standard Class,AA-10480,Andrew Allen,Consumer,United States,Springfield,Missouri,65807.0,central,OFF-ST-10000078,Office Supplies,Storage,Tennsco 6- and 18-Compartment Lockers,265.17,1.0,0.0,-9999.0,CRM,Pending,
3113.0,CA-2016-150350,8/23/2016,8/30/2016,Standard Class,MS-17770,Maxwell Schwartz,Consumer,United States,Seattle,Washington,98105.0,Wst,TEC-MA-10001972,Technology,Machines,Okidata C331dn Printer,837.6,3.0,0.2,62.82,ERP,Pending,Check later
3114.0,CA-2016-150350,8/23/2016,8/30/2016,Standard Class,MS-17770,Maxwell Schwartz,Consumer,United States,Seattle,Washington,98105.0,West,OFF-EN-10002504,Office Supplies,Envelopes,"Tyvek  Top-Opening Peel & Seel Envelopes, Plain White",135.9,5.0,0.0,63.873,Manual Upload,Pending,
3115.0,CA-2016-150350,8/23/2016,8/30/2016,Standard Class,MS-17770,Maxwell Schwartz,Consumer,United States,Seattle,Washington,98105.0,West,OFF-PA-10002160,Office Supplies,Paper,Xerox 1978,34.68,6.0,0.0,16.9932,Legacy,,Urgent
3116.0,CA-2016-150350,8/23/2016,8/30/2016,Standard Class,MS-17770,Maxwell Schwartz,Consumer,United States,Seattle,Washington,98105.0,West,FUR-CH-10001973,Furniture,Chairs,Office Star Flex Back Scooter Chair with White Frame,532.704,6.0,0.2,-39.9528,Legacy,Pending,Urgent
3117.0,CA-2016-150350,8/23/2016,8/30/2016,Standard Class,MS-17770,Maxwell Schwartz,Consumer,United States,Seattle,Washington,98105.0,West,OFF-AP-10001492,Office Supplies,Appliances,"Acco Six-Outlet Power Strip, 4' Cord Length",43.1,5.0,0.0,11.206,Manual Upload,Pending,Check later
3118.0,CA-2016-150350,8/23/2016,8/30/2016,Standard Class,MS-17770,Maxwell Schwartz,Consumer,United States,Seattle,Washington,98105.0,West,OFF-SU-10002189,Office Supplies,Supplies,Acme Rosewood Handle Letter Opener,15.88,4.0,0.0,0.1588,CRM,,Duplicate?
3119.0,CA-2015-121720,6/11/2015,6/12/2015,First Class,JE-15610,Jim Epp,Corporate,United States,Lakeland,Florida,33801.0,South,FUR-CH-10003312,Furniture,Chairs,Hon 2090 Pillow Soft Series Mid Back Swivel/Tilt Chairs,1123.92,5.0,0.2,-182.637,ERP,Rejected,
3120.0,CA-2015-121720,6/11/2015,6/12/2015,First Class,JE-15610,Jim Epp,Corporate,United States,Lakeland,Florida,33801.0,South,TEC-PH-10002496,Technology,Phones,Cisco SPA301,249.584,2.0,0.2,31.198,Legacy,Rejected,
3121.0,CA-2015-121720,6/11/2015,6/12/2015,First Class,JE-15610,Jim Epp,Corporate,United States,Lakeland,Florida,33801.0,South,FUR-FU-10003464,Furniture,Furnishings,"Seth Thomas 8 1/2"" Cubicle Clock",48.672,3.0,0.2,7.3008,Legacy,Rejected,
3122.0,CA-2015-121720,6/11/2015,6/12/2015,First Class,JE-15610,Jim Epp,Corporate,United States,Lakeland,Florida,33801.0,South,OFF-AR-10000380,Office Supplies,Art,"Hunt PowerHouse Electric Pencil Sharpener, Blue",60.768,2.0,0.2,7.596,ERP,Pending,
3123.0,CA-2015-121720,6/11/2015,6/12/2015,First Class,JE-15610,Jim Epp,Corporate,United States,Lakeland,Florida,33801.0,South,OFF-BI-10004593,Office Supplies,Binders,Ibico Laser Imprintable Binding System Covers,78.6,5.0,0.7,-62.88,Manual Upload,Rejected,Check later
3124.0,CA-2015-121720,6/11/2015,6/12/2015,First Class,JE-15610,Jim Epp,Corporate,United States,Lakeland,Florida,33801.0,South,OFF-BI-10001308,Office Supplies,Binders,GBC Standard Plastic Binding Systems' Combs,3.768,2.0,0.7,-3.14,Legacy,,Urgent
3125.0,CA-2015-121720,6/11/2015,6/12/2015,First Class,JE-15610,Jim Epp,Corporate,United States,Lakeland,Florida,33801.0,South,OFF-ST-10001780,Office Supplies,Storage,Tennsco 16-Compartment Lockers with Coat Rack,1036.624,2.0,0.2,51.8312,Manual Upload,Pending,Duplicate?
3126.0,CA-2015-121720,6/11/2015,6/12/2015,First Class,JE-15610,Jim Epp,Corporate,United States,Lakeland,Florida,33801.0,South,OFF-ST-10003816,Office Supplies,Storage,Fellowes High-Stak Drawer Files,563.808,4.0,0.2,21.1428,CRM,Rejected,
3127.0,CA-2017-149895,9/8/2017,9/12/2017,Standard Class,EB-14110,Eugene Barchas,Consumer,United States,Philadelphia,Pennsylvania,19134.0,East,TEC-PH-10002200,Technology,Phones,Aastra 6757i CT Wireless VoIP phone,258.528,2.0,0.4,-47.3968,Legacy,Pending,
3128.0,CA-2017-147564,10/2/2017,10/6/2017,Standard Class,BP-11155,Becky Pak,Consumer,United States,New York City,New York,10011.0,East,OFF-PA-10004438,Office Supplies,Paper,Xerox 1907,49.12,4.0,0.0,23.0864,Manual Upload,Approved,Check later
3129.0,CA-2014-136399,12/16/2014,12/17/2014,First Class,CC-12100,Chad Cunningham,Home Office,United States,Los Angeles,California,90049.0,West,FUR-FU-10004090,Furniture,Furnishings,"Executive Impressions 14"" Contract Wall Clock",44.46,2.0,0.0,14.6718,Legacy,Pending,
3130.0,CA-2014-136399,2014/12/16,12/17/2014,First Class,CC-12100,Chad Cunningham,Home Office,United States,Los Angeles,California,90049.0,West,FUR-CH-10002602,Furniture,Chairs,DMI Arturo Collection Mission-style Design Wood Chair,241.568,2.0,0.2,18.1176,CRM,,Check later
3131.0,CA-2014-136399,12/16/2014,12/17/2014,First Class,CC-12100,Chad Cunningham,Home Office,United States,Los Angeles,California,90049.0,West,TEC-AC-10001142,Technology,Accessories,First Data FD10 PIN Pad,395.0,5.0,0.0,39.5,ERP,,Check later
3132.0,CA-2014-136399,12/16/2014,12/17/2014,First Class,CC-12100,Chad Cunningham,Home Office,United States,Los Angeles,California,90049.0,West,TEC-PH-10004977,Technology,Phones,GE 30524EE4,627.168,4.0,0.2,70.5564,CRM,,
3133.0,CA-2014-107916,8/24/2014,8/26/2014,First Class,JP-15460,Jennifer Patt,Corporate,United States,Oceanside,New York,11572.0,East,FUR-FU-10004586,Furniture,Furnishings,G.E. Longer-Life Indoor Recessed Floodlight Bulbs,13.28,2.0,0.0,6.3744,Manual Upload,Rejected,Duplicate?
3134.0,CA-2014-107916,8/24/2014,8/26/2014,First Class,JP-15460,Jennifer Patt,Corporate,United States,Oceanside,New York,11572.0,East,OFF-BI-10001116,Office Supplies,Binders,"Wilson Jones 1"" Hanging DublLock Ring Binders",12.672,3.0,0.2,4.4352,Legacy,Pending,
3135.0,CA-2017-164168,11/12/2017,11/18/2017,Standard Class,LS-16975,Lindsay Shagiari,Home Office,United States,Dallas,Texas,75081.0,Central,OFF-BI-10000666,Office Supplies,Binders,Surelock Post Binders,30.56,5.0,0.8,-45.84,Manual Upload,Rejected,Urgent
3136.0,CA-2017-164168,11/12/2017,11/18/2017,Standard Class,LS-16975,Lindsay Shagiari,Home Office,United States,Dallas,Texas,75081.0,Central,OFF-ST-10002583,Office Supplies,Storage,Fellowes Neat Ideas Storage Cubes,77.952,3.0,0.2,-15.5904,CRM,Rejected,Duplicate?
3137.0,CA-2017-164168,11/12/2017,11/18/2017,Standard Class,LS-16975,Lindsay Shagiari,Home Office,United States,Dallas,Texas,75081.0,Central,TEC-PH-10004908,Technology,Phones,Panasonic KX TS3282W Corded phone,67.992,1.0,0.2,8.499,ERP,Approved,
3138.0,CA-2017-164168,11/12/2017,11/18/2017,Standard Class,LS-16975,Lindsay Shagiari,Home Office,United States,Dallas,Texas,75081.0,Central,OFF-EN-10001219,Office Supplies,Envelopes,"#10- 4 1/8"" x 9 1/2"" Security-Tint Envelopes",12.224,2.0,0.2,4.4312,CRM,Approved,Urgent
3139.0,CA-2017-164168,11/12/2017,11/18/2017,Standard Class,LS-16975,Lindsay Shagiari,Home Office,United States,Dallas,Texas,75081.0,Central,TEC-AC-10004568,Technology,Accessories,Maxell LTO Ultrium - 800 GB,44.784,2.0,0.2,-0.5598,Manual Upload,Pending,
3140.0,CA-2017-164168,11/12/2017,11/18/2017,Standard Class,LS-16975,Lindsay Shagiari,Home Office,United States,Dallas,Texas,75081.0,Central,FUR-FU-10001756,Furniture,Furnishings,"Eldon Expressions Desk Accessory, Wood Photo Frame, Mahogany",22.848,3.0,0.6,-17.7072,Manual Upload,Approved,Urgent
3141.0,CA-2015-112557,4/25/2015,4/28/2015,First Class,JL-15850,John Lucas,Consumer,United States,New York City,New York,10035.0,East,OFF-AP-10002311,Office Supplies,Appliances,"Holmes Replacement Filter for HEPA Air Cleaner, Very Large Room, HEPA Filter",206.43,3.0,0.0,90.8292,Manual Upload,,Check later
3142.0,US-2014-122959,12/12/2014,12/12/2014,Same Day,CY-12745,Craig Yedwab,Corporate,United States,San Antonio,Texas,78207.0,Central,OFF-BI-10003650,Office Supplies,Binders,GBC DocuBind 300 Electric Binding Machine,210.392,2.0,0.8,-336.6272,ERP,Approved,Check later
3143.0,CA-2017-162572,9/25/2017,9/27/2017,Second Class,RB-19360,Raymond Buch,Consumer,United States,Cincinnati,Ohio,45231.0,East,TEC-AC-10003628,Technology,Accessories,Logitech 910-002974 M325 Wireless Mouse for Web Scrolling,119.96,5.0,0.2,35.988,ERP,Pending,Duplicate?
3144.0,CA-2017-162572,9/25/2017,9/27/2017,Second Class,RB-19360,Raymond Buch,Consumer,United States,Cincinnati,Ohio,45231.0,East,OFF-AR-10001547,Office Supplies,Art,Newell 311,10.608,6.0,0.2,0.9282,CRM,Pending,Check later
3145.0,US-2016-148110,9/5/2016,9/11/2016,Std Class,AR-10825,Anthony Rawles,Corporate,United States,Austin,Texas,78745.0,Central,FUR-CH-10002647,Furniture,Chairs,"Situations Contoured Folding Chairs, 4/Set",347.802,7.0,0.3,-24.843,CRM,,
3146.0,CA-2017-131828,2/11/2017,2/13/2017,Second Class,CS-11845,Cari Sayre,Corporate,United States,Seattle,Washington,98105.0,West,FUR-CH-10004495,Furniture,Chairs,"Global Leather and Oak Executive Chair, Black",963.136,4.0,0.2,108.3528,Legacy,,Duplicate?
3147.0,CA-2017-131828,2/11/2017,2/13/2017,Second Class,CS-11845,Cari Sayre,Corporate,United States,Seattle,Washington,98105.0,West,TEC-PH-10002923,Technology,Phones,"Logitech B530 USB Headset - headset - Full size, Binaural",88.776,3.0,0.2,7.7679,ERP,Approved,Check later
3148.0,CA-2014-109218,6/30/2014,7/3/2014,Second Class,AR-10825,Anthony Rawles,Corporate,United States,Los Angeles,California,90004.0,West,OFF-AR-10001374,Office Supplies,Art,"BIC Brite Liner Highlighters, Chisel Tip",32.4,5.0,0.0,10.368,ERP,Rejected,Check later
3149.0,CA-2016-120558,6/7/2016,6/10/2016,First Class,RD-19810,Ross DeVincentis,Home Office,United States,New York City,New York,10035.0,East,OFF-PA-10003441,Office Supplies,Paper,Xerox 226,32.4,5.0,0.0,15.552,Legacy,Rejected,
3150.0,US-2014-109036,12/20/2014,12/25/2014,Standard Class,KH-16510,Keith Herrera,Consumer,United States,Seattle,Washington,98103.0,West,OFF-LA-10002043,Office Supplies,Labels,Avery 489,31.05,3.0,0.0,14.904,Manual Upload,Approved,
3151.0,CA-2015-147830,12/15/2015,12/18/2015,First Class,NF-18385,Natalie Fritzler,Consumer,United States,Newark,Ohio,43055.0,East,TEC-AC-10002049,Technology,Accessories,Plantronics Savi W720 Multi-Device Wireless Headset System,2025.36,6.0,0.2,607.608,CRM,Approved,
3152.0,CA-2015-147830,12/15/2015,12/18/2015,First Class,NF-18385,Natalie Fritzler,Consumer,United States,Newark,Ohio,43055.0,East,TEC-MA-10000418,Technology,Machines,Cubify CubeX 3D Printer Double Head Print,1799.994,2.0,0.7,-2639.9912,ERP,,Check later
3153.0,CA-2015-147830,12/15/2015,12/18/2015,First Class,NF-18385,Natalie Fritzler,Consumer,United States,Newark,Ohio,43055.0,East,TEC-PH-10004908,Technology,Phones,Panasonic KX TS3282W Corded phone,101.988,2.0,0.4,-16.998,CRM,,
3154.0,CA-2015-147830,12/15/2015,12/18/2015,First Class,NF-18385,Natalie Fritzler,Consumer,United States,Newark,Ohio,43055.0,East,FUR-FU-10004091,Furniture,Furnishings,"Howard Miller 13"" Diameter Goldtone Round Wall Clock",262.864,7.0,0.2,69.0018,CRM,Approved,Urgent
3155.0,CA-2017-150497,7/20/2017,7/24/2017,Standard Class,SM-20950,Suzanne McNair,Corporate,United States,Maple Grove,Minnesota,55369.0,Central,OFF-BI-10004600,Office Supplies,Binders,Ibico Ibimaster 300 Manual Binding System,735.98,2.0,0.0,331.191,Manual Upload,Approved,
3156.0,CA-2014-128986,03 Aug 2014,8/5/2014,Second Class,GH-14410,Gary Hansen,Home Office,United States,Glendale,Arizona,85301.0,West,OFF-PA-10001289,Office Supplies,Paper,White Computer Printout Paper by Universal,93.024,3.0,0.2,33.7212,Legacy,Pending,Urgent
3157.0,CA-2015-139584,8/24/2015,8/28/2015,Standard Class,EM-13810,Eleni McCrary,Corporate,United States,New York City,New York,10009.0,East,FUR-TA-10001539,Furniture,Tables,Chromcraft Rectangular Conference Tables,284.364,2.0,0.4,-75.8304,CRM,Approved,Urgent
3158.0,CA-2015-139584,8/24/2015,8/28/2015,Standard Class,EM-13810,Eleni McCrary,Corporate,United States,New York City,New York,10009.0,East,TEC-AC-10001266,Technology,Accessories,Memorex Micro Travel Drive 8 GB,26.0,2.0,0.0,11.7,Legacy,Rejected,Urgent
3159.0,US-2016-162677,3/26/2016,3/27/2016,First Class,DB-13210,Dean Braden,Consumer,United States,Jacksonville,North Carolina,28540.0,South,OFF-ST-10001291,Office Supplies,Storage,"Tenex Personal Self-Stacking Standard File Box, Black/Gray",67.64,5.0,0.2,5.9185,ERP,Rejected,Check later
3160.0,US-2016-162677,3/26/2016,3/27/2016,First Class,DB-13210,Dean Braden,Consumer,United States,Jacksonville,North Carolina,28540.0,South,TEC-AC-10001314,Technology,Accessories,Case Logic 2.4GHz Wireless Keyboard,119.976,3.0,0.2,-17.9964,Manual Upload,Approved,Duplicate?
3161.0,US-2014-150924,9/12/2014,9/16/2014,Second Class,PT-19090,Pete Takahito,Consumer,United States,Houston,Texas,77070.0,Central,OFF-BI-10004040,Office Supplies,Binders,Wilson Jones Impact Binders,5.18,5.0,0.8,-8.029,ERP,Rejected,Urgent
3162.0,CA-2014-153969,9/21/2014,9/25/2014,Standard Class,HF-14995,Herbert Flentye,Consumer,United States,San Francisco,California,94109.0,West,OFF-EN-10001539,Office Supplies,Envelopes,Staple envelope,15.56,2.0,0.0,7.3132,CRM,Rejected,Urgent
3163.0,CA-2014-153969,9/21/2014,9/25/2014,Standard Class,HF-14995,Herbert Flentye,Consumer,United States,San Francisco,California,94109.0,West,OFF-EN-10004483,office supplies,Envelopes,"#10 White Business Envelopes,4 1/8 x 9 1/2",78.35,5.0,0.0,36.8245,Manual Upload,Pending,Duplicate?
3164.0,CA-2014-153969,9/21/2014,9/25/2014,Standard Class,HF-14995,Herbert Flentye,Consumer,United States,San Francisco,California,94109.0,West,OFF-AR-10001615,Office Supplies,Art,Newell 34,59.52,3.0,0.0,15.4752,CRM,,Urgent
3165.0,CA-2014-153969,9/21/2014,9/25/2014,Standard Class,HF-14995,Herbert Flentye,Consumer,United States,San Francisco,california,94109.0,West,OFF-PA-10000327,Office Supplies,Paper,Xerox 1971,38.52,9.0,0.0,17.334,CRM,Approved,Duplicate?
3166.0,CA-2014-153969,9/21/2014,9/25/2014,Standard Class,HF-14995,Herbert Flentye,Consumer,United States,San Francisco,California,94109.0,West,TEC-PH-10001299,Technology,Phones,Polycom CX300 Desktop Phone USB VoIP phone,239.984,2.0,0.2,23.9984,ERP,Rejected,
3167.0,CA-2014-153969,9/21/2014,9/25/2014,Standard Class,HF-14995,Herbert Flentye,Consumer,United States,San Francisco,California,94109.0,West,OFF-PA-10002246,Office Supplies,Paper,"Wirebound Four 2-3/4 x 5 Forms per Page, 400 Sets per Book",19.35,3.0,0.0,9.4815,Manual Upload,Rejected,Check later
3168.0,CA-2016-146682,10/29/2016,10/31/2016,First Class,KW-16435,Katrina Willman,Consumer,United States,Lansing,Michigan,48911.0,Central,FUR-FU-10002671,Furniture,Furnishings,Electrix 20W Halogen Replacement Bulb for Zoom-In Desk Lamp,67.0,5.0,0.0,32.16,ERP,Rejected,Check later
3169.0,CA-2016-138695,5/28/2016,6/3/2016,Standard Class,KC-16675,Kimberly Carter,Corporate,United States,Tallahassee,Florida,32303.0,South,FUR-CH-10003833,Furniture,Chairs,Novimex Fabric Task Chair,390.272,8.0,0.2,-24.392,CRM,,Check later
3170.0,CA-2016-138695,5/28/2016,6/3/2016,Standard Class,KC-16675,Kimberly Carter,Corporate,United States,Tallahassee,Florida,32303.0,South,OFF-PA-10001667,Office Supplies,Paper,Great White Multi-Use Recycled Paper (20Lb. and 84 Bright),62.192,13.0,0.2,19.435,Legacy,Pending,Duplicate?
3171.0,CA-2017-107461,12/21/2017,12/26/2017,Second Class,PK-19075,Pete Kriz,Consumer,United States,Columbia,South Carolina,29203.0,South,OFF-BI-10002003,Office Supplies,Binders,Ibico Presentation Index for Binding Systems,23.88,6.0,0.0,11.2236,CRM,Rejected,
3172.0,US-2016-133879,3/21/2016,3/28/2016,Standard Class,KT-16465,Kean Takahito,Consumer,United States,Chicago,Illinois,60623.0,Central,OFF-BI-10004465,Office Supplies,Binders,Avery Durable Slant Ring Binders,3.168,2.0,0.8,-4.752,Legacy,,Urgent
3173.0,US-2016-133879,3/21/2016,3/28/2016,Standard Class,KT-16465,Kean Takahito,Consumer,United States,Chicago,Illinois,60623.0,Central,FUR-CH-10000665,Furniture,Chairs,"Global Airflow Leather Mesh Back Chair, Black",528.43,5.0,0.3,0.0,ERP,,
3174.0,US-2016-133879,3/21/2016,3/28/2016,Standard Class,KT-16465,Kean Takahito,Consumer,United States,Chicago,Illinois,60623.0,Central,OFF-AR-10004956,Office Supplies,Art,Newell 33,13.392,3.0,0.2,1.5066,ERP,Rejected,
3175.0,CA-2017-157483,11/11/2017,11/18/2017,Standard Class,EP-13915,Emily Phan,Consumer,United States,Detroit,Michigan,48227.0,Central,OFF-AR-10004260,Office Supplies,Art,Boston 1799 Powerhouse Electric Pencil Sharpener,181.86,7.0,0.0,50.9208,Manual Upload,,
3176.0,US-2017-132059,9/23/2017,9/29/2017,Standard Class,AP-10915,Arthur Prichep,Consumer,United States,Fort Collins,Colorado,80525.0,West,FUR-BO-10001811,Furniture,Bookcases,"Atlantic Metals Mobile 5-Shelf Bookcases, Custom Colors",180.588,2.0,0.7,-240.784,Legacy,Pending,Check later
3177.0,US-2017-132059,9/23/2017,9/29/2017,Standard Class,AP-10915,Arthur Prichep,Consumer,United States,Fort Collins,Colorado,80525.0,West,TEC-AC-10003280,Technology,Accessories,Belkin F8E887 USB Wired Ergonomic Keyboard,47.984,2.0,0.2,0.5998,CRM,,Duplicate?
3178.0,CA-2017-122280,9/10/2017,9/10/2017,Same Day,SH-20395,Shahid Hopkins,Consumer ,United States,New York City,New York,10024.0,East,OFF-PA-10004911,Office Supplies,Paper,"Rediform S.O.S. 1-Up Phone Message Bk, 4-1/4x3-1/16 Bk, 1 Form/Pg, 40 Messages/Bk, 3/Pk",18.76,2.0,0.0,9.0048,Legacy,,Check later
3179.0,CA-2017-105235,12/5/2017,12/11/2017,Standard Class,SM-20950,Suzanne McNair,Corporate,United States,New York City,New York,10011.0,East,FUR-FU-10001487,Furniture,Furnishings,"Eldon Expressions Wood and Plastic Desk Accessories, Cherry Wood",20.94,3.0,0.0,6.0726,Manual Upload,Pending,
3180.0,CA-2017-105235,12/5/2017,12/11/2017,Standard Class,SM-20950,Suzanne McNair,Corporate,United States,New York City,New York,10011.0,East,FUR-FU-10000521,Furniture,Furnishings,"Seth Thomas 14"" Putty-Colored Wall Clock",58.68,2.0,0.0,18.1908,Legacy,Rejected,
3181.0,CA-2017-105235,12/5/2017,12/11/2017,Standard Class,SM-20950,Suzanne McNair,Corporate,United States,New York City,New York,10011.0,East,OFF-AP-10001271,Office Supplies,Appliances,Eureka The Boss Cordless Rechargeable Stick Vac,254.9,5.0,0.0,68.823,CRM,,
3182.0,CA-2017-152912,11/9/2017,11/12/2017,Second Class,BM-11650,Brian Moss,Corporate,United States,Columbia,Maryland,21044.0,East,OFF-BI-10004728,Office Supplies,Binders,Wilson Jones Turn Tabs Binder Tool for Ring Binders,9.64,2.0,0.0,4.4344,CRM,Pending,
3183.0,CA-2017-152912,09-11-2017,11/12/2017,Second Class,BM-11650,Brian Moss,Corporate,United States,Columbia,Maryland,21044.0,East,TEC-AC-10004666,Technology,Accessories,Maxell iVDR EX 500GB Cartridge,826.62,3.0,0.0,355.4466,ERP,,
3184.0,CA-2017-152912,11/9/2017,11/12/2017,Second Class,BM-11650,Brian Moss ,Corporate,United States,Columbia,Maryland,21044.0,East,OFF-ST-10003208,Office Supplies,Storage,Adjustable Depth Letter/Legal Cart,1633.14,9.0,0.0,473.6106,ERP,Approved,
3185.0,CA-2017-152912,11/9/2017,11/12/2017,Second Class,BM-11650,Brian Moss,Corporate,United States,Columbia,Maryland,21044.0,East,OFF-ST-10003208,Office Supplies,Storage,Adjustable Depth Letter/Legal Cart,544.38,3.0,0.0,157.8702,CRM,Rejected,Urgent
3186.0,CA-2014-123498,11/7/2014,11/9/2014,First Class,TC-20980,Tamara Chand,Corporate,United States,Houston,Texas,77041.0,Central,OFF-BI-10000632,Office Supplies,Binders,Satellite Sectional Post Binders,26.046,3.0,0.8,-44.2782,CRM,Rejected,Urgent
3187.0,CA-2014-123498,11/7/2014,11/9/2014,First Class,TC-20980,Tamara Chand,Corporate,United States,Houston,Texas,77041.0,Central,OFF-EN-10004773,Office Supplies,Envelopes,Staple envelope,74.352,3.0,0.2,26.9526,CRM,,Check later
3188.0,CA-2017-159352,3/12/2017,3/17/2017,Standard Class,KB-16585,Ken Black,Corporate,United States,Lowell,Massachusetts,1852.0,East,TEC-PH-10004700,Technology,Phones,PowerGen Dual USB Car Charger,69.93,7.0,0.0,32.1678,ERP,Pending,
3189.0,US-2017-146416,20 Oct 2017,10/22/2017,Second Class,JE-16165,Justin Ellison,Corporate,United States,Woodland,California,95695.0,West,OFF-LA-10003714,Office Supplies,Labels,Avery 510,3.75,1.0,0.0,1.8,Manual Upload,Rejected,Urgent
3190.0,US-2017-146416,10/20/2017,10/22/2017,Second Class,JE-16165,Justin Ellison,Corporate,United States,Woodland,California,95695.0,West,OFF-BI-10001787,Office Supplies,Binders,Wilson Jones Four-Pocket Poly Binders,20.928,4.0,0.2,7.5864,CRM,Rejected,Urgent
3191.0,US-2015-163783,12/27/2015,1/1/2016,Standard Class,DR-12940,Daniel Raglin,Home Office,United States,Chicago,Illinois,60610.0,Central,OFF-ST-10002957,Office Supplies,Storage,Sterilite Show Offs Storage Containers,12.672,3.0,0.2,-3.168,CRM,Rejected,Urgent
3192.0,CA-2017-123981,10/2/2017,10/8/2017,Standard Class,RW-19630,Rob Williams,Corporate,United States,New York City,New York,10035.0,East,TEC-PH-10002115,Technology,Phones,Plantronics 81402,65.99,1.0,0.0,17.1574,CRM,Approved,Check later
3193.0,CA-2017-158953,6/4/2017,6/8/2017,Standard Class,ML-18040,Michelle Lonsdale,Corporate,United States,Missouri City,Texas,77489.0,Central,OFF-BI-10002557,Office Supplies,Binders,Presstex Flexible Ring Binders,6.37,7.0,0.8,-9.555,Legacy,Pending,Duplicate?
3194.0,CA-2014-165428,9/1/2014,9/4/2014,First Class,JL-15130,Jack Lebron,Consumer,United States,Houston,Texas,77036.0,Central,OFF-BI-10002949,Office Supplies,Binders,Prestige Round Ring Binders,3.648,3.0,0.8,-6.0192,Manual Upload,,Check later
3195.0,CA-2014-165428,9/1/2014,9/4/2014,First Class,JL-15130,Jack Lebron,Consumer,United States,Houston,Texas,77036.0,Central,OFF-PA-10004100,Office Supplies,Paper,Xerox 216,31.104,6.0,0.2,10.8864,CRM,Approved,
3196.0,CA-2016-169026,8/8/2016,8/13/2016,Standard Class,CM-12655,Corinna Mitchell,Home Office,United States,Jackson,Mississippi,39212.0,South ,OFF-FA-10001883,Office Supplies,Fasteners,"Alliance Super-Size Bands, Assorted Sizes",23.34,3.0,0.0,0.2334,CRM,,
3197.0,CA-2017-109750,7/22/2017,7/28/2017,Standard Class,FH-14365,Fred Hopkins,Corporate,United States,New York City,New York,10009.0,East,TEC-PH-10000702,Technology,Phones,"Square Credit Card Reader, 4 1/2"" x 4 1/2"" x 1"", White",29.97,3.0,0.0,14.0859,ERP,Rejected,
3198.0,CA-2015-149384,7/10/2015,7/10/2015,Same Day,EH-13945,Eric Hoffmann,Consumer,United States,Tempe,Arizona,85281.0,West,OFF-BI-10003196,Office Supplies,Binders,Accohide Poly Flexible Ring Binders,3.366,3.0,0.7,-2.244,CRM,Approved,
3199.0,CA-2014-131527,12/1/2014,12/7/2014,Standard Class,TB-21280,Toby Braunhardt,Consumer,United States,Jacksonville,North Carolina,28540.0,South,TEC-PH-10001644,Technology,Phones,"BlueLounge Milo Smartphone Stand, White/Metallic",95.968,4.0,0.2,-9999.0,Manual Upload,,
3200.0,CA-2017-164000,12/18/2017,12/22/2017,Standard Class,AH-10030,Aaron Hawkins,Corporate,United States,Philadelphia,Pennsylvania,19134.0,East,OFF-AR-10003183,Office Supplies,Art,Avery Fluorescent Highlighter Four-Color Set,18.704,7.0,0.2,2.338,ERP,Rejected,Duplicate?
3201.0,CA-2014-164224,5/18/2014,5/20/2014,Second Class,TT-21070,Ted Trevino,Consumer,United States,Akron,Ohio,44312.0,East,FUR-FU-10000308,Furniture,Furnishings,Deflect-o Glass Clear Studded Chair Mats,149.232,3.0,0.2,3.7308,Manual Upload,,Urgent
3202.0,CA-2014-164224,5/18/2014,5/20/2014,Second Class,TT-21070,Ted Trevino ,Consumer,United States,Akron,Ohio,44312.0,East,OFF-PA-10001526,Office Supplies,Paper,Xerox 1949,15.936,4.0,0.2,5.7768,ERP,Rejected,Urgent
3203.0,CA-2014-158372,11/10/2014,11/16/2014,Standard Class,RD-19900,Ruben Dartt,Consumer,United States,San Diego,California,92037.0,West,TEC-PH-10002103,Technology,Phones,Jabra SPEAK 410,601.536,8.0,0.2,60.1536,Legacy,,Urgent
3204.0,CA-2014-158372,11/10/2014,11/16/2014,Standard Class,RD-19900,Ruben Dartt,Consumer,United States,San Diego,California,,West,TEC-AC-10004209,Technology,Accessories,Memorex Froggy Flash Drive 4 GB,10.99,1.0,0.0,4.2861,CRM,Rejected,Check later
3205.0,CA-2014-158372,11/10/2014,11/16/2014,Std Class,RD-19900,Ruben Dartt,Consumer,United States,San Diego,California,92037.0,West,FUR-FU-10000397,Furniture,Furnishings,Luxo Economy Swing Arm Lamp,39.88,2.0,0.0,11.1664,CRM,Approved,
3206.0,CA-2014-158372,11/10/2014,11/16/2014,Standard Class,RD-19900,Ruben Dartt,Consumer,United States,San Diego,California,92037.0,West,OFF-PA-10002137,Office Supplies,Paper,"Southworth 100% Résumé Paper, 24lb.",62.24,8.0,0.0,28.008,Legacy,,
3207.0,CA-2014-158372,11/10/2014,11/16/2014,Standard Class,RD-19900,Ruben Dartt,Consumer,United States,San Diego,California,92037.0,West,FUR-FU-10001867,Furniture,Furnishings,"Eldon Expressions Punched Metal & Wood Desk Accessories, Pewter & Cherry",53.2,5.0,0.0,14.896,Legacy,,Check later
3208.0,CA-2014-158372,11/10/2014,11/16/2014,Standard Class,RD-19900,Ruben Dartt,Consumer,United States,San Diego,California,92037.0,West,OFF-LA-10000407,Office Supplies,Labels,Avery White Multi-Purpose Labels,39.84,8.0,0.0,18.3264,CRM,Approved,
3209.0,CA-2016-108882,1/9/2016,1/15/2016,Standard Class,LA-16780,Laura Armstrong,Corporate,United States,Fresno,California,93727.0,West,TEC-AC-10000420,Technology,Accessories,Logitech G500s Laser Gaming Mouse with Adjustable Weight Tuning,349.95,5.0,0.0,118.983,CRM,Rejected,
3210.0,CA-2016-108882,1/9/2016,1/15/2016,Standard Class,LA-16780,Laura Armstrong,Corporate,United States,Fresno,California,93727.0,West,TEC-PH-10002726,Technology,Phones,netTALK DUO VoIP Telephone Service,377.928,9.0,0.2,141.723,CRM,,Check later
3211.0,US-2017-108245,9/22/2017,9/27/2017,Standard Class,SH-19975,Sally Hughsby,Corporate,United States,Pearland,Texas,77581.0,Central,OFF-EN-10001415,Office Supplies,Envelopes,Staple envelope,13.392,3.0,0.2,5.022,ERP,,Duplicate?
3212.0,US-2017-108245,9/22/2017,9/27/2017,Standard Class,SH-19975,Sally Hughsby,Corporate,United States,Pearland,Texas,77581.0,Central,OFF-BI-10000773,Office Supplies,Binders,Insertable Tab Post Binder Dividers,11.228,7.0,0.8,-18.5262,ERP,Pending,Check later
3213.0,CA-2014-142314,12/23/2014,12/28/2014,Standard Class,SF-20200,Sarah Foster,Consumer,United States,Richmond,Indiana,47374.0,Central,OFF-AP-10002350,Office Supplies,Appliances,Belkin F9H710-06 7 Outlet SurgeMaster Surge Protector,207.24,11.0,0.0,58.0272,Manual Upload,,Urgent
3214.0,CA-2016-132409,5/26/2016,6/1/2016,Standard Class,TH-21235,Tiffany House,Corporate,United States,Philadelphia,Pennsylvania,19134.0,East,OFF-AR-10001919,Office Supplies,Art,"OIC #2 Pencils, Medium Soft",1.504,1.0,0.2,0.1692,CRM,Rejected,Check later
3215.0,CA-2016-132409,5/26/2016,6/1/2016,Standard Class,TH-21235,Tiffany House,Corporate,United States,Philadelphia,Pennsylvania,19134.0,East,OFF-AP-10002082,Office Supplies,Appliances,Holmes HEPA Air Purifier,34.848,2.0,0.2,6.534,ERP,,Check later
3216.0,CA-2017-150189,7/8/2017,7/10/2017,First Class,VG-21790,Vivek Gonzalez,Consumer,United States,San Mateo,California,94403.0,West,OFF-LA-10002762,Office Supplies,Labels,Avery 485,75.18,6.0,0.0,35.3346,CRM,Rejected,Duplicate?
3217.0,CA-2014-114433,5/13/2014,5/17/2014,Standard Class,NP-18325,Naresj Patel,Consumer,United States,Oakland,California,94601.0,West,TEC-AC-10002800,Technology,Accessories,Plantronics Audio 478 Stereo USB Headset,149.97,3.0,0.0,52.4895,ERP,Rejected,Duplicate?
3218.0,CA-2017-104640,11/10/2017,11/16/2017,Standard Class,FH-14275,Frank Hawley,Corporate,United States,New York City,New York,10024.0,East,OFF-BI-10003925,Office Supplies,Binders,Fellowes PB300 Plastic Comb Binding Machine,931.176,3.0,0.2,314.2719,CRM,Pending,Check later
3219.0,CA-2017-104640,11/10/2017,11/16/2017,Standard Class,FH-14275,Frank Hawley,Corporate,United States,New York City,New York,10024.0,East,TEC-PH-10002200,Technology,Phones,Aastra 6757i CT Wireless VoIP phone,430.88,2.0,0.0,124.9552,Manual Upload,Approved,
3220.0,US-2015-137008,10/2/2015,10/8/2015,Standard Class,JP-15460,Jennifer Patt,Corporate,United States,Lakewood,New Jersey,8701.0,east,OFF-PA-10001295,Office Supplies,Paper,Computer Printout Paper with Letter-Trim Perforations,94.85,5.0,0.0,45.528,Manual Upload,Approved,
3221.0,US-2015-137008,10/2/2015,10/8/2015,Standard Class,JP-15460,jennifer patt,Corporate,United States,Lakewood,New Jersey,8701.0,East,OFF-EN-10002500,office_supplies,Envelopes,Globe Weis Peel & Seel First Class Envelopes,51.12,4.0,0.0,23.004,Legacy,Rejected,
3222.0,US-2015-137008,10/2/2015,10/8/2015,Standard Class,JP-15460,Jennifer Patt,Corporate,United States,Lakewood,New Jersey,8701.0,East,TEC-AC-10000892,Technology,Accessories,NETGEAR N750 Dual Band Wi-Fi Gigabit Router,90.0,1.0,0.0,32.4,Manual Upload,Rejected,Urgent
3223.0,CA-2014-108189,10/2/2014,10/5/2014,First Class,ES-14080,Erin Smith,Corporate,United States,Tempe,Arizona,85281.0,West,OFF-PA-10001838,Office Supplies,Paper,"Adams Telephone Message Book W/Dividers/Space For Phone Numbers, 5 1/4""X8 1/2"", 300/Messages",9.408,2.0,0.2,3.4104,Manual Upload,Pending,Urgent
3224.0,CA-2014-108189,10/2/2014,10/5/2014,First Class,ES-14080,Erin Smith,Corporate,United States,Tempe,Arizona,85281.0,West,OFF-FA-10000735,Office Supplies,Fasteners,Staples,4.672,2.0,0.2,1.46,Legacy,Approved,
3225.0,CA-2014-108189,10/2/2014,10/5/2014,First Class,ES-14080,Erin Smith,Corporate,United States,Tempe,Arizona,85281.0,West,TEC-PH-10001760,Technology,Phones,Bose SoundLink Bluetooth Speaker,318.4,2.0,0.2,107.46,ERP,Rejected,Duplicate?
3226.0,CA-2014-108189,10/2/2014,10/5/2014,First Class,ES-14080,Erin Smith,Corporate,United States,Tempe,Arizona,85281.0,West,OFF-EN-10004846,Office Supplies,Envelopes,Letter or Legal Size Expandable Poly String Tie Envelopes,12.768,6.0,0.2,4.6284,CRM,Approved,
3227.0,CA-2014-108189,10/2/2014,10/5/2014,First Class,ES-14080,Erin Smith,Corporate,United States,Tempe,Arizona,85281.0,West,OFF-SU-10003567,Office Supplies,Supplies,Stiletto Hand Letter Openers,15.36,2.0,0.2,-3.264,Manual Upload,Rejected,Urgent
3228.0,CA-2014-108189,10/2/2014,10/5/2014,First Class,ES-14080,Erin Smith,Corporate,United States,Tempe,Arizona,85281.0,West,TEC-PH-10001557,Technology,Phones,Pyle PMP37LED,230.376,3.0,0.2,20.1579,ERP,Pending,
3229.0,CA-2014-108189,10/2/2014,10/5/2014,First Class,ES-14080,Erin Smith,Corporate,United States,Tempe,Arizona,85281.0,West,TEC-AC-10003038,Technology,Accessories,Kingston Digital DataTraveler 16GB USB 2.0,7.16,1.0,0.2,-0.0895,CRM,,
3230.0,CA-2014-154641,8/11/2014,8/16/2014,Standard Class,KL-16645,Ken Lonsdale,Consumer,United States,New York City,New York,10035.0,East,OFF-ST-10004459,Office Supplies,Storage,Tennsco Single-Tier Lockers,375.34,1.0,0.0,18.767,ERP,Rejected,Check later
3231.0,CA-2017-131625,9/1/2017,9/5/2017,Second Class,BN-11515,Bradley Nguyen,Consumer,United States,New York City,New York,10009.0,East,FUR-FU-10004960,Furniture,Furnishings,"Seth Thomas 12"" Clock w/ Goldtone Case",114.9,5.0,0.0,39.066,CRM,Rejected,Duplicate?
3232.0,US-2017-156356,4/16/2017,4/22/2017,Standard Class,ND-18370,Natalie DeCherney,Consumer,United States,Houston,Texas,77095.0,Central,OFF-BI-10000632,Office Supplies,Binders,Satellite Sectional Post Binders,26.046,3.0,0.8,-44.2782,Legacy,Approved,Duplicate?
3233.0,US-2017-156356,4/16/2017,4/22/2017,Standard Class,ND-18370,Natalie DeCherney,Consumer,United States,Houston,Texas,77095.0,Central,OFF-BI-10001107,Office Supplies,Binders,"GBC White Gloss Covers, Plain Front",2.896,1.0,0.8,-4.7784,CRM,Approved,
3234.0,US-2017-156356,4/16/2017,4/22/2017,Standard Class,ND-18370,Natalie DeCherney,Consumer,United States,Houston,Texas,77095.0,Central,OFF-ST-10002301,Office Supplies,Storage,Tennsco Commercial Shelving,32.544,2.0,0.2,-7.7292,Manual Upload,Rejected,Duplicate?
3235.0,CA-2016-138933,4/24/2016,4/27/2016,First Class,JL-15130,Jack Lebron,Consumer,United States,Riverside,California,92503.0,West,OFF-BI-10003355,Office Supplies,Binders,Cardinal Holdit Business Card Pockets,3.984,1.0,0.2,1.3944,ERP,Approved,
3236.0,CA-2016-140746,1/15/2016,1/15/2016,Same Day,RC-19825,Roy Collins,Consumer,United States,Fairfield,Connecticut,6824.0,East,FUR-TA-10002903,Furniture,Tables,"Bevis Round Bullnose 29"" High Table Top",181.797,1.0,0.3,-15.5826,ERP,Pending,Urgent
3237.0,CA-2016-146836,5/2/2016,5/2/2016,Same Day,CC-12475,Cindy Chapman,Consumer,United States,New York City,New York,10024.0,East,OFF-ST-10001580,Office Supplies,Storage,Super Decoflex Portable Personal File,44.94,3.0,0.0,12.5832,ERP,Pending,Urgent
3238.0,CA-2016-146836,5/2/2016,5/2/2016,Same Day,CC-12475,Cindy Chapman,Consumer,United States,New York City,New York,10024.0,East,OFF-BI-10000315,Office Supplies,Binders,Poly Designer Cover & Back,45.576,3.0,0.2,15.9516,Manual Upload,Approved,Check later
3239.0,US-2016-127971,11/20/2016,11/27/2016,Standard Class,DW-13195,David Wiener,Corporate,United States,Houston,Texas,77095.0,Central,FUR-CH-10003774,Furniture,Chairs,"Global Wood Trimmed Manager's Task Chair, Khaki",318.43,5.0,0.3,-77.333,Manual Upload,Rejected,Duplicate?
3240.0,US-2016-127971,11/20/2016,11/27/2016,Standard Class,DW-13195,David Wiener,Corporate,United States,Houston,Texas,77095.0,Central,TEC-PH-10003095,Technology,Phones,Samsung HM1900 Bluetooth Headset,122.92,7.0,0.2,46.095,Legacy,,
3241.0,US-2016-127971,11/20/2016,11/27/2016,Standard Class,DW-13195,David Wiener,Corporate,United States,Houston,Texas,77095.0,Central,FUR-FU-10000023,Furniture,Furnishings,Eldon Wave Desk Accessories,7.068,3.0,0.6,-2.8272,CRM,Approved,Urgent
3242.0,US-2016-140809,2/1/2016,2/3/2016,First Class,CK-12760,Cyma Kinney,Corporate,United States,Arlington,Virginia,22204.0,South,OFF-ST-10002214,Office Supplies,Storage,X-Rack File for Hanging Folders,56.45,5.0,0.0,14.677,CRM,Rejected,Check later
3243.0,CA-2017-114524,3/31/2017,4/5/2017,Second Class,EG-13900,Emily Grady,Consumer,United States,Chicago,Illinois,60623.0,Central,OFF-BI-10002799,Office Supplies,Binders,"SlimView Poly Binder, 3/8""",13.468,13.0,0.8,-22.8956,Legacy,,Check later
3244.0,CA-2017-113355,12/1/2017,12/5/2017,Standard Class,SJ-20215,Sarah Jordon,Consumer,United States,Grand Prairie,Texas,75051.0,Central,TEC-PH-10004912,Technology,Phones,Cisco SPA112 2 Port Phone Adapter,219.8,5.0,0.2,24.7275,ERP,,Check later
3245.0,CA-2017-113355,12/1/2017,12/5/2017,Standard Class,SJ-20215,Sarah Jordon,Consumer,United States,Grand Prairie,Texas,75051.0,Central,FUR-CH-10002602,Furniture,Chairs,DMI Arturo Collection Mission-style Design Wood Chair,317.058,3.0,0.3,-18.1176,ERP,Pending,
3246.0,US-2017-140907,12/10/2017,12/12/2017,Second Class,BP-11185,Ben Peterman,Corporate,United States,Seattle,Washington,98103.0,West,TEC-AC-10004510,technology,Accessories,Logitech Desktop MK120 Mouse and keyboard Combo,49.08,3.0,0.0,4.908,ERP,Approved,
3247.0,US-2017-140907,12/10/2017,12/12/2017,Second Class,BP-11185,Ben Peterman,Corporate,United States,Seattle,Washington,98103.0,West,OFF-ST-10000060,Office Supplies,Storage,Fellowes Bankers Box Staxonsteel Drawer File/Stacking System,324.9,5.0,0.0,38.988,CRM,,
3248.0,US-2017-140907,12/10/2017,12/12/2017,Second Class,BP-11185,Ben Peterman,Corporate,United States,Seattle,Washington,98103.0,West,OFF-AR-10000799,Office Supplies,Art,Col-Erase Pencils with Erasers,18.24,3.0,0.0,5.2896,CRM,Rejected,Duplicate?
3249.0,CA-2016-159730,9/17/2016,9/21/2016,Standard Class,SJ-20125,Sanjit Jacobs,Home Office,United States,Seattle,Washington,98103.0,West,FUR-CH-10004875,Furniture,Chairs,Harbour Creations 67200 Series Stacking Chairs,113.888,2.0,0.2,9.9652,ERP,Pending,
3250.0,CA-2016-159730,9/17/2016,9/21/2016,Standard Class,SJ-20125,Sanjit Jacobs,Home Office,United States,Seattle,Washington,98103.0,West,TEC-PH-10002085,Technology,Phones,Clarity 53712,105.584,2.0,0.2,7.9188,Manual Upload,Pending,Check later
3251.0,CA-2016-157868,12/23/2016,12/29/2016,Standard Class,MC-17590,Matt Collister,Corporate,United States,Grand Rapids,Michigan,49505.0,Central,OFF-FA-10000992,Office Supplies,Fasteners,"Acco Clips to Go Binder Clips, 24 Clips in Two Sizes",24.85,7.0,0.0,11.6795,CRM,Rejected,
3252.0,CA-2017-119389,4/17/2017,4/19/2017,First Class,BG-11740,Bruce Geld,Consumer,United States,Philadelphia,Pennsylvania,19120.0,East,FUR-FU-10001473,Furniture,Furnishings,"Eldon Executive Woodline II Desk Accessories, Mahogany",60.312,3.0,0.2,5.2773,ERP,,Duplicate?
3253.0,CA-2017-110373,10/27/2017,10/30/2017,Second Class,MA-17560,Matt Abelman,Home Office,United States,Chicago,Illinois,60610.0,Central,OFF-AR-10003045,Office Supplies,Art,Prang Colored Pencils,7.056,3.0,0.2,2.205,Legacy,Rejected,
3254.0,CA-2017-110373,10/27/2017,10/30/2017,Second Class,MA-17560,Matt Abelman,Home Office,United States,Chicago,Illinois,60610.0,Central,TEC-PH-10001536,Technology,Phones,Spigen Samsung Galaxy S5 Case Wallet,27.184,2.0,0.2,2.0388,CRM,Rejected,Check later
3255.0,CA-2016-155474,7/8/2016,7/14/2016,Standard Class,CC-12220,Chris Cortes,Consumer,United States,Seattle,Washington,98105.0,West,TEC-PH-10001580,Technology,Phones,Logitech Mobile Speakerphone P710e - speaker phone,107.984,1.0,0.2,9.4486,Legacy,Pending,Urgent
3256.0,CA-2016-155474,7/8/2016,7/14/2016,Standard Class,CC-12220,Chris Cortes,Consumer,United States,Seattle,Washington,98105.0,West,OFF-BI-10004209,Office Supplies,Binders,"Fellowes Twister Kit, Gray/Clear, 3/pkg",19.296,3.0,0.2,6.03,Legacy,Pending,
3257.0,CA-2015-155453,8/9/2015,8/14/2015,Standard Class,RA-19885,Ruben Ausman,Corporate,United States,Jacksonville,Florida,32216.0,South,OFF-LA-10001613,Office Supplies,Labels,Avery File Folder Labels,4.608,2.0,0.2,1.6704,Legacy,Rejected,Duplicate?
3258.0,US-2016-161844,12/9/2016,12/14/2016,Second Class,DK-12835,Damala Kotsonis,Corporate,United States,Franklin,Tennessee,37064.0,South,FUR-TA-10001676,Furniture,Tables,Hon 61000 Series Interactive Training Tables,79.974,3.0,0.4,-29.3238,CRM,Rejected,
3259.0,US-2016-161844,12/9/2016,12/14/2016,Second Class,DK-12835,Damala Kotsonis,Corporate,United States,Franklin,Tennessee,37064.0,South,OFF-BI-10003712,Office Supplies,Binders,"Acco Pressboard Covers with Storage Hooks, 14 7/8"" x 11"", Light Blue",2.946,2.0,0.7,-2.0622,CRM,Pending,Check later
3260.0,US-2016-162103,11/13/2016,11/17/2016,Standard Class,LB-16795,Laurel Beltran,Home Office,United States,Highland Park,Illinois,60035.0,Central,OFF-BI-10000285,Office Supplies,Binders,XtraLife ClearVue Slant-D Ring Binders by Cardinal,3.136,2.0,1.5,-4.704,CRM,Approved,
3261.0,CA-2014-151554,11/14/2014,11/15/2014,First Class,CM-11815,Candace McMahon,Corporate,United States,Pasadena,Texas,77506.0,Central,OFF-PA-10004609,Office Supplies,Paper,Xerox 221,20.736,4.0,0.2,7.2576,Manual Upload,Pending,
3262.0,CA-2014-140662,11/17/2014,11/19/2014,First Class,TS-21205,Thomas Seio,Corporate,United States,San Francisco,California,94109.0,West,TEC-AC-10001314,TECHNOLOGY,Accessories,Case Logic 2.4GHz Wireless Keyboard,99.98,2.0,0.0,7.9984,ERP,Rejected,
3263.0,CA-2014-140662,11/17/2014,11/19/2014,First Class,TS-21205,Thomas Seio,corporate,United States,San Francisco,California,94109.0,West,OFF-PA-10003395,Office Supplies,Paper,Xerox 1941,733.95,7.0,0.0,352.296,ERP,Rejected,Check later
3264.0,CA-2014-140662,11/17/2014,11/19/2014,First Class,TS-21205,Thomas Seio,Corporate,United States,San Francisco,California,94109.0,West,OFF-AP-10001242,Office Supplies,Appliances,APC 7 Outlet Network SurgeArrest Surge Protector,241.44,3.0,0.0,72.432,Legacy,,Urgent
3265.0,CA-2016-122518,3/4/2016,3/8/2016,Second Class,RF-19345,Randy Ferguson,Corporate,United States,Miami,Florida,33180.0,South,OFF-LA-10001641,Office Supplies,Labels,Avery 518,10.08,4.0,0.2,3.528,ERP,Approved,
3266.0,US-2014-126571,10/11/2014,10/15/2014,Standard Class,JF-15565,Jill Fjeld,Consumer,United States,Philadelphia,Pennsylvania,19120.0,East,OFF-ST-10003816,Office Supplies,Storage,Fellowes High-Stak Drawer Files,281.904,2.0,0.2,10.5714,Manual Upload,Pending,Check later
3267.0,US-2014-126571,10/11/2014,10/15/2014,Standard Class,JF-15565,Jill Fjeld,Consumer,United States,Philadelphia,Pennsylvania,19120.0,East,OFF-EN-10002230,Office Supplies,Envelopes,Airmail Envelopes,201.432,3.0,0.2,67.9833,Legacy,,Urgent
3268.0,CA-2014-143840,5/22/2014,5/29/2014,Standard Class,EH-14185,Evan Henry,Consumer,United States,Decatur,Alabama,35601.0,South,TEC-PH-10002660,Technology,Phones,Nortel Networks T7316 E Nt8 B27,135.98,2.0,0.0,33.995,ERP,,
3269.0,CA-2014-143840,5/22/2014,5/29/2014,Standard Class,EH-14185,Evan Henry,Consumer,United States,Decatur,Alabama,35601.0,South,TEC-PH-10003171,Technology,Phones,Plantronics Encore H101 Dual Earpieces Headset,44.95,1.0,0.0,12.586,Manual Upload,,
3270.0,CA-2014-115980,7/15/2014,7/19/2014,Standard Class,VW-21775,Victoria Wilson,Corporate,United States,Sioux Falls,South Dakota,57103.0,Central,TEC-AC-10003709,Technology,Accessories,Maxell 4.7GB DVD-R 5/Pack,2.97,3.0,0.0,1.3068,Manual Upload,,Check later
3271.0,CA-2014-115980,7/15/2014,7/19/2014,Standard Class,VW-21775,Victoria Wilson,Corporate,United States,Sioux Falls,South Dakota,57103.0,Central,OFF-FA-10000304,Office Supplies,Fasteners,Advantus Push Pins,6.54,3.0,0.0,2.6814,ERP,Approved,Urgent
3272.0,CA-2015-155145,12/27/2015,12/29/2015,Second Class,KN-16450,Kean Nguyen,Corporate,United States,Visalia,California,93277.0,West,TEC-AC-10003709,Technology,Accessories,Maxell 4.7GB DVD-R 5/Pack,7.92,8.0,0.0,3.4848,Legacy,Pending,Duplicate?
3273.0,CA-2015-146038,2/9/2015,2/16/2015,Standard Class,SJ-20215,Sarah Jordon,Consumer,United States,Los Angeles,California,90049.0,West,FUR-CH-10002774,Furniture,Chairs,"Global Deluxe Stacking Chair, Gray",203.92,5.0,0.2,22.941,ERP,Pending,
3274.0,CA-2017-133865,5/8/2017,5/12/2017,Standard Class,PS-19045,Penelope Sewall,Home Office,United States,Los Angeles,California,90032.0,West,TEC-CO-10001046,Technology,Copiers,Canon Imageclass D680 Copier / Fax,3359.952,6.0,0.2,1049.985,Manual Upload,,Check later
3275.0,CA-2017-116358,11/2/2017,11/6/2017,Standard Class,KM-16225,Kalyca Meade,Corporate,United States,Overland Park,Kansas,66212.0,Central,OFF-FA-10003495,Office Supplies,Fasteners,Staples,18.24,3.0,0.0,9.12,CRM,Approved,
3276.0,CA-2017-116358,11/2/2017,11/6/2017,Standard Class,KM-16225,Kalyca Meade,Corporate,United States,Overland Park,Kansas,66212.0,Central,OFF-AR-10004685,Office Supplies,Art,"Binney & Smith Crayola Metallic Colored Pencils, 8-Color Set",27.78,6.0,0.0,9.1674,Manual Upload,Pending,Check later
3277.0,CA-2014-102988,4/5/2014,4/9/2014,Second Class,GM-14695,Greg Maxwell,corporate,United States,Alexandria,Virginia,22304.0,South,OFF-AR-10004757,Office Supplies,Art,Crayola Colored Pencils,22.96,7.0,0.0,7.5768,Manual Upload,,
3278.0,CA-2014-102988,4/5/2014,4/9/2014,Second Class,GM-14695,Greg Maxwell,Corporate,United States,Alexandria,Virginia,22304.0,South,TEC-PH-10001615,Technology,Phones,AT&T CL82213,28.99,1.0,0.0,8.4071,Legacy,,Check later
3279.0,CA-2014-102988,4/5/2014,4/9/2014,Second Class,GM-14695,Greg Maxwell,Corporate,United States,Alexandria,Virginia,22304.0,South,OFF-PA-10003349,Office Supplies,Paper,Xerox 1957,12.96,2.0,0.0,6.3504,ERP,Pending,Duplicate?
3280.0,CA-2014-102988,4/5/2014,4/9/2014,Second Class,GM-14695,Greg Maxwell,Corporate,United States,Alexandria,Virginia,22304.0,South,OFF-AR-10000127,Office Supplies,Art,Newell 321,22.96,7.0,0.0,6.6584,Legacy,Approved,
3281.0,CA-2014-102988,4/5/2014,4/9/2014,Second Class,GM-14695,Greg Maxwell,Corporate,United States,Alexandria,Virginia,22304.0,South,OFF-SU-10002881,Office Supplies,Supplies,Martin Yale Chadless Opener Electric Letter Opener,4164.05,5.0,0.0,83.281,CRM,Approved,Duplicate?
3282.0,US-2014-117170,9/17/2014,9/24/2014,Standard Class,KT-16465,Kean Takahito,Consumer,United States,Raleigh,North Carolina,27604.0,South,TEC-AC-10001109,Technology,Accessories,Logitech Trackman Marble Mouse,47.984,2.0,0.2,13.1956,CRM,Rejected,
3283.0,US-2014-117170,9/17/2014,9/24/2014,Standard Class,KT-16465,Kean Takahito,Consumer,United States,Raleigh,North Carolina,27604.0,South,OFF-PA-10000682,Office Supplies,Paper,Xerox 1924,4.624,1.0,0.2,1.6762,Legacy,Pending,Urgent
3284.0,CA-2014-159478,9/30/2014,10/6/2014,Standard Class,MH-17785,Maya Herman,Corporate,United States,New York City,New York,10035.0,East,FUR-FU-10000221,Furniture,Furnishings,"Master Caster Door Stop, Brown",15.24,3.0,0.0,5.1816,Legacy,Rejected,
3285.0,CA-2014-103702,9/12/2014,9/17/2014,Standard Class,AF-10885,Art Foster,Consumer,United States,Fairfield,Ohio,45014.0,East,OFF-BI-10002429,Office Supplies,Binders,"Premier Elliptical Ring Binder, Black",63.924,7.0,0.7,-46.8776,Manual Upload,Pending,
3286.0,CA-2017-150525,2/20/2017,2/25/2017,Standard Class,JP-16135,Julie Prescott,Home Office,United States,Muskogee,Oklahoma,74403.0,Central,OFF-AR-10002375,Office Supplies,Art,Newell 351,6.56,2.0,0.0,1.9024,CRM,Approved,Urgent
3287.0,CA-2017-150525,2/20/2017,2/25/2017,Standard Class,JP-16135,Julie Prescott,Home Office,United States,Muskogee,Oklahoma,74403.0,Central,OFF-AP-10000595,Office Supplies,Appliances,Disposable Triple-Filter Dust Bags,13.11,3.0,0.0,3.4086,CRM,Pending,
3288.0,CA-2015-157770,12/13/2015,12/15/2015,First Class,RD-19585,Rob Dowd,Consumer,United States,Temecula,California,92592.0,West,TEC-PH-10001530,Technology,Phones,Plantronics Voyager Pro Legend,494.376,3.0,0.2,49.4376,CRM,,
3289.0,CA-2015-157770,12/13/2015,12/15/2015,First Class,RD-19585,Rob Dowd,Consumer,United States,Temecula,California,92592.0,West,OFF-BI-10000050,Office Supplies,Binders,"Angle-D Binders with Locking Rings, Label Holders",29.2,5.0,0.2,9.855,ERP,Rejected,Check later
3290.0,CA-2015-157770,12/13/2015,12/15/2015,First Class,RD-19585,Rob Dowd,Consumer,United States,Temecula,California,92592.0,West,TEC-AC-10001552,Technology,Accessories,Logitech K350 2.4Ghz Wireless Keyboard,248.85,5.0,0.0,27.3735,Legacy,Pending,Check later
3291.0,CA-2015-157770,12/13/2015,12/15/2015,First Class,RD-19585,Rob Dowd,Consumer,United States,Temecula,California,92592.0,West,TEC-AC-10003399,Technology,Accessories,Memorex Mini Travel Drive 64 GB USB 2.0 Flash Drive,36.24,1.0,0.0,15.2208,ERP,Approved,Duplicate?
3292.0,CA-2016-167290,10/30/2016,11/4/2016,Standard Class,JF-15295,Jason Fortune-,Consumer,United States,Sterling Heights,Michigan,48310.0,Central,OFF-AR-10004078,Office Supplies,Art,Newell 312,11.68,2.0,0.0,3.504,Manual Upload,,Duplicate?
3293.0,CA-2014-106264,12/26/2014,12/30/2014,Standard Class,CK-12595,Clytie Kelty,Consumer,United States,San Diego,California,92024.0,West,OFF-SU-10002189,Office Supplies,Supplies,Acme Rosewood Handle Letter Opener,11.91,3.0,0.0,0.1191,ERP,Pending,
3294.0,CA-2014-106264,12/26/2014,12/30/2014,Standard Class,CK-12595,Clytie Kelty,Consumer,United States,San Diego,California,92024.0,West,FUR-FU-10001852,Furniture,Furnishings,"Eldon Regeneration Recycled Desk Accessories, Smoke",3.48,2.0,0.0,1.1136,CRM,Rejected,
3295.0,CA-2014-138023,8/15/2014,8/18/2014,First Class,KH-16510,Keith Herrera,Consumer,United States,Dallas,Texas,75081.0,Central,OFF-BI-10003638,Office Supplies,Binders,GBC Durable Plastic Covers,30.96,8.0,0.8,-52.632,ERP,Rejected,Duplicate?
3296.0,CA-2017-113418,10/1/2017,10/3/2017,First Class,CM-12655,Corinna Mitchell,Home Office,United States,New York City,New York,10035.0,East,TEC-MA-10002428,Technology,Machines,Fellowes Powershred HS-440 4-Sheet High Security Shredder,1704.89,11.0,0.0,767.2005,CRM,Pending,Check later
3297.0,US-2015-110569,5/23/2015,5/30/2015,Standard Class,EB-13870,Emily Burns,Consumer,United States,Phoenix,Arizona,85023.0,West,OFF-BI-10001036,Office Supplies,Binders,Cardinal EasyOpen D-Ring Binders,19.194,7.0,0.7,-12.796,CRM,,Duplicate?
3298.0,US-2015-110569,5/23/2015,5/30/2015,Standard Class,EB-13870,Emily Burns,Consumer,United States,Phoenix,Arizona,85023.0,West,OFF-AP-10004708,Office Supplies,Appliances,Fellowes Superior 10 Outlet Split Surge Protector,121.792,4.0,0.2,13.7016,CRM,Pending,
3299.0,CA-2017-136308,11/16/2017,11/16/2017,Same Day,MW-18235,Mitch Willingham,Corporate,United States,San Francisco,California,94122.0,West,TEC-MA-10000488,Technology,Machines,Bady BDG101FRU Card Printer,1919.976,3.0,0.2,215.9973,Manual Upload,,
3300.0,US-2014-159926,11/18/2014,11/22/2014,Standard Class,CS-11950,Carlos Soltero,Consumer,United States,Philadelphia,Pennsylvania,19140.0,East,OFF-BI-10003656,Office Supplies,Binders,Fellowes PB200 Plastic Comb Binding Machine,50.997,1.0,0.7,-40.7976,ERP,Approved,Check later
3301.0,US-2014-159926,11/18/2014,11/22/2014,Standard Class,CS-11950,Carlos Soltero,Consumer,United States,Philadelphia,Pennsylvania,19140.0,East,OFF-ST-10003656,Office Supplies,Storage,Safco Industrial Wire Shelving,76.792,1.0,0.2,-16.3183,Legacy,,
3302.0,US-2014-159926,11/18/2014,11/22/2014,Standard Class,CS-11950,Carlos Soltero,Consumer,United States,Philadelphia,Pennsylvania,19140.0,East,TEC-PH-10001128,Technology,Phones,Motorola Droid Maxx,539.964,6.0,0.4,-107.9928,ERP,,Duplicate?
3303.0,US-2014-159926,11/18/2014,11/22/2014,Standard Class,CS-11950,Carlos Soltero,Consumer,United States,Philadelphia,Pennsylvania,19140.0,East,FUR-FU-10001473,Furniture,Furnishings,"Eldon Executive Woodline II Desk Accessories, Mahogany",60.312,3.0,0.2,50000.0,Legacy,Approved,Duplicate?
3304.0,US-2014-159926,11/18/2014,11/22/2014,Standard Class,CS-11950,Carlos Soltero,Consumer,United States,Philadelphia,Pennsylvania,19140.0,East,OFF-BI-10004656,Office Supplies,Binders,Peel & Stick Add-On Corner Pockets,1.944,3.0,0.7,-1.4256,Manual Upload,Pending,Check later
3305.0,CA-2014-104738,12/30/2014,1/1/2015,Second Class,SP-20620,Stefania Perrino,Corporate,United States,Laredo,Texas,78041.0,Central,OFF-EN-10004955,Office Supplies,Envelopes,Fashion Color Clasp Envelopes,12.984,3.0,0.2,4.7067,Manual Upload,,
3306.0,CA-2014-104738,12/30/2014,1/1/2015,Second Class,SP-20620,Stefania Perrino,Corporate,United States,Laredo,Texas,78041.0,Central,TEC-PH-10002468,Technology,Phones,"Plantronics CS 50-USB - headset - Convertible, Monaural",217.584,2.0,0.2,19.0386,ERP,Rejected,
3307.0,CA-2014-104738,12/30/2014,1/1/2015,Second Class,SP-20620,Stefania Perrino,Corporate,United States,Laredo,Texas,78041.0,Central,TEC-PH-10000576,Technology,Phones,AT&T 1080 Corded phone,328.776,3.0,0.2,28.7679,Legacy,Pending,Urgent
3308.0,CA-2014-104738,12/30/2014,1/1/2015,Second Class,SP-20620,Stefania Perrino,Corporate,United States,Laredo,Texas,78041.0,Central,OFF-BI-10002160,Office Supplies,Binders,Acco Hanging Data Binders,2.286,3.0,0.8,-3.6576,ERP,,Urgent
3309.0,CA-2014-104738,12/30/2014,1/1/2015,Second Class,SP-20620,Stefania Perrino,Corporate,United States,Laredo,Texas,78041.0,Central,TEC-AC-10003628,Technology,Accessories,Logitech 910-002974 M325 Wireless Mouse for Web Scrolling,47.984,2.0,0.2,14.3952,ERP,Approved,Check later
3310.0,CA-2015-144386,11/5/2015,11/11/2015,Standard Class,GT-14635,Grant Thornton,Corporate,United States,New York City,New York,10009.0,East,OFF-BI-10001116,Office Supplies,Binders,"Wilson Jones 1"" Hanging DublLock Ring Binders",25.344,6.0,0.2,8.8704,Manual Upload,Pending,Duplicate?
3311.0,CA-2016-111416,9/17/2016,2016-09-22,Standard Class,LW-17215,Luke Weiss,Consumer,United States,New York City,New York,10035.0,East,OFF-BI-10002026,Office Supplies,Binders,Avery Arch Ring Binders,232.4,5.0,0.2,78.435,Manual Upload,Pending,Urgent
3312.0,CA-2016-162747,3/20/2016,3/25/2016,Second Class,AH-10030,Aaron Hawkins,Corporate,United States,Gulfport,Mississippi,39503.0,South,FUR-FU-10003691,Furniture,Furnishings,"Eldon Image Series Desk Accessories, Ebony",86.45,7.0,0.0,38.038,Manual Upload,Pending,Check later
3313.0,US-2014-133130,9/27/2014,10/1/2014,Standard Class,TH-21100,Thea Hendricks,Consumer,United States,San Diego,California,92037.0,West,FUR-CH-10002602,Furniture,Chairs,DMI Arturo Collection Mission-style Design Wood Chair,603.92,5.0,0.2,45.294,Manual Upload,,Check later
3314.0,US-2014-133130,9/27/2014,10/1/2014,Standard Class,TH-21100,Thea Hendricks,Consumer,United States,San Diego,California,92037.0,West,OFF-PA-10000675,Office Supplies,Paper,Xerox 1919,81.98,2.0,0.0,40.1702,Manual Upload,,Duplicate?
3315.0,CA-2017-169978,12/24/2017,12/28/2017,Standard Class,HG-15025,Hunter Glantz,Consumer,United States,Oceanside,New York,11572.0,East,FUR-CH-10002602,Furniture,Chairs,DMI Arturo Collection Mission-style Design Wood Chair,271.764,2.0,0.1,48.3136,ERP,Approved,
3316.0,CA-2017-169978,12/24/2017,12/28/2017,Standard Class,HG-15025,Hunter Glantz,Consumer,United States,Oceanside,New York,11572.0,East,OFF-BI-10001900,Office Supplies,Binders,"DXL Angle-View Binders with Locking Rings, Black",14.376,3.0,0.2,4.8519,CRM,Rejected,Duplicate?
3317.0,CA-2017-161739,11/10/2017,11/15/2017,Second Class,EB-13750,Edward Becker,Corporate,United States,Round Rock,Texas,78664.0,Central,FUR-FU-10001468,Furniture,Furnishings,Tenex Antistatic Computer Chair Mats,341.96,5.0,0.6,-427.45,CRM,Pending,Check later
3318.0,CA-2015-165057,9/11/2015,9/15/2015,Standard Class,SC-20725,Steven Cartwright,Consumer,United States,Redlands,California,92374.0,West,OFF-AR-10004648,Office Supplies,Art,Boston 19500 Mighty Mite Electric Pencil Sharpener,181.35,9.0,0.0,48.9645,CRM,,Duplicate?
3319.0,CA-2015-165057,9/11/2015,9/15/2015,Standard Class,SC-20725,Steven Cartwright,Consumer,United States,Redlands,California,92374.0,West,OFF-LA-10003190,Office Supplies,Labels,Avery 474,8.64,3.0,0.0,4.2336,Manual Upload,Rejected,Check later
3320.0,CA-2014-134551,12/20/2014,12/25/2014,Standard Class,TS-21505,Tony Sayre,Consumer,United States,Columbia,Tennessee,38401.0,South,OFF-AP-10004868,Office Supplies,Appliances,Hoover Commercial Soft Guard Upright Vacuum And Disposable Filtration Bags,43.512,7.0,0.2,3.8073,CRM,,
3321.0,CA-2014-134551,12/20/2014,12/25/2014,Standard Class,TS-21505,Tony Sayre,Consumer,United States,Columbia,Tennessee,38401.0,South,FUR-CH-10004287,Furniture,Chairs,SAFCO Arco Folding Chair,662.88,3.0,0.2,74.574,ERP,,Duplicate?
3322.0,CA-2014-134551,12/20/2014,12/25/2014,Standard Class,TS-21505,Tony Sayre,Consumer ,United States,Columbia,Tennessee,38401.0,South,OFF-PA-10002689,Office Supplies,Paper,Weyerhaeuser First Choice Laser/Copy Paper (20Lb. and 88 Bright),25.92,5.0,0.2,9.072,ERP,Approved,Check later
3323.0,CA-2015-120810,7/23/2015,7/27/2015,Standard Class,TH-21550,Tracy Hopkins,Home Office,United States,New York City,New York,10009.0,East,OFF-AP-10002892,Office Supplies,Appliances,Belkin F5C206VTEL 6 Outlet Surge,68.94,3.0,0.0,20.682,CRM,Approved,Duplicate?
3324.0,CA-2015-120810,7/23/2015,7/27/2015,Standard Class,TH-21550,Tracy Hopkins,Home Office,United States,New York City,New York,10009.0,East,FUR-FU-10002253,Furniture,Furnishings,"Howard Miller 13"" Diameter Pewter Finish Round Wall Clock",128.82,3.0,0.0,50.2398,Manual Upload,Approved,Check later
3325.0,CA-2014-165309,11/11/2014,11/15/2014,Standard Class,KD-16270,Karen Daniels,Consumer,United States,Houston,Texas,77095.0,Central,OFF-BI-10001359,Office Supplies,Binders,GBC DocuBind TL300 Electric Binding System,896.99,5.0,0.8,-1480.0335,Legacy,,Duplicate?
3326.0,CA-2014-165309,11/11/2014,11/15/2014,Standard Class,KD-16270,Karen Daniels,Consumer,United States,Houston,Texas,77095.0,Central,OFF-BI-10001267,Office Supplies,Binders,"Universal Recycled Hanging Pressboard Report Binders, Letter Size",1.234,1.0,-0.2,-1.9744,ERP,Approved,
3327.0,CA-2014-165309,11/11/2014,11/15/2014,Standard Class,KD-16270,Karen Daniels,Consumer,United States,Houston,Texas,77095.0,Central,OFF-AR-10003582,Office Supplies,Art,"Boston Electric Pencil Sharpener, Model 1818, Charcoal Black",67.56,3.0,0.2,6.756,Legacy,Approved,
3328.0,CA-2014-165309,11/11/2014,11/15/2014,Standard Class,KD-16270,Karen Daniels,Consumer,United States,Houston,texas,77095.0,Central,OFF-PA-10003724,Office Supplies,Paper,"Wirebound Message Book, 4 per Page",21.72,5.0,0.2,7.8735,Legacy,Rejected,Check later
3329.0,CA-2014-165309,11/11/2014,11/15/2014,Standard Class,KD-16270,Karen Daniels,Consumer,United States,Houston,Texas,77095.0,Central,OFF-PA-10001033,Office Supplies,Paper,Xerox 1893,262.336,8.0,0.2,95.0968,CRM,,
3330.0,CA-2014-165309,11/11/2014,11/15/2014,Standard Class,KD-16270,Karen Daniels,Consumer,United States,Houston,Texas,77095.0,Central,TEC-PH-10003505,Technology,Phones,Geemarc AmpliPOWER60,148.48,2.0,0.2,16.704,Legacy,,Urgent
3331.0,CA-2014-165309,11/11/2014,11/15/2014,Standard Class,KD-16270,Karen Daniels,Consumer,United States,Houston,Texas,77095.0,Central,TEC-PH-10004959,Technology,Phones,Classic Ivory Antique Telephone ZL1810,241.176,3.0,0.2,15.0735,Manual Upload,Rejected,Duplicate?
3332.0,CA-2017-122595,12/14/2017,12/20/2017,Standard Class,GM-14455,Gary Mitchum,Home Office,United States,Chicago,Illinois,60653.0,Central,TEC-AC-10000474,Technology,Accessories,Kensington Expert Mouse Optical USB Trackball for PC or Mac,227.976,3.0,0.2,28.497,Manual Upload,,
3333.0,CA-2017-122595,12/14/2017,12/20/2017,Standard Class,GM-14455,Gary Mitchum,Home Office,United States,Chicago,Illinois,60653.0,Central,TEC-PH-10003095,Technology,Phones,Samsung HM1900 Bluetooth Headset,52.68,3.0,0.2,19.755,CRM,,
3334.0,CA-2017-122595,12/14/2017,12/20/2017,Standard Class,GM-14455,Gary Mitchum,Home Office,United States,Chicago,Illinois,60653.0,Central,FUR-FU-10002963,Furniture,Furnishings,"Master Caster Door Stop, Gray",2.032,1.0,0.6,-1.3208,CRM,Pending,
3335.0,US-2017-109253,8/21/2017,8/22/2017,First Class,PR-18880,Patrick Ryan,Consumer,United States,Oakland,California,94601.0,West,OFF-AR-10000203,Office Supplies,Art,Newell 336,17.12,4.0,0.0,4.9648,ERP,Rejected,
3336.0,US-2017-109253,8/21/2017,8/22/2017,First Class,PR-18880,Patrick Ryan,Consumer,United States,Oakland,California,94601.0,West,TEC-PH-10004667,Technology,Phones,Cisco 8x8 Inc. 6753i IP Business Phone System,431.968,4.0,0.2,37.7972,Manual Upload,Approved,Urgent
3337.0,US-2017-109253,8/21/2017,8/22/2017,First Class,PR-18880,Patrick Ryan,Consumer,United States,Oakland,California,94601.0,West,FUR-FU-10000193,Furniture,Furnishings,Tenex Chairmats For Use with Hard Floors,129.92,4.0,0.0,10.3936,Manual Upload,Rejected,Duplicate?
3338.0,US-2017-109253,8/21/2017,8/22/2017,First Class,PR-18880,Patrick Ryan,Consumer,United States,Oakland,California,94601.0,West,FUR-TA-10001539,Furniture,Tables,Chromcraft Rectangular Conference Tables,568.728,3.0,0.2,28.4364,ERP,Approved,
3339.0,US-2017-109253,8/21/2017,8/22/2017,First Class,PR-18880,Patrick Ryan,Consumer,United States,Oakland,California,94601.0,West,OFF-BI-10000962,Office Supplies,Binders,"Acco Flexible ACCOHIDE Square Ring Data Binder, Dark Blue, 11 1/2"" X 14"" 7/8""",117.144,9.0,0.2,42.4647,Legacy,Rejected,
3340.0,US-2017-109253,8/21/2017,8/22/2017,First Class,PR-18880,Patrick Ryan,Consumer,United States,Oakland,California,94601.0,West,OFF-AP-10002867,Office Supplies,Appliances,Fellowes Command Center 5-outlet power strip,203.52,3.0,0.0,54.9504,CRM,,Urgent
3341.0,US-2017-109253,8/21/2017,8/22/2017,First Class,PR-18880,Patrick Ryan,Consumer,United States,Oakland,California,94601.0,West,OFF-LA-10001158,Office Supplies,Labels,"Avery Address/Shipping Labels for Typewriters, 4"" x 2""",51.75,5.0,0.0,24.84,Manual Upload,Rejected,
3342.0,CA-2016-145982,8/27/2016,9/1/2016,Second Class,TB-21055,Ted Butterfield,Consumer,United States,Quincy,Massachusetts,2169.0,East,OFF-PA-10000675,Office Supplies,Paper,Xerox 1919,122.97,3.0,0.0,60.2553,ERP,Rejected,Check later
3343.0,CA-2016-145982,8/27/2016,9/1/2016,Second Class,TB-21055,Ted Butterfield,Consumer,United States,Quincy,Massachusetts,2169.0,East,FUR-TA-10001307,Furniture,Tables,"SAFCO PlanMaster Heigh-Adjustable Drafting Table Base, 43w x 30d x 30-37h, Black",244.615,1.0,0.3,20.967,CRM,Pending,Urgent
3344.0,CA-2016-145982,8/27/2016,9/1/2016,Second Class,TB-21055,Ted Butterfield,Consumer,United States,Quincy,Massachusetts,2169.0,East,TEC-PH-10000011,Technology,Phones,PureGear Roll-On Screen Protector,59.97,3.0,0.0,28.7856,CRM,Pending,
3345.0,CA-2016-145982,8/27/2016,9/1/2016,Second Class,TB-21055,Ted Butterfield,Consumer,United States,Quincy,Massachusetts,2169.0,East,OFF-PA-10002666,Office Supplies,Paper,Southworth 25% Cotton Linen-Finish Paper & Envelopes,81.54,9.0,0.0,36.693,ERP,,
3346.0,CA-2016-145982,8/27/2016,9/1/2016,Second Class,TB-21055,Ted Butterfield,Consumer,United States,Quincy,Massachusetts,2169.0,East,OFF-FA-10000735,Office Supplies,Fasteners,Staples,11.68,4.0,0.0,5.256,Legacy,Approved,Check later
3347.0,CA-2016-145982,8/27/2016,9/1/2016,Second Class,TB-21055,Ted Butterfield,Consumer,United States,Quincy,Massachusetts,2169.0,East,OFF-BI-10000174,Office Supplies,Binders,"Wilson Jones Clip & Carry Folder Binder Tool for Ring Binders, Clear",29.0,5.0,0.0,13.92,ERP,Approved,
3348.0,CA-2015-112014,8/13/2015,8/20/2015,Standard Class,ON-18715,Odella Nelson,Corporate,United States,Yucaipa,California,92399.0,West,OFF-AR-10003156,Office Supplies,Art,50 Colored Long Pencils,50.8,5.0,0.0,13.208,CRM,Pending,Duplicate?
3349.0,CA-2017-154732,11/5/2017,11/7/2017,First Class,AH-10195,Alan Haines,Corporate,United States,Chicago,Illinois,60623.0,Central,OFF-BI-10000474,Office Supplies,Binders,Avery Recycled Flexi-View Covers for Binding Systems,16.03,5.0,0.8,-25.648,Manual Upload,Approved,
3350.0,US-2016-157308,8/17/2016,8/21/2016,Standard Class,NM-18520,Neoma Murray,Consumer,United States,Seattle,Washington,98105.0,West,OFF-BI-10003712,Office Supplies,Binders,"Acco Pressboard Covers with Storage Hooks, 14 7/8"" x 11"", Light Blue",15.712,4.0,0.2,5.6956,ERP,,
3351.0,CA-2016-147536,12/26/2016,12/31/2016,Standard Class,AR-10510,Andrew Roberts,Consumer,United States,New York City,New York,10024.0,East,TEC-AC-10003280,Technology,Accessories,Belkin F8E887 USB Wired Ergonomic Keyboard,89.97,3.0,0.0,18.8937,Legacy,,
3352.0,US-2014-134733,09/23/2014,9/28/2014,Standard Class,BM-11650,Brian Moss,Corporate,United States,San Diego,California,92037.0,West,FUR-BO-10002916,Furniture,Bookcases,"Rush Hierlooms Collection 1"" Thick Stackable Bookcases",435.999,3.0,0.15,20.5176,CRM,Pending,Check later
3353.0,US-2014-134733,9/23/2014,9/28/2014,Standard Class,BM-11650,Brian Moss,Corporate,United States,San Diego,California,92037.0,West,TEC-PH-10002726,Technology,Phones,netTALK DUO VoIP Telephone Service,83.984,2.0,0.2,31.494,Legacy,Rejected,Check later
3354.0,US-2014-150434,7/19/2014,7/24/2014,Standard Class,CA-12310,Christine Abelman,Corporate,United States,Bristol,Connecticut,6010.0,East,TEC-PH-10000895,Technology,Phones,Polycom VVX 310 VoIP phone,359.98,2.0,0.0,93.5948,CRM,,Check later
3355.0,US-2014-150434,7/19/2014,7/24/2014,Standard Class,CA-12310,Christine Abelman,Corporate,United States,Bristol,Connecticut,6010.0,East,FUR-TA-10004152,Furniture,Tables,"Barricks 18"" x 48"" Non-Folding Utility Table with Bottom Storage Shelf",70.56,1.0,0.3,-4.032,ERP,Approved,Urgent
3356.0,US-2014-150434,7/19/2014,7/24/2014,Standard Class,CA-12310,Christine Abelman,Corporate,United States,Bristol,Connecticut,6010.0,East,OFF-BI-10003694,Office Supplies,Binders,"Avery 3 1/2"" Diskette Storage Pages, 10/Pack",20.88,2.0,0.0,9.6048,Manual Upload,,
3357.0,US-2014-150434,7/19/2014,7/24/2014,Standard Class,CA-12310,Christine Abelman,Corporate,United States,Bristol,Connecticut,6010.0,East,OFF-BI-10002160,Office Supplies,Binders,Acco Hanging Data Binders,3.81,1.0,0.0,1.8288,Legacy,Approved,
3358.0,CA-2017-100335,9/7/2017,9/13/2017,Standard Class,NF-18595,Nicole Fjeld,Home Office,United States,Chicago,Illinois,60610.0,Central,OFF-PA-10001685,Office Supplies,Paper,Easy-staple paper,73.008,9.0,0.2,26.4654,ERP,Approved,Duplicate?
3359.0,CA-2016-139234,5/6/2016,5/10/2016,Standard Class,AF-10870,Art Ferguson,Consumer,United States,Chicago,Illinois,60610.0,Central,OFF-BI-10000773,Office Supplies,Binders,Insertable Tab Post Binder Dividers,3.208,2.0,0.8,-5.2932,CRM,Approved,Duplicate?
3360.0,CA-2016-139234,5/6/2016,5/10/2016,Standard Class,AF-10870,Art Ferguson,Consumer,United States,Chicago,Illinois,60610.0,Central,TEC-AC-10004510,Technology,Accessories,Logitech Desktop MK120 Mouse and keyboard Combo,26.176,2.0,0.2,-3.272,CRM,Pending,
3361.0,US-2015-142020,6/4/2015,6/8/2015,Second Class,TC-21535,Tracy Collins,Home Office,United States,New York City,New York,10024.0,East,OFF-PA-10004569,Office Supplies,Paper,"Wirebound Message Books, Two 4 1/4"" x 5"" Forms per Page",30.44,4.0,0.0,14.3068,CRM,Approved,
3362.0,US-2015-142020,6/4/2015,6/8/2015,Second Class,TC-21535,Tracy Collins,Home Office,United States,New York City,New York,10024.0,East,FUR-FU-10000672,Furniture,Furnishings,"Executive Impressions 10"" Spectator Wall Clock",35.28,3.0,0.0,11.9952,ERP,Rejected,Check later
3363.0,CA-2015-139962,12/13/2015,12/20/2015,Standard Class,Dp-13240,Dean percer,Home Office,United States,Revere,Massachusetts,2151.0,East,OFF-PA-10004451,Office Supplies,Paper,Xerox 222,19.44,3.0,0.0,9.3312,CRM,,Duplicate?
3364.0,CA-2015-139962,12/13/2015,12/20/2015,Standard Class,Dp-13240,Dean percer,Home Office,United States,Revere,Massachusetts,2151.0,East,OFF-BI-10004738,Office Supplies,Binders,Flexible Leather- Look Classic Collection Ring Binder,37.88,2.0,0.0,18.94,ERP,Rejected,
3365.0,CA-2016-130050,7/16/2016,7/18/2016,Second Class,MC-17425,Mark Cousins,Corporate,United States,Houston,Texas,77036.0,Central,FUR-FU-10001940,Furniture,Furnishings,Staple-based wall hangings,9.552,3.0,0.6,-3.8208,CRM,Approved,
3366.0,CA-2014-115161,1/31/2014,2/2/2014,First Class,LC-17050,Liz Carlisle,Consumer,United States,Mission Viejo,California,92691.0,West,FUR-BO-10003966,Furniture,Bookcases,"Sauder Facets Collection Library, Sky Alder Finish",290.666,2.0,0.15,3.4196,Legacy,Approved,Urgent
