Row ID,Order ID,Order Date,Ship Date,Ship Mode,Customer ID,Customer Name,Segment,Country,City,State,Postal Code,Region,Product ID,Category,Sub-Category,Product Name,Sales,Quantity,Discount,Profit,Upload Source,Approval Status,Internal Notes
3367.0,CA-2014-165379,7/9/2014,7/15/2014,Standard Class,BM-11650,Brian Moss,Corporate,United States,Dallas,Texas,75217.0,Central,OFF-PA-10003072,Office Supplies,Paper,"Eureka Recycled Copy Paper 8 1/2"" x 11"", Ream",10.368,2.0,0.2,3.6288,CRM,Approved,Duplicate?
3368.0,CA-2014-165379,7/9/2014,7/15/2014,Standard Class,BM-11650,Brian Moss,Corporate,United States,Dallas,Texas,75217.0,Central,OFF-PA-10002245,Office Supplies,Paper,Xerox 1895,14.352,3.0,0.2,4.485,CRM,Pending,
3369.0,CA-2015-115511,11/21/2015,11/25/2015,Standard Class,NW-18400,Natalie Webber,Consumer,United States,Las Vegas,Nevada,89115.0,West,FUR-BO-10002598,Furniture,Bookcases,"Hon Metal Bookcases, Putty",141.96,2.0,0.0,41.1684,Manual Upload,Approved,Urgent
3370.0,CA-2015-115511,11/21/2015,11/25/2015,Standard Class,NW-18400,Natalie Webber,Consumer,United States,Las Vegas,Nevada,89115.0,West,OFF-BI-10002225,Office Supplies,Binders,"Square Ring Data Binders, Rigid 75 Pt. Covers, 11"" x 14-7/8""",66.048,4.0,0.2,23.1168,CRM,Pending,
3371.0,CA-2016-134887,3/25/2016,3/25/2016,Same Day,TB-21280,Toby Braunhardt,Consumer,United States,Norman,Oklahoma,73071.0,Central,TEC-AC-10003832,Technology,Accessories,Logitech P710e Mobile Speakerphone,1287.45,5.0,0.0,244.6155,Manual Upload,Rejected,
3372.0,CA-2017-123778,9/23/2017,9/30/2017,Standard Class,BS-11755,Bruce Stewart,Consumer,United States,San Francisco,Calif.,94122.0,West,OFF-BI-10000822,Office Supplies,Binders,"Acco PRESSTEX Data Binder with Storage Hooks, Light Blue, 9 1/2"" X 11""",25.824,6.0,0.2,9.0384,Manual Upload,Pending,Duplicate?
3373.0,CA-2017-123778,9/23/2017,9/30/2017,Standard Class,BS-11755,Bruce Stewart,Consumer,United States,San Francisco,California,94122.0,West,OFF-AP-10001242,Office Supplies,Appliances,APC 7 Outlet Network SurgeArrest Surge Protector,160.96,2.0,0.0,48.288,ERP,Approved,Urgent
3374.0,CA-2015-161718,12/4/2015,12/10/2015,Standard Class,SO-20335,Sean O'Donnell,Consumer,United States,Hempstead,New York,11550.0,East,FUR-FU-10002445,Furniture,Furnishings,"DAX Two-Tone Rosewood/Black Document Frame, Desktop, 5 x 7",28.44,3.0,0.0,11.376,CRM,Rejected,
3375.0,CA-2015-161718,12/4/2015,Dec 10 2015,Standard Class,SO-20335,Sean O'Donnell,Consumer,United States,Hempstead,N.Y.,11550.0,East,FUR-CH-10002372,Furniture,Chairs,Office Star - Ergonomically Designed Knee Chair,364.41,5.0,0.1,8.098,CRM,Approved,Duplicate?
3376.0,CA-2015-161718,12/4/2015,12/10/2015,Standard Class,SO-20335,Sean O'Donnell,Consumer,United States,Hempstead,New York,11550.0,East,TEC-PH-10000376,Technology,Phones,Square Credit Card Reader,39.96,4.0,0.0,10.3896,ERP,Pending,
3377.0,CA-2015-161718,12/4/2015,12/10/2015,Standard Class,SO-20335,Sean O'Donnell,Consumer,United States,Hempstead,New York,11550.0,East,FUR-CH-10002965,Furniture,Chairs,"Global Leather Highback Executive Chair with Pneumatic Height Adjustment, Black",361.764,2.0,0.1,68.3332,Legacy,,Check later
3378.0,CA-2016-100671,11/1/2016,11/4/2016,First Class,CS-12490,Cindy Schnelling,Corporate,United States,Conroe,Texas,77301.0,Central,OFF-ST-10004950,Office Supplies,Storage,"Tenex Personal Filing Tote With Secure Closure Lid, Black/Frost",111.672,9.0,0.2,6.9795,Legacy,Pending,Check later
3379.0,CA-2017-142867,3/17/2017,3/21/2017,Standard Class,PO-19180,Philisse Overcash,Home Office,United States,Houston,Texas,77095.0,Central,OFF-BI-10003166,Office Supplies,Binders,GBC Plasticlear Binding Covers,13.776,6.0,0.8,-22.0416,CRM,Approved,
3380.0,CA-2017-142867,3/17/2017,3/21/2017,Standard Class,PO-19180,Philisse Overcash,Home Office,United States,Houston,Texas,77095.0,Central,OFF-PA-10004610,Office Supplies,Paper,Xerox 1900,10.272,3.0,0.2,3.21,Legacy,,
3381.0,CA-2017-103156,11/23/2017,11/24/2017,First Class,TD-20995,Tamara Dahlen,Consumer,United States,Philadelphia,Pennsylvania,19120.0,East,FUR-FU-10000320,Furniture,Furnishings,OIC Stacking Trays,24.048,9.0,0.2,7.2144,Legacy,,Urgent
3382.0,US-2017-162208,8/27/2017,8/30/2017,First Class,SP-20620,Stefania Perrino,Corporate,United States,Tampa,Florida,33614.0,South,OFF-EN-10004030,Office Supplies,Envelopes,Convenience Packs of Business Envelopes,2.896,1.0,0.2,0.9774,Legacy,Approved,
3383.0,CA-2015-130659,12/4/2015,12/9/2015,Second Class,MS-17365,Maribeth Schnelling,Consumer,United States,New York City,New York,10035.0,East,OFF-EN-10004147,Office Supplies,Envelopes,Wausau Papers Astrobrights Colored Envelopes,17.94,3.0,0.0,8.7906,Manual Upload,Rejected,Urgent
3384.0,CA-2015-130659,12/4/2015,12/9/2015,Second Class,MS-17365,Maribeth Schnelling,Consumer,United States,New York City,New York,10035.0,East,FUR-CH-10003535,Furniture,Chairs,"Global Armless Task Chair, Royal Blue",384.174,7.0,0.1,29.8802,Legacy,Pending,Duplicate?
3385.0,CA-2015-130659,12/4/2015,12/9/2015,Second Class,MS-17365,Maribeth Schnelling,Consumer,United States,New York City,New York,10035.0,East,TEC-PH-10004586,Technology,Phones,Wilson SignalBoost 841262 DB PRO Amplifier Kit,1799.75,5.0,0.0,539.925,Manual Upload,Approved,Duplicate?
3386.0,CA-2017-148404,10/7/2017,10/11/2017,Standard Class,Dp-13240,Dean percer,Home Office,United States,Charlotte,North Carolina,28205.0,South,OFF-ST-10003208,Office Supplies,Storage,Adjustable Depth Letter/Legal Cart,580.672,4.0,0.2,65.3256,CRM,Approved,Duplicate?
3387.0,CA-2017-148404,10/7/2017,10/11/2017,Standard Class,Dp-13240,Dean percer,Home Office,United States,Charlotte,North Carolina,28205.0,South,OFF-FA-10003112,Office Supplies,Fasteners,Staples,18.936,3.0,0.2,5.9175,Legacy,Pending,
3388.0,CA-2017-148404,10/7/2017,10/11/2017,Standard Class,Dp-13240,Dean percer,Home Office,United States,Charlotte,North Carolina,28205.0,South,TEC-PH-10004447,Technology,Phones,Toshiba IPT2010-SD IP Telephone,222.384,2.0,0.2,16.6788,ERP,,
3389.0,CA-2017-148404,10/7/2017,10/11/2017,Standard Class,Dp-13240,Dean percer,Home Office,United States,Charlotte,North Carolina,28205.0,South,OFF-BI-10002854,Office Supplies,Binders,"Performers Binder/Pad Holder, Black",50.454,6.0,0.7,-33.636,Legacy,Approved,
3390.0,CA-2017-148404,10/7/2017,10/11/2017,Standard Class,Dp-13240,Dean percer,Home Office,United States,Charlotte,North Carolina,28205.0,South,FUR-TA-10001039,Furniture,Tables,KI Adjustable-Height Table,154.764,3.0,0.4,-36.1116,Legacy,Rejected,
3391.0,CA-2017-101077,3/25/2017,3/30/2017,Second Class,DB-13660,Duane Benoit,Consumer,United States,Dallas,Texas,75081.0,Central,OFF-PA-10004239,Office Supplies,Paper,Xerox 1953,6.848,2.0,0.2,2.14,Manual Upload,Approved,Urgent
3392.0,CA-2014-166471,8/9/2014,8/13/2014,Standard Class,MG-17650,Matthew Grinstein,Home Office,United States,Seattle,Washington,98103.0,West,TEC-PH-10001530,Technology,Phones,Cisco Unified IP Phone 7945G VoIP phone,1091.168,4.0,0.2,68.198,Manual Upload,Rejected,Duplicate?
3393.0,CA-2014-166471,8/9/2014,8/13/2014,Standard Class,MG-17650,Matthew Grinstein,Home Office,United States,Seattle,Washington,98103.0,West,TEC-PH-10000038,Technology,Phones,Jawbone MINI JAMBOX Wireless Bluetooth Speaker,219.168,2.0,0.2,-43.8336,ERP,Pending,Check later
3394.0,CA-2014-105340,11/22/2014,11/25/2014,First Class,EH-14185,Evan Henry,Consumer,United States,Pasadena,Texas,77506.0,Central,OFF-BI-10001765,Office Supplies,Binders,Wilson Jones Heavy-Duty Casebound Ring Binders with Metal Hinges,6.928,1.0,0.8,-11.0848,CRM,Pending,Duplicate?
3395.0,US-2017-131583,6/10/2017,6/10/2017,Same Day,CL-11890,Carl Ludwig,Consumer,United States,Philadelphia,Pennsylvania,19143.0,East,OFF-PA-10000380,Office Supplies,Paper,"REDIFORM Incoming/Outgoing Call Register, 11"" X 8 1/2"", 100 Messages",40.032,6.0,0.2,15.012,Legacy,Pending,Urgent
3396.0,US-2017-148362,7/1/2017,7/8/2017,Standard Class,KF-16285,Karen Ferguson,Home Office,United States,Indianapolis,Indiana,46203.0,Central,OFF-ST-10001128,Office Supplies,Storage,"Carina Mini System Audio Rack, Model AR050B",443.92,4.0,0.0,13.3176,Manual Upload,Pending,Check later
3397.0,US-2017-148362,7/1/2017,7/8/2017,Standard Class,KF-16285,Karen Ferguson,Home Office,United States,Indianapolis,Indiana,46203.0,Central,OFF-BI-10003656,Office Supplies,Binders,Fellowes PB200 Plastic Comb Binding Machine,169.99,1.0,0.0,78.1954,Legacy,Approved,Urgent
3398.0,US-2017-148362,7/1/2017,7/8/2017,Standard Class,KF-16285,Karen Ferguson,Home Office,United States,Indianapolis,Indiana,46203.0,Central,OFF-PA-10003441,Office Supplies,Paper,Xerox 226,25.92,4.0,0.0,12.4416,ERP,,Urgent
3399.0,CA-2014-102274,11/21/2014,11/26/2014,Standard Class,DH-13075,Dave Hallsten,Corporate,United States,Richmond,Kentucky,40475.0,South,TEC-PH-10002923,Technology,Phones,"Logitech B530 USB Headset - headset - Full size, Binaural",36.99,1.0,0.0,9.9873,ERP,Rejected,Duplicate?
3400.0,CA-2014-102274,11/21/2014,11/26/2014,Standard Class,DH-13075,Dave Hallsten,Corporate,United States,Richmond,Kentucky,40475.0,South,OFF-PA-10004359,Office Supplies,Paper,Multicolor Computer Printout Paper,629.1,6.0,0.0,301.968,Legacy,Pending,Urgent
3401.0,CA-2014-102274,11/21/2014,11/26/2014,Standard Class,DH-13075,Dave Hallsten,Corporate,United States,Richmond,Kentucky,40475.0,South,OFF-ST-10001511,Office Supplies,Storage,Space Solutions Commercial Steel Shelving,193.95,3.0,0.0,9.6975,ERP,Pending,Duplicate?
3402.0,CA-2014-102274,11/21/2014,11/26/2014,Standard Class,DH-13075,Dave Hallsten,Corporate,United States,Richmond,Kentucky,40475.0,South,OFF-AR-10002833,Office Supplies,Art,Newell 322,5.46,3.0,0.0,1.4742,CRM,,
3403.0,CA-2015-129700,5/4/2015,5/5/2015,First Class,LA-16780,Laura Armstrong,Corporate,United States,Tinley Park,Illinois,60477.0,Central,FUR-FU-10001940,Furniture,Furnishings,Staple-based wall hangings,22.288,7.0,0.6,-8.9152,CRM,,
3404.0,CA-2017-168739,5/29/2017,6/5/2017,Standard Class,HZ-14950,Henia Zydlo,Consumer,United States,Houston,Texas,77095.0,Central,FUR-FU-10003919,Furniture,Furnishings,Eldon Executive Woodline II Cherry Finish Desk Accessories,65.424,4.0,0.6,-52.3392,ERP,Pending,Urgent
3405.0,CA-2015-152527,10/17/2015,10/17/2015,Same Day,CM-12190,Charlotte Melton,Consumer,United States,Los Angeles,California,90004.0,West,OFF-ST-10003479,Office Supplies,Storage,"Eldon Base for stackable storage shelf, platinum",77.88,2.0,0.0,3.894,ERP,Pending,
3406.0,US-2014-150119,4/23/2014,4/27/2014,Standard Class,LB-16795,Laurel Beltran,Home Office,United States,Columbus,Ohio,43229.0,East,FUR-CH-10002965,Furniture,Chairs,"Global Leather Highback Executive Chair with Pneumatic Height Adjustment, Black",281.372,2.0,0.3,-12.0588,Legacy,Pending,Urgent
3407.0,US-2014-150119,4/23/2014,4/27/2014,Standard Class,LB-16795,Laurel Beltran,Home Office,United States,Columbus,Ohio,43229.0,East,FUR-CH-10002965,Furniture,Chairs,"Global Leather Highback Executive Chair with Pneumatic Height Adjustment, Black",281.372,2.0,0.3,-12.0588,Legacy,Pending,Urgent
3408.0,US-2014-150119,4/23/2014,4/27/2014,Standard Class,LB-16795,Laurel Beltran,Home Office,United States,Columbus,Ohio,43229.0,East,OFF-BI-10000145,Office Supplies,Binders,Zipper Ring Binder Pockets,7.488,8.0,0.7,-5.2416,Legacy,Pending,Duplicate?
3409.0,US-2014-150119,4/23/2014,4/27/2014,Standard Class,LB-16795,Laurel Beltran,Home Office,United States,Columbus,Ohio,43229.0,East,FUR-FU-10002191,Furniture,Furnishings,G.E. Halogen Desk Lamp Bulbs,22.336,4.0,0.2,7.8176,Manual Upload,Approved,
3410.0,US-2017-150847,4/30/2017,5/6/2017,Standard Class,JF-15490,Jeremy Farry,Consumer,United States,Columbus,Ohio,43229.0,East,OFF-PA-10004451,Office Supplies,Paper,Xerox 222,10.368,2.0,0.2,3.6288,ERP,Approved,Urgent
3411.0,CA-2016-100244,9/20/2016,9/24/2016,Standard Class,GM-14695,Greg Maxwell,Corporate,United States,San Francisco,California,94122.0,West,OFF-PA-10001471,Office Supplies,Paper,Strathmore Photo Frame Cards,65.79,9.0,0.0,30.2634,Legacy,Rejected,
3412.0,CA-2016-100244,9/20/2016,9/24/2016,Standard Class,GM-14695,Greg Maxwell,Corporate,United States,San Francisco,California,94122.0,West,OFF-BI-10003656,office supplies,Binders,Fellowes PB200 Plastic Comb Binding Machine,271.984,2.0,0.2,88.3948,Manual Upload,Approved,Urgent
3413.0,CA-2016-100244,9/20/2016,9/24/2016,Standard Class,GM-14695,Greg Maxwell,Corporate,United States,San Francisco,California,94122.0,West,OFF-AR-10000940,Office Supplies,Art,Newell 343,11.76,4.0,0.99,3.1752,Manual Upload,Approved,
3414.0,CA-2016-100244,9/20/2016,9/24/2016,Standard Class,GM-14695,Greg Maxwell,Corporate,United States,San Francisco,California,94122.0,West,OFF-PA-10002319,Office Supplies,Paper,Xerox 1944,77.52,2.0,0.0,37.9848,ERP,Pending,Urgent
3415.0,CA-2016-100244,9/20/2016,9/24/2016,Standard Class,GM-14695,Greg Maxwell,Corporate,United States,San Francisco,california,94122.0,West,OFF-BI-10000977,Office Supplies,Binders,Ibico Plastic Spiral Binding Combs,48.64,2.0,0.2,15.808,Manual Upload,Rejected,Duplicate?
3416.0,CA-2016-116540,9/2/2016,9/2/2016,Same Day,SS-20590,Sonia Sunley,Consumer,United States,Madison,Wisconsin,53711.0,Central,OFF-FA-10002676,Office Supplies,Fasteners,Colored Push Pins,1.81,1.0,0.0,0.6516,CRM,Approved,Urgent
3417.0,CA-2016-116540,9/2/2016,9/2/2016,Same Day,SS-20590,Sonia Sunley,Consumer,United States,Madison,Wisconsin,53711.0,Central,OFF-BI-10004970,Office Supplies,Binders,"ACCOHIDE 3-Ring Binder, Blue, 1""",8.26,2.0,0.0,3.8822,CRM,Rejected,Check later
3418.0,CA-2015-151841,4/27/2015,5/2/2015,Standard Class,TC-21475,Tony Chapman,Home Office,United States,Aurora,Colorado,80013.0,West,OFF-AP-10003971,Office Supplies,Appliances,Belkin 6 Outlet Metallic Surge Strip,43.56,5.0,0.2,3.267,Legacy,Approved,
3419.0,CA-2015-151841,4/27/2015,5/2/2015,Standard Class,TC-21475,Tony Chapman,Home Office,United States,Aurora,Colorado,80013.0,West,OFF-SU-10001574,Office Supplies,Supplies,Acme Value Line Scissors,5.84,2.0,0.2,0.73,ERP,Approved,Duplicate?
3420.0,CA-2015-150791,9/6/2015,9/13/2015,Standard Class,CC-12430,Chuck Clark,Home Office,United States,New York City,New York,10024.0,East,FUR-CH-10000665,Furniture,Chairs,"Global Airflow Leather Mesh Back Chair, Black",271.764,2.0,0.1,60.392,ERP,Pending,
3421.0,CA-2016-134803,5/28/2016,6/3/2016,Standard Class,CL-12565,Clay Ludtke,Consumer,United States,Los Angeles,California,90004.0,West,OFF-AP-10000891,Office Supplies,Appliances,Kensington 7 Outlet MasterPiece HOMEOFFICE Power Control Center,262.24,2.0,0.0,78.672,CRM,,
3422.0,CA-2016-134803,5/28/2016,6/3/2016,Standard Class,CL-12565,Clay Ludtke,Consumer,United States,Los Angeles,California,90004.0,West,OFF-PA-10003790,Office Supplies,Paper,Xerox 1991,182.72,8.0,0.0,84.0512,Manual Upload,Pending,
3423.0,CA-2016-134803,5/28/2016,6/3/2016,Standard Class,CL-12565,Clay Ludtke,Consumer,United States,Los Angeles,California,90004.0,West,TEC-AC-10002217,Technology,Accessories,Imation Clip USB flash drive - 8 GB,131.6,7.0,0.0,7.896,CRM,Approved,Duplicate?
3424.0,CA-2016-134803,5/28/2016,6/3/2016,Standard Class,CL-12565,Clay Ludtke,Consumer,United States,Los Angeles,California,90004.0,West,OFF-BI-10002215,Office Supplies,Binders,"Wilson Jones Hanging View Binder, White, 1""",22.72,4.0,0.2,7.384,ERP,Rejected,Check later
3425.0,CA-2016-134803,5/28/2016,6/3/2016,Standard Class,CL-12565,Clay Ludtke,Consumer,United States,Los Angeles,California,90004.0,West,TEC-MA-10001972,Technology,Machines,Okidata C331dn Printer,558.4,2.0,0.2,41.88,ERP,Rejected,Duplicate?
3426.0,CA-2015-153381,9/24/2015,9/28/2015,Standard Class,DE-13255,Deanra Eno,Home Office,United States,Dubuque,Iowa,52001.0,Central,OFF-BI-10001525,Office Supplies,Binders,"Acco Pressboard Covers with Storage Hooks, 14 7/8"" x 11"", Executive Red",15.24,4.0,0.0,6.858,Manual Upload,Rejected,Check later
3427.0,CA-2015-153381,2015/09/24,9/28/2015,Standard Class,DE-13255,Deanra Eno,Home Office,United States,Dubuque,Iowa,52001.0,Central,FUR-CH-10000988,Furniture,Chairs,Hon Olson Stacker Stools,1408.1,10.0,0.0,394.268,Manual Upload,Rejected,
3428.0,US-2017-111024,7/3/2017,7/6/2017,Second Class,SZ-20035,Sam Zeldin,Home Office,United States,Lancaster,Ohio,43130.0,East,OFF-PA-10000174,Office Supplies,Paper,"Message Book, Wirebound, Four 5 1/2"" X 4"" Forms/Pg., 200 Dupl. Sets/Book",32.896,4.0,0.2,11.1024,Legacy,Approved,
3429.0,US-2017-111024,7/3/2017,7/6/2017,Second Class,SZ-20035,Sam Zeldin,Home Office,United States,Lancaster,Ohio,43130.0,East,FUR-TA-10002041,Furniture,Tables,"Bevis Round Conference Table Top, X-Base",215.148,2.0,0.4,-103.9882,CRM,Approved,Urgent
3430.0,US-2017-111024,7/3/2017,7/6/2017,Second Class,SZ-20035,Sam Zeldin,Home Office,United States,Lancaster,Ohio,43130.0,East,OFF-PA-10002246,Office Supplies,Paper,"Wirebound Four 2-3/4 x 5 Forms per Page, 400 Sets per Book",30.96,6.0,0.2,11.223,ERP,Rejected,Urgent
3431.0,CA-2017-148264,12/8/2017,12/9/2017,First Class,LF-17185,Luke Foster,Consumer,United States,Inglewood,California,90301.0,West,OFF-ST-10003327,Office Supplies,Storage,Akro-Mils 12-Gallon Tote,29.79,3.0,0.0,8.6391,Legacy,Pending,
3432.0,CA-2017-148264,12/8/2017,12/9/2017,First Class,LF-17185,Luke Foster,Consumer,United States,Inglewood,California,90301.0,West,FUR-FU-10002703,Furniture,Furnishings,"Tenex Traditional Chairmats for Hard Floors, Average Lip, 36"" x 48""",128.9,2.0,0.0,15.468,Legacy,,
3433.0,CA-2017-148264,12/8/2017,12/9/2017,First Class,LF-17185,Luke Foster,Consumer,United States,Inglewood,California,90301.0,West,OFF-PA-10003651,Office Supplies,Paper,Xerox 1968,60.12,9.0,0.0,28.8576,Manual Upload,Approved,
3434.0,CA-2017-131212,12/5/2017,12/9/2017,Standard Class,AB-10165,Alan Barnes,Consumer,United States,Bellevue,Washington,98006.0,West,OFF-BI-10001617,Office Supplies,Binders,GBC Wire Binding Combs,24.816,3.0,0.2,8.3754,ERP,Approved,
3435.0,CA-2017-131212,12/5/2017,12/9/2017,Standard Class,AB-10165,Alan Barnes,Consumer,United States,Bellevue,Washington,98006.0,West,OFF-BI-10000145,Office Supplies,Binders,Zipper Ring Binder Pockets,14.976,6.0,0.2,5.4288,Manual Upload,,Duplicate?
3436.0,US-2015-100531,9/27/2015,9/29/2015,First Class,NM-18520,Neoma Murray,Consumer,United States,Chicago,Illinois,60610.0,Central,OFF-BI-10001670,Office Supplies,Binders,Vinyl Sectional Post Binders,15.08,2.0,0.8,-22.62,Legacy,Rejected,
3437.0,US-2015-100531,9/27/2015,9/29/2015,First Class,NM-18520,Neoma Murray,Consumer,United States,Chicago,Illinois,60610.0,Central,FUR-FU-10003849,Furniture,Furnishings,"DAX Metal Frame, Desktop, Stepped-Edge",24.288,3.0,0.6,-12.7512,Legacy,Rejected,Check later
3438.0,CA-2017-152583,10/30/2017,10/30/2017,Same Day,RA-19945,Ryan Akin,Consumer,United States,Dallas,Texas,75217.0,Central,FUR-FU-10003849,Furniture,Furnishings,"DAX Metal Frame, Desktop, Stepped-Edge",16.192,2.0,0.6,-8.5008,Legacy,Approved,
3439.0,CA-2017-152583,10/30/2017,10/30/2017,Same Day,RA-19945,Ryan Akin,Consumer,United States,Dallas,Texas,75217.0,Central,FUR-TA-10002041,Furniture,Tables,"Bevis Round Conference Table Top, X-Base",251.006,2.0,0.3,-68.1302,ERP,Approved,
3440.0,CA-2017-152583,10/30/2017,10/30/2017,Same Day,RA-19945,Ryan Akin,Consumer,United States,Dallas,Texas,75217.0,Central,OFF-ST-10002214,Office Supplies,Storage,X-Rack File for Hanging Folders,54.192,6.0,0.2,4.0644,Legacy,,
3441.0,CA-2015-144099,2015/11/29,11/30/2015,Same Day,PO-19195,Phillina Ober,Home Office,United States,San Francisco,California,94122.0,West,OFF-BI-10001078,Office Supplies,Binders,"Acco PRESSTEX Data Binder with Storage Hooks, Dark Blue, 14 7/8"" X 11""",4.304,1.0,0.2,1.5602,Manual Upload,Rejected,Duplicate?
3442.0,CA-2014-158337,3/11/2014,3/14/2014,Second Class,KA-16525,Kelly Andreada,Consumer,United States,New York City,New York,10024.0,East,OFF-PA-10002137,Office Supplies,Paper,"Southworth 100% Résumé Paper, 24lb.",108.92,14.0,0.0,49.014,ERP,Pending,Duplicate?
3443.0,CA-2017-168858,11/19/2017,11/23/2017,Standard Class,JD-16150,Justin Deggeller,Corporate,United States,New York City,New York,10011.0,East,OFF-EN-10001415,Office Supplies,Envelopes,Staple envelope,16.74,3.0,0.0,8.37,Manual Upload,Pending,Duplicate?
3444.0,CA-2017-168858,11/19/2017,11/23/2017,Standard Class,JD-16150,Justin Deggeller,Corporate,United States,New York City,New York,10011.0,East,OFF-AP-10003849,Office Supplies,Appliances,Hoover Shoulder Vac Commercial Portable Vacuum,2504.74,7.0,0.0,626.185,Legacy,Approved,Check later
3445.0,CA-2016-116344,7/29/2016,8/2/2016,Standard Class,JO-15145,Jack O'Briant,Corporate,United States,Philadelphia,Pennsylvania,19140.0,East,OFF-ST-10001713,Office Supplies,Storage,"Gould Plastics 9-Pocket Panel Bin, 18-3/8w x 5-1/4d x 20-1/2h, Black",84.784,2.0,0.2,-16.9568,Legacy,Rejected,
3446.0,CA-2015-131779,6/12/2015,6/17/2015,Standard Class,LE-16810,Laurel Elliston,Consumer,United States,Newark,Delaware,19711.0,East,OFF-ST-10001505,Office Supplies,Storage,"Perma STOR-ALL Hanging File Box, 13 1/8""W x 12 1/4""D x 10 1/2""H",29.9,5.0,0.0,5.083,Manual Upload,,Urgent
3447.0,CA-2016-158869,8/6/2016,8/7/2016,First Class,AH-10690,Anna Häberlin,Corporate,United States,New York City,New York,10024.0,East,OFF-PA-10000474,Office Supplies,Paper,Easy-staple paper,70.88,2.0,0.0,33.3136,Legacy,Approved,
3448.0,CA-2017-102554,6/11/2017,6/15/2017,Standard Class,KN-16705,Kristina Nunn,Home Office,United States,Auburn,Alabama,36830.0,South,OFF-AR-10001919,Office Supplies,Art,"OIC #2 Pencils, Medium Soft",3.76,2.0,0.0,1.0904,Manual Upload,Rejected,Check later
3449.0,CA-2016-162614,10/7/2016,10/13/2016,Standard Class,TB-21250,Tim Brockman,Consumer,United States,Los Angeles,California,90049.0,West,OFF-BI-10004001,Office Supplies,Binders,GBC Recycled VeloBinder Covers,27.264,2.0,0.2,8.8608,Manual Upload,Rejected,Check later
3450.0,CA-2014-168592,9/8/2014,9/14/2014,Standard Class,DP-13390,Dennis Pardue,Home Office,United States,San Francisco,California,94110.0,West,OFF-AP-10004785,Office Supplies,Appliances,"Holmes Replacement Filter for HEPA Air Cleaner, Medium Room",56.65,5.0,0.0,24.3595,Manual Upload,Pending,Urgent
3451.0,CA-2014-168592,9/8/2014,9/14/2014,Standard Class,DP-13390,Dennis Pardue,Home Office,United States,San Francisco,California,94110.0,West,OFF-ST-10002406,Office Supplies,Storage,Pizazz Global Quick File,14.97,1.0,0.0,4.1916,ERP,Rejected,
3452.0,CA-2014-168592,9/8/2014,9/14/2014,Standard Class,DP-13390,Dennis Pardue,Home Office,United States,San Francisco,California,94110.0,West,OFF-FA-10002988,Office Supplies,Fasteners,Ideal Clamps,4.02,2.0,0.0,1.9698,ERP,,Duplicate?
3453.0,CA-2014-157609,3/16/2014,3/21/2014,Second Class,KN-16705,Kristina Nunn,Home Office,United States,Raleigh,North Carolina,27604.0,South,TEC-PH-10002415,Technology,Phones,Polycom VoiceStation 500 Conference phone,471.92,2.0,0.2,29.495,Manual Upload,Rejected,Duplicate?
3454.0,CA-2015-153325,3/1/2015,3/2/2015,Second Class,ST-20530,Shui Tom,Consumer,United States,Macon,Georgia,31204.0,South,OFF-BI-10004236,Office Supplies,Binders,"XtraLife ClearVue Slant-D Ring Binder, White, 3""",58.72,4.0,0.0,27.0112,Manual Upload,Pending,Urgent
3455.0,CA-2015-153626,7/9/2015,7/14/2015,Standard Class,EB-13870,Emily Burns,Consumer,United States,Nashville,Tennessee,37211.0,South,OFF-AR-10000657,Office Supplies,Art,"Binney & Smith inkTank Desk Highlighter, Chisel Tip, Yellow, 12/Box",5.16,3.0,0.2,0.8385,ERP,Rejected,
3456.0,CA-2016-166485,2/20/2016,2/27/2016,Standard Class,AH-10210,Alan Hwang,Consumer,United States,Nashville,Tennessee,37211.0,South,OFF-PA-10004996,Office Supplies,Paper,"Speediset Carbonless Redi-Letter 7"" x 8 1/2""",16.496,2.0,0.2,5.5674,ERP,,Urgent
3457.0,CA-2017-136448,9/16/2017,9/18/2017,First Class,AS-10090,Adam Shillingsburg,Consumer,United States,Philadelphia,Pennsylvania,19143.0,East,TEC-AC-10001109,Technology,Accessories,Logitech Trackman Marble Mouse,71.976,3.0,0.2,19.7934,CRM,,Urgent
3458.0,CA-2017-136448,9/16/2017,9/18/2017,First Class,AS-10090,Adam Shillingsburg,Consumer,United States,Philadelphia,Pennsylvania,19143.0,East,FUR-FU-10003832,Furniture,Furnishings,"Eldon Expressions Punched Metal & Wood Desk Accessories, Black & Cherry",22.512,3.0,0.2,2.2512,CRM,Pending,Duplicate?
3459.0,CA-2017-136448,9/16/2017,9/18/2017,First Class,AS-10090,Adam Shillingsburg,Consumer,United States,Philadelphia,Pennsylvania,19143.0,East,OFF-BI-10002393,OfficeSupply,Binders,Binder Posts,3.444,2.0,0.7,-2.7552,CRM,Pending,Duplicate?
3460.0,CA-2017-136448,9/16/2017,9/18/2017,First Class,AS-10090,Adam Shillingsburg,Consumer,United States,Philadelphia,Pennsylvania,19143.0,East,OFF-BI-10001359,Office Supplies,Binders,GBC DocuBind TL300 Electric Binding System,538.194,2.0,0.7,-412.6154,Legacy,,
3461.0,CA-2017-136448,9/16/2017,9/18/2017,First Class,AS-10090,Adam Shillingsburg,Consumer,United States,Philadelphia,Pennsylvania,19143.0,East,TEC-AC-10003628,Technology,Accessories,Logitech 910-002974 M325 Wireless Mouse for Web Scrolling,47.984,2.0,0.2,14.3952,CRM,Rejected,Check later
3462.0,CA-2017-114258,11/5/2017,11/10/2017,Second Class,EM-13825,Elizabeth Moffitt,Corporate,United States,Dallas,Texas,75081.0,Central,TEC-PH-10003012,Technology,Phones,Nortel Meridian M3904 Professional Digital phone,492.768,4.0,0.2,-9999.0,Manual Upload,Approved,
3463.0,CA-2015-152611,2/20/2015,2/23/2015,Second Class,KA-16525,Kelly Andreada,Consumer,United States,Perth Amboy,New Jersey,8861.0,East,OFF-AR-10003903,Office Supplies,Art,Sanford 52201 APSCO Electric Pencil Sharpener,286.79,7.0,0.0,74.5654,Manual Upload,,Urgent
3464.0,CA-2016-165470,11/25/2016,11/30/2016,Standard Class,HJ-14875,Heather Jas,Home Office,United States,Jacksonville,Florida,32216.0,South,OFF-PA-10004675,Office Supplies,Paper,"Telephone Message Books with Fax/Mobile Section, 5 1/2"" x 3 3/16""",5.08,1.0,0.2,1.651,CRM,Pending,Duplicate?
3465.0,CA-2017-128699,12/3/2017,12/5/2017,Second Class,ND-18370,Natalie DeCherney,Consumer,United States,Jacksonville,Florida,32216.0,South,TEC-AC-10001990,Technology,Accessories,Kensington Orbit Wireless Mobile Trackball for PC and Mac,47.992,1.0,-0.2,7.1988,CRM,Pending,Urgent
3466.0,US-2015-147242,9/10/2015,9/14/2015,Standard Class,EH-13765,Edward Hooks,Corporate,United States,Revere,Massachusetts,2151.0,East,OFF-AP-10003842,Office Supplies,Appliances,Euro-Pro Shark Turbo Vacuum,61.96,2.0,0.0,16.1096,Legacy,Rejected,Duplicate?
3467.0,US-2015-147242,9/10/2015,9/14/2015,Standard Class,EH-13765,Edward Hooks,Corporate,United States,Revere,Massachusetts,2151.0,East,FUR-BO-10004695,Furniture,Bookcases,O'Sullivan 2-Door Barrister Bookcase in Odessa Pine,361.96,2.0,0.0,83.2508,Legacy,,
3468.0,US-2015-147242,9/10/2015,9/14/2015,Standard Class,EH-13765,Edward Hooks,Corporate,United States,Revere,Massachusetts,2151.0,East,OFF-PA-10003039,Office Supplies,Paper,Xerox 1960,278.82,9.0,0.0,125.469,Manual Upload,Approved,Urgent
3469.0,CA-2016-146143,12/14/2016,12/19/2016,Standard Class,MC-17845,Michael Chen,Consumer,United States,Jackson,Mississippi,39212.0,South,FUR-FU-10002045,Furniture,Furnishings,"Executive Impressions 14""",133.38,6.0,0.0,58.6872,CRM,Approved,
3470.0,CA-2015-100888,4/6/2015,4/10/2015,Standard Class,MH-17455,Mark Hamilton,Consumer,United States,Jacksonville,North Carolina,28540.0,South,OFF-PA-10001019,Office Supplies,Paper,Xerox 1884,47.952,3.0,0.2,16.1838,ERP,,
3471.0,US-2016-150035,12/1/2016,12/5/2016,Standard Class,CL-11890,Carl Ludwig,Consumer,United States,San Francisco,California,94122.0,West,FUR-FU-10003724,Furniture,Furnishings,Westinghouse Clip-On Gooseneck Lamps,16.74,2.0,0.0,4.3524,Legacy,Pending,Check later
3472.0,CA-2017-122644,11/12/2017,11/17/2017,Standard Class,SF-20965,Sylvia Foulston,Corporate,United States,Columbus,Ohio,43229.0,East,OFF-PA-10003673,Office Supplies,Paper,Strathmore Photo Mount Cards,10.848,2.0,0.2,3.5256,CRM,Approved,
3473.0,CA-2017-122644,11/12/2017,11/17/2017,Standard Class,SF-20965,Sylvia Foulston,Corporate,United States,Columbus,Ohio,43229.0,East,TEC-AC-10003614,Technology,Accessories,"Verbatim 25 GB 6x Blu-ray Single Layer Recordable Disc, 10/Pack",18.544,2.0,0.2,3.0134,CRM,,Urgent
3474.0,CA-2017-111815,3/3/2017,3/10/2017,Standard Class,EP-13915,Emily Phan,Consumer,United States,Dearborn Heights,Michigan,48127.0,Central,FUR-CH-10000785,Furniture,Chairs,Global Ergonomic Managers Chair,180.98,1.0,0.0,47.0548,Legacy,Rejected,Check later
3475.0,CA-2017-111815,3/3/2017,3/10/2017,Standard Class,EP-13915,Emily Phan,Consumer,United States,Dearborn Heights,Michigan,48127.0,Central,TEC-AC-10002926,Technology,Accessories,Logitech Wireless Marathon Mouse M705,99.98,2.0,0.0,42.9914,Manual Upload,,Urgent
3476.0,CA-2016-144911,11/27/2016,11/30/2016,First Class,RW-19630,Rob Williams,Corporate,United States,Overland Park,Kansas,66212.0,Central,TEC-AC-10004633,Technology,Accessories,"Verbatim 25 GB 6x Blu-ray Single Layer Recordable Disc, 3/Pack",34.95,5.0,0.0,15.378,Legacy,,
3477.0,CA-2016-144911,11/27/2016,11/30/2016,First Class,RW-19630,Rob Williams,Corporate,United States,Overland Park,Kansas,66212.0,Central,OFF-BI-10000977,Office Supplies,Binders,Ibico Plastic Spiral Binding Combs,152.0,5.0,0.0,69.92,CRM,Rejected,
3478.0,CA-2014-143385,2014/08/31,9/5/2014,Standard Class,SJ-20500,Shirley Jackson,Consumer,United States,Santa Fe,New Mexico,87505.0,West,TEC-AC-10001635,Technology,Accessories,KeyTronic KT400U2 - Keyboard - Black,92.52,9.0,-0.2,18.504,ERP,Pending,
3479.0,CA-2016-131289,12/8/2016,12/14/2016,Standard Class,SP-20620,Stefania Perrino,Corporate,United States,San Francisco,California,94110.0,West,OFF-AR-10003056,Office Supplies,Art,Newell 341,8.56,2.0,0.0,2.4824,Legacy,Pending,
3480.0,CA-2016-131289,12/8/2016,12/14/2016,Standard Class,SP-20620,Stefania Perrino,Corporate,United States,San Francisco,California,94110.0,West,OFF-PA-10003363,Office Supplies,Paper,Xerox 204,45.36,7.0,0.0,21.7728,Manual Upload,Rejected,Check later
3481.0,CA-2016-131289,12/8/2016,12/14/2016,Standard Class,SP-20620,Stefania Perrino,Corporate,United States,San Francisco,California,94110.0,West,FUR-TA-10003954,Furniture,Tables,Hon 94000 Series Round Tables,1421.664,6.0,0.2,-195.4788,Manual Upload,Approved,Duplicate?
3482.0,CA-2014-124023,4/7/2014,4/10/2014,First Class,PJ-19015,Pauline Johnson,Consumer,United States,Mobile,Alabama,36608.0,South,FUR-FU-10004415,Furniture,Furnishings,"Stacking Tray, Side-Loading, Legal, Smoke",8.96,2.0,0.0,2.7776,CRM,,Duplicate?
3483.0,CA-2014-124688,8/27/2014,8/29/2014,First Class,CC-12610,Corey Catlett,Corporate,United States,Springfield,Virginia,22153.0,South,TEC-PH-10000455,Technology,Phones,GE 30522EE2,579.95,5.0,0.0,168.1855,Legacy,,
3484.0,CA-2014-124688,8/27/2014,8/29/2014,First Class,CC-12610,Corey Catlett,Corporate,United States,Springfield,Virginia,22153.0,South,FUR-FU-10002456,Furn,Furnishings,"Master Caster Door Stop, Large Neon Orange",29.12,4.0,0.0,12.5216,Manual Upload,Pending,
3485.0,CA-2014-124688,8/27/2014,8/29/2014,First Class,CC-12610,Corey Catlett,Corporate,United States,Springfield,Virginia,22153.0,South,FUR-TA-10003569,Furniture,Tables,Bretford CR8500 Series Meeting Room Furniture,1202.94,3.0,0.0,300.735,ERP,,
3486.0,CA-2016-151169,10/21/2016,10/26/2016,Standard Class,MY-18295,Muhammed Yedwab,Corporate,United States,Newark,Delaware,19711.0,East,OFF-BI-10002813,Office Supplies,Binders,Avery Reinforcements for Hole-Punch Pages,-500.0,4.0,0.0,3.564,CRM,,Urgent
3487.0,US-2016-134761,11/30/2016,11/30/2016,Same Day,DB-13210,Dean Braden,Consumer,United States,Hickory,North Carolina,28601.0,South,TEC-PH-10002890,Technology,Phones,AT&T 17929 Lendline Telephone,36.192,1.0,0.2,2.7144,Manual Upload,Rejected,Urgent
3488.0,CA-2017-120705,9/5/2017,9/11/2017,Standard Class,MG-17875,Michael Grace,Home Office,United States,Fort Lauderdale,Florida,33311.0,South,OFF-ST-10001522,Office Supplies,Storage,"Gould Plastics 18-Pocket Panel Bin, 34w x 5-1/4d x 20-1/2h",147.184,2.0,0.2,-29.4368,ERP,Rejected,Duplicate?
3489.0,CA-2015-157322,7/2/2015,7/6/2015,Standard Class,RH-19600,Rob Haberlin,Consumer,United States,Carol Stream,Illinois,60188.0,Central,FUR-CH-10004086,Furniture,Chairs,Hon 4070 Series Pagoda Armless Upholstered Stacking Chairs,408.422,2.0,0.3,-5.8346,Legacy,Pending,
3490.0,CA-2015-157322,7/2/2015,7/6/2015,Standard Class,RH-19600,Rob Haberlin,Consumer,United States,Carol Stream,Illinois,60188.0,Central,FUR-CH-10003774,Furniture,Chairs,"Global Wood Trimmed Manager's Task Chair, Khaki",382.116,6.0,0.3,-92.7996,ERP,Rejected,Check later
3491.0,CA-2015-157322,7/2/2015,7/6/2015,Standard Class,RH-19600,Rob Haberlin,Consumer,United States,Carol Stream,Illinois,60188.0,Central,OFF-ST-10004507,Office Supplies,Storage,Advantus Rolling Storage Box,68.6,5.0,0.2,6.0025,ERP,Approved,Check later
3492.0,CA-2015-157322,7/2/2015,7/6/2015,Standard Class,RH-19600,Rob Haberlin,Consumer,United States,Carol Stream,Illinois,60188.0,Central,OFF-ST-10003208,Office Supplies,Storage,Adjustable Depth Letter/Legal Cart,435.504,3.0,0.2,48.9942,ERP,Rejected,
3493.0,CA-2015-157322,7/2/2015,7/6/2015,Standard Class,RH-19600,Rob Haberlin,Consumer,United States,Carol Stream,Illinois,60188.0,Central,OFF-PA-10000659,Office Supplies,Paper,"Adams Phone Message Book, Professional, 400 Message Capacity, 5 3/6 x 11",11.168,2.0,0.2,3.7692,CRM,Pending,
3494.0,CA-2017-142034,9/24/2017,9/28/2017,Standard Class,KB-16240,Karen Bern,Corporate,United States,Saint Cloud,Minnesota,56301.0,Central,TEC-AC-10002305,Technology,Accessories,KeyTronic E03601U1 - Keyboard - Beige,72.0,4.0,0.0,12.96,Manual Upload,Rejected,Duplicate?
3495.0,CA-2017-142034,24 Sep 2017,9/28/2017,Standard Class,KB-16240,Karen Bern,Corporate,United States,Saint Cloud,Minnesota,56301.0,Central,TEC-AC-10000990,Technology,Accessories,Imation Bio 2GB USB Flash Drive Imation Corp,655.9,5.0,0.0,275.478,Manual Upload,,Check later
3496.0,CA-2017-142034,9/24/2017,9/28/2017,Standard Class,KB-16240,Karen Bern,Corporate,United States,Saint Cloud,Minnesota,56301.0,Central,FUR-CH-10000665,Furniture,Chairs,"Global Airflow Leather Mesh Back Chair, Black",603.92,4.0,0.0,181.176,CRM,,Urgent
3497.0,CA-2016-107328,8/8/2016,8/15/2016,Standard Class,CA-12055,Cathy Armstrong,Home Office,United States,Los Angeles,California,90036.0,West,FUR-TA-10001932,Furniture,Tables,"Chromcraft 48"" x 96"" Racetrack Double Pedestal Table",513.024,2.0,0.2,12.8256,Manual Upload,,Check later
3498.0,CA-2016-107328,8/8/2016,8/15/2016,Standard Class,CA-12055,Cathy Armstrong,Home Office,United States,Los Angeles,California,90036.0,West,OFF-AP-10004487,Office Supplies,Appliances,Kensington 4 Outlet MasterPiece Compact Power Control Center,487.92,6.0,0.0,136.6176,Manual Upload,Pending,Duplicate?
3499.0,CA-2016-107328,8/8/2016,8/15/2016,Standard Class,CA-12055,Cathy Armstrong,Home Office,United States,Los Angeles,California,90036.0,West,OFF-BI-10002160,Office Supplies,Binders,Acco Hanging Data Binders,15.24,5.0,0.2,5.334,CRM,Rejected,
3500.0,CA-2016-108616,9/29/2016,10/3/2016,Standard Class,JK-15730,Joe Kamberova,Consumer,United States,Mobile,Alabama,36608.0,South,TEC-AC-10000420,Technology,Accessories,Logitech G500s Laser Gaming Mouse with Adjustable Weight Tuning,209.97,3.0,0.0,71.3898,Legacy,Pending,
3501.0,CA-2016-108616,9/29/2016,10/3/2016,Standard Class,JK-15730,Joe Kamberova,Consumer,United States,Mobile,Alabama,36608.0,South,OFF-BI-10001989,Office Supplies,Binders,Premium Transparent Presentation Covers by GBC,62.94,3.0,0.0,30.2112,Legacy,Pending,
3502.0,CA-2016-108616,9/29/2016,10/3/2016,Standard Class,JK-15730,Joe Kamberova,Consumer,United States,Mobile,Alabama,36608.0,South,OFF-AR-10001149,Office Supplies,Art,"Sanford Colorific Colored Pencils, 12/Box",25.92,9.0,0.0,7.776,CRM,Pending,Urgent
3503.0,CA-2017-125115,4/10/2017,4/10/2017,Same Day,RD-19930,Russell D'Ascenzo,Consumer,United States,Austin,Texas,78745.0,Central,OFF-PA-10004101,Office Supplies,Paper,Xerox 1894,10.368,2.0,0.2,3.6288,Manual Upload,Pending,Check later
3504.0,CA-2017-125115,4/10/2017,4/10/2017,Same Day,RD-19930,Russell D'Ascenzo,Consumer,United States,Austin,Texas,78745.0,Central,TEC-AC-10001714,Technology,Accessories,Logitech MX Performance Wireless Mouse,95.736,3.0,0.2,20.3439,ERP,Approved,Urgent
3505.0,CA-2016-150945,12/18/2016,12/20/2016,Second Class,JK-16120,Julie Kriz,Home Office,United States,New York City,New York,10009.0,East,OFF-ST-10003716,Office Supplies,Storage,Tennsco Double-Tier Lockers,900.08,4.0,0.0,117.0104,CRM,Approved,Urgent
3506.0,CA-2014-166863,6/20/2014,6/24/2014,Standard Class,SC-20020,Sam Craven,Consumer,United States,Plano,Texas,75023.0,Central,TEC-PH-10000369,Technology,Phones,HTC One Mini,201.584,2.0,0.2,20.1584,ERP,,Urgent
3507.0,CA-2014-166863,6/20/2014,6/24/2014,Standard Class,SC-20020,Sam Craven,Consumer,United States,Plano,Texas,75023.0,Central,OFF-BI-10000756,Office Supplies,Binders,Storex DuraTech Recycled Plastic Frosted Binders,3.392,4.0,0.8,-5.088,Manual Upload,Approved,Check later
3508.0,CA-2014-166863,6/20/2014,6/24/2014,Standard Class,SC-20020,Sam Craven,Consumer,United States,Plano,Texas,75023.0,Central,FUR-BO-10001608,Furniture,Bookcases,"Hon Metal Bookcases, Black",193.0656,4.0,0.32,-19.8744,Legacy,,
3509.0,CA-2014-166863,6/20/2014,6/24/2014,Standard Class,SC-20020,Sam Craven,Consumer,United States,Plano,Texas,75023.0,Central,OFF-PA-10001166,Office Supplies,Paper,Xerox 2,15.552,3.0,0.2,5.4432,Legacy,Pending,Urgent
3510.0,CA-2014-166863,6/20/2014,6/24/2014,Standard Class,SC-20020,Sam Craven,Consumer,United States,Plano,Texas,75023.0,Central,OFF-PA-10000587,Office Supplies,Paper,"Array Parchment Paper, Assorted Colors",11.648,2.0,0.2,4.0768,Manual Upload,Pending,Check later
3511.0,CA-2014-166863,6/20/2014,24/06/2014,Standard Class,SC-20020,Sam Craven,Consumer,United States,Plano,Texas,75023.0,Central,TEC-MA-10001972,Technology,Machines,Okidata C331dn Printer,418.8,2.0,0.4,-97.72,Manual Upload,Pending,Urgent
3512.0,CA-2014-166863,6/20/2014,6/24/2014,Standard Class,SC-20020,Sam Craven,Consumer,United States,Plano,Texas,75023.0,Central,OFF-ST-10004123,Office Supplies,Storage,Safco Industrial Wire Shelving System,509.488,7.0,0.2,-127.372,Legacy,,
3513.0,CA-2017-140326,04-09-2017,9/6/2017,First Class,HW-14935,Helen Wasserman,Corporate,United States,Chicago,Illinois,60653.0,Central,FUR-BO-10000112,Furniture,Bookcases,"Bush Birmingham Collection Bookcase, Dark Cherry",825.174,9.0,0.3,-117.882,Legacy,Approved,
3514.0,CA-2017-140326,9/4/2017,9/6/2017,First Class,HW-14935,Helen Wasserman,Corporate,United States,Chicago,Illinois,60653.0,Central,OFF-PA-10004041,Office Supplies,Paper,"It's Hot Message Books with Stickers, 2 3/4"" x 5""",17.76,3.0,0.2,5.55,ERP,Approved,Check later
3515.0,CA-2017-140326,9/4/2017,9/6/2017,First Class,HW-14935,Helen Wasserman,Corporate,United States,Chicago,Illinois,60653.0,Central,OFF-AR-10001149,Office Supplies,Art,"Sanford Colorific Colored Pencils, 12/Box",6.912,3.0,0.2,0.864,ERP,Rejected,Duplicate?
3516.0,CA-2016-168536,12/20/2016,12/24/2016,Standard Class,SC-20800,Stuart Calhoun,Consumer,United States,Jackson,Mississippi,39212.0,South,TEC-AC-10002323,Technology,Accessories,SanDisk Ultra 32 GB MicroSDHC Class 10 Memory Card,66.3,3.0,0.0,8.619,CRM,,
3517.0,US-2016-113649,8/9/2016,8/12/2016,First Class,HA-14920,Helen Andreada,Consumer,United States,Fayetteville,North Carolina,28314.0,South,OFF-PA-10000130,Office Supplies,Paper,Xerox 199,30.816,9.0,0.2,9.63,ERP,,
3518.0,US-2016-113649,8/9/2016,8/12/2016,First Class,HA-14920,Helen Andreada,Consumer,United States,Fayetteville,North Carolina,28314.0,South,TEC-PH-10002350,Technology,Phones,Apple EarPods with Remote and Mic,44.784,100.0,0.2,4.4784,ERP,Pending,
3519.0,US-2016-113649,8/9/2016,8/12/2016,First Class,HA-14920,Helen Andreada,Consumer,United States,Fayetteville,North Carolina,28314.0,South,OFF-AP-10002518,Office Supplies,Appliances,Kensington 7 Outlet MasterPiece Power Center,569.536,4.0,0.2,64.0728,Manual Upload,Pending,
3520.0,CA-2015-124975,6/22/2015,6/25/2015,First Class,MG-17875,Michael Grace,Home Office,United States,Aurora,Illinois,60505.0,Central,FUR-TA-10002645,Furniture,Tables,Hon Rectangular Conference Tables,796.425,7.0,0.5,-525.6405,Manual Upload,Pending,
3521.0,CA-2015-168767,4/10/2015,4/15/2015,Standard Class,DM-12955,Dario Medina,Corporate,United States,Sacramento,California,95823.0,West,OFF-BI-10000773,Office Supplies,Binders,Insertable Tab Post Binder Dividers,12.832,2.0,0.2,4.3308,Legacy,Pending,
3522.0,CA-2016-114482,11/21/2016,11/25/2016,Second Class,DM-13345,Denise Monton,Corporate,United States,Des Moines,Iowa,50315.0,Central,OFF-PA-10003845,Office Supplies,Paper,Xerox 1987,40.46,7.0,0.99,19.8254,ERP,,Check later
3523.0,CA-2016-114482,11/21/2016,11/25/2016,Second Class,DM-13345,Denise Monton,Corporate,United States,Des Moines,Iowa,50315.0,Central,TEC-PH-10001580,Technology,Phones,Logitech Mobile Speakerphone P710e - speaker phone,404.94,3.0,0.0,109.3338,CRM,,Check later
3524.0,CA-2016-137673,9/5/2016,9/10/2016,Standard Class,ML-17395,Marina Lichtenstein,Corporate,United States,San Diego,California,92105.0,West,TEC-AC-10002345,Technology,Accessories,HP Standard 104 key PS/2 Keyboard,116.0,8.0,0.0,29.0,ERP,,Check later
3525.0,CA-2016-132731,11/24/2016,11/28/2016,Standard Class,GA-14515,George Ashbrook,Consumer,United States,Dallas,Texas,75081.0,Central,TEC-PH-10004120,Technology,Phones,AT&T 1080 Phone,657.552,6.0,0.2,49.3164,ERP,Rejected,
3526.0,CA-2017-148922,12/10/2017,12/15/2017,Second Class,SU-20665,Stephanie Ulpright,Home Office,United States,Jackson,Mississippi,39212.0,South,TEC-AC-10001838,Technology,Accessories,Razer Tiamat Over Ear 7.1 Surround Sound PC Gaming Headset,599.97,3.0,0.0,257.9871,Manual Upload,Approved,Urgent
3527.0,CA-2017-148922,12/10/2017,12/15/2017,Second Class,SU-20665,Stephanie Ulpright,Home Office,United States,Jackson,Mississippi,39212.0,South,TEC-PH-10000148,Technology,Phones,Cyber Acoustics AC-202b Speech Recognition Stereo Headset,38.97,3.0,0.0,0.7794,ERP,Rejected,Urgent
3528.0,CA-2017-148922,12/10/2017,12/15/2017,Second Class,SU-20665,Stephanie Ulpright,Home Office,United States,Jackson,Mississippi,39212.0,South,OFF-BI-10003476,Office Supplies,Binders,Avery Metallic Poly Binders,45.84,8.0,0.0,22.0032,CRM,,Urgent
3529.0,CA-2016-130680,6/24/2016,6/29/2016,Standard Class,BD-11320,Bill Donatelli,Consumer,United States,San Diego,California,92024.0,West,TEC-PH-10004833,Technology,Phones,Macally Suction Cup Mount,38.24,4.0,0.2,-9.56,Legacy,Pending,
3530.0,CA-2015-141145,9/17/2015,9/23/2015,Standard Class,DB-13405,Denny Blanton,Consumer,United States,Orlando,Florida,32839.0,South,TEC-AC-10001465,Technology,Accessories,SanDisk Cruzer 64 GB USB Flash Drive,87.168,3.0,0.2,10.896,Manual Upload,,Duplicate?
3531.0,US-2016-152835,5/19/2016,5/23/2016,Standard Class,RP-19855,Roy Phan,Corporate,United States,Lafayette,Indiana,47905.0,Central,OFF-AR-10003056,Office Supplies,Art,Newell 341,21.4,5.0,0.0,6.206,Manual Upload,Approved,Check later
3532.0,CA-2016-155565,5/28/2016,5/28/2016,Same Day,EH-13765,Edward Hooks,Corporate,United States,New York City,New York,10035.0,East,OFF-SU-10001218,Office Supplies,Supplies,Fiskars Softgrip Scissors,54.9,5.0,0.0,15.372,CRM,Approved,
3533.0,CA-2014-110849,4/18/2014,4/23/2014,Standard Class,JL-15835,John Lee,Consumer,United States,Los Angeles,California,90049.0,West,TEC-MA-10002859,Technology,Machines,Ativa MDM8000 8-Sheet Micro-Cut Shredder,287.968,4.0,0.2,97.1892,CRM,Pending,
3534.0,CA-2014-110849,4/18/2014,4/23/2014,Standard Class,JL-15835,John Lee,Consumer,United States,Los Angeles,California,90049.0,West,OFF-AR-10002375,Office Supplies,Art,Newell 351,13.12,4.0,0.0,3.8048,Legacy,Pending,Urgent
3535.0,CA-2014-110849,4/18/2014,4/23/2014,Standard Class,JL-15835,John Lee,Consumer,United States,Los Angeles,California,90049.0,West,OFF-AR-10000657,Office Supplies,Art,"Binney & Smith inkTank Desk Highlighter, Chisel Tip, Yellow, 12/Box",10.75,5.0,0.0,3.5475,Legacy,Pending,
3536.0,CA-2014-110849,4/18/2014,4/23/2014,Standard Class,JL-15835,John Lee,Consumer,United States,Los angeles,California,90049.0,West,OFF-FA-10000134,Office Supplies,Fasteners,"Advantus Push Pins, Aluminum Head",11.62,2.0,0.0,3.6022,Legacy,Rejected,Urgent
3537.0,CA-2016-145842,6/17/2016,6/20/2016,Second Class,FM-14380,Fred McMath,Consumer,United States,new york city,N.Y.,10024.0,East,OFF-ST-10000419,Office Supplies,Storage,"Rogers Jumbo File, Granite",40.74,3.0,0.0,0.4074,ERP,Rejected,
3538.0,CA-2014-158771,5/9/2014,5/9/2014,Same Day,SB-20290,Sean Braxton,Corporate,United States,Henderson,Kentucky,42420.0,South,OFF-ST-10000107,Office Supplies,Storage,Fellowes Super Stor/Drawer,83.25,3.0,0.0,14.985,Legacy,Pending,Duplicate?
3539.0,CA-2014-158771,5/9/2014,5/9/2014,Same Day,SB-20290,Sean Braxton,Corporate,United States,Henderson,Kentucky,ABCDE,South,OFF-LA-10001641,Office Supplies,Labels,Avery 518,9.45,3.0,0.0,4.536,ERP,Rejected,Urgent
3540.0,CA-2014-158771,5/9/2014,5/9/2014,Same Day,SB-20290,Sean Braxton,Corporate,United States,Henderson,Kentucky,42420.0,South,OFF-LA-10003121,Office Supplies,Labels,Avery 506,20.65,5.0,0.0,9.499,CRM,Pending,Duplicate?
3541.0,CA-2014-158771,5/9/2014,5/9/2014,Same Day,SB-20290,Sean Braxton,Corporate,United States,Henderson,Kentucky,42420.0,South,OFF-PA-10002689,Office Supplies,Paper,Weyerhaeuser First Choice Laser/Copy Paper (20Lb. and 88 Bright),45.36,7.0,0.0,21.7728,Manual Upload,Approved,Duplicate?
3542.0,CA-2016-157511,9/18/2016,9/20/2016,First Class,SV-20365,Seth Vernon,Consumer,United States,Columbus,Ohio,43229.0,East,FUR-FU-10002107,Furniture,Furnishings,Eldon Pizzaz Desk Accessories,5.352,3.0,0.2,1.6056,CRM,,Urgent
3543.0,CA-2016-157511,18 Sep 2016,9/20/2016,First Class,SV-20365,Seth Vernon,Consumer,United States,Columbus,Ohio,43229.0,East,FUR-CH-10002647,Furniture,Chairs,"Situations Contoured Folding Chairs, 4/Set",99.372,2.0,0.3,-7.098,ERP,Rejected,Urgent
3544.0,CA-2016-157511,9/18/2016,9/20/2016,First Class,SV-20365,Seth Vernon,Consumer,United States,Columbus,Ohio,43229.0,East,OFF-AR-10002257,Office Supplies,Art,"Eldon Spacemaker Box, Quick-Snap Lid, Clear",2.672,1.0,0.2,0.3674,CRM,,Urgent
3545.0,CA-2017-121216,12/23/2017,12/25/2017,Second Class,MM-17920,Michael Moore,Consumer,United States,College Station,Texas,77840.0,Central,OFF-PA-10004519,Office Supplies,Paper,Spiral Phone Message Books with Labels by Adams,28.672,8.0,0.2,10.3936,CRM,Approved,Duplicate?
3546.0,CA-2017-121216,12/23/2017,12/25/2017,Second Class,MM-17920,,Consumer,United States,College Station,Texas,UNKNOWN,Central,OFF-AP-10001947,Office Supplies,Appliances,Acco 6 Outlet Guardian Premium Plus Surge Suppressor,29.312,8.0,0.8,-74.7456,CRM,Pending,
3547.0,CA-2017-155292,10/30/2017,11/1/2017,First Class,RD-19810,Ross DeVincentis,Home Office,United States,Richmond,Kentucky,40475.0,South,OFF-ST-10004963,Office Supplies,Storage,Eldon Gobal File Keepers,105.98,7.0,0.0,4.2392,ERP,Approved,
3548.0,CA-2017-155292,10/30/2017,11/1/2017,First Class,RD-19810,Ross DeVincentis,Home Office,United States,Richmond,Kentucky,40475.0,South,OFF-SU-10002573,Office Supplies,Supplies,"Acme 10"" Easy Grip Assistive Scissors",35.06,-1.0,0.0,10.518,Manual Upload,Approved,
3549.0,CA-2017-155292,10/30/2017,11/1/2017,First Class,RD-19810,Ross DeVincentis,Home Office,United States,Richmond,Kentucky,40475.0,South,FUR-CH-10000553,Furniture,Chairs,"Metal Folding Chairs, Beige, 4/Carton",33.94,100.0,0.0,9.1638,ERP,,Duplicate?
3550.0,CA-2017-155292,10/30/2017,11/1/2017,First Class,RD-19810,Ross DeVincentis,Home Office,United States,Richmond,Kentucky,40475.0,South,OFF-LA-10001982,Office Supplies,Labels,Smead Alpha-Z Color-Coded Name Labels First Letter Starter Set,30.0,8.0,0.0,14.4,ERP,Approved,
3551.0,CA-2016-152555,3/29/2016,4/2/2016,Second Class,ME-17320,Maria Etezadi,Home Office,United States,Chicago,Illinois,60653.0,Central,OFF-PA-10001295,Office Supplies,Paper,Computer Printout Paper with Letter-Trim Perforations,45.528,3.0,0.2,15.9348,Manual Upload,Rejected,
3552.0,CA-2016-152555,3/29/2016,4/2/2016,Second Class,ME-17320,Maria Etezadi,Home Office,United States,Chicago,Illinois,60653.0,Central,FUR-CH-10002965,Furniture,Chairs,"Global Leather Highback Executive Chair with Pneumatic Height Adjustment, Black",844.116,6.0,0.3,-36.1764,Manual Upload,Pending,
3553.0,CA-2016-152555,3/29/2016,4/2/2016,Second Class,ME-17320,Maria Etezadi,Home Office,United States,Chicago,Illinois,60653.0,Central,TEC-PH-10001254,Technology,Phones,Jabra BIZ 2300 Duo QD Duo Corded Headset,812.736,8.0,0.2,60.9552,Legacy,Pending,
3554.0,CA-2017-107832,11/23/2017,11/26/2017,Second Class,FH-14275,Frank Hawley,Corporate,United States,Philadelphia,Pennsylvania,19120.0,East,OFF-BI-10001658,Office Supplies,Binders,GBC Standard Therm-A-Bind Covers,7.476,1.0,0.7,-5.9808,ERP,Pending,Duplicate?
3555.0,CA-2014-120838,3/23/2014,3/26/2014,Second Class,PO-18865,Patrick O'Donnell,Consumer,United States,Los Angeles,California,90036.0,West,OFF-ST-10000585,Office Supplies,Storage,Economy Rollaway Files,330.4,2.0,0.0,85.904,CRM,Rejected,
3556.0,CA-2014-120838,3/23/2014,3/26/2014,Second Class,PO-18865,Patrick O'Donnell,Consumer,United States,Los Angeles,California,90036.0,West,TEC-PH-10003484,Technology,Phones,Ooma Telo VoIP Home Phone System,604.752,6.0,0.2,37.797,Manual Upload,Approved,Check later
3557.0,CA-2017-118542,12/1/2017,12/5/2017,Standard Class,CC-12550,Clay Cheatham,Consumer,United States,Los Angeles,California,90008.0,West,OFF-PA-10004735,Office Supplies,Paper,Xerox 1905,45.36,7.0,0.0,21.7728,ERP,Rejected,Check later
3558.0,CA-2017-118542,12/1/2017,12/5/2017,Standard Class,CC-12550,Clay Cheatham,Consumer,United States,Los Angeles,California,90008.0,West,OFF-BI-10003429,Office Supplies,Binders,"Cardinal HOLDit! Binder Insert Strips,Extra Strips",10.128,2.0,0.2,3.6714,Legacy,Rejected,
3559.0,CA-2017-152737,11/7/2017,11/12/2017,Standard Class,TS-21505,Tony Sayre,Consumer,United States,San Francisco,California,94122.0,West,OFF-BI-10002982,Office Supplies,Binders,Avery Self-Adhesive Photo Pockets for Polaroid Photos,21.792,4.0,0.2,7.6272,Manual Upload,Approved,
3560.0,CA-2017-152737,11/7/2017,11/12/2017,Standard Class,TS-21505,Tony Sayre,Consumer,United States,San Francisco,California,94122.0,West,TEC-AC-10004975,Technology,Accessories,Plantronics Audio 995 Wireless Stereo Headset,439.8,4.0,0.0,145.134,CRM,Rejected,Check later
3561.0,CA-2017-109757,9/4/2017,9/9/2017,Second Class,MD-17350,Maribeth Dona,Consumer,United States,Akron,Ohio,44312.0,East,OFF-AR-10002335,Office Supplies,Art,DIXON Oriole Pencils,8.256,4.0,0.2,0.6192,Manual Upload,Rejected,
3562.0,CA-2017-109757,9/4/2017,9/9/2017,Second Class,MD-17350,Maribeth Dona,Consumer,United States,Akron,Ohio,44312.0,East,OFF-BI-10004001,Office Supplies,Binders,GBC Recycled VeloBinder Covers,25.56,5.0,0.7,-20.448,Manual Upload,,Duplicate?
3563.0,CA-2017-109757,9/4/2017,9/9/2017,Second Class,MD-17350,Maribeth Dona,Consumer,United States,Akron,Ohio,44312.0,East,OFF-BI-10001634,Office Supplies,Binders,Wilson Jones Active Use Binders,4.368,2.0,0.7,-3.0576,CRM,Approved,Check later
3564.0,CA-2017-109757,9/4/2017,9/9/2017,Second Class,MD-17350,Maribeth Dona,Consumer,United States,Akron,Ohio,44312.0,East,OFF-PA-10000007,Office Supplies,Paper,"Telephone Message Books with Fax/Mobile Section, 4 1/4"" x 6""",-500.0,4.0,0.2,3.744,Manual Upload,Rejected,Urgent
3565.0,CA-2016-130029,7/3/2016,7/6/2016,First Class,GT-14755,Guy Thornton,Consumer,United States,Los Angeles,California,90049.0,West,OFF-PA-10000552,Office Supplies,Paper,Xerox 200,12.96,2.0,0.0,6.2208,CRM,Rejected,Duplicate?
3566.0,CA-2016-130029,7/3/2016,7/6/2016,First Class,GT-14755,Guy Thornton,Consumer,United States,Los Angeles,California,90049.0,West,OFF-FA-10001135,Office Supplies,Fasteners,"Brites Rubber Bands, 1 1/2 oz. Box",3.96,2.0,0.0,0.0792,CRM,,
3567.0,CA-2017-103877,9/7/2017,9/14/2017,Standard Class,RD-19660,Robert Dilbeck,Home Office,United States,Independence,Missouri,UNKNOWN,Central,OFF-BI-10003650,Office Supplies,Binders,GBC DocuBind 300 Electric Binding Machine,1577.94,3.0,0.0,757.4112,CRM,,
3568.0,CA-2016-137176,9/9/2016,9/14/2016,Second Class,DB-12910,Daniel Byrd,Home Office,United States,Dallas,Texas,75220.0,Central,FUR-FU-10003832,Furniture,Furnishings,"Eldon Expressions Punched Metal & Wood Desk Accessories, Black & Cherry",15.008,4.0,0.6,-12.0064,CRM,,Urgent
3569.0,CA-2017-168109,7/3/2017,7/3/2017,Same Day,JK-15640,Jim Kriz,Home Office,United States,Seattle,Washington,98105.0,West,TEC-AC-10003628,Technology,Accessories,Logitech 910-002974 M325 Wireless Mouse for Web Scrolling,59.98,2.0,0.0,26.3912,Manual Upload,Pending,
3570.0,CA-2017-168109,7/3/2017,7/3/2017,Same Day,JK-15640,Jim Kriz,Home Office,United States,Seattle,Washington,98105.0,West,TEC-MA-10001148,Technology,Machines,Okidata MB491 Multifunction Printer,2395.2,6.0,0.2,209.58,Legacy,Approved,
3571.0,CA-2017-168109,7/3/2017,7/3/2017,Same Day,JK-15640,Jim Kriz,Home Office,United States,Seattle,Washington,98105.0,West,TEC-AC-10002049,Technology,Accessories,Plantronics Savi W720 Multi-Device Wireless Headset System,1687.8,4.0,0.0,742.632,Manual Upload,Approved,
3572.0,CA-2017-168109,7/3/2017,7/3/2017,Same Day,JK-15640,Jim Kriz,Home Office,United States,Seattle,Washington,98105.0,West,TEC-PH-10000702,Technology,Phones,"Square Credit Card Reader, 4 1/2"" x 4 1/2"" x 1"", White",7.992,1.0,0.2,2.6973,CRM,,Check later
3573.0,US-2017-126081,6/29/2017,7/4/2017,Standard Class,FC-14335,Fred Chung,Corporate,United States,Mesquite,Texas,ABCDE,Central,OFF-PA-10003953,Office Supplies,Paper,Xerox 218,5.184,1.0,0.2,1.8144,CRM,Rejected,Check later
3574.0,CA-2017-117023,8/7/2017,8/12/2017,Standard Class,JW-15955,Joni Wasserman,Consumer,United States,Long Beach,New York,11561.0,East,OFF-AR-10003602,Office Supplies,Art,"Quartet Omega Colored Chalk, 12/Pack",11.68,2.0,0.0,5.4896,Legacy,Approved,Duplicate?
3575.0,CA-2017-117023,8/7/2017,8/12/2017,Standard Class,JW-15955,Joni Wasserman,Consumer,United States,Long Beach,New York,11561.0,East,OFF-AR-10004062,Office Supplies,Art,Staples in misc. colors,104.8,10.0,0.0,26.2,Legacy,Pending,
3576.0,CA-2015-143532,3/19/2015,3/24/2015,Standard Class,DC-12850,Dan Campbell,Consumer,United States,North Miami,Florida,33161.0,South,OFF-PA-10001560,Office Supplies,Paper,"Adams Telephone Message Books, 5 1/4 x 11",14.496,3.0,0.2,4.8924,Legacy,Rejected,Urgent
3577.0,CA-2016-103163,6/7/2016,6/11/2016,Standard Class,FM-14290,Frank Merwin ,Home Office,United States,Bakersfield,California,93309.0,West,OFF-BI-10003305,Office Supplies,Binders,Avery Hanging File Binders,4.784,1.0,0.2,1.5548,Legacy,,Duplicate?
3578.0,CA-2016-103163,6/7/2016,6/11/2016,Standard Class,FM-14290,Frank Merwin,Home Office,United States,Bakersfield,California,93309.0,West,OFF-PA-10004000,Office Supplies,Paper,"While You Were Out Pads, 50 per Pad, 4 x 5 1/4, Green Cycle",4.73,1.0,0.0,2.3177,CRM,,Duplicate?
3579.0,CA-2016-104157,7/25/2016,7/29/2016,Standard Class,MT-17815,Meg Tillman,Consumer,United States,Jackson,Mississippi,39212.0,South,OFF-ST-10000321,Office Supplies,Storage,Akro Stacking Bins,7.89,1.0,0.0,0.3156,Legacy,Pending,Check later
3580.0,CA-2016-104157,7/25/2016,7/29/2016,Standard Class,MT-17815,Meg Tillman,Consumer,United States,Jackson,Mississippi,39212.0,South,OFF-PA-10004665,Office Supplies,Paper,Advantus Motivational Note Cards,65.5,5.0,0.0,32.095,Legacy,Rejected,
3581.0,CA-2016-104157,7/25/2016,7/29/2016,Standard Class,MT-17815,Meg Tillman,Consumer,United States,Jackson,Mississippi,39212.0,South,FUR-TA-10004915,Furniture,Tables,"Office Impressions End Table, 20-1/2""H x 24""W x 20""D",2430.08,8.0,0.0,388.8128,ERP,Approved,Duplicate?
3582.0,CA-2017-117807,10/1/2017,10/7/2017,Standard Class,DK-13090,Dave Kipp,Consumer,United States,Fremont,Nebraska,68025.0,Central,OFF-PA-10000994,Office Supplies,Paper,Xerox 1915,104.85,1.0,0.0,50.328,Legacy,Rejected,
3583.0,CA-2015-121650,12/10/2015,12/16/2015,Standard Class,KD-16495,Keith Dawkins,Corporate,United States,Jackson,Michigan,49201.0,Central,OFF-AR-10001149,Office Supplies,Art,"Avery Hi-Liter Comfort Grip Fluorescent Highlighter, Yellow Ink",3.9,2.0,0.0,1.521,Manual Upload,Rejected,Duplicate?
3584.0,CA-2015-121650,12/10/2015,12/16/2015,Std Class,KD-16495,Keith Dawkins,Corporate,United States,Jackson,Michigan,49201.0,Central,FUR-TA-10003569,Furniture,Tables,Bretford CR8500 Series Meeting Room Furniture,801.96,2.0,0.0,200.49,CRM,Approved,
3585.0,CA-2015-121650,12/10/2015,12/16/2015,Standard Class,KD-16495,Keith Dawkins,Corporate,United States,Jackson,Michigan,49201.0,Central,FUR-CH-10004289,Furniture,Chairs,Global Super Steno Chair,191.96,2.0,0.0,32.6332,Legacy,Rejected,Urgent
3586.0,CA-2015-121650,12/10/2015,12/16/2015,Standard Class,KD-16495,Keith Dawkins,Corporate,United States,Jackson,Michigan,49201.0,Central,OFF-LA-10001045,Office Supplies,Labels,Permanent Self-Adhesive File Folder Labels for Typewriters by Universal,2.61,1.0,0.0,1.2006,ERP,Rejected,
3587.0,CA-2017-161823,9/3/2017,9/8/2017,Standard Class,AG-10300,Aleksandra Gannaway,Corporate,United States,San Francisco,California,94122.0,West,OFF-AR-10002053,Office Supplies,Art,"Premium Writing Pencils, Soft, #2 by Central Association for the Blind",5.96,2.0,0.0,1.6688,Manual Upload,Approved,Check later
3588.0,CA-2017-121839,9/24/2017,9/28/2017,Standard Class,MH-18115,Mick Hernandez,Home Office,United States,Lancaster,Ohio,43130.0,East,TEC-PH-10002885,Technology,Phones,Apple iPhone 5,1169.694,3.0,0.4,-253.4337,ERP,,Urgent
3589.0,CA-2017-158729,12/19/2017,12/21/2017,First Class,AC-10450,Amy Cox,Consumer,United States,Lafayette,Louisiana,70506.0,South,OFF-SU-10002881,Office Supplies,Supplies,Martin Yale Chadless Opener Electric Letter Opener,1665.62,2.0,0.0,33.3124,ERP,Pending,
3590.0,CA-2017-146535,11/24/2017,11/30/2017,Standard Class,FM-14290,Frank Merwin,Home Office,United States,Richmond,Kentucky,40475.0,South,OFF-BI-10000546,Office Supplies,Binders,Avery Durable Binders,2.88,1.0,0.0,1.4112,Legacy,Approved,
3591.0,CA-2017-146535,11/24/2017,11/30/2017,Standard Class,FM-14290,Frank Merwin,Home Office,United States,Richmond,Kentucky,40475.0,South,OFF-ST-10001526,Office Supplies,Storage,Iceberg Mobile Mega Data/Printer Cart ,1443.96,12.0,0.0,375.4296,CRM,,Duplicate?
3592.0,CA-2014-154186,12/13/2014,12/15/2014,Second Class,RA-19285,Ralph Arnett,Consumer,United States,Houston,Texas,77070.0,Central,OFF-SU-10001574,Office Supplies,Supplies,Acme Value Line Scissors,2.92,1.0,0.2,0.365,CRM,,Urgent
3593.0,CA-2016-108434,12/5/2016,12/7/2016,Second Class,JG-15160,James Galang,Consumer,United States,New York City,New York,10024.0,East,OFF-ST-10002615,Office Supplies,Storage,"Dual Level, Single-Width Filing Carts",465.18,3.0,0.0,120.9468,CRM,Pending,
3594.0,CA-2016-164154,9/11/2016,9/17/2016,Standard Class,NZ-18565,Nick Zandusky,Home Office,United States,Toledo,Ohio,43615.0,East,OFF-BI-10001658,Office Supplies,Binders,GBC Standard Therm-A-Bind Covers,22.428,3.0,0.7,-17.9424,Legacy,Approved,Check later
3595.0,CA-2016-164154,9/11/2016,9/17/2016,Standard Class,NZ-18565,Nick Zandusky,Home Office,United States,Toledo,Ohio,43615.0,East,OFF-ST-10002562,Office Supplies,Storage,Staple magnet,37.52,5.0,0.2,3.752,Manual Upload,Approved,Urgent
3596.0,CA-2017-148012,12/9/2017,12/15/2017,Standard Class,KM-16225,Kalyca Meade,Corporate,United States,Philadelphia,Pennsylvania,19143.0,East,OFF-AR-10004757,Office Supplies,Art,Crayola Colored Pencils,2.624,1.0,0.2,0.4264,Legacy,Approved,Urgent
3597.0,CA-2014-102869,9/9/2014,9/14/2014,Second Class,LC-17140,Logan Currie,Consumer,United States,Philadelphia,Pennsylvania,19140.0,East,OFF-PA-10000788,Office Supplies,Paper,Xerox 210,15.552,3.0,0.2,5.4432,Manual Upload,Approved,Urgent
3598.0,CA-2014-102869,9/9/2014,9/14/2014,Second Class,LC-17140,Logan Currie,Consumer,United States,Philadelphia,Pennsylvania,19140.0,East,TEC-AC-10002134,Technology,Accessories,Rosewill 107 Normal Keys USB Wired Standard Keyboard,64.704,6.0,0.2,-4.8528,Legacy,Pending,Urgent
3599.0,CA-2014-102869,9/9/2014,9/14/2014,Second Class,LC-17140,Logan Currie,Consumer,United States,Philadelphia,Pennsylvania,19140.0,East,FUR-FU-10002456,Furniture,Furnishings,"Master Caster Door Stop, Large Neon Orange",17.472,3.0,0.2,5.0232,CRM,Rejected,Urgent
3600.0,CA-2014-102869,9/9/2014,9/14/2014,Second Class,LC-17140,Logan Currie,Consumer,United States,Philadelphia,Pennsylvania,19140.0,East,TEC-PH-10002549,Technology,Phones,Polycom SoundPoint IP 450 VoIP phone,135.516,1.0,0.4,-31.6204,Manual Upload,Pending,Check later
3601.0,CA-2017-138310,6/26/2017,6/30/2017,Standard Class,NP-18700,Nora Preis,Consumer,United States,Denver,Colorado,80219.0,West,TEC-AC-10001990,Technology,Accessories,Kensington Orbit Wireless Mobile Trackball for PC and Mac,431.928,9.0,0.2,64.7892,CRM,Pending,
3602.0,CA-2014-159835,11/17/2014,11/24/2014,Standard Class,RB-19330,Randy Bradley,Consumer,United States,Philadelphia,Pennsylvania,19143.0,East,OFF-PA-10002137,Office Supplies,Paper,"Southworth 100% Résumé Paper, 24lb.",12.448,2.0,0.2,3.89,Manual Upload,,Check later
3603.0,CA-2014-159835,11/17/2014,11/24/2014,Standard Class,RB-19330,Randy Bradley,Consumer,United States,Philadelphia,Pennsylvania,19143.0,East,FUR-CH-10004997,Furniture,Chairs,Hon Every-Day Series Multi-Task Chairs,657.93,5.0,0.3,-93.99,Legacy,Rejected,
3604.0,CA-2017-112956,8/21/2017,8/27/2017,Standard Class,TH-21550,Tracy Hopkins,Home Office,United States,Columbia,Maryland,21044.0,East,OFF-PA-10000357,Office Supplies,Paper,Xerox 1888,277.4,5.0,0.0,50000.0,Legacy,Pending,Duplicate?
3605.0,CA-2017-112956,8/21/2017,8/27/2017,Standard Class,TH-21550,Tracy Hopkins,Home Office,United States,Columbia,Maryland,21044.0,East,FUR-FU-10003976,Furniture,Furnishings,"DAX Executive Solid Wood Document Frame, Desktop or Hang, Mahogany, 5 x 7",25.16,2.0,0.0,8.5544,Legacy,Pending,Check later
3606.0,CA-2017-112956,8/21/2017,8/27/2017,Standard Class,TH-21550,Tracy Hopkins,Home Office,United States,Columbia,Maryland,21044.0,East,FUR-FU-10004960,Furniture,Furnishings,"Seth Thomas 12"" Clock w/ Goldtone Case",91.92,4.0,0.0,31.2528,ERP,Pending,Check later
3607.0,CA-2016-119683,3/12/2016,3/16/2016,Second Class,CK-12595,Clytie Kelty,Consumer,United States,New York City,New York,10024.0,East,OFF-EN-10001099,Office Supplies,Envelopes,Staple envelope,29.34,3.0,0.0,13.4964,Legacy,Approved,Duplicate?
3608.0,CA-2014-163559,9/23/2014,9/28/2014,Second Class,ST-20530,Shui Tom,Consumer,United States,New York City,New York,10035.0,East,OFF-BI-10002026,Office Supplies,Binders,Avery Arch Ring Binders,139.44,3.0,0.2,47.061,Legacy,Pending,
3609.0,CA-2014-140228,4/28/2014,5/3/2014,Standard Class,GB-14530,George Bell,Corporate,United States,Newark,Ohio,43055.0,East,OFF-LA-10001613,Office Supplies,Labels,Avery File Folder Labels,6.912,3.0,0.2,2.5056,ERP,Approved,Urgent
3610.0,CA-2014-140228,4/28/2014,5/3/2014,Standard Class,GB-14530,George Bell,Corporate,United States,Newark,Ohio,43055.0,East,OFF-ST-10002214,Office Supplies,Storage,X-Rack File for Hanging Folders,27.096,3.0,0.2,2.0322,CRM,Pending,Duplicate?
3611.0,CA-2014-140228,4/28/2014,5/3/2014,Standard Class,GB-14530,George Bell,Corporate,United States,Newark,Ohio,43055.0,East,OFF-ST-10001128,Office Supplies,Storage,"Carina Mini System Audio Rack, Model AR050B",177.568,2.0,0.2,-37.7332,CRM,,
3612.0,US-2016-131674,11/29/2016,12/1/2016,Second Class,NC-18535,Nick Crebassa,Corporate,United States,Dallas,Texas,75217.0,Central,TEC-AC-10004864,Technology,Accessories,Memorex Micro Travel Drive 32 GB,58.416,2.0,0.2,16.7946,CRM,,Urgent
3613.0,CA-2015-110093,12/3/2015,12/8/2015,Standard Class,AB-10255,Alejandro Ballentine,Home Office,United States,Philadelphia,Pennsylvania,19134.0,East,OFF-PA-10000174,Office Supplies,Paper,"Message Book, Wirebound, Four 5 1/2"" X 4"" Forms/Pg., 200 Dupl. Sets/Book",16.448,2.0,0.2,5.5512,Manual Upload,Pending,
3614.0,CA-2015-110093,12/3/2015,12/8/2015,Standard Class,AB-10255,Alejandro Ballentine,Home Office,United States,Philadelphia,Pennsylvania,19134.0,East,TEC-AC-10000171,Technology,Accessories,"Verbatim 25 GB 6x Blu-ray Single Layer Recordable Disc, 25/Pack",36.784,2.0,0.2,10.5754,ERP,,
3615.0,CA-2017-112529,11/19/2017,11/21/2017,First Class,SC-20770,Stewart Carmichael,Corporate,United States,San Antonio,Texas,78207.0,Central,FUR-TA-10002622,Furniture,Tables,"Bush Andora Conference Table, Maple/Graphite Gray Finish",718.116,6.0,0.3,-71.8116,CRM,Pending,Urgent
3616.0,CA-2017-112529,11/19/2017,11/21/2017,First Class,SC-20770,Stewart Carmichael,Corporate,United States,San Antonio,Texas,78207.0,Central,OFF-AR-10001915,Office Supplies,Art,Peel-Off China Markers,31.776,4.0,0.2,8.7384,CRM,Rejected,
3617.0,CA-2016-154536,9/5/2016,9/9/2016,Standard Class,JC-15340,Jasper Cacioppo,Consumer,United States,Philadelphia,Pennsylvania,19120.0,East,OFF-BI-10004410,Office Supplies,Binders,"C-Line Peel & Stick Add-On Filing Pockets, 8-3/4 x 5-1/8, 10/Pack",9.555,5.0,0.7,-7.3255,ERP,Rejected,Duplicate?
3618.0,CA-2017-141929,9/4/2017,9/8/2017,Standard Class,RA-19285,Ralph Arnett,Consumer,United States,Los Angeles,California,90004.0,West,OFF-BI-10004632,Office Supplies,Binders,Ibico Hi-Tech Manual Binding System,487.984,2.0,0.2,152.495,CRM,Pending,Urgent
3619.0,CA-2017-141929,9/4/2017,9/8/2017,Standard Class,RA-19285,Ralph Arnett,Consumer,United States,Los Angeles,California,90004.0,West,TEC-PH-10002185,Technology,Phones,QVS USB Car Charger 2-Port 2.1Amp for iPod/iPhone/iPad/iPad 2/iPad 3,5.56,1.0,0.2,1.7375,Legacy,Pending,
3620.0,CA-2017-141929,9/4/2017,9/8/2017,Standard Class,RA-19285,Ralph Arnett,Consumer,United States,Los Angeles,California,90004.0,West,OFF-ST-10002974,Office Supplies,Storage,"Trav-L-File Heavy-Duty Shuttle II, Black",217.85,5.0,0.0,65.355,CRM,Rejected,
3621.0,CA-2016-109743,9/22/2016,9/29/2016,Standard Class,SH-19975,Sally Hughsby,corporate,United States,Smyrna,Tennessee,37167.0,South,OFF-AR-10003727,Office Supplies,Art,Berol Giant Pencil Sharpener,40.776,3.0,0.2,4.5873,CRM,Rejected,
3622.0,CA-2016-109743,22-09-2016,9/29/2016,Standard Class,SH-19975,Sally Hughsby,Corporate,United States,Smyrna,Tennessee,37167.0,South,TEC-PH-10004071,Technology,Phones,PayAnywhere Card Reader,63.936,8.0,0.2,5.5944,Legacy,Pending,Urgent
3623.0,CA-2014-159184,9/14/2014,9/19/2014,Standard Class,JC-15775,John Castell,Consumer,United States,Macon,Georgia,31204.0,South,FUR-FU-10002878,Furniture,Furnishings,"Seth Thomas 14"" Day/Date Wall Clock",142.4,5.0,0.0,52.688,Manual Upload,Pending,Urgent
3624.0,CA-2014-159184,9/14/2014,9/19/2014,Standard Class,JC-15775,John Castell,Consumer,United States,Macon,Georgia,31204.0,South,OFF-BI-10001890,Office Supplies,Binders,Avery Poly Binder Pockets,7.16,2.0,0.0,3.4368,Legacy,Rejected,Urgent
3625.0,CA-2017-113530,5/19/2017,5/21/2017,Second Class,BC-11125,Becky Castell,Home Office,United States,San Francisco,California,94109.0,West,FUR-CH-10002647,Furniture,Chairs,"Situations Contoured Folding Chairs, 4/Set",681.408,12.0,0.2,42.588,Legacy,Pending,
3626.0,CA-2017-113530,5/19/2017,5/21/2017,Second Class,BC-11125,Becky Castell,Home Office,United States,San Francisco,California,94109.0,West,OFF-AR-10001315,Office Supplies,Art,Newell 310,3.52,2.0,0.0,1.0208,Legacy,Approved,Check later
3627.0,CA-2017-113530,5/19/2017,5/21/2017,Second Class,BC-11125,Becky Castell,Home Office,United States,San Francisco,California,94109.0,West,OFF-AR-10000122,Office Supplies,Art,Newell 314,5.58,1.0,0.0,1.395,CRM,Pending,
3628.0,CA-2017-113530,5/19/2017,5/21/2017,Second Class,BC-11125,Becky Castell,Home Office,United States,San Francisco,California,94109.0,West,TEC-AC-10001465,Technology,Accessories,SanDisk Cruzer 64 GB USB Flash Drive,36.32,1.0,0.0,10.896,ERP,Approved,Urgent
3629.0,CA-2014-169726,8/9/2014,8/13/2014,Standard Class,JH-15985,Joseph Holt,Consumer,United States,Seattle,Washington,98103.0,West,OFF-BI-10004600,Office Supplies,Binders,Ibico Ibimaster 300 Manual Binding System,2060.744,7.0,0.2,643.9825,CRM,Rejected,Duplicate?
3630.0,CA-2017-155957,11/26/2017,11/30/2017,Standard Class,CC-12610,Corey Catlett,Corporate,United States,Columbus,Ohio,43229.0,East,OFF-AP-10002082,Office Supplies,Appliances,Holmes HEPA Air Purifier,52.272,3.0,0.2,9.801,Manual Upload,Approved,Urgent
3631.0,CA-2017-155957,11/26/2017,11/30/2017,Standard Class,CC-12610,Corey Catlett,Corporate,United States,Columbus,Ohio,43229.0,East,OFF-AP-10004708,Office Supplies,Appliances,Fellowes Superior 10 Outlet Split Surge Protector,213.136,7.0,0.2,23.9778,Legacy,Approved,
3632.0,CA-2017-132178,5/3/2017,5/8/2017,Second Class,DB-12970,Darren Budd,Corporate,United States,Los Angeles,CA,90004.0,West,OFF-ST-10000464,Office Supplies,Storage,"Multi-Use Personal File Cart and Caster Set, Three Stacking Bins",69.52,2.0,0.0,19.4656,CRM,Pending,Duplicate?
3633.0,CA-2017-132178,5/3/2017,5/8/2017,Second Class,DB-12970,Darren Budd,Corporate,United States,Los Angeles,California,90004.0,West,OFF-ST-10000025,Office Supplies,Storage,Fellowes Stor/Drawer Steel Plus Storage Drawers,763.44,8.0,0.0,45.8064,Manual Upload,Rejected,Duplicate?
3634.0,CA-2016-145177,11/10/2016,11/14/2016,Standard Class,PP-18955,Paul Prost,Home Office,United States,Springfield,Ohio,45503.0,East,OFF-LA-10001613,Office Supplies,Labels,Avery File Folder Labels,9.216,4.0,0.2,3.3408,Legacy,Rejected,
3635.0,CA-2016-145177,11/10/2016,11/14/2016,Standard Class,PP-18955,Paul Prost,Home Office,United States,Springfield,Ohio,45503.0,East,TEC-PH-10000376,Technology,Phones,Square Credit Card Reader,41.958,7.0,0.4,-9.7902,ERP,Approved,
3636.0,CA-2016-145177,11/10/2016,11/14/2016,Standard Class,PP-18955,Paul Prost,Home Office,United States,Springfield,Ohio,45503.0,East,OFF-PA-10004039,Office Supplies,Paper,Xerox 1882,89.568,2.0,0.2,32.4684,Legacy,,
3637.0,CA-2016-145177,11/10/2016,11/14/2016,Standard Class,PP-18955,Paul Prost,Home Office,United States,Springfield,Ohio,45503.0,East,OFF-PA-10001776,Office Supplies,Paper,"Wirebound Message Books, Four 2 3/4"" x 5"" Forms per Page, 600 Sets per Book",22.248,3.0,0.2,7.5087,Legacy,Pending,
3638.0,CA-2016-145177,11/10/2016,11/14/2016,Standard Class,PP-18955,Paul Prost,Home Office,United States,Springfield,Ohio,45503.0,East,OFF-AP-10002457,Office Supplies,Appliances,"Eureka The Boss Plus 12-Amp Hard Box Upright Vacuum, Red",334.88,4.0,0.2,29.302,ERP,Rejected,
3639.0,CA-2016-145177,11/10/2016,11/14/2016,Standard Class,PP-18955,Paul Prost,Home Office,United States,Springfield,Ohio,45503.0,East,FUR-FU-10000758,Furniture,Furnishings,DAX Natural Wood-Tone Poster Frame,148.288,7.0,0.2,29.6576,CRM,Pending,Urgent
3640.0,CA-2016-145177,11/10/2016,11/14/2016,Standard Class,PP-18955,Paul Prost,Home Office,United States,Springfield,Ohio,45503.0,East,OFF-PA-10000682,Office Supplies,Paper,Xerox 1924,4.624,1.0,0.2,1.6762,Legacy,Rejected,
3641.0,CA-2016-145177,11/10/2016,11/14/2016,Standard Class,PP-18955,Paul Prost,Home Office,United States,Springfield,Ohio,45503.0,East,TEC-AC-10002550,Technology,Accessories,"Memorex 25GB 6X Branded Blu-Ray Recordable Disc, 30/Pack",178.92,7.0,0.2,-29.0745,ERP,Approved,
3642.0,CA-2016-145177,11/10/2016,11/14/2016,Standard Class,PP-18955,Paul Prost,Home Office,United States,Springfield,Ohio,45503.0,East,OFF-BI-10002082,Office Supplies,Binders,GBC Twin Loop Wire Binding Elements,69.888,7.0,0.7,-46.592,CRM,Pending,Duplicate?
3643.0,CA-2014-156594,12/20/2014,12/23/2014,Second Class,MC-17845,Michael Chen,Consumer,United States,Los Angeles,California,90008.0,West,OFF-BI-10004632,Office Supplies,Binders,Ibico Hi-Tech Manual Binding System,487.984,2.0,0.2,152.495,CRM,Rejected,Check later
3644.0,CA-2014-156594,12/20/2014,12/23/2014,Second Class,MC-17845,Michael Chen,Consumer,United States,Los Angeles,California,90008.0,West,OFF-AR-10001725,Office Supplies,Art,Boston Home & Office Model 2000 Electric Pencil Sharpeners,47.3,2.0,0.0,12.298,CRM,Pending,
3645.0,CA-2014-156594,12/20/2014,12/23/2014,Second Class,MC-17845,Michael Chen,Consumer,United States,Los Angeles,California,90008.0,West,OFF-AR-10004269,Office Supplies,Art,Newell 31,4.13,1.0,0.0,1.1564,CRM,Approved,Urgent
3646.0,CA-2014-156594,12/20/2014,12/23/2014,Second Class,MC-17845,Michael Chen,Consumer,United States,Los Angeles,California,90008.0,West,OFF-BI-10003007,Office Supplies,Binders,"Premium Transparent Presentation Covers, No Pattern/Clear, 8 1/2"" x 11""",155.12,5.0,0.2,50.414,Legacy,Approved,Duplicate?
3647.0,CA-2014-146528,7/25/2014,7/27/2014,Second Class,VF-21715,Vicky Freymann,Home Office,United States,Los Angeles,California,90045.0,West,OFF-PA-10002195,Office Supplies,Paper,Xerox 1966,6.48,1.0,0.0,3.1752,Manual Upload,Approved,Urgent
3648.0,CA-2014-146528,7/25/2014,7/27/2014,Second Class,VF-21715,Vicky Freymann,Home Office,United States,Los Angeles,California,90045.0,West,OFF-SU-10002522,Office Supplies,Supplies,Acme Kleen Earth Office Shears,15.52,4.0,0.0,4.5008,Manual Upload,,
3649.0,CA-2015-168459,11/22/2015,11/27/2015,Standard Class,MC-17275,Marc Crier,Consumer,United States,Memphis,Tennessee,38109.0,South,OFF-BI-10003712,Office Supplies,Binders,"Acco Pressboard Covers with Storage Hooks, 14 7/8"" x 11"", Light Blue",2.946,0.0,0.7,-2.0622,Legacy,Approved,Urgent
3650.0,CA-2015-168459,11/22/2015,11/27/2015,Standard Class,MC-17275,Marc Crier,Consumer,United States,Memphis,Tennessee,38109.0,South,OFF-FA-10004854,office supplies,Fasteners,"Vinyl Coated Wire Paper Clips in Organizer Box, 800/Box",55.104,6.0,0.2,18.5976,CRM,Rejected,Urgent
3651.0,CA-2017-109960,12/9/2017,12/11/2017,Second Class,DB-13210,Dean Braden,Consumer,United States,Detroit,Michigan,48234.0,Central,TEC-AC-10004859,Technology,Accessories,"Maxell Pro 80 Minute CD-R, 10/Pack",104.88,6.0,0.0,41.952,Manual Upload,Rejected,Duplicate?
3652.0,CA-2017-109960,12/9/2017,12/11/2017,Second Class,DB-13210,Dean Braden,Consumer,United States,Detroit,Michigan,48234.0,Central,OFF-AR-10001860,Office Supplies,Art,BIC Liqua Brite Liner,34.7,5.0,0.0,12.492,CRM,,Urgent
3653.0,CA-2017-109960,12/9/2017,12/11/2017,Second Class,DB-13210,Dean Braden,Consumer,United States,Detroit,Michigan,48234.0,Central,OFF-BI-10001636,Office Supplies,Binders,Ibico Plastic and Wire Spiral Binding Combs,33.72,4.0,0.0,15.5112,CRM,Pending,Urgent
3654.0,CA-2017-109960,12/9/2017,12/11/2017,Second Class,DB-13210,Dean Braden,Consumer,United States,Detroit,Michigan,48234.0,Central,OFF-PA-10000349,Office Supplies,Paper,Easy-staple paper,14.94,3.0,0.0,7.0218,ERP,Approved,Check later
3655.0,CA-2017-133004,31 Aug 2017,9/5/2017,Standard Class,AJ-10945,Ashley Jarboe,Consumer,United States,Lawrence,Indiana,46226.0,Central,OFF-AP-10002439,Office Supplies,Appliances,Tripp Lite Isotel 8 Ultra 8 Outlet Metal Surge,638.73,9.0,0.0,166.0698,Manual Upload,Pending,
3656.0,CA-2017-168102,4/24/2017,4/30/2017,Standard Class,CP-12340,Christine Phan,Corporate,United States,Jacksonville,Florida,32216.0,South,OFF-ST-10001370,Office Supplies,Storage,Sensible Storage WireTech Storage Systems,113.568,2.0,0.2,-21.294,ERP,Pending,
3657.0,CA-2017-158036,9/8/2017,9/14/2017,Standard Class,DB-13555,Dorothy Badders,CORP,United States,Dublin,Ohio,43017.0,East,TEC-AC-10002558,Technology,Accessories,Imation Swivel Flash Drive USB flash drive - 8 GB,9.096,1.0,0.2,1.7055,ERP,,Urgent
3658.0,CA-2015-128083,3/12/2015,3/17/2015,Standard Class,EB-13750,Edward Becker,Corporate,United States,Plantation,Florida,33317.0,South,OFF-EN-10004030,Office Supplies,Envelopes,Convenience Packs of Business Envelopes,8.688,3.0,0.2,2.9322,Manual Upload,Rejected,Duplicate?
3659.0,CA-2015-128083,3/12/2015,3/17/2015,Standard Class,EB-13750,Edward Becker,Corporate,United States,Plantation,Florida,33317.0,South,FUR-FU-10003194,Furniture,Furnishings,"Eldon Expressions Desk Accessory, Wood Pencil Holder, Oak",30.88,4.0,0.2,3.86,CRM,Rejected,Check later
3660.0,CA-2015-128083,3/12/2015,3/17/2015,Standard Class,EB-13750,Edward Becker,Corporate,United States,Plantation,Florida,33317.0,South,FUR-FU-10001731,Furniture,Furnishings,Acrylic Self-Standing Desk Frames,6.408,3.0,0.2,1.4418,ERP,Pending,Check later
3661.0,CA-2016-161676,7/18/2016,7/23/2016,Standard Class,JP-15460,Jennifer Patt,Corporate,United States,Glendale,Arizona,85301.0,West,OFF-SU-10004782,Office Supplies,Supplies,"Elite 5"" Scissors",33.8,5.0,0.2,4.225,ERP,Rejected,Duplicate?
3662.0,CA-2016-155005,6/13/2016,6/15/2016,Second Class,SC-20050,Sample Company A,Home Office,United States,Jackson,Michigan,49201.0,Central,TEC-PH-10003484,tech,Phones,Ooma Telo VoIP Home Phone System,377.97,3.0,0.0,94.4925,Manual Upload,Pending,
3663.0,US-2017-129777,03-07-2017,7/9/2017,Standard Class,FM-14290,Frank Merwin,Home Office,United States,Quincy,Massachusetts,2169.0,East,TEC-AC-10003590,Technology,Accessories,"TRENDnet 56K USB 2.0 Phone, Internet and Fax Modem",258.9,10.0,0.0,93.204,Legacy,Approved,Duplicate?
3664.0,US-2017-129777,7/3/2017,7/9/2017,Standard Class,FM-14290,Frank Merwin,Home Office,United States,Quincy,Massachusetts,2169.0,East,OFF-PA-10001970,Office Supplies,Paper,Xerox 1881,24.56,2.0,0.0,11.5432,ERP,Rejected,Urgent
3665.0,CA-2014-129364,12/8/2014,12/13/2014,Standard Class,TB-21250,Tim Brockman,Consumer,United States,Salem,Oregon,97301.0,West,OFF-LA-10001569,Office Supplies,Labels,Avery 499,27.888,7.0,0.2,9.0636,ERP,,Urgent
3666.0,CA-2014-129364,2014/12/08,12/13/2014,Standard Class,TB-21250,Tim Brockman,Consumer,United States,Salem,Oregon,97301.0,West,OFF-BI-10001132,Office Supplies,Binders,"Acco PRESSTEX Data Binder with Storage Hooks, Dark Blue, 9 1/2"" X 11""",6.456,4.0,0.7,-4.5192,Legacy,Approved,
3667.0,CA-2014-129364,12/8/2014,12/13/2014,Standard Class,TB-21250,Tim Brockman,Consumer,United States,Salem,Oregon,97301.0,West,TEC-PH-10003095,Technology,Phones,Samsung HM1900 Bluetooth Headset,52.68,3.0,0.2,19.755,Legacy,Approved,Check later
3668.0,CA-2014-129364,12/8/2014,12/13/2014,Standard Class,TB-21250,Tim Brockman,Consumer,United States,Salem,Oregon,97301.0,West,OFF-SU-10000432,Office Supplies,Supplies,Acco Side-Punched Conventional Columnar Pads,13.88,5.0,0.2,-2.6025,Manual Upload,,Check later
3669.0,CA-2014-129364,12/8/2014,12/13/2014,Standard Class,TB-21250,Tim Brockman ,Consumer,United States,Salem,Oregon,97301.0,West,TEC-AC-10004227,Technology,Accessories,SanDisk Ultra 16 GB MicroSDHC Class 10 Memory Card,103.92,10.0,0.2,-18.186,Manual Upload,,Check later
3670.0,CA-2014-129364,12/8/2014,12/13/2014,Standard Class,TB-21250,Tim Brockman,Consumer,United States,Salem,Oregon,97301.0,West,OFF-LA-10004409,Office Supplies,Labels,Avery 492,11.52,5.0,0.2,3.744,CRM,Rejected,Check later
3671.0,CA-2014-129364,12/8/2014,12/13/2014,Standard Class,TB-21250,Tim Brockman,Consumer,United States,Salem,Oregon,97301.0,West,OFF-PA-10001569,Office Supplies,Paper,Xerox 232,10.368,2.0,0.2,3.6288,Legacy,,Check later
3672.0,CA-2014-129364,12/8/2014,12/13/2014,Standard Class,TB-21250,Tim Brockman,Consumer,United States,Salem,Oregon,97301.0,West,OFF-ST-10001031,Office Supplies,Storage,Adjustable Personal File Tote,39.072,3.0,0.2,2.9304,ERP,Approved,Check later
3673.0,CA-2016-104969,4/8/2016,4/14/2016,Standard Class,EH-14125,Eugene Hildebrand,Home Office,United States,Troy,Ohio,45373.0,East,OFF-EN-10002312,Office Supplies,Envelopes,#10 Self-Seal White Envelopes,8.872,1.0,0.2,3.2161,Legacy,Pending,Duplicate?
3674.0,CA-2016-104969,4/8/2016,4/14/2016,Standard Class,EH-14125,Eugene Hildebrand,Home Office,United States,Troy,Ohio,45373.0,East,OFF-BI-10004224,Office Supplies,Binders,Catalog Binders with Expanding Posts,121.104,6.0,0.7,-100.92,ERP,Rejected,Duplicate?
3675.0,CA-2017-154109,11/6/2017,11/11/2017,Standard Class,ML-17410,Maris LaWare,Consumer,United States,Philadelphia,Pennsylvania,19143.0,East,FUR-CH-10003774,Furniture,Chairs,"Global Wood Trimmed Manager's Task Chair, Khaki",127.372,2.0,0.3,-30.9332,Manual Upload,,
3676.0,CA-2017-154109,11/6/2017,11/11/2017,Standard Class,ML-17410,Maris LaWare,Consumer,United States,Philadelphia,Pennsylvania,19143.0,East,OFF-PA-10000157,Office Supplies,Paper,Xerox 191,47.952,3.0,0.2,16.1838,CRM,Rejected,
3677.0,CA-2015-156440,12/5/2015,12/9/2015,Standard Class,MH-17620,Matt Hagelstein,Corporate,United States,San Diego,California,92105.0,West,FUR-FU-10004090,Furniture,Furnishings,"Executive Impressions 14"" Contract Wall Clock",44.46,2.0,0.0,14.6718,Manual Upload,Rejected,Urgent
3678.0,CA-2015-132626,7/9/2015,7/14/2015,Standard Class,BT-11680,Brian Thompson,Consumer,United States,Clinton,Maryland,20735.0,East,OFF-FA-10002763,Office Supplies,Fasteners,Advantus Map Pennant Flags and Round Head Tacks,15.8,4.0,0.0,5.056,Legacy,Pending,
3679.0,CA-2015-132626,7/9/2015,7/14/2015,Standard Class,BT-11680,Brian Thompson,Consumer,United States,Clinton,Maryland,20735.0,East,TEC-MA-10002428,Technology,Machines,Fellowes Powershred HS-440 4-Sheet High Security Shredder,464.97,3.0,0.0,209.2365,ERP,,
3680.0,CA-2015-132626,7/9/2015,7/14/2015,Standard Class,BT-11680,Brian Thompson,Consumer,United States,Clinton,Maryland,20735.0,East,FUR-FU-10002918,Furniture,Furnishings,Eldon ClusterMat Chair Mat with Cordless Antistatic Protection,181.96,2.0,0.0,20.0156,CRM,,Urgent
3681.0,CA-2015-132626,7/9/2015,7/14/2015,Standard Class,BT-11680,Brian Thompson,Consumer,United States,Clinton,Maryland,20735.0,East,OFF-LA-10000476,Office Supplies,Labels,"Avery 05222 Permanent Self-Adhesive File Folder Labels for Typewriters, on Rolls, White, 250/Roll",12.39,3.0,0.0,5.6994,Manual Upload,,
3682.0,CA-2015-132626,7/9/2015,7/14/2015,Standard Class,BT-11680,Brian Thompson,Consumer,United States,Clinton,Maryland,20735.0,East,OFF-BI-10002854,Office Supplies,Binders,"Performers Binder/Pad Holder, Black",84.09,3.0,0.0,42.045,Manual Upload,,Check later
3683.0,CA-2015-132626,7/9/2015,7/14/2015,Standard Class,BT-11680,Brian Thompson,Consumer,United States,Clinton,Maryland,20735.0,East,OFF-AR-10002987,office_supplies,Art,Prismacolor Color Pencil Set,79.36,4.0,0.0,32.5376,CRM,Pending,Check later
3684.0,CA-2015-132626,7/9/2015,7/14/2015,Standard Class,BT-11680,Brian Thompson,Consumer,United States,Clinton,Maryland,20735.0,East,OFF-BI-10004001,Office Supplies,Binders,GBC Recycled VeloBinder Covers,153.36,9.0,0.0,70.5456,ERP,Pending,Urgent
3685.0,CA-2015-132626,7/9/2015,7/14/2015,Standard Class,BT-11680,Brian Thompson,Consumer,United States,Clinton,Maryland,20735.0,East,OFF-BI-10001634,Office Supplies,Binders,Wilson Jones Active Use Binders,43.68,6.0,0.0,21.4032,ERP,Approved,
3686.0,CA-2015-132626,7/9/2015,7/14/2015,Standard Class,BT-11680,Brian Thompson,Consumer,United States,Clinton,Maryland,20735.0,East,OFF-ST-10003722,Office Supplies,Storage,Project Tote Personal File,98.21,7.0,0.0,28.4809,CRM,Approved,
3687.0,CA-2016-102792,12/13/2016,12/19/2016,Standard Class,JC-15340,Jasper Cacioppo,Consumer,United States,Riverside,California,92503.0,West,OFF-AR-10004757,Office Supplies,Art,Crayola Colored Pencils,9.84,3.0,0.0,3.2472,Legacy,Approved,
3688.0,CA-2016-108567,5/20/2016,5/24/2016,Standard Class,DB-13210,Dean Braden,Consumer,United States,Port Saint Lucie,Florida,34952.0,South,OFF-BI-10004140,Office Supplies,Binders,Avery Non-Stick Binders,2.694,2.0,0.7,-2.245,CRM,Rejected,Duplicate?
3689.0,CA-2017-140760,6/2/2017,6/5/2017,Second Class,DO-13435,Denny Ordway,Consumer,United States,Mesa,Arizona,85204.0,West,OFF-PA-10002479,Office Supplies,Paper,Xerox 4200 Series MultiUse Premium Copy Paper (20Lb. and 84 Bright),25.344,6.0,0.2,7.92,Legacy,Pending,
3690.0,CA-2017-140760,6/2/2017,6/5/2017,Second Class,DO-13435,Denny Ordway,Consumer,United States,Mesa,Arizona,85204.0,West,OFF-EN-10001141,Office Supplies,Envelopes,"Manila Recycled Extra-Heavyweight Clasp Envelopes, 6"" x 9""",43.92,5.0,0.2,15.921,Legacy,Pending,Urgent
3691.0,US-2015-131359,10/30/2015,11/2/2015,Second Class,FA-14230,Frank Atkinson,Corporate,United States,Denver,Colorado,80219.0,West,TEC-MA-10000597,Technology,Machines,Lexmark S315 Color Inkjet Printer,59.994,2.0,0.7,-45.9954,ERP,Approved,Urgent
3692.0,US-2015-131359,10/30/2015,11/2/2015,Second Class,FA-14230,Frank Atkinson,Corporate,United States,Denver,Colorado,80219.0,West,TEC-CO-10001571,Technology,Copiers,Sharp 1540cs Digital Laser Copier,439.992,1.0,0.2,164.997,Manual Upload,Rejected,Urgent
3693.0,US-2015-131359,10/30/2015,11/2/2015,Second Class,FA-14230,Frank Atkinson,Corporate,United States,Denver,Colorado,80219.0,West,TEC-PH-10004531,Technology,Phones,OtterBox Commuter Series Case - iPhone 5 & 5s,87.96,5.0,0.2,30.786,Manual Upload,Approved,Duplicate?
3694.0,US-2015-131359,10/30/2015,11/2/2015,Second Class,FA-14230,Frank Atkinson,Corporate,United States,Denver,Colorado,80219.0,West,FUR-FU-10003026,Furniture,Furnishings,"Eldon Regeneration Recycled Desk Accessories, Black",15.488,4.0,0.2,3.6784,CRM,Approved,
3695.0,CA-2016-142097,10/15/2016,10/20/2016,Standard Class,QJ-19255,Quincy Jones,Corporate,United States,Springfield,Virginia,22153.0,South,OFF-BI-10002082,Office Supplies,Binders,GBC Twin Loop Wire Binding Elements,232.96,7.0,0.0,116.48,Manual Upload,,Duplicate?
3696.0,CA-2016-142097,10/15/2016,10/20/2016,Standard Class,QJ-19255,Quincy Jones,Corporate,United States,Springfield,Virginia,22153.0,South,OFF-EN-10002312,Office Supplies,Envelopes,#10 Self-Seal White Envelopes,66.54,6.0,0.0,32.6046,CRM,Approved,Duplicate?
3697.0,CA-2016-142097,10/15/2016,10/20/2016,Standard Class,QJ-19255,Quincy Jones,Corporate,United States,Springfield,Virginia,22153.0,South,OFF-AP-10000696,Office Supplies,Appliances,Holmes Odor Grabber,43.26,3.0,0.0,14.2758,Manual Upload,Rejected,Duplicate?
3698.0,CA-2015-151680,11/19/2015,11/21/2015,Second Class,TC-21475,Tony Chapman,Home Office,United States,Seattle,Washington,98115.0,West,FUR-FU-10000305,Furniture,Furnishings,"Tenex V2T-RE Standard Weight Series Chair Mat, 45"" x 53"", Lip 25"" x 12""",141.96,2.0,0.0,22.7136,Manual Upload,Rejected,Urgent
3699.0,CA-2014-140039,9/13/2014,9/17/2014,Standard Class,ON-18715,Odella Nelson,Corporate,United States,Tempe,Arizona,85281.0,West,OFF-ST-10001034,Office Supplies,Storage,Eldon File Chest Portable File,79.4,5.0,0.2,5.955,Manual Upload,Rejected,Check later
3700.0,CA-2017-160416,11/13/2017,11/18/2017,Second Class,AD-10180,Alan Dominguez,Home Office,United States,Yonkers,New York,10701.0,East,TEC-AC-10004114,Technology,Accessories,KeyTronic 6101 Series - Keyboard - Black,163.96,4.0,0.0,70.5028,Manual Upload,Rejected,
3701.0,CA-2017-169411,12/24/2017,12/29/2017,Standard Class,AC-10615,Ann Chong,Corporate,United States,Rochester,New York,14609.0,East,FUR-FU-10001602,Furniture,Furnishings,"Eldon Delta Triangular Chair Mat, 52"" x 58"", Clear",37.93,1.0,0.0,6.8274,ERP,Rejected,Urgent
3702.0,CA-2016-126543,1/9/2016,1/13/2016,Second Class,MF-17665,Maureen Fritzler,Corporate,United States,Toledo,Ohio,43615.0,East ,FUR-FU-10002445,Furniture,Furnishings,"DAX Two-Tone Rosewood/Black Document Frame, Desktop, 5 x 7",15.168,2.0,0.2,3.792,Legacy,,
3703.0,CA-2015-104941,6/13/2015,6/19/2015,Standard Class,DH-13075,Dave Hallsten,Corporate,United States,Decatur,Alabama,35601.0,South,OFF-AR-10004269,Office Supplies,Art,Newell 31,24.78,6.0,0.0,6.9384,ERP,Pending,
3704.0,CA-2015-104941,6/13/2015,6/19/2015,Standard Class,DH-13075,Dave Hallsten,Corporate,United States,Decatur,Alabama,35601.0,South,OFF-BI-10001249,Office Supplies,Binders,Avery Heavy-Duty EZD View Binder with Locking Rings,19.14,3.0,0.0,8.8044,Manual Upload,Pending,
3705.0,CA-2015-104941,6/13/2015,6/19/2015,Standard Class,DH-13075,Dave Hallsten,Corporate,United States,Decatur,Alabama,35601.0,South,TEC-CO-10004202,Technology,Copiers,Brother DCP1000 Digital 3 in 1 Multifunction Machine,899.97,3.0,0.0,314.9895,CRM,Approved,
3706.0,CA-2015-104941,6/13/2015,6/19/2015,Standard Class,DH-13075,Dave Hallsten,Corporate,United States,Decatur,Alabama,35601.0,South,OFF-PA-10003363,Office Supplies,Paper,Xerox 204,32.4,5.0,0.0,15.552,ERP,Approved,Duplicate?
3707.0,CA-2017-160087,3/18/2017,3/22/2017,Standard Class,EN-13780,Edward Nazzal,Consumer,United States,Dallas,Texas,75220.0,Central,OFF-AR-10001915,Office Supplies,Art,Peel-Off China Markers,23.832,3.0,0.2,6.5538,Manual Upload,Approved,
3708.0,CA-2014-120544,11/23/2014,11/27/2014,Standard Class,SS-20140,Saphhira Shifley,Corporate,United States,Mesquite,Texas,75150.0,Central,FUR-FU-10001940,Furniture,Furnishings,Staple-based wall hangings,6.368,2.0,0.6,-2.5472,ERP,Rejected,Check later
3709.0,CA-2014-120544,11/23/2014,11/27/2014,Standard Class,SS-20140,Saphhira Shifley,Corporate,United States,Mesquite,Texas,75150.0,Central,OFF-AP-10004336,Office Supplies,Appliances,"Conquest 14 Commercial Heavy-Duty Upright Vacuum, Collection System, Accessory Kit",34.176,3.0,0.8,-87.1488,Legacy,Rejected,
3710.0,CA-2014-120544,11/23/2014,11/27/2014,Standard Class,SS-20140,Saphhira Shifley,Corporate,United States,Mesquite,Texas,75150.0,Central,TEC-AC-10003709,Technology,Accessories,Maxell 4.7GB DVD-R 5/Pack,5.544,7.0,0.2,1.6632,ERP,Rejected,Duplicate?
3711.0,CA-2017-113670,10/15/2017,10/17/2017,First Class,RS-19765,Roland Schwarz,Corporate,United States,Los Angeles,California,90045.0,West,FUR-TA-10001705,Furniture,Tables,Bush Advantage Collection Round Conference Table,510.24,3.0,0.2,6.378,Legacy,Pending,Urgent
3712.0,CA-2017-113670,10/15/2017,10/17/2017,First Class,RS-19765,Roland Schwarz,Corporate,United States,Los Angeles,California,90045.0,West,OFF-PA-10000675,Office Supplies,Paper,Xerox 1919,204.95,5.0,0.0,100.4255,Legacy,,Urgent
3713.0,CA-2017-166198,4/21/2017,4/24/2017,First Class,JW-15955,Joni Wasserman,Consumer,United States,Seattle,Washington,98103.0,West,TEC-AC-10000521,Technology,Accessories,"Verbatim Slim CD and DVD Storage Cases, 50/Pack",11.54,1.0,0.0,3.462,Legacy,Rejected,Duplicate?
3714.0,CA-2017-166198,4/21/2017,4/24/2017,First Class,JW-15955,Joni Wasserman,Consumer,United States,Seattle,Washington,98103.0,West,FUR-FU-10004622,Furniture,Furnishings,Eldon Advantage Foldable Chair Mats for Low Pile Carpets,162.6,3.0,0.0,34.146,Legacy,Pending,Duplicate?
3715.0,CA-2014-135608,12/8/2014,12/10/2014,SecondClass,JK-15625,Jim Karlsson,Consumer,United States,Olympia,Washington,98502.0,West,OFF-PA-10001954,Office Supplies,Paper,Xerox 1964,45.68,2.0,0.0,21.0128,Legacy,Pending,Check later
3716.0,CA-2014-135608,12/8/2014,12/10/2014,Second Class,JK-15625,Jim Karlsson,Consumer,United States,Olympia,Washington,98502.0,West,FUR-CH-10002602,Furniture,Chairs,DMI Arturo Collection Mission-style Design Wood Chair,603.92,5.0,0.2,45.294,ERP,Rejected,Urgent
3717.0,CA-2017-144568,5/29/2017,6/2/2017,Standard Class,JO-15550,Jesus Ocampo,Home Office,United States,Omaha,Nebraska,68104.0,Central,OFF-FA-10004395,Office Supplies,Fasteners,Plymouth Boxed Rubber Bands by Plymouth,23.55,5.0,0.0,1.1775,Manual Upload,Rejected,
3718.0,CA-2016-142370,9/19/2016,9/23/2016,Standard Class,TP-21130,Theone Pippenger,Consumer,United States,Columbus,Georgia,31907.0,South,OFF-SU-10003002,Office Supplies,Supplies,Letter Slitter,5.04,2.0,0.0,0.1512,Legacy,,Urgent
3719.0,CA-2016-142370,9/19/2016,9/23/2016,Standard Class,TP-21130,Theone Pippenger,Consumer,United States,Columbus,Georgia,31907.0,South,TEC-AC-10002926,Technology,Accessories,Logitech Wireless Marathon Mouse M705,249.95,5.0,0.0,107.4785,Legacy,,
3720.0,CA-2016-105900,9/17/2016,9/23/2016,Standard Class,BS-11590,Brendan Sweed,Corporate,United States,Columbus,Indiana,47201.0,Central,OFF-AR-10002656,Office Supplies,Art,Sanford Liquid Accent Highlighters,33.4,5.0,0.0,12.358,ERP,Pending,
3721.0,CA-2016-151155,12/20/2016,12/24/2016,Standard Class,AB-10255,Alejandro Ballentine,Home Office,United States,Jackson,Mississippi,39212.0,South,FUR-FU-10001918,Furniture,Furnishings,C-Line Cubicle Keepers Polyproplyene Holder With Velcro Backings,18.92,4.0,0.0,7.3788,CRM,Rejected,
3722.0,CA-2016-151155,12/20/2016,12/24/2016,Standard Class,AB-10255,Alejandro Ballentine,Home Office,United States,Jackson,Mississippi,39212.0,South,OFF-BI-10003910,Office Supplies,Binders,DXL Angle-View Binders with Locking Rings by Samsill,15.42,2.0,0.0,6.939,ERP,Pending,Urgent
3723.0,CA-2017-144036,11/22/2017,11/26/2017,Standard Class,FO-14305,Frank Olsen,Consumer,United States,Houston,Texas,77070.0,Central,OFF-AR-10000122,OfficeSupply,Art,Newell 314,35.712,8.0,0.2,2.232,CRM,Approved,
3724.0,US-2014-169789,12/30/2014,1/4/2015,Standard Class,MF-17665,Maureen Fritzler,Corporate,United States,Phoenix,Arizona,85023.0,West,OFF-BI-10004600,Office Supplies,Binders,Ibico Ibimaster 300 Manual Binding System,551.985,5.0,0.7,-459.9875,Legacy,Approved,
3725.0,CA-2017-127264,4/3/2017,4/5/2017,First Class,SA-20830,Sue Ann Reed,Consumer,United States,Chicago,Illinois,60653.0,Central,OFF-AR-10003045,Office Supplies,Art,Prang Colored Pencils,7.056,3.0,0.2,2.205,Legacy,Rejected,Urgent
3726.0,CA-2016-151512,12/26/2016,1/2/2017,Standard Class,SH-19975,Sally Hughsby,Corporate,United States,Denver,Colorado,80219.0,West,OFF-AP-10000252,Office Supplies,Appliances,Harmony HEPA Quiet Air Purifiers,18.72,2.0,0.2,3.51,ERP,,Duplicate?
3727.0,CA-2016-165169,6/5/2016,6/11/2016,Standard Class,JL-15235,Janet Lee,Consumer,United States,Newark,Delaware,19711.0,East,OFF-ST-10001496,Office Supplies,Storage,Standard Rollaway File with Lock,360.38,2.0,0.0,93.6988,Manual Upload,Pending,
3728.0,CA-2016-165169,6/5/2016,6/11/2016,Standard Class,JL-15235,Janet Lee,Consumer,United States,Newark,Delaware,19711.0,East,OFF-AR-10000122,Office Supplies,Art,Newell 314,11.16,2.0,0.0,2.79,Legacy,Rejected,Check later
3729.0,CA-2016-165169,6/5/2016,6/11/2016,Standard Class,JL-15235,janet lee,Consumer,United States,Newark,Delaware,19711.0,East,OFF-LA-10000407,Office Supplies,Labels,Avery White Multi-Purpose Labels,14.94,3.0,0.0,6.8724,CRM,Approved,Check later
3730.0,CA-2015-109575,9/18/2015,9/23/2015,Standard Class,KH-16630,Ken Heidel,Corporate,United States,Clinton,Maryland,20735.0,East,OFF-ST-10004950,Office Supplies,Storage,Acco Perma 3000 Stacking Storage Drawers,41.96,2.0,0.0,7.9724,Legacy,Approved,Check later
3731.0,CA-2015-109575,9/18/2015,9/23/2015,Standard Class,KH-16630,Ken Heidel,Corporate,United States,Clinton,Maryland,20735.0,East,OFF-ST-10004123,Office Supplies,Storage,Safco Industrial Wire Shelving System,636.86,7.0,0.0,0.0,ERP,Pending,Urgent
3732.0,CA-2015-109575,9/18/2015,9/23/2015,Standard Class,KH-16630,Ken Heidel,Corporate,United States,Clinton,Maryland,20735.0,East,TEC-PH-10000730,Technology,Phones,Samsung Galaxy S4 Active,499.99,1.0,0.0,129.9974,ERP,Approved,Check later
3733.0,CA-2015-109575,9/18/2015,9/23/2015,Standard Class,KH-16630,Ken Heidel,Corporate,United States,Clinton,Maryland,20735.0,East,TEC-PH-10000895,Technology,Phones,Polycom VVX 310 VoIP phone,1259.93,7.0,0.0,327.5818,Manual Upload,,Check later
3734.0,CA-2015-109575,9/18/2015,9/23/2015,Standard Class,KH-16630,Ken Heidel,Corporate,United States,Clinton,Maryland,20735.0,East,OFF-BI-10000962,Office Supplies,Binders,"Acco Flexible ACCOHIDE Square Ring Data Binder, Dark Blue, 11 1/2"" X 14"" 7/8""",65.08,4.0,0.0,31.8892,Legacy,Approved,Check later
3735.0,CA-2017-168193,3/6/2017,3/11/2017,Second Class,RM-19750,Roland Murray,Consumer,United States,New York City,New York,10011.0,East,OFF-PA-10002254,Office Supplies,Paper,Xerox 1883,26.38,1.0,0.0,12.1348,CRM,Rejected,
3736.0,CA-2017-168193,3/6/2017,3/11/2017,Second Class,RM-19750,Roland Murray,Consumer,United States,New York City,New York,10011.0,East,FUR-FU-10002554,Furniture,Furnishings,"Westinghouse Floor Lamp with Metal Mesh Shade, Black",71.97,3.0,0.0,16.5531,CRM,,
3737.0,CA-2016-115476,3/17/2016,3/17/2016,Same Day,VM-21835,Vivian Mathis,Consumer,United States,Newark,Delaware,19711.0,East,TEC-PH-10000673,Technology,Phones,Plantronics Voyager Pro HD - Bluetooth Headset,129.98,2.0,0.0,62.3904,Legacy,,
3738.0,CA-2016-115476,3/17/2016,3/17/2016,Same Day,VM-21835,Vivian Mathis,Consumer,United States,Newark,Delaware,19711.0,East,OFF-BI-10000962,Office Supplies,Binders,"Acco Flexible ACCOHIDE Square Ring Data Binder, Dark Blue, 11 1/2"" X 14"" 7/8""",32.54,2.0,0.0,15.9446,Legacy,,
3739.0,CA-2016-133340,12/9/2016,12/13/2016,Standard Class,LH-17155,Logan Haushalter,Consumer,United States,Jackson,Michigan,49201.0,Central,TEC-PH-10003988,Technology,Phones,"LF Elite 3D Dazzle Designer Hard Case Cover, Lf Stylus Pen and Wiper For Apple Iphone 5c Mini Lite",10.9,1.0,0.0,3.052,Manual Upload,,Check later
3740.0,CA-2016-133340,12/9/2016,12/13/2016,Standard Class,LH-17155,Logan Haushalter,Consumer,United States,Jackson,Michigan,49201.0,Central,TEC-AC-10001109,Technology,Accessories,Logitech Trackman Marble Mouse,59.98,2.0,0.0,25.1916,ERP,Approved,Check later
3741.0,CA-2016-133340,12/9/2016,12/13/2016,Standard Class,LH-17155,Logan Haushalter,Consumer,United States,Jackson,Michigan,49201.0,Central,OFF-AP-10002311,Office Supplies,Appliances,"Holmes Replacement Filter for HEPA Air Cleaner, Very Large Room, HEPA Filter",61.929,1.0,0.1,23.3954,CRM,,Urgent
3742.0,CA-2016-137848,1/15/2016,1/21/2016,Standard Class,WB-21850,William Brown,Consumer,United States,New York City,New York,10011.0,East,OFF-EN-10001137,Office Supplies,Envelopes,"#10 Gummed Flap White Envelopes, 100/Box",16.52,4.0,0.0,7.5992,ERP,Approved,
3743.0,CA-2016-137848,1/15/2016,1/21/2016,Standard Class,WB-21850,William Brown,Consumer,United States,New York City,New York,10011.0,East,OFF-PA-10004285,Office Supplies,Paper,Xerox 1959,60.12,9.0,0.0,28.8576,ERP,Rejected,
3744.0,CA-2016-137848,1/15/2016,1/21/2016,Standard Class,WB-21850,William Brown,Consumer,United States,New York City,New York,10011.0,East,OFF-BI-10002225,Office Supplies,Binders,"Square Ring Data Binders, Rigid 75 Pt. Covers, 11"" x 14-7/8""",49.536,3.0,0.2,17.3376,Legacy,Approved,
3745.0,CA-2014-113047,10/24/2014,10/24/2014,Same Day,AP-10915,Arthur Prichep,Consumer,United States,Rock Hill,South Carolina,29730.0,South,OFF-FA-10002763,Office Supplies,Fasteners,Advantus Map Pennant Flags and Round Head Tacks,11.85,3.0,0.0,3.792,Manual Upload,,Urgent
3746.0,CA-2016-149979,9/23/2016,9/28/2016,Second Class,RA-19915,Russell Applegate,Consumer,United States,Columbus,Georgia,31907.0,South,OFF-ST-10003058,Office Supplies,Storage,Eldon Mobile Mega Data Cart  Mega Stackable  Add-On Trays,118.25,5.0,0.0,34.2925,Manual Upload,,Urgent
3747.0,CA-2016-149979,9/23/2016,9/28/2016,Second Class,RA-19915,Russell Applegate,Consumer,United States,Columbus,Georgia,31907.0,South,FUR-CH-10002084,Furniture,Chairs,Hon Mobius Operator's Chair,368.97,3.0,0.0,81.1734,Legacy,,
3748.0,CA-2017-161956,8/27/2017,8/29/2017,Second Class,DR-12880,Dan Reichenbach,Corporate,United States,Inglewood,California,90301.0,West,FUR-FU-10002937,Furniture,Furnishings,"GE 48"" Fluorescent Tube, Cool White Energy Saver, 34 Watts, 30/Box",198.46,2.0,0.0,99.23,CRM,Rejected,
3749.0,CA-2017-161956,8/27/2017,8/29/2017,Second Class,DR-12880,Dan Reichenbach,Corporate,United States,Inglewood,California,90301.0,West,OFF-AP-10001242,Office Supplies,Appliances,APC 7 Outlet Network SurgeArrest Surge Protector,321.92,4.0,0.0,96.576,Manual Upload,Rejected,
3750.0,CA-2017-161956,8/27/2017,8/29/2017,Second Class,DR-12880,Dan Reichenbach,Corporate,United States,Inglewood,California,90301.0,West,TEC-CO-10001571,Technology,Copiers,Sharp 1540cs Digital Laser Copier,879.984,2.0,0.2,329.994,CRM,Rejected,
3751.0,CA-2017-161956,8/27/2017,8/29/2017,Second Class,DR-12880,Dan Reichenbach,Corporate,United States,Inglewood,California,90301.0,West,OFF-SU-10002503,Office Supplies,Supplies,Acme Preferred Stainless Steel Scissors,28.4,5.0,0.0,8.236,Legacy,Pending,
3752.0,CA-2017-161956,8/27/2017,8/29/2017,Second Class,DR-12880,Dan Reichenbach,Corporate,United States,Inglewood,California,90301.0,West,FUR-CH-10004886,Furniture,Chairs,Bevis Steel Folding Chairs,230.28,3.0,0.2,23.028,Manual Upload,Rejected,Duplicate?
3753.0,CA-2017-161956,8/27/2017,8/29/2017,Second Class,DR-12880,Dan Reichenbach,Corporate,United States,Inglewood,California,90301.0,West,OFF-PA-10001289,Office Supplies,Paper,White Computer Printout Paper by Universal,116.28,3.0,0.0,56.9772,Legacy,Rejected,Duplicate?
3754.0,CA-2017-161956,8/27/2017,8/29/2017,Second Class,DR-12880,Dan Reichenbach,Corporate,United States,Inglewood,California,90301.0,West,OFF-BI-10003650,Office Supplies,Binders,GBC DocuBind 300 Electric Binding Machine,841.568,2.0,0.2,294.5488,Legacy,Approved,Check later
3755.0,CA-2017-161956,8/27/2017,8/29/2017,Second Class,DR-12880,Dan Reichenbach,Corporate,United States,Inglewood,California,90301.0,West,OFF-ST-10001370,Office Supplies,Storage,Sensible Storage WireTech Storage Systems,354.9,5.0,0.0,17.745,Legacy,Pending,Urgent
3756.0,CA-2016-116799,3/3/2016,3/6/2016,First Class,JG-15310,Jason Gross,Corporate,United States,Odessa,Texas,79762.0,Central,OFF-PA-10001892,Office Supplies,Paper,"Rediform Wirebound ""Phone Memo"" Message Book, 11 x 5-3/4",42.784,7.0,0.2,15.5092,Manual Upload,Approved,Check later
3757.0,CA-2016-116799,3/3/2016,3/6/2016,First Class,JG-15310,Jason Gross,Corporate,United States,Odessa,Texas,79762.0,Central,FUR-CH-10004983,Furniture,Chairs,Office Star - Mid Back Dual function Ergonomic High Back Chair with 2-Way Adjustable Arms,563.43,5.0,0.3,-56.343,ERP,,Duplicate?
3758.0,CA-2016-111283,2/29/2016,3/4/2016,Standard Class,LC-16870,Lena Cacioppo,Consumer,United States,Newark,Ohio,43055.0,East,OFF-AR-10001615,Office Supplies,Art,Newell 34,111.104,7.0,0.2,8.3328,Legacy,,
3759.0,CA-2015-167745,9/18/2015,9/23/2015,Standard Class,GB-14530,George Bell,Corporate,United States,Los Angeles,California,90049.0,West,OFF-AR-10003602,Office Supplies,Art,"Quartet Omega Colored Chalk, 12/Pack",11.68,2.0,0.0,5.4896,CRM,Approved,Urgent
3760.0,CA-2015-167745,18 Sep 2015,9/23/2015,Standard Class,GB-14530,George Bell,Corporate,United States,Los Angeles,California,90049.0,West,OFF-SU-10004782,Office Supplies,Supplies,"Elite 5"" Scissors",16.9,2.0,0.0,5.07,Manual Upload,Pending,
3761.0,CA-2015-167745,9/18/2015,9/23/2015,Standard Class,GB-14530,George Bell,Corporate,United States,Los Angeles,California,90049.0,West,FUR-FU-10001591,Furniture,Furnishings,Advantus Panel Wall Certificate Holder - 8.5x11,24.4,2.0,0.0,10.248,Legacy,Approved,
3762.0,CA-2017-104577,5/12/2017,5/17/2017,Standard Class,CK-12205,Chloris Kastensmidt,Consumer,United States,Everett,Massachusetts,2149.0,East,OFF-PA-10000659,Office Supplies,Paper,"TOPS Carbonless Receipt Book, Four 2-3/4 x 7-1/4 Money Receipts per Page",87.6,5.0,0.0,42.048,CRM,Rejected,Check later
3763.0,CA-2016-156251,8/13/2016,8/18/2016,SecondClass,TS-21160,Theresa Swint,Corporate,United States,West Allis,Wisconsin,53214.0,Central,FUR-BO-10001337,Furniture,Bookcases,O'Sullivan Living Dimensions 2-Shelf Bookcases,241.96,2.0,0.0,24.196,Legacy,,
3764.0,CA-2016-156251,8/13/2016,8/18/2016,Second Class,TS-21160,Theresa Swint,Corporate,United States,West Allis,Wisconsin,53214.0,Central,OFF-BI-10003529,Office Supplies,Binders,Avery Round Ring Poly Binders,8.52,3.0,0.0,4.1748,CRM,Approved,Urgent
3765.0,CA-2017-125878,2/25/2017,3/2/2017,Standard Class,MH-18025,Michelle Huthwaite,Consumer,United States,Chicago,Illinois,60623.0,Central,OFF-BI-10002609,Office Supplies,Binders,Avery Hidden Tab Dividers for Binding Systems,1.788,3.0,0.8,-3.0396,CRM,Approved,Check later
3766.0,CA-2016-163153,3/21/2016,3/25/2016,Standard Class,DM-12955,Dario Medina,Corporate,United States,Houston,Texas,77036.0,Central,FUR-TA-10004767,Furniture,Tables,Safco Drafting Table,99.372,2.0,0.3,-1.4196,CRM,Rejected,
3767.0,CA-2016-163153,2016/03/21,3/25/2016,Standard Class,DM-12955,Dario Medina,Corporate,United States,Houston,Texas,77036.0,Central,OFF-AR-10001868,Office Supplies,Art,Prang Dustless Chalk Sticks,1.344,1.0,0.2,0.504,CRM,Pending,Check later
3768.0,CA-2015-103205,12/8/2015,12/10/2015,Second Class,JJ-15760,Joel Jenkins,Home Office,United States,houston,Texas,77036.0,Central,TEC-PH-10004896,Technology,Phones,Nokia Lumia 521 (T-Mobile),119.96,5.0,0.2,11.996,Manual Upload,Pending,Urgent
3769.0,CA-2014-153913,12/16/2014,12/20/2014,SecondClass,KB-16585,Ken Black,Corporate,United States,Hialeah,Florida,33012.0,South,FUR-CH-10000988,Furniture,Chairs,Hon Olson Stacker Stools,1013.832,9.0,0.2,101.3832,ERP,,Duplicate?
3770.0,CA-2014-153913,12/16/2014,12/20/2014,Second Class,KB-16585,Ken Black,Corporate,United States,Hialeah,Florida,33012.0,South,OFF-FA-10000490,Office Supplies,Fasteners,"OIC Binder Clips, Mini, 1/4"" Capacity, Black",1.984,2.0,0.2,0.6696,ERP,,Check later
3771.0,CA-2016-155530,12/17/2016,12/21/2016,Standard Class,CM-12160,Charles McCrossin,Consumer,United States,San Francisco,California,94122.0,West,FUR-TA-10004256,Furniture,Tables,Bretford Just In Time Height-Adjustable Multi-Task Work Tables,2003.52,6.0,0.2,-325.572,CRM,Approved,Check later
3772.0,US-2016-101196,5/12/2016,5/17/2016,Standard Class,FM-14215,Filia McAdams,Corporate,United States,Philadelphia,Pennsylvania,19140.0,East,OFF-ST-10004804,Office Supplies,Storage,"Belkin 19"" Vented Equipment Shelf, Black",82.368,2.0,0.2,-19.5624,Legacy,Pending,
3773.0,CA-2014-115357,8/6/2014,8/11/2014,Second Class,RF-19735,Roland Fjeld,Consumer,United States,Columbia,South Carolina,29203.0,South,TEC-AC-10000023,Technology,Accessories,"Maxell 74 Minute CD-R Spindle, 50/Pack",62.91,3.0,0.0,22.6476,CRM,Approved,Check later
3774.0,US-2014-102715,4/11/2014,4/13/2014,Second Class,JK-15370,Jay Kimmel,Consumer,United States,Miami,Florida,33180.0,South,OFF-FA-10001332,Office Supplies,Fasteners,"Acco Banker's Clasps, 5 3/4""-Long",6.912,3.0,0.2,2.3328,ERP,,
3775.0,US-2014-102715,4/11/2014,Apr 13 2014,Second Class,JK-15370,Jay Kimmel,Consumer,United States,Miami,Florida,33180.0,South,TEC-AC-10002001,Technology,Accessories,Logitech Wireless Gaming Headset G930,383.976,3.0,0.2,81.5949,CRM,,
3776.0,US-2014-102715,4/11/2014,4/13/2014,Second Class,JK-15370,Jay Kimmel,Consumer,United States,Miami,Florida,33180.0,South,OFF-PA-10000029,Office Supplies,Paper,Xerox 224,10.368,2.0,0.2,3.6288,CRM,Rejected,Urgent
3777.0,US-2014-102715,4/11/2014,4/13/2014,Second Class,JK-15370,Jay Kimmel,Consumer,United States,Miami,Florida,33180.0,South,TEC-AC-10001874,Technology,Accessories,Logitech Wireless Anywhere Mouse MX for PC and Mac,335.944,7.0,0.2,41.993,CRM,Rejected,Duplicate?
3778.0,CA-2015-107937,5/3/2015,5/8/2015,Standard Class,JB-16045,Julia Barnett,Home Office,United States,Chula Vista,California,91911.0,West,FUR-FU-10002298,Furniture,Furnishings,"Rubbermaid ClusterMat Chairmats, Mat Size- 66"" x 60"", Lip 20"" x 11"" -90 Degree Angle",665.88,6.0,0.0,106.5408,Legacy,Approved,Check later
3779.0,US-2017-148768,11/30/2017,12/2/2017,Second Class,PN-18775,Parhena Norris,Home Office,United States,Miami,Florida,33180.0,South,TEC-PH-10002564,Technology,Phones,OtterBox Defender Series Case - Samsung Galaxy S4,71.976,3.0,0.2,8.997,Manual Upload,Rejected,
3780.0,CA-2017-118521,2/16/2017,2/20/2017,Standard Class,LF-17185,Luke Foster,Consumer,United States,New York City,New York,10035.0,East,OFF-PA-10003465,OfficeSupply,Paper,Xerox 1912,37.94,2.0,0.0,18.2112,Legacy,Pending,
3781.0,CA-2014-149643,11/16/2014,11/20/2014,Standard Class,RH-19510,Rick Huthwaite,Home Office,United States,Manhattan,Kansas,66502.0,Central,TEC-PH-10000038,Technology,Phones,Jawbone MINI JAMBOX Wireless Bluetooth Speaker,273.96,2.0,0.0,10.9584,CRM,Pending,Duplicate?
3782.0,CA-2015-135314,7/9/2015,7/14/2015,Second Class,MC-17575,Matt Collins,Consumer,United States,Philadelphia,Pennsylvania,19120.0,East,TEC-PH-10003072,Technology,Phones,Panasonic KX-TG9541B DECT 6.0 Digital 2-Line Expandable Cordless Phone With Digital Answering System,269.982,3.0,0.4,40.4973,CRM,,
3783.0,CA-2017-165204,11/13/2017,11/16/2017,Second Class,MN-17935,Michael Nguyen,Consumer,United States,Memphis,Tennessee,38109.0,South,OFF-PA-10003424,Office Supplies,Paper,"""While you Were Out"" Message Book, One Form per Page",8.904,3.0,0.2,-9999.0,Manual Upload,Approved,Urgent
3784.0,CA-2017-165204,11/13/2017,16/11/2017,Second Class,MN-17935,Michael Nguyen,Consumer,United States,Memphis,Tennessee,38109.0,South,OFF-ST-10003716,Office Supplies,Storage,Tennsco Double-Tier Lockers,720.064,4.0,0.2,-63.0056,ERP,Pending,
3785.0,CA-2017-125752,7/31/2017,8/4/2017,Standard Class,EH-14125,Eugene Hildebrand,Home Office,United States,Fort Lauderdale,Florida,33311.0,South,TEC-AC-10003590,Technology,Accessories,"TRENDnet 56K USB 2.0 Phone, Internet and Fax Modem",41.424,2.0,0.2,8.2848,Legacy,Pending,Urgent
3786.0,CA-2017-112487,12/26/2017,12/30/2017,Standard Class,TC-21535,Tracy Collins,Home Office,United States,Columbus,Ohio,43229.0,East,OFF-BI-10000494,Office Supplies,Binders,Acco Economy Flexible Poly Round Ring Binder,3.132,2.0,0.7,-2.61,Legacy,Approved,Urgent
3787.0,CA-2016-144218,31 Oct 2016,11/4/2016,Standard Class,JD-15895,Jonathan Doherty,Corporate,United States,Los Angeles,California,90045.0,West,OFF-ST-10002615,Office Supplies,Storage,"Dual Level, Single-Width Filing Carts",1085.42,7.0,0.0,282.2092,Manual Upload,Rejected,
3788.0,CA-2016-169971,9/4/2016,9/9/2016,Standard Class,IL-15100,Ivan Liston,Consumer,United States,Houston,Texas,77041.0,Central,OFF-AR-10002804,Office Supplies,Art,Faber Castell Col-Erase Pencils,3.912,1.0,0.2,1.0269,Legacy,Rejected,
3789.0,CA-2016-169971,9/4/2016,9/9/2016,Standard Class,IL-15100,IVAN LISTON,Consumer,United States,Houston,Texas,77041.0,Central,OFF-AR-10001044,Office Supplies,Art,"BOSTON Ranger #55 Pencil Sharpener, Black",62.376,3.0,0.2,7.0173,Manual Upload,Rejected,Urgent
3790.0,US-2016-133508,4/17/2016,4/21/2016,Standard Class,SW-20350,Sean Wendt,Home Office,United States,Omaha,Nebraska,68104.0,Central,OFF-FA-10000134,Office Supplies,Fasteners,"Advantus Push Pins, Aluminum Head",29.05,5.0,0.0,9.0055,Manual Upload,Approved,
3791.0,CA-2014-107139,7/5/2014,7/11/2014,Standard Class,DP-13390,Dennis Pardue,Home Office,United States,Los Angeles,California,90004.0,West,OFF-BI-10001670,Office Supplies,Binders,Vinyl Sectional Post Binders,180.96,6.0,0.2,67.86,Legacy,Pending,Duplicate?
3792.0,CA-2015-111325,2/27/2015,2/28/2015,First Class,BT-11395,Bill Tyler,Corporate,United States,Altoona,Pennsylvania,16602.0,East,OFF-BI-10000343,Office Supplies,Binders,"Pressboard Covers with Storage Hooks, 9 1/2"" x 11"", Light Blue",4.419,3.0,0.7,-3.3879,Manual Upload,Pending,
3793.0,CA-2015-111325,2/27/2015,2/28/2015,First Class,BT-11395,Bill Tyler,Corporate,United States,Altoona,Pennsylvania,16602.0,East,OFF-AR-10002257,Office Supplies,Art,"Eldon Spacemaker Box, Quick-Snap Lid, Clear",16.032,6.0,0.2,2.2044,Manual Upload,,Check later
3794.0,CA-2015-163762,11/27/2015,12/1/2015,Standard Class,JE-15475,Jeremy Ellison,Consumer,United States,New York City,New York,10024.0,East,OFF-AR-10001915,Office Supplies,Art,Peel-Off China Markers,29.79,3.0,0.0,12.5118,ERP,,
3795.0,US-2014-117163,1/27/2014,2/2/2014,Standard Class,EJ-13720,Ed Jacobs,Consumer,United States,San Diego,California,92037.0,West,OFF-ST-10003692,Office Supplies,Storage,Recycled Steel Personal File for Hanging File Folders,57.23,1.0,0.0,14.3075,CRM,Rejected,Urgent
3796.0,US-2014-117163,1/27/2014,2/2/2014,Standard Class,EJ-13720,Ed Jacobs,Consumer,United States,San Diego,California,92037.0,West,FUR-TA-10003469,Furniture,Tables,Balt Split Level Computer Training Table,333.0,3.0,0.2,-16.65,CRM,Approved,
3797.0,US-2014-117163,1/27/2014,2/2/2014,Standard Class,EJ-13720,Ed Jacobs,Consumer,United States,San Diego,CA,92037.0,West,OFF-AR-10003179,Office Supplies,Art,Dixon Ticonderoga Core-Lock Colored Pencils,36.44,4.0,0.0,12.0252,Manual Upload,Rejected,Check later
3798.0,CA-2017-121314,9/23/2017,9/26/2017,First Class,BE-11410,Bobby Elias,Consumer,United States,Miami,Florida,33178.0,South,OFF-PA-10003395,Office Supplies,Paper,Xerox 1941,251.64,3.0,0.2,88.074,CRM,Pending,Check later
3799.0,CA-2017-147760,11/4/2017,11/5/2017,First Class,KL-16555,Kelly Lampkin,Corporate,United States,Greensboro,North Carolina,27405.0,South,FUR-TA-10004575,Furniture,Tables,Hon 5100 Series Wood Tables,523.764,3.0,0.4,-192.0468,Manual Upload,Approved,Check later
3800.0,CA-2017-147760,11/4/2017,11/5/2017,First Class,KL-16555,Kelly Lampkin,Corporate,United States,Greensboro,North Carolina,27405.0,South,TEC-PH-10002483,Technology,Phones,Motorola Moto X,1359.96,5.0,0.2,118.9965,CRM,,Urgent
3801.0,CA-2016-156503,10/14/2016,10/20/2016,Standard Class,NC-18415,Nathan Cano,Consumer,United States,Jacksonville,North Carolina,28540.0,South,FUR-CH-10003606,Furniture,Chairs,SAFCO Folding Chair Trolley,102.592,1.0,0.2,10.2592,CRM,,
3802.0,CA-2016-156503,10/14/2016,10/20/2016,Standard Class,NC-18415,Nathan Cano,Consumer,United States,Jacksonville,North Carolina,28540.0,South,TEC-AC-10002473,Technology,Accessories,Maxell 4.7GB DVD-R,22.704,1.0,0.2,5.9598,Legacy,Rejected,Urgent
3803.0,CA-2016-156503,10/14/2016,10/20/2016,Standard Class,NC-18415,Nathan Cano,Consumer,United States,Jacksonville,North Carolina,28540.0,South,OFF-PA-10002319,Office Supplies,Paper,Xerox 1944,93.024,3.0,0.2,33.7212,CRM,Rejected,Check later
3804.0,CA-2016-156503,10/14/2016,10/20/2016,Standard Class,NC-18415,Nathan Cano,Consumer,United States,Jacksonville,North Carolina,28540.0,South,OFF-SU-10000946,Office Supplies,Supplies,Staple remover,12.768,2.0,0.2,1.4364,ERP,Pending,Check later
3805.0,CA-2016-156503,10/14/2016,10/20/2016,Standard Class,NC-18415,Nathan Cano,Consumer,United States,Jacksonville,North Carolina,28540.0,South,OFF-EN-10001335,Office Supplies,Envelopes,"White Business Envelopes with Contemporary Seam, Recycled White Business Envelopes",35.008,4.0,0.2,13.128,CRM,Pending,
3806.0,CA-2016-156503,10/14/2016,10/20/2016,Standard Class,NC-18415,Nathan Cano,Consumer,United States,Jacksonville,North Carolina,28540.0,South,OFF-PA-10002377,Office Supplies,Paper,Xerox 1916,39.152,1.0,0.2,14.682,Legacy,Approved,Check later
3807.0,CA-2015-113628,11/12/2015,11/19/2015,Standard Class,AH-10690,Anna Häberlin,Corporate,United States,Plantation,Florida,33317.0,South,OFF-AR-10001246,Office Supplies,Art,Newell 317,11.76,5.0,0.2,1.323,Legacy,Approved,
3808.0,CA-2015-113628,11/12/2015,11/19/2015,Standard Class,AH-10690,Anna Häberlin,Corporate,United States,Plantation,Florida,33317.0,South,OFF-BI-10003291,Office Supplies,Binders,Wilson Jones Leather-Like Binders with DublLock Round Rings,5.238,2.0,0.7,-4.0158,ERP,Pending,
3809.0,CA-2015-113628,11/12/2015,11/19/2015,Standard Class,AH-10690,Anna Häberlin,Corporate,United States,Plantation,Florida,33317.0,South,OFF-BI-10002799,Office Supplies,Binders,"SlimView Poly Binder, 3/8""",4.662,3.0,0.7,-3.7296,Legacy,Pending,
3810.0,CA-2015-113628,11/12/2015,11/19/2015,Standard Class,AH-10690,Anna Häberlin,Corporate,United States,Plantation,Florida,33317.0,South,FUR-CH-10003298,Furniture,Chairs,"Office Star - Contemporary Task Swivel chair with Loop Arms, Charcoal",523.92,5.0,0.2,-72.039,Legacy,Approved,
3811.0,CA-2015-113628,11/12/2015,11/19/2015,Standard Class,AH-10690,Anna Häberlin,Corporate,United States,Plantation,Florida,33317.0,South,TEC-PH-10000441,Technology,Phones,VTech DS6151,100.792,1.0,0.2,10.0792,ERP,Pending,Check later
3812.0,CA-2015-113628,11/12/2015,11/19/2015,Standard Class,AH-10690,Anna Häberlin,Corporate,United States,Plantation,Florida,33317.0,South,FUR-CH-10004477,Furniture,Chairs,"Global Push Button Manager's Chair, Indigo",146.136,3.0,0.2,16.4403,CRM,Approved,Check later
3813.0,CA-2017-147753,3/5/2017,3/5/2017,Same Day,PK-19075,PeteKriz,Consumer,United States,Milwaukee,Wisconsin,53209.0,Central,OFF-LA-10003537,Office Supplies,Labels,Avery 515,25.06,2.0,0.0,11.7782,Legacy,Rejected,Check later
3814.0,CA-2015-103961,11/5/2015,11/9/2015,Standard Class,NG-18430,Nathan Gelder,Consumer,United States,Quincy,Illinois,62301.0,Central,OFF-LA-10004484,Office Supplies,Labels,Avery 476,19.824,6.0,0.2,6.4428,CRM,Pending,Duplicate?
3815.0,CA-2016-152471,7/8/2016,7/8/2016,Same Day,ZD-21925,Zuschuss Donatelli,Consumer,United States,Jacksonville,Florida,32216.0,South,TEC-PH-10002824,Technology,Phones,Jabra SPEAK 410 Multidevice Speakerphone,823.96,5.0,0.2,51.4975,CRM,,Urgent
3816.0,CA-2016-152471,7/8/2016,7/8/2016,Same Day,ZD-21925,Zuschuss Donatelli,Consumer,United States,Jacksonville,Florida,32216.0,South,OFF-PA-10004965,Office Supplies,Paper,Xerox 1921,15.984,2.0,0.2,4.995,CRM,,Urgent
3817.0,CA-2015-102582,9/15/2015,9/19/2015,Standard Class,NW-18400,Natalie Webber,Consumer,United States,Mobile,Alabama,36608.0,South,FUR-TA-10003569,Furniture,Tables,Bretford CR8500 Series Meeting Room Furniture,801.96,2.0,0.0,200.49,ERP,,Duplicate?
3818.0,CA-2015-102582,9/15/2015,9/19/2015,Standard Class,NW-18400,Natalie Webber,Consumer,United States,Mobile,Alabama,36608.0,South,TEC-PH-10003187,Technology,Phones,Anker Astro Mini 3000mAh Ultra-Compact Portable Charger,59.97,3.0,0.0,0.0,ERP,Pending,
3819.0,CA-2015-102582,9/15/2015,9/19/2015,Standard Class,NW-18400,Natalie Webber,Consumer,United States,Mobile,Alabama,36608.0,South,FUR-CH-10004853,Furniture,Chairs,"Global Manager's Adjustable Task Chair, Storm",1056.86,7.0,0.0,306.4894,Legacy,,Duplicate?
3820.0,CA-2017-141873,10/9/2017,10/14/2017,Standard Class,HG-14845,Harry Greene,Consumer,United States,New York City,New York,10024.0,East,OFF-BI-10001031,Office Supplies,Binders,Pressboard Data Binders by Wilson Jones,12.816,3.0,0.2,4.3254,CRM,Approved,
3821.0,CA-2017-141873,10/9/2017,10/14/2017,Standard Class,HG-14845,Harry Greene,Consumer,United States,New York City,New York,10024.0,East,FUR-BO-10003034,Furniture,Bookcases,"O'Sullivan Elevations Bookcase, Cherry Finish",314.352,3.0,0.2,-15.7176,Manual Upload,Pending,Duplicate?
3822.0,CA-2017-141873,09 Oct 2017,10/14/2017,Standard Class,HG-14845,Harry Greene,Consumer,United States,New York City,New York,10024.0,East,OFF-PA-10000069,Office Supplies,Paper,"TOPS 4 x 6 Fluorescent Color Memo Sheets, 500 Sheets per Pack",18.98,2.0,0.0,8.9206,CRM,Approved,
3823.0,CA-2017-141873,10/9/2017,10/14/2017,Standard Class,HG-14845,Harry Greene,Consumer,United States,New York City,New York,10024.0,East,OFF-BI-10003655,Office Supplies,Binders,Durable Pressboard Binders,18.24,6.0,0.2,6.156,Legacy,Pending,Urgent
3824.0,CA-2015-140984,9/14/2015,9/18/2015,Standard Class,CC-12685,Craig Carroll,Consumer,United States,New York City,New York,10011.0,East,OFF-ST-10000585,Office Supplies,Storage,Economy Rollaway Files,991.2,6.0,0.0,257.712,CRM,Approved,
3825.0,CA-2015-140984,9/14/2015,9/18/2015,Standard Class,CC-12685,Craig Carroll,Consumer,United States,New York City,New York,10011.0,East,TEC-CO-10001571,Technology,Copiers,Sharp 1540cs Digital Laser Copier,879.984,2.0,0.2,329.994,Legacy,Rejected,Urgent
3826.0,CA-2015-140984,9/14/2015,9/18/2015,Standard Class,CC-12685,Craig Carroll,Consumer,United States,New York City,New York,10011.0,East,OFF-BI-10002012,Office Supplies,Binders,Wilson Jones Easy Flow II Sheet Lifters,12.96,9.0,0.2,4.536,CRM,,
3827.0,CA-2014-132801,10/7/2014,10/12/2014,Standard Class,JG-15805,John Grady,Corporate,United States,Dallas,Texas,75217.0,Central,OFF-ST-10001228,Office Supplies,Storage,"Fellowes Personal Hanging Folder Files, Navy",107.44,10.0,0.2,10.744,Legacy,Pending,Duplicate?
3828.0,CA-2017-141733,5/7/2017,5/11/2017,Standard Class,RW-19540,Rick Wilson,Corporate,United States,Detroit,Michigan,48234.0,Central,FUR-CH-10004086,Furniture,Chairs,Hon 4070 Series Pagoda Armless Upholstered Stacking Chairs,1458.65,5.0,0.0,423.0085,Manual Upload,,Urgent
3829.0,CA-2017-141733,5/7/2017,5/11/2017,Standard Class,RW-19540,Rick Wilson,Corporate,United States,Detroit,Michigan,48234.0,Central,FUR-CH-10002017,Furniture,Chairs,SAFCO Optional Arm Kit for Workspace Cribbage Stacking Chair,26.64,1.0,0.0,7.4592,Legacy,,Urgent
3830.0,CA-2017-141733,5/7/2017,5/11/2017,Standard Class,RW-19540,Rick Wilson,Corporate,United States,Detroit,Michigan,48234.0,Central,FUR-CH-10000595,Furniture,Chairs,Safco Contoured Stacking Chairs,476.8,2.0,0.0,119.2,Legacy,Pending,
3831.0,CA-2017-141733,5/7/2017,5/11/2017,Standard Class,RW-19540,Rick Wilson,Corporate,United States,Detroit,Michigan,48234.0,Central,OFF-AP-10001563,Office Supplies,Appliances,Belkin Premiere Surge Master II 8-outlet surge protector,87.444,2.0,0.1,18.4604,Manual Upload,,Duplicate?
3832.0,US-2015-111927,11/14/2015,11/19/2015,Standard Class,LS-17230,Lycoris Saunders,Consumer,United States,Dover,Delaware,19901.0,East,FUR-FU-10004017,Furniture,Furnishings,"Executive Impressions 13"" Chairman Wall Clock",76.14,3.0,0.0,26.649,CRM,,Urgent
3833.0,US-2015-111927,11/14/2015,11/19/2015,Standard Class,LS-17230,Lycoris Saunders,Consumer,United States,Dover,Delaware,19901.0,East,OFF-BI-10002571,Office Supplies,Binders,"Avery Framed View Binder, EZD Ring (Locking), Navy, 1 1/2""",19.96,2.0,0.0,9.3812,CRM,,Check later
3834.0,CA-2014-105984,11/24/2014,11/24/2014,Same Day,MY-18295,Muhammed Yedwab,Corporate,United States,Columbus,Ohio,43229.0,east,TEC-PH-10000560,Technology,Phones,Samsung Galaxy S III - 16GB - pebble blue (T-Mobile),1049.97,5.0,0.4,-209.994,CRM,Rejected,
3835.0,CA-2014-105984,11/24/2014,11/24/2014,Same Day,MY-18295,Muhammed Yedwab,Corporate,United States,Columbus,Ohio,43229.0,East,FUR-CH-10000847,Furniture,Chairs,Global Executive Mid-Back Manager's Chair,611.058,3.0,0.3,-34.9176,CRM,,
3836.0,CA-2014-100363,4/8/2014,4/15/2014,Standard Class,JM-15655,Jim Mitchum,Corporate,United States,Glendale,Arizona,85301.0,West,OFF-FA-10000611,Office Supplies,Fasteners,Binder Clips by OIC,2.368,2.0,0.2,0.8288,CRM,Pending,Duplicate?
3837.0,CA-2014-100363,4/8/2014,4/15/2014,Standard Class,JM-15655,Jim Mitchum,Corporate,United States,Glendale,Arizona,85301.0,West,OFF-PA-10004733,Office Supplies,Paper,Things To Do Today Spiral Book,19.008,3.0,0.2,6.8904,ERP,Pending,Check later
3838.0,CA-2014-126760,7/26/2014,8/2/2014,Standard Class,KM-16720,Kunst Miller,Consumer,United States,North Las Vegas,Nevada,89031.0,West,TEC-PH-10001363,Technology,Phones,Apple iPhone 5S,911.984,2.0,0.2,113.998,CRM,Pending,
3839.0,CA-2014-126760,7/26/2014,8/2/2014,Standard Class,KM-16720,Kunst Miller,Consumer,United States,North Las Vegas,Nevada,89031.0,West,FUR-CH-10003312,Furniture,Chairs,Hon 2090 Pillow Soft Series Mid Back Swivel/Tilt Chairs,674.352,3.0,0.2,-109.5822,ERP,Pending,Duplicate?
3840.0,CA-2014-126760,7/26/2014,8/2/2014,Standard Class,KM-16720,Kunst Miller,Consumer,United States,North Las Vegas,Nevada,89031.0,West,FUR-FU-10004018,Furniture,Furnishings,Tensor Computer Mounted Lamp,134.01,9.0,0.0,36.1827,Manual Upload,Rejected,Duplicate?
3841.0,CA-2014-126760,7/26/2014,8/2/2014,Standard Class,KM-16720,Kunst Miller,Consumer,United States,North Las Vegas,Nevada,89031.0,West,TEC-AC-10004814,Technology,Accessories,Logitech Illuminated Ultrathin Keyboard with Backlighting,170.97,3.0,0.0,70.0977,ERP,Pending,
3842.0,US-2014-109162,6/8/2014,6/12/2014,Standard Class,KE-16420,Katrina Edelman,Corporate,United States,Bristol,Tennessee,37620.0,South,FUR-CH-10002647,Furniture,Chairs,"Situations Contoured Folding Chairs, 4/Set",170.352,3.0,0.2,10.647,Legacy,Pending,
3843.0,CA-2014-101931,10/28/2014,10/31/2014,First Class,TS-21370,Todd Sumrall,CORP,United States,Los Angeles,California,90049.0,West,OFF-BI-10004140,Office Supplies,Binders,Avery Non-Stick Binders,7.184,2.0,0.2,2.245,Manual Upload,,
3844.0,CA-2014-101931,10/28/2014,10/31/2014,First Class,TS-21370,Todd Sumrall,Corporate,United States,Los Angeles,California,90049.0,West,OFF-SU-10002301,Office Supplies,Supplies,Serrated Blade or Curved Handle Hand Letter Openers,6.28,2.0,0.0,0.0628,CRM,Pending,Check later
3845.0,CA-2014-101931,10/28/2014,10/31/2014,First Class,TS-21370,Todd Sumrall,Corporate,United States,Los Angeles,California,90049.0,West,OFF-SU-10000646,Office Supplies,Supplies,Premier Automatic Letter Opener,480.74,2.0,0.0,14.4222,Legacy,Approved,
3846.0,CA-2014-101931,10/28/2014,10/31/2014,First Class,TS-21370,Todd Sumrall,Corporate,United States,Los Angeles,California,90049.0,West,FUR-BO-10001337,Furniture,Bookcases,O'Sullivan Living Dimensions 2-Shelf Bookcases,616.998,6.0,0.15,-36.294,Legacy,Rejected,Urgent
3847.0,CA-2014-101931,10/28/2014,10/31/2014,First Class,TS-21370,Todd Sumrall,Corporate,United States,Los Angeles,California,90049.0,West,OFF-ST-10003442,Office Supplies,Storage,Eldon Portable Mobile Manager,141.4,5.0,0.0,38.178,Manual Upload,,
3848.0,CA-2017-129000,11/25/2017,11/27/2017,Second Class,SZ-20035,Sam Zeldin,Home Office,United States,Canton,Michigan,48187.0,Central,OFF-ST-10001097,Office Supplies,Storage,Office Impressions Heavy Duty Welded Shelving & Multimedia Storage Drawers,501.81,3.0,0.0,0.0,CRM,Pending,
3849.0,CA-2017-161053,9/22/2017,9/23/2017,First Class,JE-15745,Joel Eaton,Consumer,United States,Fayetteville,Arkansas,72701.0,South,OFF-BI-10004318,Office Supplies,Binders,Ibico EB-19 Dual Function Manual Binding System,691.96,4.0,0.0,318.3016,CRM,Rejected,Duplicate?
3850.0,CA-2017-161053,9/22/2017,9/23/2017,First Class,JE-15745,Joel Eaton,Consumer,United States,Fayetteville,Arkansas,72701.0,South,TEC-AC-10004633,Technology,Accessories,"Verbatim 25 GB 6x Blu-ray Single Layer Recordable Disc, 3/Pack",34.95,5.0,0.0,15.378,Manual Upload,Pending,
3851.0,CA-2015-142377,12/4/2015,12/9/2015,Standard Class,MS-17980,Michael Stewart,Corporate,United States,Springfield,Missouri,65807.0,Central,OFF-PA-10001970,Office Supplies,Paper,Xerox 1881,85.96,7.0,0.0,40.4012,ERP,Approved,Urgent
3852.0,CA-2015-127593,9/21/2015,9/21/2015,Same Day,DH-13675,Duane Huffman,Home Office,United States,Quincy,Massachusetts,2169.0,East,FUR-FU-10004006,Furniture,Furnishings,"Deflect-o DuraMat Lighweight, Studded, Beveled Mat for Low Pile Carpeting",85.3,2.0,0.0,14.501,Legacy,Approved,
3853.0,CA-2017-130526,11/26/2017,11/29/2017,First Class,GT-14755,Guy Thornton,Consumer,United States,Rockford,Illinois,61107.0,Central,OFF-BI-10001524,Office Supplies,Binders,GBC Premium Transparent Covers with Diagonal Lined Pattern,33.568,8.0,0.8,-53.7088,CRM,Rejected,Check later
3854.0,US-2017-131849,6/6/2017,6/10/2017,Standard Class,GH-14410,Gary Hansen,Home Office,United States,San Francisco,California,94122.0,West,FUR-FU-10004164,Furniture,Furnishings,"Eldon 300 Class Desk Accessories, Black",4.95,1.0,0.0,2.178,Manual Upload,,
3855.0,US-2017-131849,6/6/2017,6/10/2017,Standard Class,GH-14410,Gary Hansen,Home Office,United States,San Francisco,California,94122.0,West,OFF-ST-10002957,Office Supplies,Storage,Sterilite Show Offs Storage Containers,26.4,5.0,0.0,0.0,ERP,Pending,
3856.0,US-2017-105389,10/23/2017,10/28/2017,Second Class,DM-13015,Darrin Martin,Consumer,United States,San Antonio,Texas,78207.0,Central,OFF-BI-10004364,Office Supplies,Binders,Storex Dura Pro Binders,3.564,3.0,0.8,-6.237,CRM,Approved,Check later
3857.0,US-2017-105389,10/23/2017,10/28/2017,Second Class,DM-13015,Darrin Martin,Consumer,United States,San Antonio,Texas,78207.0,Central,TEC-PH-10002824,Technology,Phones,Jabra SPEAK 410 Multidevice Speakerphone,823.96,5.0,0.2,51.4975,ERP,,Urgent
3858.0,US-2017-105389,10/23/2017,10/28/2017,Second Class,DM-13015,Darrin Martin,Consumer,United States,San Antonio,Texas,78207.0,Central,OFF-AR-10000634,Office Supplies,Art,Newell 320,10.272,3.0,0.2,0.8988,CRM,,Urgent
3859.0,CA-2014-140816,12/20/2014,12/20/2014,Same Day,TC-21295,Toby Carlisle,Consumer,United States,Thornton,Colorado,80229.0,West,TEC-AC-10001539,Technology,Accessories,Logitech G430 Surround Sound Gaming Headset with Dolby 7.1 Technology,447.944,7.0,0.2,89.5888,Legacy,Pending,Duplicate?
3860.0,CA-2017-154039,2/17/2017,2/22/2017,Standard Class,JK-16120,Julie Kriz,Home Office,United States,Chicago,Illinois,60653.0,Central,FUR-TA-10001932,Furniture,Tables,"Chromcraft 48"" x 96"" Racetrack Double Pedestal Table",480.96,3.0,0.5,-269.3376,ERP,Pending,Duplicate?
3861.0,CA-2017-154039,2/17/2017,2/22/2017,Standard Class,JK-16120,Julie Kriz,Home Office,United States,Chicago,Illinois,60653.0,Central,TEC-PH-10002789,Technology,Phones,LG Exalt,124.792,1.0,0.2,50000.0,Manual Upload,Pending,
3862.0,CA-2014-135755,5/3/2014,5/10/2014,Standard Class,NC-18415,Nathan Cano,Consumer,United States,Yonkers,New York,10701.0,East,OFF-BI-10004828,Office Supplies,Binders,GBC Poly Designer Binding Covers,40.176,3.0,0.2,14.5638,CRM,Pending,Duplicate?
3863.0,CA-2014-135755,5/3/2014,5/10/2014,Standard Class,NC-18415,Nathan Cano,Consumer,United States,Yonkers,New York,10701.0,East,OFF-BI-10003981,Office Supplies,Binders,"Avery Durable Plastic 1"" Binders",10.896,3.0,0.2,3.9498,Legacy,Pending,Duplicate?
3864.0,CA-2017-123246,10/17/2017,10/19/2017,Second Class,AJ-10960,Astrea Jones,Consumer,United States,San Diego,California,92037.0,West,OFF-AR-10001770,Office Supplies,Art,Economy #2 Pencils,10.64,4.0,0.0,2.7664,CRM,Pending,Duplicate?
3865.0,CA-2015-157133,11/28/2015,12/3/2015,Standard Class,LC-16885,Lena Creighton,Consumer,United States,Champaign,Illinois,61821.0,Central,FUR-FU-10004904,Furniture,Furnishings,"Eldon ""L"" Workstation Diamond Chairmat",151.96,5.0,0.6,-182.352,Manual Upload,Rejected,Duplicate?
3866.0,CA-2014-124709,7/27/2014,7/29/2014,Second Class,GW-14605,Giulietta Weimer,Consumer,United States,San Francisco,California,94122.0,West,TEC-AC-10002842,Technology,Accessories,WD My Passport Ultra 2TB Portable External Hard Drive,238.0,2.0,0.0,38.08,ERP,Pending,Urgent
3867.0,CA-2017-146360,4/23/2017,4/25/2017,Second Class,SC-20305,Sean Christensen,Consumer,United States,Lawrence,Indiana,46226.0,Central,TEC-AC-10003590,Technology,Accessories,"TRENDnet 56K USB 2.0 Phone, Internet and Fax Modem",155.34,6.0,0.0,55.9224,ERP,Rejected,Duplicate?
3868.0,CA-2015-132486,10/23/2015,10/27/2015,Second Class,JF-15355,Jay Fein,Consumer,United States,San Diego,California,92105.0,West,TEC-AC-10000710,Technology,Accessories,Maxell DVD-RAM Discs,148.32,9.0,0.0,63.7776,CRM,Approved,Check later
3869.0,CA-2015-132486,10/23/2015,10/27/2015,Second Class,JF-15355,Jay Fein,Consumer,United States,San Diego,California,92105.0,West,FUR-CH-10004495,Furniture,Chairs,"Global Leather and Oak Executive Chair, Black",240.784,1.0,0.2,27.0882,Legacy,Pending,Urgent
3870.0,CA-2015-132486,10/23/2015,10/27/2015,Second Class,JF-15355,Jay Fein,Consumer,United States,San Diego,California,92105.0,West,FUR-CH-10004540,Furniture,Chairs,Global Chrome Stack Chair,191.968,7.0,0.2,16.7972,Manual Upload,Approved,
3871.0,CA-2015-132486,10/23/2015,10/27/2015,Second Class,JF-15355,Jay Fein,Consumer,United States,San Diego,California,92105.0,West,OFF-PA-10004971,Office Supplies,Paper,Xerox 196,11.56,2.0,0.0,5.6644,Manual Upload,Pending,Duplicate?
3872.0,CA-2015-132486,10/23/2015,10/27/2015,Second Class,JF-15355,Jay Fein,Consumer,United States,San Diego,California,92105.0,West,OFF-EN-10002600,Office Supplies,Envelopes,"Redi-Strip #10 Envelopes, 4 1/8 x 9 1/2",11.8,4.0,0.0,5.664,ERP,Approved,Duplicate?
3873.0,CA-2015-132486,10/23/2015,10/27/2015,Second Class,JF-15355,Jay Fein,Consumer,United States,San Diego,California,92105.0,West,FUR-CH-10001854,Furniture,Chairs,Office Star - Professional Matrix Back Chair with 2-to-1 Synchro Tilt and Mesh Fabric Seat,842.352,3.0,0.2,42.1176,CRM,Approved,Check later
3874.0,CA-2016-136231,9/5/2016,9/7/2016,Second Class,DM-13015,Darrin Martin,Consumer,United States,Johnson City,Tennessee,37604.0,South,OFF-EN-10001099,Office Supplies,Envelopes,Staple envelope,23.472,3.0,0.2,7.6284,Manual Upload,,Urgent
3875.0,CA-2016-136231,9/5/2016,9/7/2016,Second Class,DM-13015,Darrin Martin,Consumer,United States,Johnson City,Tennessee,37604.0,South,OFF-BI-10001597,Office Supplies,Binders,"Wilson Jones Ledger-Size, Piano-Hinge Binder, 2"", Blue",86.058,7.0,0.7,-63.1092,ERP,,
3876.0,CA-2016-136231,9/5/2016,9/7/2016,Second Class,DM-13015,Darrin Martin,Consumer,United States,Johnson City,Tennessee,37604.0,South,TEC-PH-10002660,Technology,Phones,Nortel Networks T7316 E Nt8 B27,108.784,2.0,0.2,6.799,Manual Upload,Pending,Duplicate?
3877.0,CA-2016-136231,9/5/2016,9/7/2016,Second Class,DM-13015,Darrin Martin,Consumer,United States,Johnson City,Tennessee,37604.0,South,OFF-PA-10000327,Office Supplies,Paper,Xerox 1971,10.272,3.0,0.2,3.21,CRM,,Duplicate?
3878.0,CA-2016-140641,10/28/2016,11/2/2016,Standard Class,EP-13915,Emily Phan,Consumer,United States,Tampa,Florida,33614.0,South,OFF-BI-10001191,Office Supplies,Binders,Canvas Sectional Post Binders,38.19,5.0,0.7,-26.733,Legacy,Rejected,Check later
3879.0,CA-2014-151001,4/5/2014,4/7/2014,First Class,JG-15805,John Grady,Corporate,United States,Decatur,Illinois,62521.0,Central,OFF-ST-10003455,Office Supplies,Storage,"Tenex File Box, Personal Filing Tote with Lid, Black",49.632,4.0,0.2,3.7224,Manual Upload,Pending,Urgent
3880.0,CA-2014-151001,4/5/2014,4/7/2014,First Class,JG-15805,John Grady,Corporate,United States,Decatur,Illinois,62521.0,Central,OFF-ST-10001031,Office Supplies,Storage,Adjustable Personal File Tote,52.096,4.0,0.2,3.9072,Legacy,Approved,Check later
3881.0,CA-2015-129896,6/15/2015,6/20/2015,Standard Class,PF-19120,Peter Fuller,Consumer,United States,Gilbert,Arizona,UNKNOWN,West,OFF-PA-10002245,Office Supplies,Paper,Xerox 1895,9.568,2.0,0.2,2.99,ERP,,
3882.0,CA-2015-129896,6/15/2015,6/20/2015,Standard Class,PF-19120,Peter Fuller,Consumer,United States,Gilbert,Arizona,85234.0,West,OFF-ST-10004804,Office Supplies,Storage,"Belkin 19"" Vented Equipment Shelf, Black",82.368,2.0,0.2,-19.5624,CRM,Approved,Urgent
3883.0,CA-2015-129896,6/15/2015,6/20/2015,Standard Class,PF-19120,Peter Fuller,Consumer,United States,Gilbert,Arizona,85234.0,West,FUR-FU-10004904,Furniture,Furnishings,"Eldon ""L"" Workstation Diamond Chairmat",364.704,6.0,0.2,-36.4704,Manual Upload,Approved,
3884.0,CA-2015-129896,6/15/2015,6/20/2015,Standard Class,PF-19120,Peter Fuller,Consumer,United States,Gilbert,Arizona,85234.0,West,FUR-FU-10002396,Furniture,Furnishings,"DAX Copper Panel Document Frame, 5 x 7 Size",40.256,4.0,0.2,11.0704,ERP,Rejected,Check later
3885.0,CA-2014-152849,7/5/2014,7/12/2014,Standard Class,DW-13195,David Wiener,Corporate,United States,Knoxville,Tennessee,37918.0,South,OFF-AR-10002833,Office Supplies,Art,Newell 322,4.368,3.0,0.2,0.3822,ERP,Rejected,
3886.0,US-2017-127341,1/29/2017,2/2/2017,Standard Class,CK-12595,Clytie Kelty,Consumer,United States,Chicago,Illinois,60653.0,Central,OFF-BI-10001072,Office Supplies,Binders,"GBC Clear Cover, 8-1/2 x 11, unpunched, 25 covers per pack",12.128,4.0,0.8,-20.6176,Legacy,Rejected,
3887.0,CA-2016-167759,3/3/2016,3/8/2016,Second Class,CC-12670,Craig Carreira,Consumer,United States,Bloomington,Indiana,47401.0,Central,TEC-PH-10003171,Technology,Phones,Plantronics Encore H101 Dual Earpieces Headset,134.85,3.0,0.0,37.758,Legacy,,Check later
3888.0,CA-2014-100895,6/2/2014,6/6/2014,Standard Class,SV-20785,Stewart Visinsky,Consumer,United States,Roswell,Georgia,30076.0,South,OFF-AR-10004511,Office Supplies,Art,"Sanford Colorific Scented Colored Pencils, 12/Pack",8.56,2.0,0.0,2.6536,Manual Upload,Rejected,Check later
3889.0,CA-2014-100895,6/2/2014,6/6/2014,Standard Class,SV-20785,Stewart Visinsky,Consumer,United States,Roswell,Georgia,30076.0,South,TEC-PH-10001425,Technology,Phones,Mophie Juice Pack Helium for iPhone,239.97,3.0,0.0,67.1916,Manual Upload,,Duplicate?
3890.0,CA-2014-100895,2014/06/02,6/6/2014,Standard Class,SV-20785,Stewart Visinsky,Consumer,United States,Roswell,Georgia,30076.0,South,OFF-ST-10001490,Office Supplies,Storage,"Hot File 7-Pocket, Floor Stand",356.94,2.0,0.0,107.082,ERP,Rejected,Urgent
3891.0,US-2016-163881,11/24/2016,11/30/2016,Standard Class,SP-20860,Sung Pak,Corporate,United States,Los Angeles,California,90036.0,West,TEC-AC-10003033,Technology,Accessories,Plantronics CS510 - Over-the-Head monaural Wireless Headset System,659.9,2.0,0.0,217.767,Manual Upload,Pending,Urgent
3892.0,US-2016-163881,11/24/2016,11/30/2016,Standard Class,SP-20860,Sung Pak,Corporate,United States,Los Angeles,California,90036.0,West,FUR-CH-10001394,Furniture,Chairs,Global Leather Executive Chair,1684.752,6.0,0.2,210.594,Manual Upload,,Check later
3893.0,US-2016-163881,11/24/2016,11/30/2016,Standard Class,SP-20860,Sung Pak,Corporate,United States,Los Angeles,California,90036.0,West,TEC-AC-10000420,Technology,Accessories,Logitech G500s Laser Gaming Mouse with Adjustable Weight Tuning,559.92,8.0,0.0,190.3728,Legacy,Approved,Duplicate?
3894.0,US-2016-144547,11/10/2016,11/14/2016,Standard Class,MS-17770,Maxwell Schwartz,Consumer,United States,Houston,Texas,77036.0,Central,TEC-AC-10004901,Technology,Accessories,Kensington SlimBlade Notebook Wireless Mouse with Nano Receiver ,279.944,7.0,0.2,48.9902,Manual Upload,,Urgent
3895.0,US-2014-112200,11/22/2014,11/28/2014,Standard Class,TC-21475,Tony Chapman,Home Office,United States,Bolingbrook,Illinois,60440.0,Central,OFF-BI-10002571,Office Supplies,Binders,"Avery Framed View Binder, EZD Ring (Locking), Navy, 1 1/2""",9.98,5.0,0.8,-16.467,Manual Upload,,Check later
3896.0,CA-2017-110212,5/1/2017,5/5/2017,Standard Class,SJ-20125,Sanjit Jacobs,Home Office,United States,Texarkana,Arkansas,71854.0,South,TEC-AC-10002331,Technology,Accessories,"Maxell 74 Minute CDR, 10/Pack",48.9,5.0,0.0,18.093,ERP,Rejected,Duplicate?
3897.0,CA-2017-134285,12/7/2017,12/12/2017,Standard Class,DS-13180,David Smith,Corporate,United States,San Antonio,Texas,78207.0,Central,OFF-FA-10000611,Office Supplies,Fasteners,Binder Clips by OIC,3.552,3.0,0.2,1.2432,Manual Upload,,Check later
3898.0,CA-2017-134285,12/7/2017,12/12/2017,Standard Class,DS-13180,David Smith,Corporate,United States,San Antonio,Texas,78207.0,Central,OFF-PA-10000304,Office Supplies,Paper,Xerox 1995,15.552,3.0,0.2,5.4432,ERP,Approved,
3899.0,CA-2017-102267,11/30/2017,12/4/2017,Standard Class,SC-20800,Stuart Calhoun,Consumer,United States,Edinburg,Texas,78539.0,Central,OFF-FA-10000611,Office Supplies,Fasteners,Binder Clips by OIC,2.368,2.0,0.2,0.8288,Legacy,,Duplicate?
3900.0,CA-2017-157980,12/7/2017,12/9/2017,First Class,SH-20395,Shahid Hopkins,Consumer,United States,Toledo,Ohio,43615.0,East,TEC-AC-10002567,Technology,Accessories,Logitech G602 Wireless Gaming Mouse,127.984,2.0,0.2,25.5968,CRM,Rejected,Duplicate?
3901.0,CA-2015-121097,1/3/2015,1/8/2015,Standard Class,SF-20965,Sylvia Foulston,Corporate,United States,Baytown,Texas,77520.0,Central,OFF-PA-10001937,Office Supplies,Paper,Xerox 21,10.368,2.0,0.2,3.6288,ERP,Rejected,Check later
3902.0,CA-2015-151043,11/14/2015,11/20/2015,Standard Class,MG-17680,Maureen Gastineau,Home Office,United States,Philadelphia,Pennsylvania,19143.0,East,TEC-AC-10001090,Technology,Accessories,Micro Innovations Wireless Classic Keyboard with Mouse,47.984,2.0,-0.2,-1.1996,Manual Upload,Pending,
3903.0,US-2015-119312,10/2/2015,10/7/2015,Second Class,CS-12400,Christopher Schild,Home Office,United States,Los Angeles,California,90045.0,West,OFF-ST-10000943,Office Supplies,Storage,Eldon ProFile File 'N Store Portable File Tub Letter/Legal Size Black,270.34,14.0,0.0,75.6952,Manual Upload,Approved,Duplicate?
3904.0,CA-2015-167010,4/5/2015,4/10/2015,Standard Class,VT-21700,Valerie Takahito,Home Office,United States,Philadelphia,Pennsylvania,19143.0,East,OFF-AP-10004036,Office Supplies,Appliances,Bionaire 99.97% HEPA Air Cleaner,98.112,7.0,0.2,18.396,CRM,Approved,Urgent
3905.0,CA-2015-167010,4/5/2015,4/10/2015,Standard Class,VT-21700,Valerie Takahito,Home Office,United States,Philadelphia,Pennsylvania,19143.0,East,OFF-ST-10003816,Office Supplies,Storage,Fellowes High-Stak Drawer Files,563.808,4.0,0.2,21.1428,Manual Upload,,Duplicate?
3906.0,CA-2015-167010,4/5/2015,4/10/2015,Standard Class,VT-21700,Valerie Takahito,Home Office,United States,Philadelphia,Pennsylvania,19143.0,East,OFF-BI-10002072,Office Supplies,Binders,Cardinal Slant-D Ring Binders,10.428,4.0,0.7,-6.952,Legacy,Pending,
3907.0,CA-2015-167010,4/5/2015,4/10/2015,Standard Class,VT-21700,Valerie Takahito,Home Office,United States,Philadelphia,Pennsylvania,19143.0,East,FUR-FU-10001468,Furniture,Furnishings,Tenex Antistatic Computer Chair Mats,547.136,0.0,0.2,-68.392,Legacy,Rejected,Urgent
3908.0,CA-2015-167010,4/5/2015,4/10/2015,Standard Class,VT-21700,Valerie Takahito,Home Office,United States,Philadelphia,Pennsylvania,19143.0,East,TEC-PH-10000347,Technology,Phones,Cush Cases Heavy Duty Rugged Cover Case for Samsung Galaxy S5 - Purple,14.85,5.0,0.4,-3.2175,Manual Upload,,
3909.0,CA-2015-167010,4/5/2015,4/10/2015,Standard Class,VT-21700,Valerie Takahito,Home Office,United States,Philadelphia,Pennsylvania,19143.0,East,TEC-PH-10002844,Technology,Phones,Speck Products Candyshell Flip Case,41.988,2.0,0.4,-9.7972,ERP,Pending,
3910.0,CA-2015-167010,4/5/2015,4/10/2015,Standard Class,VT-21700,Valerie Takahito,Home Office,United States,Philadelphia,Pennsylvania,19143.0,East,FUR-FU-10001037,Furniture,Furnishings,"DAX Charcoal/Nickel-Tone Document Frame, 5 x 7",7.584,1.0,0.2,2.37,CRM,,Urgent
3911.0,CA-2015-167010,4/5/2015,4/10/2015,Standard Class,VT-21700,Valerie Takahito,Home Office,United States,Philadelphia,Pennsylvania,19143.0,East,FUR-BO-10004218,Furniture,Bookcases,"Bush Heritage Pine Collection 5-Shelf Bookcase, Albany Pine Finish, *Special Order",352.45,5.0,0.5,-211.47,ERP,Rejected,
3912.0,CA-2017-126788,6/5/2017,6/6/2017,First Class,AB-10105,Adrian Barton,Consumer,United States,Pearland,Texas,77581.0,Central,TEC-PH-10001619,Technology,Phones,LG G3,470.376,3.0,0.2,52.9173,Legacy,Rejected,Duplicate?
3913.0,CA-2017-148068,9/18/2017,9/25/2017,Standard Class,MM-18280,Muhammed MacIntyre,Corporate ,United States,New York City,New York,10035.0,East,OFF-PA-10001639,Office Supplies,Paper,Xerox 203,19.44,3.0,0.0,9.3312,Manual Upload,Approved,Check later
3914.0,CA-2017-148068,9/18/2017,9/25/2017,Standard Class,MM-18280,Muhammed MacIntyre,Corporate,United States,New York City,New York,10035.0,East,FUR-FU-10002268,Furniture,Furnishings,Ultra Door Push Plate,9.82,2.0,0.0,3.2406,Legacy,Approved,Urgent
3915.0,US-2017-142573,7/18/2017,7/23/2017,Standard Class,ML-17410,Maris LaWare,Consumer,United States,Phoenix,Arizona,85023.0,West,FUR-TA-10001932,Furniture,Tables,"Chromcraft 48"" x 96"" Racetrack Double Pedestal Table",801.6,5.0,0.5,-448.896,CRM,,Urgent
3916.0,US-2017-142573,7/18/2017,7/23/2017,Standard Class,ML-17410,Maris LaWare,Consumer,United States,Phoenix,Arizona,85023.0,West,FUR-CH-10004218,Furniture,Chairs,"Global Fabric Manager's Chair, Dark Gray",161.568,2.0,0.2,10.098,Legacy,,
3917.0,US-2017-142573,7/18/2017,7/23/2017,Standard Class,ML-17410,Maris LaWare,Consumer,United States,Phoenix,Arizona,85023.0,West,OFF-PA-10000246,Office Supplies,Paper,Riverleaf Stik-Withit Designer Note Cubes,16.096,2.0,0.2,5.2312,ERP,,Urgent
3918.0,US-2017-142573,7/18/2017,7/23/2017,Standard Class,ML-17410,Maris LaWare,Consumer,United States,Phoenix,Arizona,85023.0,West,OFF-BI-10003350,Office Supplies,Binders,Acco Expandable Hanging Binders,7.656,4.0,0.7,-6.1248,Manual Upload,,Urgent
3919.0,US-2017-142573,7/18/2017,7/23/2017,Standard Class,ML-17410,Maris LaWare,Consumer,United States,Phoenix,Arizona,85023.0,West,FUR-CH-10000513,Furniture,Chairs,High-Back Leather Manager's Chair,311.976,3.0,0.2,-42.8967,Manual Upload,Pending,Check later
3920.0,US-2015-148817,12/1/2015,12/7/2015,Standard Class,KD-16495,Keith Dawkins,Corporate,United States,Chesapeake,Virginia,23320.0,South,OFF-ST-10001321,Office Supplies,Storage,"Decoflex Hanging Personal Folder File, Blue",61.68,4.0,0.0,16.6536,CRM,,Duplicate?
3921.0,US-2015-148817,12/1/2015,12/7/2015,Standard Class,KD-16495,Keith Dawkins,Corporate,United States,Chesapeake,Virginia,23320.0,South,OFF-BI-10004233,Office Supplies,Binders,"GBC Pre-Punched Binding Paper, Plastic, White, 8-1/2"" x 11""",63.96,4.0,0.0,30.7008,Manual Upload,Rejected,Check later
3922.0,CA-2016-110044,6/28/2016,7/2/2016,Second Class,RF-19735,Roland Fjeld,Consumer,United States,Chicago,Illinois,60610.0,Central,TEC-PH-10001299,Technology,Phones,Polycom CX300 Desktop Phone USB VoIP phone,359.976,3.0,0.2,35.9976,CRM,Rejected,Duplicate?
3923.0,CA-2017-146920,8/28/2017,9/1/2017,Standard Class,SC-20305,Sean Christensen,Consumer,United States,Chicago,Illinois,60623.0,Central,OFF-PA-10002479,Office Supplies,Paper,Xerox 4200 Series MultiUse Premium Copy Paper (20Lb. and 84 Bright),25.344,6.0,0.2,7.92,Legacy,,Duplicate?
3924.0,CA-2017-146920,8/28/2017,9/1/2017,Standard Class,SC-20305,Sean Christensen,Consumer,United States,Chicago,Illinois,60623.0,Central,OFF-PA-10001461,Office Supplies,Paper,HP Office Paper (20Lb. and 87 Bright),26.72,5.0,0.2,9.352,Legacy,Pending,Check later
3925.0,CA-2014-103940,9/17/2014,9/21/2014,Standard Class,BN-11515,Bradley Nguyen,Consumer,United States,Seattle,Washington,98103.0,West,OFF-ST-10004963,Office Supplies,Storage,Eldon Gobal File Keepers,30.28,2.0,0.0,1.2112,CRM,,
3926.0,CA-2014-103940,9/17/2014,9/21/2014,Standard Class,BN-11515,Bradley Nguyen,Consumer,United States,Seattle,Washington,98103.0,West,OFF-ST-10000943,Office Supplies,Storage,Eldon ProFile File 'N Store Portable File Tub Letter/Legal Size Black,57.93,3.0,0.0,16.2204,ERP,,
3927.0,CA-2014-103940,9/17/2014,9/21/2014,Standard Class,BN-11515,Bradley Nguyen,Consumer,United States,Seattle,Washington,98103.0,West,FUR-FU-10004671,Furniture,Furnishings,"Executive Impressions 12"" Wall Clock",35.34,2.0,0.0,13.4292,CRM,Approved,
3928.0,CA-2014-103940,9/17/2014,9/21/2014,Standard Class,BN-11515,Bradley Nguyen,Consumer,United States,Seattle,Washington,98103.0,West,OFF-BI-10002735,Office Supplies,Binders,GBC Prestige Therm-A-Bind Covers,137.24,5.0,0.2,46.3185,CRM,,
3929.0,CA-2016-162082,3/14/2016,3/17/2016,First Class,JS-15880,John Stevenson,Consumer,United States,Harlingen,Texas,78550.0,Central,FUR-BO-10004409,Furniture,Bookcases,"Safco Value Mate Series Steel Bookcases, Baked Enamel Finish on Steel, Gray",241.332,5.0,0.32,-14.196,Legacy,Pending,Duplicate?
3930.0,CA-2016-162082,3/14/2016,3/17/2016,First Class,JS-15880,John Stevenson,Consumer,United States,Harlingen,Texas,78550.0,Central,OFF-PA-10001934,Office Supplies,Paper,Xerox 1993,5.184,1.0,0.2,1.8792,ERP,Approved,
3931.0,CA-2016-162082,3/14/2016,3/17/2016,First Class,JS-15880,John Stevenson,Consumer,United States,Harlingen,Texas,78550.0,Central,OFF-AR-10001044,Office Supplies,Art,"BOSTON Ranger #55 Pencil Sharpener, Black",145.544,7.0,0.2,16.3737,CRM,,Check later
3932.0,CA-2016-132094,8/26/2016,9/2/2016,Standard Class,VG-21805,Vivek Grady,Corporate,United States,Philadelphia,Pennsylvania,19140.0,East,OFF-AR-10004165,Office Supplies,Art,"Binney & Smith inkTank Erasable Pocket Highlighter, Chisel Tip, Yellow",5.472,3.0,0.2,1.6416,Legacy,Pending,Urgent
3933.0,CA-2016-132094,8/26/2016,9/2/2016,Standard Class,VG-21805,Vivek Grady,Corporate,United States,Philadelphia,Pennsylvania,19140.0,East,TEC-AC-10001109,Technology,Accessories,Logitech Trackman Marble Mouse,47.984,2.0,0.2,13.1956,CRM,Rejected,Urgent
3934.0,CA-2017-123001,9/2/2017,9/8/2017,Standard Class,AW-10840,Anthony Witt,Consumer,United States,Bakersfield,California,93309.0,West,OFF-AR-10001919,Office Supplies,Art,"OIC #2 Pencils, Medium Soft",9.4,5.0,0.0,2.726,Legacy,Rejected,
3935.0,CA-2017-123001,9/2/2017,9/8/2017,Standard Class,AW-10840,Anthony Witt,Consumer,United States,Bakersfield,California,93309.0,West,OFF-LA-10004544,Office Supplies,Labels,Avery 505,74.0,5.0,0.0,37.0,CRM,,Urgent
3936.0,CA-2017-123001,9/2/2017,9/8/2017,Standard Class,AW-10840,Anthony Witt,Consumer,United States,Bakersfield,California,93309.0,West,TEC-PH-10003484,Technology,Phones,Ooma Telo VoIP Home Phone System,201.584,2.0,0.2,12.599,Legacy,,
3937.0,CA-2015-118955,6/16/2015,6/20/2015,Standard Class,LS-17230,Lycoris Saunders ,Consumer,United States,Grand Prairie,Texas,75051.0,Central,OFF-EN-10001028,Office Supplies,Envelopes,Staple envelope,28.752,3.0,0.2,9.3444,CRM,Pending,
3938.0,CA-2015-118955,6/16/2015,6/20/2015,Standard Class,LS-17230,Lycoris Saunders,Consumer,United States,Grand Prairie,Texas,75051.0,Central,OFF-PA-10004156,Office Supplies,Paper,Xerox 188,27.216,3.0,0.2,9.8658,ERP,Approved,Duplicate?
3939.0,CA-2015-118955,16 Jun 2015,6/20/2015,Standard Class,LS-17230,Lycoris Saunders,Consumer,United States,Grand Prairie,Texas,75051.0,Central,FUR-CH-10001708,Furniture,Chairs,Office Star - Contemporary Swivel Chair with Padded Adjustable Arms and Flex Back,197.372,2.0,0.3,-25.3764,Legacy,Approved,Urgent
3940.0,US-2016-143448,12/10/2016,12/10/2016,Same Day,MH-17455,Mark Hamilton,Consumer,United States,Greenwood,Indiana,46142.0,Central,FUR-CH-10003379,Furniture,Chairs,Global Commerce Series High-Back Swivel/Tilt Chairs,1424.9,5.0,0.0,356.225,Manual Upload,,
3941.0,CA-2017-117863,5/18/2017,5/23/2017,Standard Class,TS-21340,Toby Swindell,Consumer,United States,New York City,New York,10024.0,East,FUR-FU-10002456,Furniture,Furnishings,"Master Caster Door Stop, Large Neon Orange",14.56,2.0,0.0,6.2608,Manual Upload,Approved,
3942.0,CA-2017-117863,5/18/2017,5/23/2017,Standard Class,TS-21340,Toby Swindell,Consumer,United States,New York City,New York,10024.0,East,OFF-BI-10000605,Office Supplies,Binders,"Acco Pressboard Covers with Storage Hooks, 9 1/2"" x 11"", Executive Red",3.048,1.0,0.2,1.0287,Legacy,Pending,Urgent
3943.0,CA-2017-160458,5/27/2017,5/29/2017,Second Class,EH-13945,Eric Hoffmann,Consumer,United States,Memphis,Tennessee,38109.0,South,OFF-PA-10001166,Office Supplies,Paper,Xerox 2,25.92,5.0,0.2,9.072,Legacy,,Urgent
3944.0,US-2016-142685,6/23/2016,6/30/2016,Standard Class,MG-17695,Maureen Gnade,Consumer,United States,Buffalo,New York,14215.0,East,OFF-SU-10000157,Office Supplies,Supplies,Compact Automatic Electric Letter Opener,835.17,7.0,0.0,16.7034,CRM,,
3945.0,CA-2016-133144,5/16/2016,5/21/2016,Second Class,DO-13435,Denny Ordway,Consumer,United States,Los Angeles,California,90036.0,West,OFF-PA-10004971,Office Supplies,Paper,Xerox 196,17.34,3.0,0.0,8.4966,ERP,Rejected,
3946.0,CA-2017-167871,11/18/2017,11/23/2017,Standard Class,AF-10870,Art Ferguson,Consumer,United States,Homestead,Florida,33030.0,South,OFF-PA-10001977,Office Supplies,Paper,Xerox 194,44.384,1.0,0.2,15.5344,Legacy,Rejected,Check later
3947.0,CA-2017-167871,11/18/2017,11/23/2017,Standard Class,AF-10870,Art Ferguson,Consumer,United States,Homestead,Florida,33030.0,South,OFF-SU-10001225,Office Supplies,Supplies,Staple remover,2.944,1.0,0.2,-0.6624,CRM,Approved,Urgent
3948.0,CA-2016-119963,11/18/2016,11/22/2016,Standard Class,SN-20710,Steve Nguyen,Home Office,United States,Pasadena,Texas,77506.0,Central,OFF-AR-10003514,Office Supplies,Art,4009 Highlighters by Sanford,6.368,2.0,0.2,1.0348,CRM,Approved,Check later
3949.0,CA-2016-119963,11/18/2016,11/22/2016,Standard Class,SN-20710,Steve Nguyen,Home Office,United States,Pasadena,Texas,77506.0,Central,OFF-LA-10003510,Office Supplies,Labels,"Avery 4027 File Folder Labels for Dot Matrix Printers, 5000 Labels per Box, White",48.848,2.0,0.2,15.8756,CRM,Rejected,
3950.0,CA-2016-119963,11/18/2016,11/22/2016,Standard Class,SN-20710,Steve Nguyen,Home Office,United States,Pasadena,Texas,77506.0,Central,OFF-PA-10001970,Office Supplies,Paper,Xerox 1881,19.648,2.0,0.2,6.6312,Manual Upload,Pending,Urgent
3951.0,CA-2016-119963,11/18/2016,11/22/2016,Standard Class,SN-20710,Steve Nguyen,Home Office,United States,Pasadena,Texas,77506.0,Central,FUR-CH-10003817,Furniture,Chairs,"Global Value Steno Chair, Gray",255.108,6.0,0.3,-18.222,Manual Upload,Pending,Urgent
3952.0,CA-2014-121167,11/28/2014,11/30/2014,Second Class,MO-17500,Mary O'Rourke,Consumer,United States,Freeport,New York,11520.0,East,OFF-BI-10003676,Office Supplies,Binders,"GBC Standard Recycled Report Covers, Clear Plastic Sheets",17.248,2.0,0.2,6.0368,Manual Upload,Rejected,Check later
3953.0,US-2016-151862,3/1/2016,3/8/2016,Standard Class,ON-18715,Odella Nelson,Corporate,United States,Denver,Colorado,80219.0,West,TEC-PH-10003535,Technology,Phones,RCA ViSYS 25423RE1 Corded phone,159.984,2.0,0.2,13.9986,Legacy,Pending,Urgent
3954.0,CA-2017-152961,1/15/2017,1/19/2017,Standard Class,SC-20095,Sanjit Chand,Consumer,United States,Quincy,Massachusetts,2169.0,East,OFF-PA-10004675,Office Supplies,Paper,"Telephone Message Books with Fax/Mobile Section, 5 1/2"" x 3 3/16""",12.7,2.0,0.0,5.842,ERP,Pending,
3955.0,CA-2014-133228,4/4/2014,4/9/2014,Standard Class,MS-17710,Maurice Satty,Consumer,United States,Detroit,Michigan,48205.0,Central,FUR-FU-10004020,Furniture,Furnishings,Advantus Panel Wall Acrylic Frame,5.47,1.0,0.0,2.3521,Manual Upload,Rejected,Check later
3956.0,CA-2014-133228,4/4/2014,4/9/2014,Standard Class,MS-17710,Maurice Satty,Consumer,United States,Detroit,Michigan,48205.0,Central,OFF-AR-10001955,Office Supplies,Art,Newell 319,79.36,4.0,0.0,23.808,ERP,Pending,
3957.0,CA-2016-114951,6/26/2016,7/3/2016,Standard Class,DN-13690,Duane Noonan,Consumer,United States,San Francisco,California,94109.0,West,FUR-FU-10002364,Furniture,Furnishings,"Eldon Expressions Wood Desk Accessories, Oak",22.14,3.0,0.0,6.4206,ERP,Rejected,
3958.0,CA-2016-156573,5/29/2016,6/2/2016,Standard Class,RB-19360,Raymond Buch,Consumer,United States,Nashville,Tennessee,37211.0,South,OFF-BI-10002414,Office Supplies,Binders,GBC ProClick Spines for 32-Hole Punch,11.277,3.0,0.7,-8.6457,Legacy,Rejected,Urgent
3959.0,CA-2016-156573,5/29/2016,6/2/2016,Standard Class,RB-19360,Raymond Buch,Consumer,United States,Nashville,Tennessee,37211.0,South,OFF-AR-10003732,Office Supplies,Art,Newell 333,4.448,2.0,0.2,0.3336,Manual Upload,Rejected,Check later
3960.0,CA-2016-156573,5/29/2016,6/2/2016,Standard Class,RB-19360,Raymond Buch,Consumer,United States,Nashville,Tennessee,37211.0,South,FUR-FU-10001085,Furniture,Furnishings,3M Polarizing Light Filter Sleeves,44.76,3.0,0.2,14.547,Legacy,Approved,Duplicate?
3961.0,CA-2015-113901,10/19/2015,10/24/2015,Standard Class,NH-18610,Nicole Hansen,Corporate,United States,Detroit,Michigan,48227.0,Central,OFF-BI-10001249,Office Supplies,Binders,Avery Heavy-Duty EZD View Binder with Locking Rings,38.28,6.0,0.0,17.6088,Manual Upload,Approved,Urgent
3962.0,CA-2015-113901,10/19/2015,10/24/2015,Standard Class,NH-18610,Nicole Hansen,Corporate,United States,Detroit,Michigan,48227.0,Central,TEC-PH-10002564,Technology,Phones,OtterBox Defender Series Case - Samsung Galaxy S4,149.95,5.0,0.0,44.985,Legacy,Pending,Check later
3963.0,CA-2017-134838,2/19/2017,2/20/2017,First Class,ED-13885,Emily Ducich,Home Office,United States,Los Angeles,California,90045.0,West,OFF-AR-10000634,Office Supplies,Art,Newell 320,12.84,3.0,0.0,3.4668,ERP,Approved,
3964.0,CA-2017-134838,2/19/2017,20/02/2017,First Class,ED-13885,Emily Ducich,Home Office,United States,Los Angeles,California,90045.0,West,FUR-FU-10004018,Furniture,Furnishings,Tensor Computer Mounted Lamp,44.67,3.0,0.0,12.0609,Manual Upload,Pending,Duplicate?
3965.0,CA-2016-120257,9/22/2016,9/28/2016,Standard Class,PW-19240,Pierre Wener,Consumer,United States,Philadelphia,Pennsylvania,19140.0,East,OFF-AR-10003481,Office Supplies,Art,Newell 348,7.872,3.0,0.2,0.8856,CRM,,Duplicate?
3966.0,CA-2014-164910,11/12/2014,11/17/2014,Second Class,DM-13345,Denise Monton,Corporate,United States,Asheville,North Carolina,28806.0,South,OFF-AR-10003651,Office Supplies,Art,Newell 350,7.872,3.0,0.2,0.8856,ERP,Approved,Check later
3967.0,CA-2016-149902,4/1/2016,4/6/2016,Standard Class,DW-13540,Don Weiss,Consumer,United States,New York City,New York,10024.0,East,OFF-AR-10002956,OfficeSupply,Art,Boston 16801 Nautilus Battery Pencil Sharpener,88.04,4.0,0.0,22.8904,Legacy,Pending,
3968.0,CA-2016-146010,5/20/2016,5/23/2016,First Class,EH-14125,Eugene Hildebrand,Home Office,United States,Colorado Springs,Colorado,80906.0,West,OFF-BI-10003638,Office Supplies,Binders,GBC Durable Plastic Covers,40.635,7.0,0.7,-32.508,Legacy,Rejected,Urgent
3969.0,US-2015-163685,6/1/2015,6/5/2015,Standard Class,KE-16420,Katrina Edelman,Corporate,United States,San Antonio,Texas,78207.0,Central,OFF-BI-10001890,Office Supplies,Binders,Avery Poly Binder Pockets,5.728,8.0,0.8,-9.1648,Manual Upload,,Urgent
3970.0,US-2015-163685,6/1/2015,6/5/2015,Standard Class,KE-16420,Katrina Edelman,Corporate,United States,San Antonio,Texas,78207.0,Central,OFF-PA-10002606,Office Supplies,Paper,Xerox 1928,42.24,10.0,0.2,13.2,ERP,Approved,Duplicate?
3971.0,CA-2014-135090,11/22/2014,11/26/2014,Standard Class,SP-20920,Susan Pistek,Consumer,United States,Los Angeles,California,90036.0,West,OFF-PA-10002245,Office Supplies,Paper,Xerox 1895,53.82,9.0,0.0,24.219,Manual Upload,Rejected,Check later
3972.0,CA-2015-132374,2/22/2015,2/24/2015,Second Class,PS-19045,Penelope Sewall,Home Office,United States,Sterling Heights,Michigan,48310.0,Central,OFF-AR-10001615,Office Supplies,Art,Newell 34,79.36,4.0,0.0,20.6336,Manual Upload,,Duplicate?
3973.0,CA-2016-167556,2016/03/29,4/2/2016,Standard Class,JM-15250,Janet Martin,Consumer,United States,New York City,New York,10009.0,East,OFF-PA-10000466,Office Supplies,Paper,"Memo Book, 100 Message Capacity, 5 3/8 x 11",13.48,2.0,0.0,6.74,Manual Upload,Approved,Duplicate?
3974.0,CA-2016-167556,3/29/2016,4/2/2016,Standard Class,JM-15250,Janet Martin,Consumer,United States,New York City,New York,10009.0,East,OFF-BI-10003708,Office Supplies,Binders,"Acco Four Pocket Poly Ring Binder with Label Holder, Smoke, 1""",29.8,5.0,0.2,9.3125,Legacy,Approved,Check later
3975.0,CA-2016-167556,3/29/2016,4/2/2016,Standard Class,JM-15250,Janet Martin,Consumer,United States,New York City,New York,10009.0,East,FUR-FU-10004848,Furniture,Furnishings,"Howard Miller 13-3/4"" Diameter Brushed Chrome Round Wall Clock",414.0,8.0,0.0,124.2,Legacy,Approved,Urgent
3976.0,CA-2016-167556,3/29/2016,4/2/2016,Standard Class,JM-15250,Janet Martin,Consumer,United States,New York City,New York,10009.0,East,OFF-BI-10000320,Office Supplies,Binders,GBC Plastic Binding Combs,41.328,7.0,0.2,14.9814,CRM,Approved,
3977.0,US-2016-116400,10/22/2016,10/24/2016,First Class,EB-13930,Eric Barreto,Consumer,United States,Richmond,Virginia,23223.0,South,FUR-FU-10003731,Furniture,Furnishings,"Eldon Expressions Wood and Plastic Desk Accessories, Oak",39.92,4.0,0.0,11.1776,ERP,Approved,Check later
3978.0,CA-2017-101308,10/2/2017,10/7/2017,Standard Class,FG-14260,Frank Gastineau,Home Office,United States,Seattle,Washington,98105.0,West,OFF-FA-10002780,Office Supplies,Fasteners,Staples,8.94,3.0,0.0,4.1124,Manual Upload,Pending,Check later
3979.0,CA-2017-101308,10/2/2017,10/7/2017,Standard Class,FG-14260,Frank Gastineau,Home Office,United States,Seattle,Washington,98105.0,West,TEC-PH-10003800,tech,Phones,i.Sound Portable Power - 8000 mAh,84.784,2.0,0.2,-20.1362,Manual Upload,Approved,Duplicate?
3980.0,CA-2014-114517,12/23/2014,12/27/2014,Standard Class,TH-21235,Tiffany House,Corporate,United States,New York City,New York,10024.0,east,FUR-TA-10001676,Furniture,Tables,Hon 61000 Series Interactive Training Tables,53.316,2.0,0.4,-19.5492,Legacy,Approved,Duplicate?
3981.0,CA-2014-114517,12/23/2014,12/27/2014,Standard Class,TH-21235,Tiffany House,Corporate,United States,New York City,New York,10024.0,East,OFF-AP-10002350,Office Supplies,Appliances,Belkin F9H710-06 7 Outlet SurgeMaster Surge Protector,56.52,3.0,0.0,15.8256,Manual Upload,,
3982.0,CA-2017-119564,12/15/2017,12/20/2017,Standard Class,PL-18925,Paul Lucas,Home Office,United States,Seattle,Washington,98115.0,West,FUR-FU-10003096,Furniture,Furnishings,"Master Giant Foot Doorstop, Safety Yellow",22.77,3.0,0.0,9.7911,Manual Upload,Approved,Check later
3983.0,CA-2016-135265,7/7/2016,7/9/2016,Second Class,CC-12370,Christopher Conant,Consumer,United States,Los Angeles,California,90045.0,West,FUR-CH-10003061,Furniture,Chairs,"Global Leather Task Chair, Black",287.968,4.0,0.2,-3.5996,ERP,Approved,
3984.0,CA-2016-135265,7/7/2016,7/9/2016,Second Class,CC-12370,Christopher Conant,Consumer,United States,Los Angeles,California,90045.0,West,TEC-CO-10003763,Technology,Copiers,Canon PC1060 Personal Laser Copier,2799.96,5.0,0.2,944.9865,ERP,Approved,
3985.0,CA-2016-135265,7/7/2016,7/9/2016,Second Class,CC-12370,Christopher Conant,Consumer,United States,Los Angeles,California,90045.0,West,OFF-PA-10002923,Office Supplies,Paper,Xerox 1942,48.94,1.0,0.0,24.47,Manual Upload,,
3986.0,CA-2016-108735,4/17/2016,4/21/2016,Standard Class,JM-15535,Jessica Myrick,Consumer,United States,Lakewood,California,90712.0,West,FUR-BO-10003441,Furniture,Bookcases,"Bush Westfield Collection Bookcases, Fully Assembled",257.499,3.0,0.15,24.2352,ERP,Approved,Check later
3987.0,CA-2017-112333,4/8/2017,4/14/2017,Standard Class,KF-16285,Karen Ferguson,Home Office,United States,Plainfield,New Jersey,7060.0,East,OFF-ST-10001780,Office Supplies,Storage,Tennsco 16-Compartment Lockers with Coat Rack,2591.56,4.0,0.0,621.9744,Legacy,Rejected,Check later
3988.0,CA-2017-112333,4/8/2017,4/14/2017,Standard Class,KF-16285,Karen Ferguson,Home Office,United States,Plainfield,New Jersey,7060.0,East,OFF-AP-10001962,Office Supplies,Appliances,Black & Decker Filter for Double Action Dustbuster Cordless Vac BLDV7210,41.95,5.0,0.0,10.4875,Manual Upload,,Duplicate?
3989.0,US-2016-159415,4/17/2016,4/22/2016,Standard Class,CS-12175,Charles Sheldon,Corporate,United States,Columbia,Tennessee,38401.0,South,FUR-FU-10003798,Furniture,Furnishings,"Ultra Door Kickplate, 8""H x 34""W",79.12,5.0,0.2,13.846,Manual Upload,Pending,Check later
3990.0,CA-2014-122588,11/25/2014,11/27/2014,Second Class,AR-10540,Andy Reiter,Consumer,United States,Woonsocket,Rhode Island,2895.0,East,FUR-FU-10001095,Furniture,Furnishings,DAX Black Cherry Wood-Tone Poster Frame,52.96,2.0,0.0,20.1248,Manual Upload,Rejected,Urgent
3991.0,CA-2014-137589,11/3/2014,11/8/2014,Standard Class,MS-17770,Maxwell Schwartz,Consumer,United States,Lancaster,Pennsylvania,17602.0,East,OFF-SU-10000157,Office Supplies,Supplies,Compact Automatic Electric Letter Opener,286.344,3.0,0.2,-64.4274,Manual Upload,Approved,
3992.0,CA-2015-161998,5/1/2015,5/5/2015,standard class,DB-13120,David Bremer,Corporate,United States,Tampa,Florida,33614.0,South,FUR-FU-10001095,Furniture,Furnishings,DAX Black Cherry Wood-Tone Poster Frame,63.552,3.0,0.2,14.2992,Legacy,,Urgent
3993.0,CA-2015-161998,5/1/2015,5/5/2015,Standard Class,DB-13120,David Bremer,Corporate,United States,Tampa,Florida,33614.0,South,OFF-SU-10004261,Office Supplies,Supplies,"Fiskars 8"" Scissors, 2/Pack",41.376,3.0,0.2,4.6548,Legacy,Rejected,
3994.0,CA-2015-161998,5/1/2015,5/5/2015,Standard Class,DB-13120,David Bremer,Corporate,United States,Tampa,Florida,33614.0,South,OFF-AR-10004022,Office Supplies,Art,Panasonic KP-380BK Classic Electric Pencil Sharpener,172.704,6.0,0.2,10.794,Legacy,Rejected,
3995.0,CA-2015-105627,3/8/2015,3/12/2015,Standard Class,DK-12895,Dana Kaydos,Consumer,United States,Kenosha,Wisconsin,53142.0,Central,FUR-BO-10002916,Furniture,Bookcases,"Rush Hierlooms Collection 1"" Thick Stackable Bookcases",512.94,3.0,0.0,97.4586,ERP,Approved,Duplicate?
3996.0,CA-2015-105627,3/8/2015,3/12/2015,Standard Class,DK-12895,Dana Kaydos,Consumer,United States,Kenosha,Wisconsin,53142.0,Central,FUR-CH-10002084,Furniture,Chairs,Hon Mobius Operator's Chair,860.93,7.0,0.0,189.4046,Legacy,,Check later
3997.0,CA-2015-105627,3/8/2015,3/12/2015,Standard Class,DK-12895,Dana Kaydos,Consumer,United States,Kenosha,Wisconsin,53142.0,Central,TEC-PH-10003012,Technology,Phones,Nortel Meridian M3904 Professional Digital phone,769.95,5.0,0.0,223.2855,CRM,Approved,Duplicate?
3998.0,CA-2015-105627,3/8/2015,3/12/2015,Standard Class,DK-12895,Dana Kaydos,Consumer,United States,Kenosha,Wisconsin,53142.0,Central,OFF-AR-10002704,Office Supplies,Art,Boston 1900 Electric Pencil Sharpener,14.98,1.0,0.0,4.494,ERP,,Urgent
3999.0,CA-2015-105627,3/8/2015,3/12/2015,Standard Class,DK-12895,Dana Kaydos,Consumer,United States,Kenosha,Wisconsin,53142.0,Central,FUR-FU-10000308,Furniture,Furnishings,Deflect-o Glass Clear Studded Chair Mats,373.08,6.0,0.0,82.0776,Manual Upload,Approved,
4000.0,US-2015-149629,7/17/2015,7/20/2015,Second Class,MP-17965,Michael Paige,Corporate,United States,Port Saint Lucie,Florida,34952.0,South,FUR-BO-10004709,Furniture,Bookcases,"Bush Westfield Collection Bookcases, Medium Cherry Finish",231.92,5.0,0.2,5.798,ERP,Approved,Urgent
4001.0,CA-2014-116834,10/11/2014,10/16/2014,Standard Class,Dp-13240,Dean percer,Home Office,United States,Seattle,Washington,98115.0,West,FUR-FU-10001196,Furniture,Furnishings,DAX Cubicle Frames - 8x10,63.47,11.0,0.0,19.041,Legacy,Pending,Urgent
4002.0,CA-2014-116834,10/11/2014,10/16/2014,Standard Class,Dp-13240,Dean percer,Home Office,United States,Seattle,Washington,98115.0,West,TEC-AC-10002942,Technology,Accessories,WD My Passport Ultra 1TB Portable External Hard Drive,345.0,5.0,0.0,58.65,CRM,Approved,
4003.0,CA-2016-145730,3/3/2016,3/8/2016,Standard Class,CC-12220,Chris Cortes,Consumer,United States,San Antonio,Texas,78207.0,Central,FUR-TA-10004915,Furniture,Tables,"Office Impressions End Table, 20-1/2""H x 24""W x 20""D",637.896,3.0,0.3,-127.5792,Manual Upload,Approved,
4004.0,CA-2016-145730,3/3/2016,3/8/2016,Standard Class,CC-12220,Chris Cortes,Consumer,United States,San Antonio,Texas,78207.0,Central,TEC-MA-10001016,Technology,Machines,Canon PC170 Desktop Personal Copier,287.91,3.0,0.4,33.5895,CRM,Pending,
4005.0,CA-2016-145730,3/3/2016,3/8/2016,Standard Class,CC-12220,Chris Cortes,Consumer,United States,San Antonio,Texas,78207.0,Central,OFF-EN-10000483,Office Supplies,Envelopes,"White Envelopes, White Envelopes with Clear Poly Window",36.6,3.0,0.2,11.895,CRM,Approved,
4006.0,US-2015-168732,12/10/2015,12/16/2015,Standard Class,KM-16660,Khloe Miller,Consumer,United States,Roswell,Georgia,30076.0,South,OFF-AR-10003087,Office Supplies,Art,Staples in misc. colors,1.78,1.0,0.0,0.4984,Legacy,Rejected,
4007.0,US-2015-168732,12/10/2015,12/16/2015,Standard Class,KM-16660,Khloe Miller,Consumer,United States,Roswell,Georgia,30076.0,South,OFF-PA-10000520,Office Supplies,Paper,Xerox 201,25.92,4.0,0.0,12.4416,CRM,Pending,
4008.0,US-2015-168732,12/10/2015,12/16/2015,Standard Class,KM-16660,Khloe Miller,Consumer,United States,Roswell,Georgia,30076.0,South,TEC-AC-10001553,Technology,Accessories,"Memorex 25GB 6X Branded Blu-Ray Recordable Disc, 15/Pack",101.94,6.0,0.0,21.4074,CRM,Pending,
4009.0,CA-2015-107468,12/18/2015,12/22/2015,Standard Class,MK-17905,Michael Kennedy,Corporate,United States,Louisville,Colorado,80027.0,West,OFF-AR-10000634,Office Supplies,Art,Newell 320,6.848,2.0,0.2,0.5992,Legacy,,Duplicate?
4010.0,CA-2017-144463,1/1/2017,1/5/2017,Standard Class,SC-20725,Steven Cartwright,Consumer,United States,Los Angeles,California,90036.0,West,FUR-FU-10001215,Furniture,Furnishings,"Howard Miller 11-1/2"" Diameter Brentwood Wall Clock",474.43,11.0,0.0,199.2606,Legacy,Pending,Duplicate?
4011.0,CA-2017-100811,11/21/2017,11/24/2017,First Class,CC-12475,Cindy Chapman,Consumer,United States,Philadelphia,Pennsylvania,19143.0,East,OFF-PA-10001204,Office Supplies,Paper,Xerox 1972,8.448,2.0,0.2,2.64,Legacy,Rejected,
4012.0,CA-2017-100811,11/21/2017,11/24/2017,First Class,CC-12475,Cindy Chapman,Consumer,United States,Philadelphia,Pennsylvania,19143.0,East,OFF-ST-10002444,Office Supplies,Storage,Recycled Eldon Regeneration Jumbo File,39.296,4.0,0.2,3.9296,CRM,Rejected,Urgent
4013.0,CA-2015-153612,12/22/2015,12/27/2015,Standard Class,BT-11305,Beth Thompson,Home Office,United States,Superior,Wisconsin,54880.0,Central,OFF-AR-10000203,Office Supplies,Art,Newell 336,17.12,4.0,0.0,4.9648,CRM,,Urgent
4014.0,CA-2015-165624,8/23/2015,8/28/2015,Standard Class,FH-14350,Fred Harton,Consumer,United States,Atlanta,Georgia,30318.0,South,OFF-AP-10000828,Office Supplies,Appliances,Avanti 4.4 Cu. Ft. Refrigerator,542.94,3.0,0.0,152.0232,ERP,Rejected,
4015.0,CA-2015-165624,8/23/2015,8/28/2015,Standard Class,FH-14350,Fred Harton,Consumer,United States,Atlanta,Georgia,30318.0,South,OFF-LA-10003190,Office Supplies,Labels,Avery 474,8.64,3.0,0.0,4.2336,CRM,Rejected,
4016.0,CA-2015-165624,8/23/2015,8/28/2015,Standard Class,FH-14350,Fred Harton,Consumer,United States,Atlanta,Georgia,30318.0,South,OFF-PA-10002319,Office Supplies,Paper,Xerox 1944,193.8,5.0,0.0,94.962,CRM,,
4017.0,CA-2015-165624,8/23/2015,8/28/2015,Standard Class,FH-14350,Fred Harton,Consumer,United States,Atlanta,Georgia,30318.0,South,OFF-PA-10003893,Office Supplies,Paper,Xerox 1962,21.4,5.0,0.0,9.63,CRM,Approved,Duplicate?
4018.0,CA-2015-165624,8/23/2015,8/28/2015,Standard Class,FH-14350,Fred Harton,Consumer,United States,Atlanta,Georgia,30318.0,South,OFF-PA-10002499,Office Supplies,Paper,Xerox 1890,97.88,2.0,0.0,0.0,ERP,Approved,
4019.0,CA-2015-165624,8/23/2015,8/28/2015,Standard Class,FH-14350,Fred Harton,Consumer,United States,Atlanta,Georgia,30318.0,South,TEC-AC-10004568,Technology,Accessories,Maxell LTO Ultrium - 800 GB,251.91,9.0,0.0,47.8629,CRM,Rejected,Check later
4020.0,CA-2015-165624,8/23/2015,8/28/2015,Standard Class,FH-14350,Fred Harton,Consumer,United States,Atlanta,Georgia,30318.0,South,OFF-AP-10001492,Office Supplies,Appliances,"Acco Six-Outlet Power Strip, 4' Cord Length",25.86,3.0,0.0,6.7236,CRM,Pending,Duplicate?
4021.0,CA-2014-154963,6/22/2014,2014-06-27,Standard Class,AA-10645,Anna Andreadi,Consumer,United States,Chester,Pennsylvania,19013.0,East,FUR-CH-10004698,Furniture,Chairs,"Padded Folding Chairs, Black, 4/Carton",170.058,3.0,0.3,-4.8588,Legacy,,
4022.0,CA-2014-154963,6/22/2014,6/27/2014,Standard Class,AA-10645,Anna Andreadi,Consumer,United States,Chester,Pennsylvania,19013.0,East,TEC-PH-10004093,Technology,Phones,Panasonic Kx-TS550,82.782,3.0,0.4,-15.1767,ERP,Rejected,
4023.0,CA-2014-154963,6/22/2014,6/27/2014,Standard Class,AA-10645,Anna Andreadi,Consumer,United States,Chester,Pennsylvania,19013.0,East,FUR-CH-10000454,Furniture,Chairs,"Hon Deluxe Fabric Upholstered Stacking Chairs, Rounded Back",853.93,5.0,0.3,0.0,CRM,Pending,
4024.0,CA-2017-130764,10/27/2017,10/28/2017,First Class,JO-15145,Jack O'Briant,Corporate,United States,San Francisco,California,94110.0,West,FUR-BO-10003034,Furniture,Bookcases,"O'Sullivan Elevations Bookcase, Cherry Finish",556.665,5.0,0.15,6.549,Legacy,,Urgent
4025.0,CA-2017-130764,10/27/2017,10/28/2017,First Class,JO-15145,Jack O'Briant,Corporate,United States,San Francisco,California,94110.0,West,TEC-PH-10003215,Technology,Phones,Jackery Bar Premium Fast-charging Portable Charger,95.84,4.0,0.2,34.742,Legacy,,
4026.0,CA-2017-139311,8/11/2017,8/13/2017,First Class,SF-20965,Sylvia Foulston,Corporate,United States,Bedford,Texas,76021.0,Central,OFF-PA-10001776,Office Supplies,Paper,"Wirebound Message Books, Four 2 3/4"" x 5"" Forms per Page, 600 Sets per Book",29.664,4.0,0.2,10.0116,CRM,Rejected,
4027.0,CA-2017-139311,8/11/2017,8/13/2017,First Class,SF-20965,Sylvia Foulston,Corporate,United States,Bedford,Texas,76021.0,Central,OFF-AR-10004582,Office Supplies,Art,BIC Brite Liner Grip Highlighters,9.184,7.0,0.2,2.87,Legacy,,
4028.0,CA-2017-139311,8/11/2017,8/13/2017,First Class,SF-20965,Sylvia Foulston,Corporate,United States,Bedford,Texas,,Central,TEC-PH-10001557,Technology,Phones,Pyle PMP37LED,153.584,2.0,0.2,13.4386,CRM,Approved,Duplicate?
4029.0,CA-2017-139311,8/11/2017,8/13/2017,First Class,SF-20965,Sylvia Foulston,Corporate,United States,Bedford,Texas,76021.0,Central,OFF-BI-10004209,Office Supplies,Binders,"Fellowes Twister Kit, Gray/Clear, 3/pkg",12.864,8.0,0.8,-22.512,Legacy,Approved,
4030.0,CA-2017-124296,12/24/2017,12/28/2017,Standard Class,CS-12355,Christine Sundaresam,Consumer,United States,Lafayette,Louisiana,70506.0,South,TEC-MA-10003183,Technology,Machines,DYMO CardScan Personal V9 Business Card Scanner,479.97,3.0,0.0,239.985,Legacy,,
4031.0,CA-2017-124296,12/24/2017,12/28/2017,Standard Class,CS-12355,Christine Sundaresam,Consumer,United States,Lafayette,Louisiana,70506.0,South,FUR-CH-10002439,Furniture,Chairs,"Iceberg Nesting Folding Chair, 19w x 6d x 43h",232.88,4.0,0.0,60.5488,Manual Upload,Rejected,Check later
4032.0,CA-2016-169957,9/26/2016,9/30/2016,Standard Class,SN-20710,Steve Nguyen,Home Office,United States,Covington,Washington,98042.0,West,OFF-AP-10000576,Office Supplies,Appliances,Belkin 7 Outlet SurgeMaster II,236.88,6.0,0.0,66.3264,Manual Upload,,Urgent
4033.0,CA-2016-169957,9/26/2016,9/30/2016,Standard Class,SN-20710,Steve Nguyen,Home Office,United States,Covington,Washington,98042.0,west,OFF-PA-10004040,Office Supplies,Paper,Universal Premium White Copier/Laser Paper (20Lb. and 87 Bright),29.9,5.0,0.0,14.651,Manual Upload,Rejected,
4034.0,CA-2016-169957,9/26/2016,9/30/2016,Standard Class,SN-20710,Steve Nguyen,Home Office,United States,Covington,Washington,98042.0,West,TEC-AC-10003063,Technology,Accessories,Micro Innovations USB RF Wireless Keyboard with Mouse,100.0,4.0,0.0,50000.0,Legacy,Pending,Urgent
4035.0,US-2016-108777,12/12/2016,2016-12-12,Same Day,JM-15655,Jim Mitchum,Corporate,United States,Lorain,Ohio,44052.0,East,OFF-BI-10003982,Office Supplies,Binders,Wilson Jones Century Plastic Molded Ring Binders,18.693,3.0,0.7,-14.3313,CRM,Approved,Duplicate?
4036.0,US-2016-108777,12/12/2016,12/12/2016,Same Day,JM-15655,Jim Mitchum,Corporate,United States,Lorain,Ohio,44052.0,East,TEC-AC-10002567,Technology,Accessories,Logitech G602 Wireless Gaming Mouse,383.952,6.0,0.2,76.7904,Legacy,,
4037.0,CA-2015-148859,12/28/2015,1/1/2016,Standard Class,FH-14350,Fred Harton,Consumer,United States,Chicago,Illinois,60623.0,Central,OFF-ST-10004950,Office Supplies,Storage,"Tenex Personal Filing Tote With Secure Closure Lid, Black/Frost",24.816,2.0,0.2,1.551,Legacy,Rejected,Duplicate?
4038.0,CA-2014-110786,12/29/2014,1/2/2015,Standard Class,AJ-10795,Anthony Johnson,Corporate,United States,San Francisco,California,94110.0,West,FUR-FU-10000550,Furniture,Furnishings,Stacking Trays by OIC,24.9,5.0,0.0,8.217,Legacy,Rejected,Check later
4039.0,CA-2014-110786,12/29/2014,1/2/2015,Standard Class,AJ-10795,Anthony Johnson,Corporate,United States,San Francisco,California,94110.0,West,OFF-PA-10000528,Office Supplies,Paper,Xerox 1981,21.12,4.0,0.0,9.504,Manual Upload,Approved,Check later
4040.0,CA-2014-110786,12/29/2014,1/2/2015,Standard Class,AJ-10795,Anthony Johnson,Corporate,United States,San Francisco,California,94110.0,West,TEC-MA-10003183,Technology,Machines,DYMO CardScan Personal V9 Business Card Scanner,767.952,6.0,0.2,287.982,CRM,Pending,Urgent
4041.0,CA-2014-110786,12/29/2014,1/2/2015,Standard Class,AJ-10795,Anthony Johnson,Corporate,United States,San Francisco,California,94110.0,West,OFF-BI-10003305,Office Supplies,Binders,Avery Hanging File Binders,14.352,3.0,0.2,4.6644,ERP,Pending,Check later
4042.0,CA-2014-110786,12/29/2014,1/2/2015,Standard Class,AJ-10795,Anthony Johnson,Corporate,United States,San Francisco,California,94110.0,West,TEC-PH-10001425,Technology,Phones,Mophie Juice Pack Helium for iPhone,191.976,3.0,0.2,19.1976,ERP,Approved,Urgent
4043.0,CA-2014-110786,12/29/2014,1/2/2015,Standard Class,AJ-10795,Anthony Johnson,Corporate,United States,San Francisco,California,94110.0,West,OFF-LA-10001474,Office Supplies,Labels,Avery 477,274.77,9.0,0.0,126.3942,CRM,,Duplicate?
4044.0,CA-2014-110786,12/29/2014,1/2/2015,Standard Class,AJ-10795,Anthony Johnson,Corporate,United States,San Francisco,California,94110.0,West,FUR-FU-10000672,Furniture,Furnishings,"Executive Impressions 10"" Spectator Wall Clock",70.56,6.0,0.0,23.9904,ERP,Pending,
4045.0,CA-2015-137750,6/25/2015,6/30/2015,Standard Class,JF-15565,Jill Fjeld,Consumer,United States,San Francisco,California,94110.0,West,FUR-FU-10001979,Furniture,Furnishings,Dana Halogen Swing-Arm Architect Lamp,204.85,5.0,0.0,57.358,CRM,,Duplicate?
4046.0,CA-2015-136378,4/2/2015,4/7/2015,Standard Class,CS-11845,Cari Sayre,Corporate,United States,Houston,Texas,77070.0,Central,OFF-BI-10003707,Office Supplies,Binders,Aluminum Screw Posts,9.156,3.0,0.8,-13.734,CRM,,Check later
4047.0,CA-2017-100356,10/21/2017,10/25/2017,Standard Class,SP-20920,Susan Pistek,Consumer,United States,Chicago,Illinois,60653.0,Central,OFF-AP-10002191,Office Supplies,Appliances,Belkin 8 Outlet SurgeMaster II Gold Surge Protector,23.992,2.0,-0.2,-62.3792,Legacy,Approved,Urgent
4048.0,US-2015-166520,7/16/2015,7/19/2015,First Class,KE-16420,Katrina Edelman,Corporate,United States,New York City,New York,10035.0,East,OFF-PA-10000501,Office Supplies,Paper,Petty Cash Envelope,80.88,3.0,0.0,39.6312,CRM,,Duplicate?
4049.0,US-2015-166520,7/16/2015,7/19/2015,First Class,KE-16420,Katrina Edelman,Corporate,United States,New York City,New York,10035.0,East,TEC-AC-10001990,Technology,Accessories,Kensington Orbit Wireless Mobile Trackball for PC and Mac,599.9,10.0,0.0,191.968,ERP,Rejected,
4050.0,CA-2017-136350,6/24/2017,6/26/2017,Second Class,GA-14515,George Ashbrook,Consumer,United States,New York City,New York,10011.0,East,FUR-FU-10003601,Furniture,Furnishings,"Deflect-o RollaMat Studded, Beveled Mat for Medium Pile Carpeting",276.69,3.0,0.0,49.8042,CRM,Approved,Duplicate?
4051.0,CA-2017-136350,6/24/2017,6/26/2017,Second Class,GA-14515,George Ashbrook,Consumer,United States,New York City,N.Y.,10011.0,East,FUR-CH-10001891,Furniture,Chairs,Global Deluxe Office Fabric Chairs,172.764,2.0,0.1,32.6332,Manual Upload,Rejected,Check later
4052.0,CA-2014-122931,9/29/2014,10/3/2014,Standard Class,SM-20950,Suzanne McNair,Corporate,United States,Philadelphia,Pennsylvania,19134.0,East,OFF-AR-10003469,Office Supplies,Art,Nontoxic Chalk,4.224,3.0,0.2,1.4784,ERP,Rejected,Duplicate?
4053.0,CA-2014-122931,9/29/2014,10/3/2014,Standard Class,SM-20950,Suzanne McNair,Corporate,United States,Philadelphia,Pennsylvania,19134.0,East,FUR-TA-10004175,Furniture,Tables,"Hon 30"" x 60"" Table with Locking Drawer",409.272,2.0,0.4,-81.8544,ERP,,Check later
4054.0,CA-2014-122931,9/29/2014,10/3/2014,Standard Class,SM-20950,Suzanne McNair,Corporate,United States,Philadelphia,Pennsylvania,19134.0,East,OFF-LA-10002945,Office Supplies,Labels,"Permanent Self-Adhesive File Folder Labels for Typewriters, 1 1/8 x 3 1/2, White",55.44,11.0,0.2,18.018,Legacy,Pending,
4055.0,CA-2014-122931,9/29/2014,10/3/2014,Standard Class,SM-20950,Suzanne McNair,Corporate,United States,Philadelphia,Pennsylvania,19134.0,East,OFF-PA-10000533,Office Supplies,Paper,Southworth Parchment Paper & Envelopes,20.928,4.0,0.2,6.8016,Legacy,Rejected,Urgent
4056.0,CA-2014-122931,9/29/2014,10/3/2014,Standard Class,SM-20950,Suzanne McNair,Corporate,United States,Philadelphia,Pennsylvania,19134.0,East,OFF-ST-10004459,Office Supplies,Storage,Tennsco Single-Tier Lockers,1801.632,6.0,0.2,-337.806,CRM,Rejected,
4057.0,CA-2014-122931,9/29/2014,10/3/2014,Standard Class,SM-20950,Suzanne McNair,Corporate,United States,Philadelphia,Pennsylvania,19134.0,East,FUR-TA-10004147,Furniture,Tables,Hon 4060 Series Tables,67.176,1.0,0.4,-20.1528,CRM,,Check later
4058.0,CA-2014-163034,11/24/2014,11/28/2014,Standard Class,DK-12985,Darren Koutras,Consumer,United States,Chicago,Illinois,60610.0,Central,OFF-ST-10000046,Office Supplies,Storage,Fellowes Super Stor/Drawer Files,646.2,5.0,0.2,-8.0775,ERP,Approved,
4059.0,CA-2015-124058,11/20/2015,11/24/2015,Standard Class,LC-16885,Lena Creighton,Consumer,United States,Oakland,California,94601.0,West,TEC-PH-10004774,Technology,Phones,Gear Head AU3700S Headset,72.744,7.0,0.2,-15.4581,ERP,Rejected,Duplicate?
4060.0,CA-2015-124058,11/20/2015,11/24/2015,Standard Class,LC-16885,Lena Creighton,Consumer,United States,Oakland,California,94601.0,West,FUR-CH-10000595,Furniture,Chairs,Safco Contoured Stacking Chairs,572.16,3.0,0.2,35.76,ERP,Pending,
4061.0,CA-2016-129196,11/1/2016,11/7/2016,Standard Class,XP-21865,Xylona Preis,Consumer,United States,Chicago,Illinois,60610.0,Central,TEC-AC-10002473,Technology,Accessories,Maxell 4.7GB DVD-R,68.112,3.0,0.2,17.8794,Manual Upload,Approved,Duplicate?
4062.0,US-2015-138716,9/17/2015,9/20/2015,first class,CS-11845,Cari Sayre,Corporate,United States,Seattle,Washington,98105.0,West,OFF-BI-10001628,Office Supplies,Binders,"Acco Data Flex Cable Posts For Top & Bottom Load Binders, 6"" Capacity",25.032,3.0,0.2,7.8225,CRM,Rejected,
4063.0,US-2016-122182,3/10/2016,3/14/2016,Standard Class,BD-11770,Bryan Davis,Consumer,United States,Philadelphia,Pennsylvania,19143.0,East,TEC-AC-10002800,Technology,Accessories,Plantronics Audio 478 Stereo USB Headset,39.992,1.0,0.2,7.4985,ERP,Rejected,Check later
4064.0,US-2014-130358,6/23/2014,6/26/2014,First Class,DL-13330,Denise Leinenbach,Consumer,United States,Concord,North Carolina,28027.0,South,OFF-AR-10002766,Office Supplies,Art,Prang Drawing Pencil Set,20.016,9.0,0.2,1.7514,Manual Upload,Approved,Urgent
4065.0,US-2014-130358,6/23/2014,6/26/2014,First Class,DL-13330,Denise Leinenbach,Consumer,United States,Concord,North Carolina,28027.0,South,OFF-SU-10002522,Office Supplies,Supplies,Acme Kleen Earth Office Shears,3.104,1.0,0.2,0.3492,Legacy,Pending,Check later
4066.0,CA-2014-102673,11/1/2014,11/5/2014,Standard Class,KH-16630,Ken Heidel,Corporate,United States,Charlotte,North Carolina,28205.0,South,OFF-FA-10003021,Office Supplies,Fasteners,Staples,7.52,5.0,0.2,1.41,ERP,Pending,
4067.0,CA-2014-102673,11/1/2014,11/5/2014,Standard Class,KH-16630,Ken Heidel,Corporate,United States,Charlotte,North Carolina,28205.0,South,OFF-AR-10000634,Office Supplies,Art,Newell 320,10.272,3.0,0.2,0.8988,Legacy,,
4068.0,CA-2014-102673,11/1/2014,11/5/2014,Standard Class,KH-16630,Ken Heidel,Corporate,United States,Charlotte,North Carolina,28205.0,South,OFF-LA-10001771,Office Supplies,Labels,Avery 513,47.808,12.0,0.2,15.5376,ERP,Rejected,Check later
4069.0,CA-2014-102673,11/1/2014,11/5/2014,Standard Class,KH-16630,Ken Heidel,Corporate,United States,Charlotte,North Carolina,28205.0,South,TEC-PH-10004434,Technology,Phones,Cisco IP Phone 7961G VoIP phone - Dark gray,978.84,9.0,0.2,110.1195,Legacy,,
4070.0,CA-2016-145303,8/28/2016,8/31/2016,First Class,TP-21415,Tom Prescott,Consumer,United States,Dallas,Texas,75081.0,Central,OFF-BI-10000050,Office Supplies,Binders,"Angle-D Binders with Locking Rings, Label Holders",13.14,9.0,0.8,-21.681,CRM,Rejected,Urgent
4071.0,CA-2016-145303,8/28/2016,8/31/2016,First Class,TP-21415,Tom Prescott,Consumer,United States,Dallas,Texas,75081.0,Central,OFF-BI-10002414,Office Supplies,Binders,GBC ProClick Spines for 32-Hole Punch,10.024,4.0,0.8,-16.5396,CRM,Approved,Urgent
4072.0,CA-2016-145303,8/28/2016,8/31/2016,First Class,TP-21415,Tom Prescott,Consumer,United States,Dallas,Texas,75081.0,Central,FUR-BO-10003159,Furniture,Bookcases,"Sauder Camden County Collection Libraries, Planked Cherry Finish",156.3728,2.0,0.32,-52.8908,Legacy,Pending,Check later
4073.0,CA-2015-156104,12/6/2015,12/8/2015,Second Class,NP-18685,Nora Pelletier,Home Office,United States,Indianapolis,Indiana,46203.0,Central,TEC-CO-10002095,Technology,Copiers,Hewlett Packard 610 Color Digital Copier / Printer,999.98,2.0,0.0,449.991,Legacy,,Urgent
4074.0,US-2015-164308,9/24/2015,9/27/2015,First Class,SC-20680,Steve Carroll,Home Office,United States,Broken Arrow,Oklahoma,74012.0,Central,TEC-PH-10004120,Technology,Phones,AT&T 1080 Phone,821.94,6.0,0.0,0.0,ERP,Approved,Duplicate?
4075.0,CA-2017-108112,11/15/2017,11/20/2017,Standard Class,DK-12895,Dana Kaydos,Consumer,United States,Miramar,Florida,33023.0,South,FUR-FU-10003553,Furniture,Furnishings,"Howard Miller 13-1/2"" Diameter Rosebrook Wall Clock",220.064,4.0,0.2,55.016,ERP,,Check later
4076.0,CA-2017-108112,11/15/2017,11/20/2017,Standard Class,DK-12895,Dana Kaydos,Consumer,United States,Miramar,Florida,33023.0,South,FUR-FU-10001488,Furniture,Furnishings,"Tenex 46"" x 60"" Computer Anti-Static Chairmat, Rectangular Shaped",339.136,4.0,0.2,0.0,ERP,Approved,Check later
4077.0,CA-2015-100685,12/19/2015,12/21/2015,Second Class,SM-20950,Suzanne McNair,Corporate,United States,Omaha,Nebraska,68104.0,Central,OFF-BI-10003094,Office Supplies,Binders,Self-Adhesive Ring Binder Labels,7.04,2.0,0.0,3.3088,Manual Upload,,Duplicate?
4078.0,CA-2015-100685,12/19/2015,12/21/2015,Second Class,SM-20950,Suzanne McNair,Corporate,United States,Omaha,Nebraska,68104.0,Central,OFF-FA-10003472,Office Supplies,Fasteners,Bagged Rubber Bands,5.04,4.0,0.0,0.2016,Legacy,Pending,
4079.0,CA-2015-100685,12/19/2015,12/21/2015,Second Class,SM-20950,Suzanne McNair,Corporate,United States,Omaha,Nebraska,68104.0,Central,OFF-PA-10001289,Office Supplies,Paper,White Computer Printout Paper by Universal,116.28,3.0,0.0,56.9772,ERP,Pending,
4080.0,CA-2015-165414,12/21/2015,12/24/2015,First Class,LS-17245,Lynn Smith,Consumer,United States,Jacksonville,North Carolina,28540.0,South,TEC-PH-10002293,Technology,Phones,Anker 36W 4-Port USB Wall Charger Travel Power Adapter for iPhone 5s 5c 5,47.976,3.0,0.2,4.7976,ERP,Rejected,Duplicate?
4081.0,CA-2016-140417,9/25/2016,9/29/2016,Standard Class,KE-16420,Katrina Edelman,Corporate,United States,Tigard,Oregon,97224.0,West,OFF-PA-10000380,Office Supplies,Paper,"REDIFORM Incoming/Outgoing Call Register, 11"" X 8 1/2"", 100 Messages",60.048,9.0,0.2,22.518,Legacy,,Urgent
4082.0,CA-2016-140417,9/25/2016,9/29/2016,Standard Class,KE-16420,Katrina Edelman,Corporate,United States,Tigard,Oregon,97224.0,West,OFF-BI-10004828,Office Supplies,Binders,GBC Poly Designer Binding Covers,5.022,1.0,0.7,-3.5154,Legacy,,Urgent
4083.0,US-2017-151316,6/24/2017,6/30/2017,Standard Class,MC-17635,Matthew Clasen,Corporate,United States,Decatur,Illinois,62521.0,Central,OFF-BI-10004632,Office Supplies,Binders,Ibico Hi-Tech Manual Binding System,182.994,3.0,0.8,-320.2395,CRM,Rejected,
4084.0,US-2017-151316,6/24/2017,6/30/2017,Standard Class,MC-17635,Matthew Clasen,Corporate,United States,Decatur,Illinois,62521.0,Central,OFF-PA-10000327,Office Supplies,Paper,Xerox 1971,10.272,3.0,0.2,3.21,Legacy,Rejected,
4085.0,CA-2017-163692,9/7/2017,9/9/2017,First Class,Dp-13240,Dean percer,Home Office,United States,Phoenix,Arizona,85023.0,West,OFF-BI-10003291,Office Supplies,Binders,Wilson Jones Leather-Like Binders with DublLock Round Rings,7.857,3.0,0.7,-6.0237,ERP,Rejected,
4086.0,CA-2016-111913,8/4/2016,8/6/2016,Second Class,LC-16930,Linda Cazamias,Corporate,United States,Sacramento,California,95823.0,West,TEC-PH-10002275,Technology,Phones,Mitel 5320 IP Phone VoIP phone,302.384,2.0,0.2,30.2384,Legacy,Rejected,
4087.0,CA-2016-111913,8/4/2016,8/6/2016,Second Class,LC-16930,Linda Cazamias,Corporate,United States,Sacramento,California,95823.0,West,OFF-BI-10003291,Office Supplies,Binders,Wilson Jones Leather-Like Binders with DublLock Round Rings,20.952,3.0,0.2,7.0713,Manual Upload,,
4088.0,CA-2016-111913,8/4/2016,8/6/2016,Second Class,LC-16930,Linda Cazamias,Corporate,United States,Sacramento,California,95823.0,West,OFF-BI-10000343,Office Supplies,Binders,"Pressboard Covers with Storage Hooks, 9 1/2"" x 11"", Light Blue",11.784,3.0,0.2,3.9771,ERP,Pending,Check later
4089.0,US-2014-156559,8/19/2014,8/26/2014,Standard Class,LH-16900,Lena Hernandez,Consumer,United States,Jonesboro,Arkansas,72401.0,South,FUR-BO-10000711,Furniture,Bookcases,"Hon Metal Bookcases, Gray",638.82,9.0,0.0,172.4814,CRM,Approved,Check later
4090.0,CA-2016-161473,4/1/2016,4/5/2016,Standard Class,TB-21175,Thomas Boland,Corporate,United States,New York City,New York,10035.0,East,OFF-LA-10001297,Office Supplies,Labels,Avery 473,20.7,2.0,0.0,9.936,ERP,,Check later
4091.0,CA-2016-161473,4/1/2016,4/5/2016,Std Class,TB-21175,Thomas Boland,Corporate,United States,New York City,New York,10035.0,East,OFF-SU-10001574,Office Supplies,Supplies,Acme Value Line Scissors,10.95,3.0,0.0,3.285,Manual Upload,Rejected,Duplicate?
4092.0,CA-2016-161473,4/1/2016,4/5/2016,Standard Class,TB-21175,Thomas Boland,Corporate,United States,New York City,New York,,East,OFF-BI-10003305,Office Supplies,Binders,Avery Hanging File Binders,14.352,3.0,0.2,4.6644,Legacy,Pending,
4093.0,CA-2017-166576,5/16/2017,5/18/2017,First Class,JM-15865,John Murray,Consumer,United States,Akron,Ohio,44312.0,east,OFF-ST-10002574,Office Supplies,Storage,"SAFCO Commercial Wire Shelving, Black",221.024,2.0,0.2,-55.256,Legacy,Pending,Check later
4094.0,CA-2015-102491,8/24/2015,8/28/2015,Standard Class,KW-16435,Katrina Willman,Consumer,United States,Florence,Kentucky,41042.0,South,TEC-MA-10000864,Technology,Machines,Cisco 9971 IP Video Phone Charcoal,3080.0,7.0,0.0,1416.8,Manual Upload,Rejected,Urgent
4095.0,CA-2015-102491,8/24/2015,8/28/2015,Standard Class,KW-16435,Katrina Willman,Consumer,United States,Florence,Kentucky,41042.0,South,TEC-AC-10003289,Technology,Accessories,Anker Ultra-Slim Mini Bluetooth 3.0 Wireless Keyboard,79.96,4.0,0.0,18.3908,ERP,Pending,
4096.0,CA-2015-102491,8/24/2015,8/28/2015,Standard Class,KW-16435,Katrina Willman,Consumer,United States,Florence,Kentucky,41042.0,South,TEC-PH-10001619,Technology,Phones,LG G3,587.97,3.0,0.0,170.5113,Legacy,,Urgent
4097.0,CA-2014-116904,9/23/2014,9/28/2014,Standard Class,SC-20095,Sanjit Chand,Consumer,United States,Minneapolis,Minnesota,55407.0,Cntrl,OFF-PA-10004888,Office Supplies,Paper,Xerox 217,32.4,5.0,0.0,15.552,Manual Upload,,
4098.0,CA-2014-116904,9/23/2014,9/28/2014,Standard Class,SC-20095,Sanjit Chand,Consumer,United States,Minneapolis,Minnesota,55407.0,Central,OFF-ST-10000736,Office Supplies,Storage,Carina Double Wide Media Storage Towers in Natural & Black,404.9,5.0,0.0,16.196,ERP,Pending,Check later
4099.0,CA-2014-116904,9/23/2014,9/28/2014,Standard Class,SC-20095,Sanjit Chand,Consumer,United States,Minneapolis,Minnesota,55407.0,Central,OFF-BI-10001120,Office Supplies,Binders,Ibico EPK-21 Electric Binding System,9449.95,5.0,0.0,4630.4755,Manual Upload,Rejected,Urgent
4100.0,CA-2014-116904,9/23/2014,9/28/2014,Standard Class,SC-20095,Sanjit Chand,Consumer,United States,Minneapolis,Minnesota,55407.0,Central,OFF-BI-10000301,Office Supplies,Binders,GBC Instant Report Kit,12.94,2.0,0.0,6.47,ERP,Pending,Check later
4101.0,US-2017-102288,6/19/2017,6/23/2017,Standard Class,ZC-21910,Zuschuss Carroll,Consumer,United States,Houston,Texas,77095.0,Central,OFF-AP-10004655,Office Supplies,Appliances,"Holmes Visible Mist Ultrasonic Humidifier with 2.3-Gallon Output per Day, Replacement Filter",2.264,1.0,1.5,-5.2072,Legacy,Approved,Check later
4102.0,US-2017-102288,6/19/2017,6/23/2017,Standard Class,ZC-21910,Zuschuss Carroll,Consumer,United States,Houston,Texas,77095.0,Central,OFF-AP-10002906,Office Supplies,Appliances,Hoover Replacement Belt for Commercial Guardsman Heavy-Duty Upright Vacuum,0.444,1.0,0.8,-1.11,CRM,Rejected,
4103.0,US-2017-102288,6/19/2017,6/23/2017,Standard Class,ZC-21910,Zuschuss Carroll,Consumer,United States,Houston,Texas,77095.0,Central,OFF-PA-10000740,Office Supplies,Paper,Xerox 1982,146.176,8.0,0.2,47.5072,Legacy,Pending,
4104.0,CA-2017-137456,12/21/2017,12/21/2017,Same Day,RB-19465,Rick Bensley,Home Office,United States,Fremont,Nebraska,68025.0,Central,FUR-FU-10001940,Furniture,Furnishings,Staple-based wall hangings,15.92,2.0,0.0,7.0048,ERP,Approved,
4105.0,US-2017-155999,8/7/2017,8/13/2017,Standard Class,JK-15370,Jay Kimmel,Consumer,United States,San Diego,California,92105.0,West,TEC-PH-10000439,Technology,Phones,GE DSL Phone Line Filter,159.96,5.0,0.2,17.9955,CRM,,
4106.0,US-2017-155999,8/7/2017,8/13/2017,standard class,JK-15370,Jay Kimmel,Consumer,United States,San Diego,California,92105.0,West,OFF-BI-10000404,Office Supplies,Binders,Avery Printable Repositionable Plastic Tabs,13.76,2.0,0.2,4.644,ERP,Pending,Urgent
4107.0,US-2016-148334,8/22/2016,8/26/2016,Standard Class,DD-13570,Dorothy Dickinson,Consumer,United States,Houston,Texas,77041.0,Central,OFF-BI-10003676,Office Supplies,Binders,"GBC Standard Recycled Report Covers, Clear Plastic Sheets",4.312,2.0,0.8,-6.8992,CRM,Approved,Check later
4108.0,CA-2015-105599,9/7/2015,9/7/2015,Same Day,MC-17275,Marc Crier,Consumer,United States,New York City,New York,10011.0,East,OFF-ST-10002486,Office Supplies,Storage,Eldon Shelf Savers Cubes and Bins,13.96,2.0,0.0,0.2792,CRM,Approved,
4109.0,CA-2015-105599,9/7/2015,9/7/2015,Same Day,MC-17275,Marc Crier,Consumer,United States,New York City,New York,10011.0,East,FUR-TA-10003837,Furniture,Tables,Anderson Hickey Conga Table Tops & Accessories,27.414,3.0,0.4,-14.1639,Manual Upload,,Check later
4110.0,CA-2015-153717,12/25/2015,1/1/2016,Standard Class,DL-13495,Dionis Lloyd,Corporate,United States,Detroit,Michigan,48227.0,Central,TEC-PH-10002923,Technology,Phones,"Logitech B530 USB Headset - headset - Full size, Binaural",73.98,2.0,0.0,19.9746,CRM,Approved,Urgent
4111.0,CA-2015-153717,12/25/2015,1/1/2016,Standard Class,DL-13495,Dionis Lloyd,Corporate,United States,Detroit,Michigan,48227.0,Central,FUR-BO-10004360,Furniture,Bookcases,Rush Hierlooms Collection Rich Wood Bookcases,160.98,1.0,0.0,20.9274,Legacy,Pending,Check later
4112.0,CA-2015-153717,12/25/2015,1/1/2016,Standard Class,DL-13495,Dionis Lloyd,Corporate,United States,Detroit,Michigan,48227.0,Central,OFF-PA-10002160,Office Supplies,Paper,Xerox 1978,17.34,3.0,0.0,8.4966,CRM,Approved,Check later
4113.0,CA-2015-153717,12/25/2015,1/1/2016,Standard Class,DL-13495,Dionis Lloyd,Corporate,United States,Detroit,Michigan,48227.0,Central,OFF-AR-10002375,Office Supplies,Art,Newell 351,3.28,1.0,0.0,0.9512,Legacy,Approved,Check later
4114.0,CA-2015-116687,5/2/2015,5/7/2015,Standard Class,NC-18625,Noah Childs,Corporate,United States,Houston,Texas,77095.0,Central,OFF-LA-10000443,Office Supplies,Labels,Avery 501,8.856,3.0,0.2,2.9889,Legacy,Approved,Urgent
4115.0,CA-2015-116687,5/2/2015,5/7/2015,Standard Class,NC-18625,Noah Childs,Corporate,United States,Houston,Texas,77095.0,Central,TEC-PH-10001750,Technology,Phones,Samsung Rugby III,158.376,3.0,0.2,13.8579,Manual Upload,,Duplicate?
4116.0,CA-2016-163573,11/24/2016,11/27/2016,First Class,AC-10450,Amy Cox,Consumer,United States,Seattle,Washington,98105.0,West,OFF-BI-10004632,Office Supplies,Binders,Ibico Hi-Tech Manual Binding System,1219.96,5.0,0.2,381.2375,ERP,Pending,Check later
4117.0,CA-2015-153416,11/24/2015,11/29/2015,Standard Class,TS-21340,Toby Swindell,Consumer,United States,Los Angeles,California,90036.0,West,OFF-BI-10002813,Office Supplies,Binders,Avery Reinforcements for Hole-Punch Pages,3.168,2.0,0.2,0.99,Manual Upload,Rejected,Check later
4118.0,CA-2015-153416,11/24/2015,11/29/2015,Standard Class,TS-21340,Toby Swindell,Consumer,United States,Los Angeles,California,90036.0,West,OFF-PA-10002005,Office Supplies,Paper,Xerox 225,19.44,3.0,0.0,9.3312,CRM,Pending,Urgent
4119.0,CA-2015-153416,11/24/2015,11/29/2015,Standard Class,TS-21340,Toby Swindell,Consumer,United States,Los Angeles,California,ABCDE,West,OFF-ST-10000060,Office Supplies,Storage,Fellowes Bankers Box Staxonsteel Drawer File/Stacking System,454.86,7.0,0.0,54.5832,Legacy,Approved,Duplicate?
4120.0,CA-2015-153416,11/24/2015,11/29/2015,Standard Class,TS-21340,Toby Swindell,Consumer,United States,Los Angeles,California,90036.0,West,OFF-BI-10002706,Office Supplies,Binders,Avery Premier Heavy-Duty Binder with Round Locking Rings,91.392,8.0,0.2,29.7024,Legacy,,
4121.0,CA-2017-117394,9/4/2017,9/10/2017,Standard Class,MM-17920,Michael Moore,Consumer,United States,Philadelphia,Pennsylvania,19120.0,East,TEC-AC-10000199,Technology,Accessories,Kingston Digital DataTraveler 8GB USB 2.0,19.04,4.0,0.2,-1.428,Manual Upload,Pending,
4122.0,CA-2017-133823,5/11/2017,5/12/2017,Same Day,LP-17080,Liz Pelletier,Consumer,United States,Seattle,Washington,98103.0,West,OFF-PA-10002870,Office Supplies,Paper,"Ampad Phone Message Book, Recycled, 400 Message Capacity, 5 ¾ x 11",37.44,6.0,0.0,16.848,ERP,,Urgent
4123.0,CA-2017-133823,5/11/2017,5/12/2017,Same Day,LP-17080,Liz Pelletier,Consumer,United States,Seattle,Washington,98103.0,West,OFF-LA-10004545,Office Supplies,Labels,Avery 50,37.59,3.0,0.0,17.6673,CRM,,Duplicate?
4124.0,CA-2017-133823,05/11/2017,5/12/2017,Same Day,LP-17080,Liz Pelletier,Consumer,United States,Seattle,Washington,98103.0,West,OFF-BI-10000962,Office Supplies,Binders,"Acco Flexible ACCOHIDE Square Ring Data Binder, Dark Blue, 11 1/2"" X 14"" 7/8""",26.032,2.0,0.2,9.4366,ERP,Pending,Urgent
4125.0,CA-2014-127523,5/11/2014,5/18/2014,Standard Class,BG-11695,Brooke Gillingham,Corporate,United States,Watertown,New York,13601.0,East,OFF-AP-10004249,Office Supplies,Appliances,Staple holder,35.91,3.0,0.0,9.6957,Legacy,,Urgent
4126.0,CA-2017-123239,7/27/2017,7/31/2017,Second Class,MG-18145,Mike Gockenbach,Consumer,United States,Jacksonville,Florida,32216.0,South,FUR-FU-10001602,Furniture,Furnishings,"Eldon Delta Triangular Chair Mat, 52"" x 58"", Clear",91.032,3.0,0.2,-2.2758,CRM,Approved,
4127.0,CA-2017-156769,5/6/2017,5/9/2017,First Class,GZ-14470,GARY ZANDUSKY,Consumer,United States,Arlington,Virginia,22204.0,South,OFF-AR-10003179,Office Supplies,Art,Dixon Ticonderoga Core-Lock Colored Pencils,54.66,6.0,0.0,18.0378,Manual Upload,Rejected,Check later
4128.0,CA-2014-127299,19-09-2014,9/24/2014,Standard Class,JL-15835,John Lee,Consumer,United States,Charlotte,North Carolina,28205.0,South,OFF-ST-10003722,Office Supplies,Storage,Project Tote Personal File,67.344,6.0,0.2,7.5762,ERP,Rejected,Duplicate?
4129.0,CA-2014-127299,9/19/2014,9/24/2014,Standard Class,JL-15835,John Lee,Consumer,United States,Charlotte,North Carolina,28205.0,South,TEC-MA-10001127,Technology,Machines,"HP Designjet T520 Inkjet Large Format Printer - 24"" Color",2624.985,3.0,0.5,-944.9946,ERP,Approved,Check later
4130.0,CA-2015-121272,3/29/2015,4/4/2015,Standard Class,DO-13435,Denny Ordway,Consumer,United States,Seattle,Washington,98103.0,West,OFF-AP-10001947,Office Supplies,Appliances,Acco 6 Outlet Guardian Premium Plus Surge Suppressor,73.28,4.0,0.0,21.2512,Manual Upload,Pending,Urgent
4131.0,CA-2014-115336,11/18/2014,11/25/2014,Standard Class,AB-10600,Ann Blume,Corporate,United States,Chicago,Illinois,60623.0,Central,OFF-BI-10001107,Office Supplies,Binders,"GBC White Gloss Covers, Plain Front",14.48,5.0,0.8,-23.892,Manual Upload,Rejected,
4132.0,CA-2015-111703,7/2/2015,7/9/2015,Standard Class,KB-16315,Karl Braun,Consumer,United States,Hollywood,Florida,33021.0,South,OFF-PA-10000349,Office Supplies,Paper,Easy-staple paper,11.952,3.0,0.2,4.0338,Manual Upload,Approved,
4133.0,CA-2015-111703,7/2/2015,7/9/2015,Standard Class,KB-16315,Karl Braun,Consumer,United States,Hollywood,Florida,33021.0,South,OFF-PA-10003349,Office Supplies,Paper,Xerox 1957,15.552,3.0,0.2,5.6376,CRM,,
4134.0,CA-2014-128839,9/8/2014,9/13/2014,Standard Class,TT-21070,Ted Trevino,Consumer,United States,Chesapeake,Virginia,23320.0,South,OFF-FA-10002280,Office Supplies,Fasteners,Advantus Plastic Paper Clips,45.0,9.0,0.0,21.6,Manual Upload,Pending,
4135.0,CA-2014-128839,9/8/2014,9/13/2014,Standard Class,TT-21070,Ted Trevino,Consumer,United States,Chesapeake,Virginia,23320.0,South,TEC-MA-10000029,Technology,Machines,"Epson WorkForce WF-2530 All-in-One Printer, Copier Scanner",209.97,3.0,0.0,90.2871,CRM,,Urgent
4136.0,CA-2017-105914,10/2/2017,10/8/2017,Standard Class,PV-18985,Paul Van Hugh,Home Office,United States,Los Angeles,California,90036.0,West,OFF-BI-10002854,Office Supplies,Binders,"Performers Binder/Pad Holder, Black",112.12,5.0,0.2,42.045,CRM,Rejected,Urgent
4137.0,CA-2017-105914,10/2/2017,10/8/2017,Standard Class,PV-18985,Paul Van Hugh,Home Office,United States,Los Angeles,California,90036.0,West,OFF-ST-10003716,Office Supplies,Storage,Tennsco Double-Tier Lockers,1575.14,7.0,-0.2,204.7682,CRM,,Urgent
4138.0,CA-2017-110926,11/19/2017,11/23/2017,Standard Class,DD-13570,Dorothy Dickinson,Consumer,United States,Alexandria,Virginia,22304.0,South,OFF-FA-10000624,Office Supplies,Fasteners,OIC Binder Clips,25.06,7.0,0.0,12.53,Manual Upload,Approved,Duplicate?
4139.0,CA-2016-117226,12/30/2016,1/1/2017,First Class,KD-16495,Keith Dawkins,Corporate,United States,Deer Park,Texas,77536.0,Central,OFF-BI-10004654,Office Supplies,Binders,Avery Binding System Hidden Tab Executive Style Index Sets,6.924,6.0,0.8,-10.386,CRM,Pending,Duplicate?
4140.0,CA-2017-127313,12/1/2017,12/4/2017,First Class,RA-19285,Ralph Arnett,Consumer,United States,Philadelphia,Pennsylvania,19120.0,East,OFF-ST-10001228,Office Supplies,Storage,Personal File Boxes with Fold-Down Carry Handle,37.392,3.0,0.2,2.337,CRM,Rejected,
4141.0,CA-2017-127313,12/1/2017,12/4/2017,First Class,RA-19285,Ralph Arnett,Consumer,United States,Philadelphia,Pennsylvania,19120.0,East,FUR-FU-10003798,Furniture,Furnishings,"Ultra Door Kickplate, 8""H x 34""W",79.12,5.0,0.2,13.846,Manual Upload,Approved,
4142.0,CA-2016-136287,6/13/2016,6/17/2016,Standard Class,SS-20590,Sonia Sunley,Consumer,United States,Wichita,Kansas,67212.0,Central,OFF-LA-10003148,Office Supplies,Labels,Avery 51,18.9,3.0,0.0,-9999.0,Manual Upload,Rejected,
4143.0,US-2014-107699,5/19/2014,5/23/2014,Standard Class,JH-15820,John Huston,Consumer,United States,Midland,Michigan,48640.0,Central,OFF-BI-10001249,Office Supplies,Binders,Avery Heavy-Duty EZD View Binder with Locking Rings,57.42,9.0,0.0,26.4132,Legacy,Rejected,Duplicate?
4144.0,CA-2017-112725,1/30/2017,2/6/2017,Standard Class,EH-14125,Eugene Hildebrand,Home Office,United States,San Francisco,California,94110.0,West,OFF-AR-10003759,Office Supplies,Art,"Crayola Anti Dust Chalk, 12/Pack",12.74,7.0,0.0,5.733,CRM,Approved,Urgent
4145.0,CA-2017-112725,1/30/2017,2/6/2017,Standard Class,EH-14125,Eugene Hildebrand,home office,United States,San Francisco,California,94110.0,West,OFF-AR-10001227,Office Supplies,Art,Newell 338,8.82,3.0,0.0,2.3814,CRM,Rejected,Check later
4146.0,CA-2017-112725,1/30/2017,2/6/2017,Standard Class,EH-14125,Eugene Hildebrand,Home Office,United States,San Francisco,California,94110.0,West,FUR-CH-10000863,Furniture,Chairs,Novimex Swivel Fabric Task Chair,120.784,1.0,0.2,-13.5882,CRM,Rejected,
4147.0,CA-2015-136196,11/28/2015,12/4/2015,Standard Class,TP-21415,Tom Prescott,Consumer,United States,Freeport,New York,11520.0,East,FUR-FU-10004017,Furniture,Furnishings,"Tenex Contemporary Contur Chairmats for Low and Medium Pile Carpet, Computer, 39"" x 49""",322.59,3.0,0.0,64.518,Legacy,,
4148.0,CA-2017-106068,10/23/2017,10/28/2017,Standard Class,RB-19330,Randy Bradley,Consumer,United States,Austin,Texas,78745.0,Central,OFF-BI-10000962,Office Supplies,Binders,"Acco Flexible ACCOHIDE Square Ring Data Binder, Dark Blue, 11 1/2"" X 14"" 7/8""",9.762,3.0,0.8,-15.1311,CRM,,Urgent
4149.0,CA-2017-106068,10/23/2017,10/28/2017,Standard Class,RB-19330,Randy Bradley,Consumer,United States,Austin,Texas,78745.0,Central,OFF-ST-10004507,Office Supplies,Storage,Advantus Rolling Storage Box,13.72,1.0,0.2,1.2005,Manual Upload,,Check later
4150.0,CA-2017-106068,10/23/2017,10/28/2017,Standard Class,RB-19330,Randy Bradley,Consumer,United States,Austin,Texas,78745.0,Central,TEC-AC-10002942,Technology,Accessories,WD My Passport Ultra 1TB Portable External Hard Drive,55.2,1.0,0.2,-2.07,ERP,Approved,
4151.0,CA-2017-106068,10/23/2017,10/28/2017,Standard Class,RB-19330,Randy Bradley,Consumer,United States,Austin,Texas,78745.0,Central,OFF-ST-10002344,Office Supplies,Storage,"Carina 42""Hx23 3/4""W Media Storage Unit",259.136,4.0,0.2,-58.3056,Manual Upload,Approved,Duplicate?
4152.0,CA-2017-100160,9/7/2017,9/11/2017,Standard Class,CB-12025,Cassandra Brandow,Consumer,United States,Philadelphia,Pennsylvania,19134.0,East ,OFF-LA-10002475,Office Supplies,Labels,Avery 519,29.24,5.0,0.2,9.8685,CRM,Pending,
4153.0,CA-2017-100160,9/7/2017,9/11/2017,Standard Class,CB-12025,Cassandra Brandow,Consumer,United States,Philadelphia,Pennsylvania,,East,OFF-PA-10003072,Office Supplies,Paper,"Eureka Recycled Copy Paper 8 1/2"" x 11"", Ream",15.552,3.0,0.2,5.4432,ERP,Rejected,Duplicate?
4154.0,CA-2017-100160,9/7/2017,9/11/2017,Standard Class,CB-12025,cassandra brandow,Consumer,United States,Philadelphia,Pennsylvania,19134.0,East,OFF-EN-10001509,Office Supplies,Envelopes,Poly String Tie Envelopes,4.896,3.0,0.2,1.6524,Manual Upload,Approved,
4155.0,CA-2016-139689,12/29/2016,1/3/2017,Standard Class,MP-17965,Michael Paige,Corporate,United States,Bristol,Tennessee,37620.0,South,OFF-BI-10004781,Office Supplies,Binders,GBC Wire Binding Strips,38.088,4.0,0.7,-27.9312,ERP,Approved,Urgent
4156.0,CA-2016-139689,12/29/2016,1/3/2017,Standard Class,MP-17965,Michael Paige,Corporate,United States,Bristol,Tennessee,37620.0,South,OFF-BI-10000145,Office Supplies,Binders,Zipper Ring Binder Pockets,2.808,3.0,0.7,-1.9656,Legacy,Pending,
4157.0,CA-2015-101091,12/5/2015,12/9/2015,Second Class,SW-20245,SCOT WOOTEN,Consumer,United States,Philadelphia,Pennsylvania,19140.0,East,TEC-AC-10003280,Technology,Accessories,Belkin F8E887 USB Wired Ergonomic Keyboard,47.984,2.0,0.2,0.5998,Legacy,Approved,
4158.0,CA-2015-101091,12/5/2015,12/9/2015,Second Class,SW-20245,Scot Wooten,Consumer,United States,Philadelphia,Pennsylvania,19140.0,East,OFF-BI-10001107,Office Supplies,Binders,"GBC White Gloss Covers, Plain Front",26.064,6.0,0.7,-19.9824,Manual Upload,Pending,
4159.0,CA-2014-126907,11/1/2014,11/8/2014,Standard Class,SM-20950,Suzanne McNair,Corporate,United States,Chicago,Illinois,60610.0,Central,OFF-PA-10000533,Office Supplies,Paper,Southworth Parchment Paper & Envelopes,15.696,3.0,0.2,5.1012,Manual Upload,Approved,Urgent
4160.0,US-2016-164588,4/16/2016,4/23/2016,Standard Class,AP-10915,Arthur Prichep,Consumer,United States,Columbus,Georgia,31907.0,South,OFF-AR-10003056,Office Supplies,Art,Newell 341,12.84,3.0,0.0,3.7236,Legacy,Approved,
4161.0,CA-2017-115546,5/14/2017,5/18/2017,Standard Class,AH-10465,Amy Hunt,Consumer,United States,New York City,New York,10035.0,East,TEC-PH-10002834,Technology,Phones,Google Nexus 5,539.97,3.0,0.0,134.9925,Manual Upload,Rejected,Duplicate?
4162.0,CA-2017-115546,5/14/2017,5/18/2017,Standard Class,AH-10465,Amy Hunt,Consumer,United States,New York City,New York,10035.0,East,OFF-ST-10002214,Office Supplies,Storage,X-Rack File for Hanging Folders,22.58,2.0,0.0,5.8708,CRM,Pending,Urgent
4163.0,CA-2015-163587,3/14/2015,3/18/2015,Standard Class,EP-13915,Emily Phan,Consumer,United States,Dover,New Hampshire,3820.0,East,OFF-LA-10004484,Office Supplies,Labels,Avery 476,16.52,4.0,0.0,7.5992,CRM,,
4164.0,CA-2015-163587,3/14/2015,3/18/2015,Standard Class,EP-13915,Emily Phan,Consumer,United States,Dover,New Hampshire,3820.0,East,OFF-BI-10003091,Office Supplies,Binders,GBC DocuBind TL200 Manual Binding Machine,671.94,3.0,0.0,315.8118,ERP,Rejected,
4165.0,US-2017-106131,1/14/2017,1/16/2017,First Class,TP-21565,Tracy Poddar,Corporate,United States,Aurora,Colorado,80013.0,West,TEC-AC-10003027,Technology,Accessories,Imation 8GB Mini TravelDrive USB 2.0 Flash Drive,169.064,7.0,0.2,-14.7931,ERP,Approved,Duplicate?
4166.0,US-2017-106131,1/14/2017,1/16/2017,First Class,TP-21565,Tracy Poddar,Corporate,United States,Aurora,Colorado,80013.0,West,OFF-ST-10003638,Office Supplies,Storage,Mobile Personal File Cube,168.624,9.0,0.2,14.7546,ERP,Pending,Duplicate?
4167.0,CA-2015-160213,3/8/2015,3/13/2015,Standard Class,AR-10825,Anthony Rawles,Corporate,United States,Long Beach,New York,11561.0,East,OFF-PA-10003848,Office Supplies,Paper,Xerox 1997,19.44,3.0,0.0,9.3312,Legacy,Approved,Urgent
4168.0,CA-2014-157924,10/11/2014,10/13/2014,First Class,HA-14920,Helen Andreada,Consumer,United States,Pasadena,California,91104.0,West,OFF-ST-10002352,Office Supplies,Storage,Iris Project Case,31.92,4.0,0.0,8.2992,Manual Upload,Rejected,
4169.0,CA-2014-157924,10/11/2014,10/13/2014,First Class,HA-14920,Helen Andreada,Consumer,United States,Pasadena,California,91104.0,West,FUR-CH-10000229,Furniture,Chairs,Global Enterprise Series Seating High-Back Swivel/Tilt Chairs,433.568,2.0,0.2,-65.0352,Legacy,,Duplicate?
4170.0,CA-2015-100216,4/13/2015,4/14/2015,First Class,HJ-14875,Heather Jas,Home Office,United States,Mesa,Arizona,85204.0,West,OFF-PA-10000788,Office Supplies,Paper,Xerox 210,31.104,6.0,0.2,10.8864,Manual Upload,,
4171.0,CA-2015-100216,4/13/2015,4/14/2015,First Class,HJ-14875,Heather Jas,Home Office,United States,Mesa,Arizona,85204.0,West,OFF-PA-10002968,Office Supplies,Paper,Xerox 1973,54.816,3.0,0.2,17.8152,CRM,Rejected,
4172.0,CA-2017-100601,11/16/2017,11/20/2017,Standard Class,JK-15370,Jay Kimmel,Consumer,United States,Fresno,California,93727.0,West,OFF-ST-10002486,Office Supplies,Storage,Eldon Shelf Savers Cubes and Bins,48.86,7.0,0.0,0.9772,Legacy,,Urgent
4173.0,CA-2016-152163,7/1/2016,7/1/2016,Same Day,JF-15355,Jay Fein,Consumer,United States,Columbia,South Carolina,29203.0,South,OFF-BI-10002215,Office Supplies,Binders,"Wilson Jones Hanging View Binder, White, 1""",14.2,2.0,0.0,6.532,Legacy,Pending,
4174.0,CA-2016-152163,7/1/2016,7/1/2016,Same Day,JF-15355,Jay Fein,Consumer,United States,Columbia,South Carolina,29203.0,South,OFF-PA-10000788,Office Supplies,Paper,Xerox 210,12.96,2.0,0.0,6.2208,CRM,Pending,Urgent
4175.0,CA-2016-152163,7/1/2016,7/1/2016,Same Day,JF-15355,Jay Fein,Consumer,United States,Columbia,South Carolina,29203.0,South,OFF-BI-10003364,Office Supplies,Binders,Binding Machine Supplies,58.34,2.0,0.0,28.0032,CRM,Pending,
4176.0,CA-2015-154340,11/29/2015,11/30/2015,First Class,EK-13795,Eileen Kiefer,Home Office,United States,Santa Ana,California,92704.0,West,OFF-AR-10003582,Office Supplies,Art,"Boston Electric Pencil Sharpener, Model 1818, Charcoal Black",56.3,2.0,0.0,15.764,ERP,Rejected,Urgent
4177.0,CA-2014-128846,4/7/2014,4/12/2014,Standard Class,RS-19765,Roland Schwarz,Corporate,United States,Columbia,South Carolina,29203.0,South,TEC-PH-10003273,Technology,Phones,AT&T TR1909W,629.95,5.0,0.0,163.787,Legacy,,
4178.0,CA-2014-128846,4/7/2014,4/12/2014,Standard Class,RS-19765,Roland Schwarz,Corporate,United States,Columbia,South Carolina,29203.0,South,OFF-PA-10000100,Office Supplies,Paper,Xerox 1945,122.97,3.0,0.0,60.2553,Legacy,Pending,Check later
4179.0,CA-2016-148593,6/16/2016,6/18/2016,Second Class,BD-11320,Bill Donatelli,Consumer,United States,Los angeles,California,90045.0,West,OFF-PA-10001776,Office Supplies,Paper,"Wirebound Message Books, Four 2 3/4"" x 5"" Forms per Page, 600 Sets per Book",46.35,5.0,0.0,21.7845,Manual Upload,,
4180.0,US-2017-119039,3/6/2017,3/10/2017,Standard Class,BF-11170,Ben Ferrer,Home Office,United States,San Francisco,California,94109.0,West,OFF-BI-10004182,Office Supplies,Binders,Economy Binders,14.976,9.0,0.2,5.4288,Manual Upload,Approved,
4181.0,CA-2017-128426,10/7/2017,10/11/2017,Standard Class,JK-15730,Joe Kamberova,Consumer,United States,Houston,Texas,77036.0,Central,OFF-BI-10000756,Office Supplies,Binders,Storex DuraTech Recycled Plastic Frosted Binders,4.24,5.0,0.8,-6.36,Manual Upload,Pending,
4182.0,US-2017-136868,10/6/2017,10/12/2017,Standard Class,CR-12820,Cyra Reiten,Home Office,United States,New York City,New York,10035.0,East,TEC-AC-10001539,Technology,Accessories,Logitech G430 Surround Sound Gaming Headset with Dolby 7.1 Technology,319.96,4.0,0.0,115.1856,CRM,,Check later
4183.0,US-2017-136868,10/6/2017,10/12/2017,Standard Class,CR-12820,Cyra Reiten,Home Office,United States,New York City,New York,10035.0,East,OFF-PA-10002377,Office Supplies,Paper,"Adams Telephone Message Book W/Dividers/Space For Phone Numbers, 5 1/4""X8 1/2"", 200/Messages",17.04,3.0,0.0,7.668,CRM,Pending,Check later
4184.0,US-2017-136868,10/6/2017,10/12/2017,Standard Class,CR-12820,Cyra Reiten,Home Office,United States,New York City,New York,10035.0,East,OFF-ST-10000991,Office Supplies,Storage,Space Solutions HD Industrial Steel Shelving.,344.91,3.0,0.0,10.3473,ERP,Pending,Urgent
4185.0,CA-2016-143749,12/5/2016,12/7/2016,1st Class,AG-10300,Aleksandra Gannaway,Corporate,United States,Franklin,Massachusetts,2038.0,East,FUR-BO-10002853,Furniture,Bookcases,O'Sullivan 5-Shelf Heavy-Duty Bookcases,81.94,1.0,0.0,20.485,Legacy,,
4186.0,CA-2016-111493,10/21/2016,10/22/2016,First Class,CM-12160,Charles McCrossin,consumer,United States,Baltimore,Maryland,21215.0,East,TEC-AC-10004510,Technology,Accessories,Logitech Desktop MK120 Mouse and keyboard Combo,98.16,6.0,0.0,9.816,Manual Upload,Rejected,
4187.0,CA-2017-112536,5/18/2017,5/23/2017,Standard Class,SG-20890,Susan Gilcrest,Corporate,United States,Mcallen,Texas,78501.0,Central,OFF-BI-10003712,Office Supplies,Binders,"Acco Pressboard Covers with Storage Hooks, 14 7/8"" x 11"", Light Blue",6.874,7.0,0.8,-10.6547,ERP,Rejected,
4188.0,CA-2017-112536,5/18/2017,5/23/2017,Standard Class,SG-20890,Susan Gilcrest,Corporate,United States,Mcallen,Texas,78501.0,Central,OFF-BI-10002571,Office Supplies,Binders,"Avery Framed View Binder, EZD Ring (Locking), Navy, 1 1/2""",1.996,1.0,0.8,-3.2934,CRM,,
4189.0,CA-2017-112536,5/18/2017,5/23/2017,Standard Class,SG-20890,Susan Gilcrest,Corporate,United States,Mcallen,Texas,78501.0,Central,OFF-ST-10004835,Office Supplies,Storage,Plastic Stacking Crates & Casters,8.928,2.0,0.2,0.6696,Manual Upload,Pending,
4190.0,CA-2016-157714,9/26/2016,10/1/2016,Second Class,CS-12175,Charles Sheldon,Corporate,United States,Iowa City,Iowa,52240.0,Central,OFF-PA-10004022,Office Supplies,Paper,Hammermill Color Copier Paper (28Lb. and 96 Bright),9.99,1.0,0.0,4.4955,ERP,Pending,
4191.0,CA-2017-166709,11/17/2017,11/22/2017,Standard Class,HL-15040,Hunter Lopez,Consumer,United States,Newark,Delaware,19711.0,East,TEC-CO-10004722,Technology,Copiers,Canon imageCLASS 2200 Advanced Copier,10499.97,3.0,0.0,5039.9856,Legacy,Rejected,Check later
4192.0,CA-2015-129392,7/8/2015,7/8/2015,Same Day,DM-13015,Darrin Martin,Consumer,United States,Houston,Texas,77070.0,Central,OFF-PA-10004248,Office Supplies,Paper,Xerox 1990,21.12,5.0,0.2,6.6,Legacy,Pending,Duplicate?
4193.0,CA-2015-150875,11/16/2015,11/20/2015,Standard Class,HK-14890,Heather Kirkland,Corporate,United States,Boise,Idaho,83704.0,West,FUR-TA-10000577,Furniture,Tables,Bretford CR4500 Series Slim Rectangular Table,696.42,2.0,0.0,160.1766,Manual Upload,Pending,Duplicate?
4194.0,CA-2015-150875,11/16/2015,11/20/2015,Standard Class,HK-14890,Heather Kirkland,Corporate,United States,Boise,Idaho,83704.0,West,TEC-PH-10001254,Technology,Phones,Jabra BIZ 2300 Duo QD Duo Corded Headset,304.776,3.0,0.2,22.8582,Legacy,Pending,Check later
4195.0,CA-2015-154200,6/18/2015,6/22/2015,Standard Class,BG-11740,Bruce Geld,Consumer,United States,San Diego,California,92105.0,West,OFF-AR-10001044,Office Supplies,Art,"BOSTON Ranger #55 Pencil Sharpener, Black",51.98,2.0,0.0,15.0742,ERP,Pending,Urgent
4196.0,CA-2016-124233,4/8/2016,4/14/2016,Standard Class,CK-12595,Clytie Kelty,Consumer,United States,Los Angeles,California,90032.0,West,FUR-FU-10002597,Furniture,Furnishings,"C-Line Magnetic Cubicle Keepers, Clear Polypropylene",24.7,5.0,0.0,10.374,Manual Upload,,Check later
4197.0,US-2015-134271,4/18/2015,4/23/2015,Second Class,RF-19735,Roland Fjeld,Consumer,United States,New York City,New York,10024.0,East,OFF-LA-10004093,Office Supplies,Labels,Avery 486,21.93,3.0,0.0,10.3071,Legacy,Approved,
4198.0,US-2016-161683,12/3/2016,12/8/2016,Standard Class,CJ-12010,Caroline Jumper,Consumer,United States,Philadelphia,Pennsylvania,19134.0,East,OFF-AP-10000179,Office Supplies,Appliances,Honeywell Enviracaire Portable HEPA Air Cleaner for up to 10 x 16 Room,394.816,4.0,0.2,93.7688,ERP,Rejected,
4199.0,US-2016-161683,12/3/2016,12/8/2016,Standard Class,CJ-12010,Caroline Jumper,Consumer,United States,Philadelphia,Pennsylvania,19134.0,East,OFF-BI-10001072,Office Supplies,Binders,"GBC Clear Cover, 8-1/2 x 11, unpunched, 25 covers per pack",18.192,4.0,0.7,-14.5536,Legacy,Pending,Check later
4200.0,CA-2015-143105,12/10/2015,12/10/2015,Same Day,MA-17560,Matt Abelman,Home Office,United States,New York City,New York,10024.0,East,OFF-LA-10004093,Office Supplies,Labels,Avery 486,7.31,1.0,0.0,3.4357,ERP,Rejected,Urgent
4201.0,CA-2015-143105,12/10/2015,12/10/2015,Same Day,MA-17560,Matt Abelman,Home Office,United States,New York City,New York,10024.0,East,TEC-CO-10002095,Technology,Copiers,Hewlett Packard 610 Color Digital Copier / Printer,799.984,2.0,0.2,249.995,CRM,Approved,Urgent
4202.0,CA-2015-143105,12/10/2015,12/10/2015,Same Day,MA-17560,Matt Abelman,Home Office,United States,New York City,New York,10024.0,East,OFF-PA-10002713,Office Supplies,Paper,"Adams Phone Message Book, 200 Message Capacity, 8 1/16 x 11",41.28,6.0,0.0,18.9888,CRM,Rejected,
4203.0,CA-2015-143105,12/10/2015,12/10/2015,Same Day,MA-17560,Matt Abelman,Home Office,United States,New York City,New York,,East,OFF-PA-10002254,Office Supplies,Paper,Xerox 1883,184.66,7.0,0.0,84.9436,Legacy,Pending,
4204.0,CA-2014-145387,10/31/2014,11/2/2014,Second Class,AM-10705,Anne McFarland,Consumer,United States,Cranston,Rhode Island,2920.0,East,OFF-AR-10001683,Office Supplies,Art,Lumber Crayons,49.25,5.0,0.0,18.715,Legacy,Approved,Duplicate?
4205.0,CA-2014-145387,10/31/2014,11/2/2014,Second Class,AM-10705,Anne McFarland,Consumer,United States,Cranston,Rhode Island,2920.0,East,OFF-PA-10002195,Office Supplies,Paper,"RSVP Cards & Envelopes, Blank White, 8-1/2"" X 11"", 24 Cards/25 Envelopes/Set",10.16,2.0,0.0,4.7752,ERP,Approved,Urgent
4206.0,CA-2014-145387,10/31/2014,11/2/2014,Second Class,AM-10705,Anne McFarland,Consumer,United States,Cranston,Rhode Island,2920.0,East,FUR-FU-10002364,Furniture,Furnishings,"Eldon Expressions Wood Desk Accessories, Oak",14.76,2.0,0.0,4.2804,ERP,Approved,Check later
4207.0,CA-2014-145387,10/31/2014,11/2/2014,Second Class,AM-10705,Anne McFarland,Consumer,United States,Cranston,Rhode Island,2920.0,East,OFF-BI-10004001,Office Supplies,Binders,GBC Recycled VeloBinder Covers,34.08,2.0,0.0,15.6768,Manual Upload,Approved,Urgent
4208.0,CA-2014-145387,10/31/2014,11/2/2014,Second Class,AM-10705,Anne McFarland,Consumer,United States,Cranston,Rhode Island,2920.0,Est,FUR-FU-10000023,Furniture,Furnishings,Eldon Wave Desk Accessories,17.67,3.0,0.0,7.7748,Manual Upload,Rejected,
4209.0,CA-2014-145387,10/31/2014,11/2/2014,Second Class,AM-10705,Anne McFarland,Consumer,United States,Cranston,Rhode Island,2920.0,East,FUR-CH-10002320,Furniture,Chairs,Hon Pagoda Stacking Chairs,1604.9,5.0,0.0,481.47,CRM,Pending,Urgent
4210.0,CA-2014-145387,10/31/2014,11/2/2014,Second Class,AM-10705,Anne McFarland,Consumer,United States,Cranston,Rhode Island,2920.0,East,FUR-TA-10003238,Furniture,Tables,"Chromcraft Bull-Nose Wood 48"" x 96"" Rectangular Conference Tables",385.686,1.0,0.3,-60.6078,CRM,Pending,Check later
4211.0,CA-2017-109715,12/9/2017,12/14/2017,Standard Class,AH-10585,Angele Hood,Consumer,United States,Chicago,Illinois,60623.0,Central,OFF-PA-10004965,Office Supplies,Paper,Xerox 1921,15.984,2.0,0.2,4.995,CRM,Pending,Duplicate?
4212.0,CA-2014-166457,5/5/2014,5/9/2014,Second Class,PF-19120,Peter Fuller,Consumer,United States,Richmond,Kentucky,40475.0,South,OFF-PA-10003016,Office Supplies,Paper,"Adams ""While You Were Out"" Message Pads",9.42,3.0,0.0,4.239,CRM,,
4213.0,CA-2014-166457,5/5/2014,5/9/2014,Second Class,PF-19120,Peter Fuller,Consumer,United States,Richmond,Kentucky,40475.0,South,OFF-AR-10003651,Office Supplies,Art,Newell 350,6.56,2.0,0.0,1.9024,ERP,,
4214.0,CA-2014-166457,5/5/2014,5/9/2014,Second Class,PF-19120,Peter Fuller,Consumer,United States,Richmond,Kentucky,40475.0,South,OFF-PA-10001363,Office Supplies,Paper,Xerox 1933,24.56,2.0,0.0,11.5432,Legacy,,
4215.0,CA-2016-164637,3/4/2016,3/8/2016,Standard Class,RD-19480,Rick Duston,Consumer,United States,Mishawaka,Indiana,46544.0,Central,OFF-BI-10003876,Office Supplies,Binders,"Green Canvas Binder for 8-1/2"" x 14"" Sheets",128.4,3.0,0.0,64.2,ERP,Pending,Check later
4216.0,CA-2014-103590,11/30/2014,12/4/2014,Standard Class,JL-15505,Jeremy Lonsdale,Consumer,United States,Mount Vernon,New York,10550.0,East,OFF-EN-10004007,Office Supplies,Envelopes,Park Ridge Embossed Executive Business Envelopes,62.28,4.0,0.0,29.2716,ERP,Rejected,Check later
4217.0,CA-2015-111234,2/18/2015,2/22/2015,Standard Class,AB-10600,Ann Blume,Corporate,United States,Los Angeles,California,90004.0,West,OFF-LA-10002271,Office Supplies,Labels,Smead Alpha-Z Color-Coded Second Alphabetical Labels and Starter Set,9.24,3.0,0.0,4.4352,Legacy,,
4218.0,CA-2017-149881,4/1/2017,4/3/2017,First Class,NC-18535,Nick Crebassa,Corporate,United States,San Francisco,California,94110.0,West,FUR-BO-10003894,Furniture,Bookcases,"Safco Value Mate Steel Bookcase, Baked Enamel Finish on Steel, Black",482.664,8.0,0.15,85.176,ERP,Rejected,
4219.0,CA-2017-149881,4/1/2017,4/3/2017,First Class,NC-18535,Nick Crebassa,Corporate,United States,San Francisco,California,94110.0,West,TEC-MA-10000418,Technology,Machines,Cubify CubeX 3D Printer Double Head Print,4799.984,2.0,2.0,359.9988,Manual Upload,Pending,Duplicate?
4220.0,CA-2017-134565,6/11/2017,6/13/2017,Second Class,TB-21400,Tom Boeckenhauer,Consumer,United States,Seattle,Washington,98103.0,West,OFF-PA-10004243,Office Supplies,Paper,Xerox 1939,37.94,2.0,0.0,18.2112,Legacy,Pending,
4221.0,CA-2017-134565,6/11/2017,6/13/2017,Second Class,TB-21400,Tom Boeckenhauer,Consumer,United States,Seattle,Washington,98103.0,West,OFF-BI-10001759,Office Supplies,Binders,"Acco Pressboard Covers with Storage Hooks, 14 7/8"" x 11"", Dark Blue",18.288,6.0,0.2,6.6294,ERP,Rejected,Urgent
4222.0,CA-2017-134565,6/11/2017,6/13/2017,Second Class,TB-21400,Tom Boeckenhauer,Consumer,United States,Seattle,Washington,98103.0,West,TEC-MA-10001570,Technology,Machines,Cisco Desktop Collaboration Experience DX650 IP Video Phone,385.8,5.0,0.2,130.2075,Legacy,,Duplicate?
4223.0,CA-2017-134565,6/11/2017,6/13/2017,Second Class,TB-21400,Tom Boeckenhauer,Consumer,United States,Seattle,Washington,98103.0,West,OFF-ST-10004804,Office Supplies,Storage,"Belkin 19"" Vented Equipment Shelf, Black",102.96,2.0,0.0,1.0296,CRM,Approved,Urgent
4224.0,CA-2017-134565,6/11/2017,6/13/2017,Second Class,TB-21400,Tom Boeckenhauer,Consumer,United States,Seattle,Washington,98103.0,West,FUR-BO-10001519,Furniture,Bookcases,O'Sullivan 3-Shelf Heavy-Duty Bookcases,174.42,3.0,0.0,41.8608,CRM,Pending,
4225.0,CA-2016-108644,2016/09/30,10/3/2016,First Class,SJ-20215,Sarah Jordon,Consumer,United States,Quincy,Illinois,62301.0,Central,OFF-BI-10000343,Office Supplies,Binders,"Pressboard Covers with Storage Hooks, 9 1/2"" x 11"", Light Blue",1.964,2.0,0.8,-3.2406,Manual Upload,,
4226.0,US-2014-102631,12/13/2014,12/17/2014,Standard Class,EB-13840,Ellis Ballard,Corporate,United States,Chicago,Illinois,60623.0,Central,FUR-FU-10003930,Furniture,Furnishings,Howard Miller 12-3/4 Diameter Accuwave DS  Wall Clock,94.428,3.0,0.6,-42.4926,Manual Upload,Rejected,Duplicate?
4227.0,CA-2017-120327,11/11/2017,11/16/2017,Standard Class,WB-21850,William Brown,Consumer,United States,Urbandale,Iowa,50322.0,Central,OFF-FA-10004854,Office Supplies,Fasteners,"Vinyl Coated Wire Paper Clips in Organizer Box, 800/Box",45.92,4.0,0.0,21.5824,Manual Upload,,
4228.0,CA-2015-154970,1/5/2015,1/10/2015,Standard Class,SR-20740,Steven Roelle,Home Office,United States,Seattle,Washington,98103.0,West,FUR-CH-10003396,Furniture,Chairs,Global Deluxe Steno Chair,61.584,1.0,0.2,-6.9282,Legacy,Approved,Duplicate?
4229.0,CA-2016-113803,3/24/2016,Mar 26 2016,First Class,VG-21805,Vivek Grady,Corporate,United States,Richmond,Indiana,47374.0,Central,OFF-PA-10001994,Office Supplies,Paper,"Ink Jet Note and Greeting Cards, 8-1/2"" x 5-1/2"" Card Size",22.48,1.0,0.0,10.3408,Manual Upload,Rejected,
4230.0,CA-2017-100223,7/5/2017,7/10/2017,Standard Class,LS-16945,Linda Southworth,Corporate,United States,Dallas,Texas,75220.0,Central,FUR-FU-10003601,Furniture,Furnishings,"Deflect-o RollaMat Studded, Beveled Mat for Medium Pile Carpeting",332.028,9.0,0.6,-348.6294,ERP,Pending,
4231.0,CA-2017-100223,7/5/2017,7/10/2017,Standard Class,LS-16945,Linda Southworth,Corporate,United States,Dallas,Texas,75220.0,Central,OFF-BI-10003429,Office Supplies,Binders,"Cardinal HOLDit! Binder Insert Strips,Extra Strips",11.394,9.0,0.8,-17.6607,Legacy,Approved,
4232.0,CA-2017-100223,7/5/2017,7/10/2017,Standard Class,LS-16945,Linda Southworth,Corporate,United States,Dallas,Texas,75220.0,Central,OFF-PA-10000232,Office Supplies,Paper,Xerox 1975,15.552,3.0,0.2,5.6376,CRM,Pending,Check later
4233.0,CA-2017-100223,7/5/2017,7/10/2017,Standard Class,LS-16945,Linda Southworth,Corporate,United States,Dallas,Texas,75220.0,Central,OFF-PA-10002195,Office Supplies,Paper,Xerox 1966,31.104,6.0,0.2,11.2752,CRM,Pending,Check later
4234.0,CA-2017-100223,7/5/2017,7/10/2017,Standard Class,LS-16945,Linda Southworth,Corporate,United States,Dallas,Texas,75220.0,Central,OFF-BI-10004492,Office Supplies,Binders,Tuf-Vin Binders,6.316,1.0,0.8,-10.4214,Legacy,Pending,
4235.0,CA-2014-168823,9/21/2014,24/09/2014,First Class,MA-17560,Matt Abelman,Home Office,United States,Philadelphia,Pennsylvania,19143.0,East,OFF-PA-10004000,Office Supplies,Paper,"While You Were Out Pads, 50 per Pad, 4 x 5 1/4, Green Cycle",11.352,3.0,0.2,4.1151,CRM,Pending,Urgent
4236.0,CA-2014-168823,9/21/2014,9/24/2014,First Class,MA-17560,Matt Abelman,Home Office,United States,Philadelphia,Pennsylvania,19143.0,East,OFF-LA-10004425,Office Supplies,Labels,Staple-on labels,20.808,9.0,0.2,7.0227,Legacy,Pending,Urgent
4237.0,CA-2016-162404,7/23/2016,7/27/2016,Standard Class,NF-18475,Neil Französisch,Home Office,United States,Rockford,Illinois,00000,Central,OFF-BI-10000948,Office Supplies,Binders,"GBC Laser Imprintable Binding System Covers, Desert Sand",11.416,4.0,0.8,-18.8364,Manual Upload,Approved,
4238.0,CA-2017-104024,8/29/2017,9/3/2017,Second Class,MD-17860,Michael Dominguez,Corporate,United States,Philadelphia,Pennsylvania,19134.0,East,OFF-AR-10001972,Office Supplies,Art,Newell 323,9.408,7.0,0.2,0.7056,ERP,Approved,Check later
4239.0,CA-2017-147144,3/26/2017,3/28/2017,First Class,MZ-17335,Maria Zettner,Home Office,United States,Seattle,Washington,98105.0,West,OFF-AR-10004587,Office Supplies,Art,"Boston 1827 Commercial Additional Cutter, Drive Gear & Gear Rack for 1606",19.83,1.0,0.0,5.949,Manual Upload,Rejected,
4240.0,CA-2017-158673,12/29/2017,1/4/2018,Standard Class,KB-16600,Ken Brennan,Corporate,United States,Grand Rapids,Michigan,49505.0,Central,OFF-PA-10000994,Office Supplies,Paper,Xerox 1915,209.7,2.0,0.0,100.656,CRM,,
4241.0,CA-2014-133704,9/20/2014,9/26/2014,Standard Class,MA-17995,Michelle Arnett,Home Office,United States,Los Angeles,California,90004.0,West,OFF-AP-10001366,Office Supplies,Appliances,Staple holder,43.92,4.0,0.0,11.8584,CRM,,
4242.0,CA-2014-133704,9/20/2014,9/26/2014,Standard Class,MA-17995,Michelle Arnett,Home Office,United States,Los Angeles,California,90004.0,West,OFF-BI-10001636,Office Supplies,Binders,Ibico Plastic and Wire Spiral Binding Combs,20.232,3.0,0.2,6.5754,CRM,,Duplicate?
4243.0,CA-2016-159142,4/4/2016,4/5/2016,First Class,ME-17320,Maria Etezadi,Home Office,United States,Springfield,Virginia,22153.0,South,TEC-PH-10001448,Technology,Phones,Anker Astro 15000mAh USB Portable Charger,149.97,3.0,0.0,5.9988,Manual Upload,,Duplicate?
4244.0,CA-2016-159142,4/4/2016,4/5/2016,First Class,ME-17320,Maria Etezadi,Home Office,United States,Springfield,Virginia,22153.0,South,OFF-PA-10001776,Office Supplies,Paper,"Wirebound Message Books, Four 2 3/4"" x 5"" Forms per Page, 600 Sets per Book",27.81,3.0,0.0,13.0707,Manual Upload,Approved,
4245.0,CA-2014-138436,3/26/2014,3/30/2014,Standard Class,JD-15895,Jonathan Doherty,Corporate,United States,Los Angeles,California,90036.0,West,TEC-AC-10002323,Technology,Accessories,SanDisk Ultra 32 GB MicroSDHC Class 10 Memory Card,66.3,3.0,0.0,8.619,ERP,Pending,
4246.0,CA-2017-117702,11/28/2017,12/4/2017,Standard Class,LS-16975,Lindsay Shagiari,Home Office,United States,Baltimore,Maryland,21215.0,East,OFF-AR-10004582,Office Supplies,Art,BIC Brite Liner Grip Highlighters,1.64,1.0,0.0,0.738,ERP,Pending,Urgent
4247.0,CA-2017-117702,11/28/2017,12/4/2017,Standard Class,LS-16975,Lindsay Shagiari,Home Office,United States,Baltimore,Maryland,21215.0,East,FUR-FU-10000576,Furniture,Furnishings,Luxo Professional Fluorescent Magnifier Lamp with Clamp-Mount Base,1049.2,5.0,0.0,272.792,Legacy,,
4248.0,CA-2017-117702,11/28/2017,12/4/2017,Standard Class,LS-16975,Lindsay Shagiari,Home Office,United States,Baltimore,Maryland,21215.0,East,FUR-FU-10004270,Furniture,Furnishings,"Eldon Image Series Desk Accessories, Burgundy",20.9,5.0,0.0,7.524,Manual Upload,Rejected,
4249.0,CA-2016-157336,12/1/2016,12/5/2016,Second Class,SJ-20500,Shirley Jackson,Consumer,United States,Fairfield,Connecticut,6824.0,East,OFF-BI-10004236,Office Supplies,Binders,"XtraLife ClearVue Slant-D Ring Binder, White, 3""",88.08,6.0,0.0,40.5168,ERP,Pending,Duplicate?
4250.0,CA-2016-157336,12/1/2016,12/5/2016,Second Class,SJ-20500,Shirley Jackson,Consumer,United States,Fairfield,Connecticut,6824.0,East,FUR-CH-10004997,Furniture,Chairs,Hon Every-Day Series Multi-Task Chairs,751.92,4.0,0.0,150.384,Legacy,Rejected,
4251.0,CA-2014-168130,9/19/2014,9/19/2014,Same Day,BS-11365,Bill Shonely,Corporate,United States,New York City,New York,10011.0,East,FUR-CH-10000988,Furniture,Chairs,Hon Olson Stacker Stools,887.103,7.0,0.1,177.4206,CRM,Pending,
4252.0,CA-2015-155068,10/23/2015,10/23/2015,Same Day,RA-19285,Ralph Arnett,Consumer,United States,Lakeland,Florida,33801.0,South,TEC-PH-10004897,Technology,Phones,Mediabridge Sport Armband iPhone 5s,55.944,7.0,0.2,-13.2867,Legacy,Approved,Urgent
4253.0,CA-2015-155068,10/23/2015,10/23/2015,Same Day,RA-19285,Ralph Arnett,Consumer,United States,Lakeland,Florida,33801.0,South,OFF-AR-10002656,Office Supplies,Art,Sanford Liquid Accent Highlighters,10.688,2.0,0.2,2.2712,Legacy,Approved,
4254.0,CA-2015-155068,10/23/2015,10/23/2015,Same Day,RA-19285,Ralph Arnett,Consumer,United States,Lakeland,Florida,33801.0,South,TEC-PH-10004924,Technology,Phones,"SKILCRAFT Telephone Shoulder Rest, 2"" x 6.5"" x 2.5"", Black",11.824,2.0,0.2,1.0346,Legacy,Approved,
4255.0,CA-2017-163160,10/13/2017,10/16/2017,First Class,TS-21610,Troy Staebel,Consumer,United States,Freeport,Illinois,61032.0,Central,OFF-PA-10003127,Office Supplies,Paper,Easy-staple paper,63.312,3.0,0.2,20.5764,CRM,Pending,
4256.0,CA-2017-163160,10/13/2017,10/16/2017,First Class,TS-21610,Troy Staebel,Consumer,United States,Freeport,Illinois,61032.0,Central,OFF-BI-10000778,Office Supplies,Binders,GBC VeloBinder Electric Binding Machine,96.784,4.0,0.8,-145.176,Legacy,Rejected,Urgent
4257.0,CA-2017-163160,10/13/2017,10/16/2017,First Class,TS-21610,Troy Staebel,Consumer,United States,Freeport,Illinois,61032.0,Central,FUR-FU-10001424,Furniture,Furnishings,Dax Clear Box Frame,10.476,3.0,0.6,-6.8094,Legacy,,Duplicate?
4258.0,CA-2015-101924,9/4/2015,9/9/2015,Standard Class,KB-16585,Ken Black,Corporate,United States,Medford,Oregon,97504.0,West,OFF-BI-10000962,Office Supplies,Binders,"Acco Flexible ACCOHIDE Square Ring Data Binder, Dark Blue, 11 1/2"" X 14"" 7/8""",9.762,2.0,0.7,-6.8334,ERP,Rejected,
4259.0,CA-2016-124793,3/14/2016,3/16/2016,First Class,MM-18280,Muhammed MacIntyre,Corporate,United States,Seattle,Washington,98103.0,West,FUR-CH-10002880,Furniture,Chairs,"Global High-Back Leather Tilter, Burgundy",196.784,2.0,0.2,-22.1382,Legacy,Approved,Urgent
4260.0,CA-2017-118367,10/28/2017,11/2/2017,Second Class,LO-17170,Lori Olson,Corporate,United States,New York City,New York,10035.0,East,OFF-EN-10004386,Office Supplies,Envelopes,"Recycled Interoffice Envelopes with String and Button Closure, 10 x 13",47.98,2.0,0.0,23.99,Legacy,Approved,
4261.0,CA-2017-164819,10/15/2017,10/19/2017,Second Class,RS-19420,Ricardo Sperren,Corporate,United States,Fairfield,Connecticut,6824.0,East,OFF-LA-10001045,Office Supplies,Labels,Permanent Self-Adhesive File Folder Labels for Typewriters by Universal,13.05,5.0,0.0,6.003,Legacy,Rejected,Urgent
4262.0,CA-2017-158344,8/7/2017,8/11/2017,Standard Class,CC-12475,Cindy Chapman,Consumer,United States,Moorhead,Minnesota,56560.0,Central,TEC-AC-10002006,Technology,Accessories,Memorex Micro Travel Drive 16 GB,63.96,4.0,0.0,19.8276,Legacy,Pending,Urgent
4263.0,CA-2017-123351,9/21/2017,9/25/2017,Standard Class,KT-16480,Kean Thornton,Consumer,United States,Columbus,Georgia,31907.0,South,OFF-AP-10001242,Office Supplies,Appliances,APC 7 Outlet Network SurgeArrest Surge Protector,80.48,1.0,0.0,24.144,Legacy,Approved,
4264.0,CA-2017-110429,11/3/2017,11/8/2017,Standard Class,DM-13015,Darrin Martin,Consumer,United States,Philadelphia,Pennsylvania,19143.0,East,OFF-BI-10000216,Office Supplies,Binders,"Mead 1st Gear 2"" Zipper Binder, Asst. Colors",11.673,3.0,0.7,-7.782,CRM,Rejected,
4265.0,US-2016-131611,11/5/2016,11/9/2016,Standard Class,EP-13915,Emily Phan,Consumer,United States,Houston,Texas,77036.0,CENTRAL,FUR-TA-10002774,Furniture,Tables,Laminate Occasional Tables,863.128,8.0,0.3,-160.2952,ERP,,Duplicate?
4266.0,US-2016-131611,11/5/2016,11/9/2016,Standard Class,EP-13915,Emily Phan,Consumer,United States,Houston,texas,77036.0,Central,OFF-BI-10004364,Office Supplies,Binders,Storex Dura Pro Binders,3.564,3.0,0.8,-6.237,ERP,Approved,Urgent
4267.0,US-2016-131611,11/5/2016,11/9/2016,Standard Class,EP-13915,Emily Phan,Consumer,United States,Houston,Texas,77036.0,Central,FUR-BO-10000780,Furniture,Bookcases,O'Sullivan Plantations 2-Door Library in Landvery Oak,956.6648,7.0,0.32,-225.0976,CRM,,Check later
4268.0,US-2016-131611,11/5/2016,11/9/2016,Standard Class,EP-13915,Emily Phan,Consumer,United States,Houston,Texas,77036.0,Central,OFF-BI-10001989,Office Supplies,Binders,Premium Transparent Presentation Covers by GBC,12.588,3.0,0.8,-20.1408,ERP,Rejected,Urgent
4269.0,US-2016-131611,11/5/2016,11/9/2016,Standard Class,EP-13915,Emily Phan,Consumer,United States,Houston,Texas,77036.0,Central,TEC-AC-10004001,Technology,Accessories,Logitech Wireless Headset H600 Over-The-Head Design,171.96,5.0,0.2,45.1395,Legacy,Rejected,Duplicate?
4270.0,US-2017-124821,6/25/2017,6/29/2017,Second Class,AM-10705,Anne McFarland,Consumer,United States,Seattle,Washington,98115.0,West,FUR-TA-10000688,Furniture,Tables,"Chromcraft Bull-Nose Wood Round Conference Table Top, Wood Base",871.4,4.0,0.0,148.138,ERP,Pending,Check later
4271.0,CA-2015-166975,11/26/2015,11/30/2015,Standard Class,SH-20635,Stefanie Holloman,Corporate,United States,Jackson,Tennessee,38301.0,South,FUR-FU-10003930,Furniture,Furnishings,Howard Miller 12-3/4 Diameter Accuwave DS  Wall Clock,692.472,11.0,0.2,190.4298,Manual Upload,,
4272.0,CA-2016-123806,11/24/2016,11/27/2016,Second Class,LA-16780,Laura Armstrong,Corporate,United States,Baltimore,Maryland,21215.0,East,FUR-FU-10000965,Furniture,Furnishings,"Howard Miller 11-1/2"" Diameter Ridgewood Wall Clock",207.76,4.0,0.0,85.1816,ERP,,
4273.0,US-2017-158505,7/21/2017,7/21/2017,Same Day,SF-20200,Sarah Foster,Consumer,United States,Murray,Utah,84107.0,West,TEC-PH-10004071,Technology,Phones,PayAnywhere Card Reader,71.928,9.0,0.2,6.2937,Legacy,Approved,
4274.0,US-2017-158505,7/21/2017,7/21/2017,Same Day,SF-20200,Sarah Foster,Consumer,United States,Murray,Utah,84107.0,West,OFF-AR-10001044,Office Supplies,Art,"BOSTON Ranger #55 Pencil Sharpener, Black",25.99,1.0,0.0,7.5371,Manual Upload,Approved,Check later
4275.0,CA-2015-142692,10/23/2015,10/28/2015,Standard Class,AG-10495,Andrew Gjertsen,Corporate,United States,Seattle,Washington,98105.0,West,OFF-BI-10004140,Office Supplies,Binders,Avery Non-Stick Binders,3.592,1.0,0.2,1.1225,CRM,Pending,
4276.0,CA-2015-123456,7/9/2015,7/13/2015,Standard Class,KN-16450,Kean Nguyen,Corporate,United States,Dallas,Texas,75220.0,Central,OFF-AP-10002684,Office Supplies,Appliances,"Acco 7-Outlet Masterpiece Power Center, Wihtout Fax/Phone Line Protection",48.632,2.0,0.8,-9999.0,Manual Upload,Approved,
4277.0,CA-2017-151358,8/18/2017,8/22/2017,Standard Class,NF-18595,Nicole Fjeld,Home Office,United States,Seattle,Washington,98105.0,West,OFF-ST-10000046,Office Supplies,Storage,Fellowes Super Stor/Drawer Files,323.1,2.0,0.0,61.389,ERP,,Duplicate?
4278.0,US-2016-107440,4/16/2016,4/20/2016,Standard Class,BS-11365,Bill Shonely,Corporate,United States,Lakewood,New Jersey,8701.0,East,TEC-MA-10001047,Technology,Machines,"3D Systems Cube Printer, 2nd Generation, Magenta",9099.93,7.0,0.0,2365.9818,CRM,Approved,Duplicate?
4279.0,US-2016-107440,4/16/2016,Apr 20 2016,Standard Class,BS-11365,Bill Shonely,Corporate,United States,Lakewood,New Jersey,8701.0,East,FUR-FU-10000550,Furniture,Furnishings,Stacking Trays by OIC,9.96,2.0,0.0,3.2868,Legacy,Pending,Check later
4280.0,US-2016-107440,4/16/2016,4/20/2016,Standard Class,BS-11365,Bill Shonely,Corporate,United States,Lakewood,New Jersey,8701.0,East,OFF-BI-10002432,Office Supplies,Binders,Wilson Jones Standard D-Ring Binders,25.3,5.0,0.0,11.891,CRM,,
4281.0,CA-2014-166989,11/14/2014,11/18/2014,Standard Class,RM-19675,Robert Marley,Home Office,United States,New York City,New York,10011.0,East,OFF-PA-10004470,office_supplies,Paper,"Adams Write n' Stick Phone Message Book, 11"" X 5 1/4"", 200 Messages",11.36,2.0,0.0,5.2256,Manual Upload,Rejected,Duplicate?
4282.0,CA-2014-166989,11/14/2014,11/18/2014,Standard Class,RM-19675,Robert Marley,Home Office,United States,New York City,New York,10011.0,East,FUR-CH-10001797,Furniture,Chairs,"Safco Chair Connectors, 6/Carton",69.264,2.0,0.1,14.6224,Legacy,Rejected,Urgent
4283.0,CA-2014-103100,12/20/2014,12/23/2014,First Class,AB-10105,Adrian Barton,Consumer,United States,Indianapolis,Indiana,46203.0,Central,OFF-LA-10003720,Office Supplies,Labels,Avery 487,3.69,1.0,0.0,1.7343,Manual Upload,Pending,
4284.0,CA-2014-103100,12/20/2014,12/23/2014,First Class,AB-10105,Adrian Barton,Consumer,United States,Indianapolis,Indiana,46203.0,Central,OFF-BI-10004600,Office Supplies,Binders,Ibico Ibimaster 300 Manual Binding System,1103.97,3.0,0.0,496.7865,CRM,Pending,Urgent
4285.0,CA-2015-105690,11/21/2015,11/26/2015,Second Class,CA-11965,Carol Adams,Corporate,United States,Port Arthur,Texas,77642.0,Central,FUR-BO-10003965,Furniture,Bookcases,O'Sullivan Manor Hill 2-Door Library in Brianna Oak,246.1328,2.0,0.32,-76.0116,Legacy,,
4286.0,CA-2015-105690,11/21/2015,11/26/2015,Second Class,CA-11965,Carol Adams,Corporate,United States,Port Arthur,Texas,77642.0,Central,OFF-LA-10000240,Office Supplies,Labels,Self-Adhesive Address Labels for Typewriters by Universal,11.696,2.0,0.2,3.9474,CRM,Rejected,
4287.0,CA-2015-105690,11/21/2015,11/26/2015,Second Class,CA-11965,Carol Adams,Corporate,United States,Port Arthur,Texas,77642.0,Central,TEC-CO-10001571,Technology,Copiers,Sharp 1540cs Digital Laser Copier,439.992,1.0,0.2,164.997,ERP,Pending,
4288.0,CA-2017-127516,12/28/2017,1/3/2018,Standard Class,EH-14005,Erica Hernandez,Home Office,United States,Nashville,Tennessee,37211.0,South,OFF-ST-10000736,Office Supplies,Storage,Carina Double Wide Media Storage Towers in Natural & Black,64.784,1.0,0.2,-12.9568,Manual Upload,Rejected,
4289.0,US-2015-117184,5/17/2015,5/21/2015,Standard Class,ON-18715,Odella Nelson,Corporate,United States,Houston,Texas,77095.0,Central,OFF-BI-10002082,Office Supplies,Binders,GBC Twin Loop Wire Binding Elements,33.28,5.0,0.8,-49.92,Manual Upload,Pending,
4290.0,US-2015-117184,5/17/2015,5/21/2015,Standard Class,ON-18715,Odella Nelson,Corporate,United States,Houston,Texas,77095.0,Central,OFF-PA-10002250,Office Supplies,Paper,Things To Do Today Pad,14.088,3.0,0.2,4.9308,Legacy,Rejected,
4291.0,CA-2017-102407,12/9/2017,12/13/2017,Second Class,AT-10435,Alyssa Tate,Home Office,United States,Los Angeles,California,90004.0,West,OFF-AR-10000122,Office Supplies,Art,Newell 314,11.16,2.0,0.0,2.79,Legacy,Rejected,
4292.0,CA-2017-102407,12/9/2017,12/13/2017,Second Class,AT-10435,Alyssa Tate,Home Office,United States,Los Angeles,California,90004.0,West,FUR-TA-10003748,Furniture,Tables,Bevis 36 x 72 Conference Tables,896.328,9.0,0.2,22.4082,ERP,Approved,
4293.0,CA-2017-102407,12/9/2017,13/12/2017,Second Class,AT-10435,Alyssa Tate,Home Office,United States,Los Angeles,California,90004.0,West,OFF-AP-10001394,Office Supplies,Appliances,Harmony Air Purifier,189.0,1.0,0.0,68.04,Legacy,Approved,
4294.0,CA-2017-130967,3/10/2017,3/16/2017,Standard Class,EB-13870,Emily Burns,Consumer,United States,Philadelphia,Pennsylvania,19140.0,East,TEC-PH-10004896,Technology,Phones,Nokia Lumia 521 (T-Mobile),53.982,3.0,0.4,-10.7964,Manual Upload,Pending,
4295.0,CA-2017-101581,10/22/2017,10/27/2017,Standard Class,DW-13195,David Wiener,Corporate,United States,Redmond,Oregon,97756.0,West,FUR-TA-10002607,Furniture,Tables,KI Conference Tables,0.01,5.0,0.5,-120.513,Manual Upload,,
4296.0,CA-2017-169124,7/3/2017,7/10/2017,Standard Class,MB-17305,Maria Bertelson,Consumer,United States,Citrus Heights,California,ABCDE,West,FUR-FU-10001215,Furniture,Furnishings,"Howard Miller 11-1/2"" Diameter Brentwood Wall Clock",129.39,3.0,0.0,54.3438,Manual Upload,Rejected,
4297.0,CA-2017-117261,9/4/2017,9/10/2017,Standard Class,TH-21235,Tiffany House,Corporate,United States,Los Angeles,California,90032.0,West,OFF-ST-10000419,Office Supplies,Storage,"Rogers Jumbo File, Granite",54.32,4.0,0.0,0.5432,ERP,Rejected,
4298.0,CA-2017-129021,8/23/2017,8/26/2017,Second Class,PO-18850,Patrick O'Brill,Consumer,United States,Tallahassee,Florida,32303.0,South,TEC-PH-10001459,Technology,Phones,Samsung Galaxy Mega 6.3,4367.896,13.0,0.2,327.5922,Manual Upload,Approved,Check later
4299.0,CA-2017-129021,8/23/2017,8/26/2017,Second Class,PO-18850,Patrick O'Brill,Consumer,United States,Tallahassee,Florida,32303.0,South,OFF-PA-10000241,Office Supplies,Paper,"IBM Multi-Purpose Copy Paper, 8 1/2 x 11"", Case",49.568,2.0,0.2,15.49,ERP,Rejected,Duplicate?
4300.0,CA-2017-129021,8/23/2017,8/26/2017,Second Class,PO-18850,Patrick O'Brill,Consumer,United States,Tallahassee,Florida,32303.0,South,OFF-AP-10003040,Office Supplies,Appliances,Fellowes 8 Outlet Superior Workstation Surge Protector w/o Phone/Fax/Modem Protection,161.376,6.0,0.2,12.1032,CRM,Pending,Check later
4301.0,CA-2017-129021,8/23/2017,8/26/2017,Second Class,PO-18850,Patrick O'Brill,Consumer,United States,Tallahassee,Florida,32303.0,South,FUR-FU-10001852,Furniture,Furnishings,"Eldon Regeneration Recycled Desk Accessories, Smoke",2.784,2.0,0.2,0.4176,Manual Upload,Approved,Duplicate?
4302.0,CA-2017-129021,8/23/2017,8/26/2017,Second Class,PO-18850,Patrick O'Brill,Consumer,United States,Tallahassee,Florida,32303.0,South,OFF-PA-10000141,Office Supplies,Paper,"Ampad Evidence Wirebond Steno Books, 6"" x 9""",8.72,5.0,0.2,2.943,CRM,,Duplicate?
4303.0,CA-2014-123253,8/22/2014,8/25/2014,Second Class,DE-13255,Deanra Eno,Home Office,United States,Lakewood,Ohio,44107.0,East,OFF-AR-10002804,Office Supplies,Art,Faber Castell Col-Erase Pencils,3.912,1.0,0.2,1.0269,Legacy,Rejected,
4304.0,CA-2016-121601,10/4/2016,10/4/2016,same day,MO-17500,Mary O'Rourke,Consumer,United States,The Colony,Texas,75056.0,Central,OFF-EN-10003862,Office Supplies,Envelopes,Laser & Ink Jet Business Envelopes,59.752,7.0,0.2,19.4194,Legacy,Approved,Duplicate?
4305.0,CA-2014-162278,10/26/2014,10/30/2014,Second Class,AH-10585,Angele Hood,Consumer,United States,Seattle,Washington,98105.0,West,FUR-FU-10000448,Furniture,Furnishings,Tenex Chairmats For Use With Carpeted Floors,63.92,4.0,0.0,3.196,Legacy,Rejected,
4306.0,CA-2014-162278,10/26/2014,10/30/2014,Second Class,AH-10585,Angele Hood,Consumer,United States,Seattle,Washington,98105.0,West,TEC-PH-10000526,Technology,Phones,Vtech CS6719,383.96,5.0,0.2,38.396,Manual Upload,Rejected,
4307.0,CA-2016-161095,6/28/2016,6/28/2016,Same Day,CS-12250,Chris Selesnick,Corporate,United States,Los Angeles,California,90032.0,West,OFF-BI-10002764,Office Supplies,Binders,Recycled Pressboard Report Cover with Reinforced Top Hinge,7.752,3.0,0.2,2.8101,CRM,,Check later
4308.0,CA-2016-161095,6/28/2016,6/28/2016,Same Day,CS-12250,Chris Selesnick,Corporate,United States,Los Angeles,California,90032.0,West,OFF-BI-10001524,Office Supplies,Binders,GBC Premium Transparent Covers with Diagonal Lined Pattern,33.568,2.0,0.2,11.7488,Legacy,,Check later
4309.0,CA-2014-125829,11/4/2014,11/11/2014,Standard Class,WB-21850,William Brown,Consumer,United States,Los Angeles,California,90045.0,West,TEC-PH-10001079,Technology,Phones,Polycom SoundPoint Pro SE-225 Corded phone,666.344,7.0,0.2,66.6344,ERP,Rejected,
4310.0,CA-2014-125829,11/4/2014,11/11/2014,Standard Class,WB-21850,William Brown,Consumer,United States,Los Angeles,California,90045.0,West,FUR-TA-10002041,Furniture,Tables,"Bevis Round Conference Table Top, X-Base",573.728,4.0,0.2,-64.5444,CRM,,
4311.0,CA-2014-125829,11/4/2014,11/11/2014,Standard Class,WB-21850,William Brown,Consumer,United States,Los Angeles,California,90045.0,West,OFF-BI-10001036,Office Supplies,Binders,Cardinal EasyOpen D-Ring Binders,21.936,3.0,0.2,8.226,ERP,Rejected,Duplicate?
4312.0,CA-2014-125829,11/4/2014,11/11/2014,Standard Class,WB-21850,William Brown,Consumer,United States,Los Angeles,California,90045.0,West,OFF-PA-10000223,Office Supplies,Paper,Xerox 2000,19.44,3.0,0.0,9.3312,ERP,Pending,
4313.0,CA-2014-125829,11/4/2014,11/11/2014,Standard Class,WB-21850,William Brown,Consumer,United States,Los Angeles,California,90045.0,West,TEC-MA-10003246,Technology,Machines,Hewlett-Packard Deskjet D4360 Printer,447.968,4.0,0.2,139.99,ERP,Pending,Urgent
4314.0,CA-2014-123127,9/8/2014,9/12/2014,Standard Class,SP-20620,Stefania Perrino,Corporate,United States,Long Beach,New York,11561.0,East,OFF-AP-10001962,Office Supplies,Appliances,Black & Decker Filter for Double Action Dustbuster Cordless Vac BLDV7210,16.78,2.0,0.0,4.195,CRM,Pending,Check later
4315.0,CA-2015-115945,6/25/2015,7/1/2015,Standard Class,AB-10165,Alan Barnes,Consumer,United States,Los Angeles,California,90045.0,West,OFF-AR-10004062,Office Supplies,Art,Staples in misc. colors,20.96,2.0,0.0,5.24,ERP,Approved,Urgent
4316.0,CA-2015-115945,6/25/2015,7/1/2015,Standard Class,AB-10165,Alan Barnes,Consumer,United States,Los Angeles,California,90045.0,West,OFF-BI-10004330,Office Supplies,Binders,"GBC Velobind Prepunched Cover Sets, Regency Series",88.752,3.0,0.2,27.735,Manual Upload,,Check later
4317.0,CA-2015-115945,6/25/2015,7/1/2015,Standard Class,AB-10165,Alan Barnes,Consumer,United States,Los Angeles,California,90045.0,West,OFF-ST-10001963,Office Supplies,Storage,Tennsco Regal Shelving Units,304.23,3.0,0.0,9.1269,Manual Upload,,Check later
4318.0,CA-2015-136735,7/26/2015,8/2/2015,Standard Class,HA-14920,Helen Andreada,Consumer,United States,San Francisco,California,94110.0,West,OFF-EN-10002230,Office Supplies,Envelopes,Airmail Envelopes,167.86,2.0,0.0,78.8942,ERP,,Urgent
4319.0,US-2017-136189,12/7/2017,12/11/2017,Standard Class,DC-13285,Debra Catini,Consumer,United States,Richmond,Virginia,23223.0,South,FUR-FU-10000175,Furniture,Furnishings,DAX Wood Document Frame.,82.38,6.0,0.0,25.5378,Manual Upload,,Urgent
4320.0,CA-2014-152345,12/29/2014,1/3/2015,Second Class,ST-20530,Shui Tom,Consumer,United States,Albuquerque,New Mexico,87105.0,West,TEC-PH-10004897,Technology,Phones,Mediabridge Sport Armband iPhone 5s,23.976,3.0,0.2,-5.6943,Legacy,,Duplicate?
4321.0,CA-2014-152345,12/29/2014,1/3/2015,Second Class,ST-20530,Shui Tom,Consumer,United States,Albuquerque,New Mexico,87105.0,West,OFF-ST-10003123,Office Supplies,Storage,Fellowes Bases and Tops For Staxonsteel/High-Stak Systems,33.29,1.0,0.0,7.9896,Manual Upload,,Check later
4322.0,US-2015-147662,2/14/2015,2/19/2015,Standard Class,KB-16315,Karl Braun,Consumer,United States,Akron,Ohio,44312.0,East,OFF-BI-10001658,Office Supplies,Binders,GBC Standard Therm-A-Bind Covers,14.952,2.0,0.7,-11.9616,CRM,Rejected,Urgent
4323.0,US-2015-147662,2/14/2015,2/19/2015,Standard Class,KB-16315,Karl Braun,Consumer,United States,Akron,Ohio,44312.0,East,TEC-PH-10002834,Technology,Phones,Google Nexus 5,323.982,3.0,0.4,-80.9955,ERP,Pending,Check later
4324.0,US-2015-147662,2/14/2015,2/19/2015,Standard Class,KB-16315,Karl Braun,Consumer,United States,Akron,Ohio,44312.0,East,OFF-BI-10002160,Office Supplies,Binders,Acco Hanging Data Binders,2.286,2.0,0.7,-1.6764,ERP,Rejected,Urgent
4325.0,US-2015-147662,2/14/2015,2/19/2015,Standard Class,KB-16315,Karl Braun,Consumer,United States,Akron,Ohio,44312.0,East,OFF-AR-10004999,Office Supplies,Art,Newell 315,14.352,3.0,0.2,0.897,CRM,,
4326.0,US-2015-147662,2/14/2015,2/19/2015,Standard Class,KB-16315,Karl Braun,Consumer,United States,Akron,Ohio,44312.0,East,TEC-AC-10003280,Technology,Accessories,Belkin F8E887 USB Wired Ergonomic Keyboard,71.976,3.0,0.2,0.8997,Legacy,Pending,Urgent
4327.0,CA-2016-153346,1/25/2016,1/27/2016,First Class,TB-21355,Todd Boyes,Corporate,United States,Plainfield,New Jersey,7060.0,East,OFF-AR-10000315,Office Supplies,Art,"Dixon Ticonderoga Maple Cedar Pencil, #2",9.21,3.0,0.0,2.3025,Manual Upload,Approved,Urgent
4328.0,CA-2016-153346,1/25/2016,1/27/2016,First Class,TB-21355,Todd Boyes,Corporate,United States,Plainfield,New Jersey,7060.0,East,OFF-PA-10000007,Office Supplies,Paper,"Telephone Message Books with Fax/Mobile Section, 4 1/4"" x 6""",18.0,5.0,0.0,8.28,CRM,Approved,Urgent
4329.0,CA-2017-118360,4/1/2017,4/7/2017,Standard Class,JC-15775,John Castell,Consumer,United States,New York City,New York,10011.0,East,OFF-PA-10000791,Office Supplies,Paper,"Wirebound Message Books, Four 2 3/4 x 5 Forms per Page, 200 Sets per Book",42.93,9.0,0.0,19.3185,Manual Upload,Pending,Check later
4330.0,CA-2017-149853,10/3/2017,10/9/2017,Standard Class,PO-18850,Patrick O'Brill,Consumer,United States,Hialeah,Florida,33012.0,South,OFF-PA-10000556,Office Supplies,Paper,Xerox 208,15.552,3.0,0.2,5.4432,Legacy,,Duplicate?
4331.0,CA-2017-149853,10/3/2017,10/9/2017,Standard Class,PO-18850,Patrick O'Brill,Consumer,United States,Hialeah,Florida,33012.0,South,OFF-AP-10000804,Office Supplies,Appliances,Hoover Portapower Portable Vacuum,17.92,5.0,0.2,1.12,ERP,Pending,
4332.0,CA-2017-107909,9/1/2017,9/6/2017,Standard Class,SS-20875,Sung Shariari,Consumer,United States,Redmond,Washington,98052.0,West,TEC-AC-10001998,Technology,Accessories,Logitech LS21 Speaker System - PC Multimedia - 2.1-CH - Wired,19.99,1.0,0.0,6.7966,Legacy,Approved,Duplicate?
4333.0,CA-2017-107909,9/1/2017,9/6/2017,Standard Class,SS-20875,Sung Shariari,Consumer,United States,Redmond,Washington,98052.0,West,OFF-BI-10003476,Office Supplies,Binders,Avery Metallic Poly Binders,22.92,5.0,0.2,8.022,ERP,Pending,Check later
4334.0,CA-2015-112375,12/21/2015,12/27/2015,Standard Class,RD-19720,Roger Demir,Consumer,United States,Daytona Beach,Florida,32114.0,South,TEC-AC-10003237,Technology,Accessories,Memorex Micro Travel Drive 4 GB,50.88,6.0,0.2,14.628,Manual Upload,Rejected,
4335.0,CA-2015-112375,12/21/2015,12/27/2015,Standard Class,RD-19720,Roger Demir,Consumer,United States,Daytona Beach,Florida,32114.0,South,OFF-EN-10003798,Office Supplies,Envelopes,"Recycled Interoffice Envelopes with Re-Use-A-Seal Closure, 10 x 13",27.312,2.0,0.2,9.2178,ERP,Rejected,
4336.0,CA-2015-154795,12/20/2015,12/24/2015,Standard Class,GZ-14470,Gary Zandusky,Consumer,United States,Bullhead City,Arizona,86442.0,West,OFF-EN-10003068,Office Supplies,Envelopes,#6 3/4 Gummed Flap White Envelopes,7.92,1.0,0.2,2.772,ERP,,
4337.0,CA-2015-154795,12/20/2015,12/24/2015,Standard Class,GZ-14470,Gary Zandusky,Consumer,United States,Bullhead City,Arizona,86442.0,West,FUR-FU-10002088,Furniture,Furnishings,Nu-Dell Float Frame 11 x 14 1/2,14.368,2.0,0.2,3.9512,CRM,Rejected,
4338.0,CA-2015-125234,11/27/2015,12/1/2015,Standard Class,SN-20710,Steve Nguyen,Home Office,United States,Los Angeles,California,90049.0,West,TEC-AC-10000158,Technology,Accessories,Sony 64GB Class 10 Micro SDHC R40 Memory Card,107.97,3.0,0.0,22.6737,ERP,,
4339.0,CA-2015-125234,11/27/2015,12/1/2015,Standard Class,SN-20710,Steve Nguyen,Home Office,United States,Los Angeles,California,90049.0,West,OFF-PA-10000482,Office Supplies,Paper,"Snap-A-Way Black Print Carbonless Ruled Speed Letter, Triplicate",113.82,3.0,0.0,53.4954,Manual Upload,,Duplicate?
4340.0,CA-2017-133501,8/27/2017,9/1/2017,Standard Class,DK-12895,Dana Kaydos,Consumer,United States,Franklin,Tennessee,37064.0,South,OFF-PA-10004888,Office Supplies,Paper,Xerox 217,5.184,1.0,0.2,1.8144,ERP,,Check later
4341.0,US-2014-129609,3/22/2014,3/22/2014,Same Day,VM-21835,Vivian Mathis,Consumer,United States,Portage,Indiana,46368.0,Central,OFF-AR-10003478,Office Supplies,Art,"Avery Hi-Liter EverBold Pen Style Fluorescent Highlighters, 4/Pack",16.28,2.0,0.0,6.512,ERP,Approved,Duplicate?
4342.0,CA-2017-130309,12/17/2017,12/21/2017,Standard Class,GB-14575,Giulietta Baptist,Consumer,United States,Arlington,Virginia,22204.0,South,OFF-ST-10003208,Office Supplies,Storage,Adjustable Depth Letter/Legal Cart,544.38,3.0,0.0,157.8702,Legacy,,Duplicate?
4343.0,CA-2017-105410,3/19/2017,3/22/2017,First Class,ND-18370,Natalie DeCherney,Consumer,United States,San Francisco,California,94110.0,West,OFF-BI-10004970,Office Supplies,Binders,"ACCOHIDE 3-Ring Binder, Blue, 1""",0.0,6.0,0.2,6.6906,CRM,Pending,
4344.0,CA-2017-105410,3/19/2017,3/22/2017,First Class,ND-18370,Natalie DeCherney,Consumer,United States,San Francisco,California,94110.0,West,TEC-PH-10000038,Technology,Phones,Jawbone MINI JAMBOX Wireless Bluetooth Speaker,657.504,6.0,0.2,-131.5008,ERP,Rejected,
4345.0,CA-2017-105410,3/19/2017,3/22/2017,First Class,ND-18370,Natalie DeCherney,Consumer,United States,San Francisco,California,94110.0,West,TEC-AC-10001552,Technology,Accessories,Logitech K350 2.4Ghz Wireless Keyboard,99.54,2.0,0.0,10.9494,ERP,Pending,Check later
4346.0,CA-2017-105410,3/19/2017,3/22/2017,First Class,ND-18370,Natalie DeCherney,Consumer,United States,San Francisco,California,94110.0,West,TEC-AC-10002926,Technology,Accessories,Logitech Wireless Marathon Mouse M705,199.96,4.0,0.0,85.9828,Manual Upload,,Duplicate?
4347.0,CA-2016-120355,9/18/2016,9/25/2016,Standard Class,MM-17260,Magdelene Morse,Consumer,United States,New Rochelle,New York,10801.0,East,FUR-CH-10001394,Furniture,Chairs,Global Leather Executive Chair,631.782,2.0,0.1,140.396,Manual Upload,,Urgent
4348.0,CA-2016-120355,9/18/2016,9/25/2016,Standard Class,MM-17260,Magdelene Morse,Consumer,United States,New Rochelle,New York,10801.0,East,FUR-FU-10004053,Furniture,Furnishings,DAX Two-Tone Silver Metal Document Frame,60.72,3.0,0.0,26.1096,ERP,Rejected,Check later
4349.0,CA-2017-169894,11/24/2017,11/29/2017,Second Class,MV-17485,Mark Van Huff,Consumer,United States,Mesa,Arizona,85204.0,West,OFF-BI-10004230,Office Supplies,Binders,GBC Recycled Grain Textured Covers,20.724,2.0,0.7,-15.1976,Legacy,Rejected,Urgent
4350.0,CA-2017-169894,11/24/2017,11/29/2017,Second Class,MV-17485,Mark Van Huff,Consumer,United States,Mesa,Arizona,85204.0,West,OFF-ST-10000060,Office Supplies,Storage,Fellowes Bankers Box Staxonsteel Drawer File/Stacking System,415.872,8.0,0.2,-41.5872,ERP,Approved,
4351.0,US-2017-100482,4/11/2017,4/15/2017,Standard Class,JL-15130,Jack Lebron,Consumer,United States,Lancaster,Ohio,43130.0,East,OFF-ST-10001325,Office Supplies,Storage,Sterilite Officeware Hinged File Box,16.768,2.0,0.2,1.4672,ERP,Pending,Urgent
4352.0,US-2017-100482,4/11/2017,4/15/2017,Standard Class,JL-15130,Jack Lebron,Consumer,United States,Lancaster,Ohio,43130.0,East,TEC-AC-10003441,Tech,Accessories,Kingston Digital DataTraveler 32GB USB 2.0,27.12,2.0,0.2,-4.746,ERP,Rejected,Urgent
4353.0,CA-2017-107748,12/10/2017,12/12/2017,Second Class,AG-10330,Alex Grayson,Consumer,United States,Stockton,California,95207.0,West,TEC-PH-10003215,Technology,Phones,Jackery Bar Premium Fast-charging Portable Charger,95.84,4.0,0.2,34.742,Legacy,Rejected,
4354.0,CA-2017-107748,12/10/2017,12/12/2017,Second Class,AG-10330,Alex Grayson,Consumer,United States,Stockton,California,95207.0,West,OFF-PA-10002005,Office Supplies,Paper,Xerox 225,12.96,2.0,0.0,6.2208,Legacy,Approved,
4355.0,CA-2017-153654,11/24/2017,11/26/2017,Second Class,MD-17860,Michael Dominguez,Corporate,United States,Asheville,North Carolina,28806.0,South,OFF-BI-10004465,Office Supplies,Binders,Avery Durable Slant Ring Binders,19.008,8.0,0.7,-12.672,Manual Upload,Approved,Check later
4356.0,CA-2015-155600,12/4/2015,12/7/2015,Second Class,RO-19780,Rose O'Brian,Consumer,United States,Clarksville,Tennessee,37042.0,South,OFF-BI-10000545,Office Supplies,Binders,GBC Ibimaster 500 Manual ProClick Binding System,1598.058,7.0,0.7,-1065.372,Manual Upload,Rejected,Duplicate?
4357.0,CA-2015-155600,12/4/2015,12/7/2015,Second Class,RO-19780,Rose O'Brian,Consumer,United States,Clarksville,Tennessee,37042.0,South,OFF-AR-10003752,Office Supplies,Art,Deluxe Chalkboard Eraser Cleaner,36.96,4.0,0.2,12.012,ERP,Pending,Check later
4358.0,CA-2017-162565,12/11/2017,12/11/2017,Same Day,RR-19315,Ralph Ritter,Consumer,United States,Aurora,Illinois,60505.0,Central,OFF-PA-10001937,Office Supplies,Paper,Xerox 21,10.368,2.0,0.2,3.6288,ERP,Rejected,Check later
4359.0,CA-2017-162565,12/11/2017,12/11/2017,Same Day,RR-19315,Ralph Ritter,Consumer,United States,Aurora,Illinois,60505.0,Central,FUR-FU-10004306,Furniture,Furnishings,Electrix Halogen Magnifier Lamp,77.72,1.0,0.6,-66.062,ERP,Pending,
4360.0,CA-2017-162565,12/11/2017,12/11/2017,Same Day,RR-19315,Ralph Ritter,Consumer,United States,Aurora,Illinois,60505.0,Central,FUR-CH-10003973,Furniture,Chairs,GuestStacker Chair with Chrome Finish Legs,520.464,2.0,0.3,-14.8704,Manual Upload,Pending,Urgent
4361.0,CA-2016-127642,5/21/2016,5/23/2016,First Class,CP-12340,Christine Phan,Corporate,United States,Warwick,Rhode Island,2886.0,East,OFF-PA-10000565,Office Supplies,Paper,Easy-staple paper,111.96,2.0,0.0,54.8604,ERP,Approved,Check later
4362.0,US-2017-163195,2/17/2017,2/21/2017,Second Class,LL-16840,Lauren Leatherbury,Consumer,United States,Lafayette,Louisiana,70506.0,South,TEC-PH-10003875,Technology,Phones,KLD Oscar II Style Snap-on Ultra Thin Side Flip Synthetic Leather Cover Case for HTC One HTC M7,29.16,3.0,0.0,8.4564,Manual Upload,Pending,Urgent
4363.0,CA-2017-111332,5/20/2017,5/22/2017,Second Class,NC-18340,Nat Carroll,Consumer,United States,Fargo,North Dakota,58103.0,Central,OFF-AR-10001953,Office Supplies,Art,Boston 1645 Deluxe Heavier-Duty Electric Pencil Sharpener,131.94,3.0,0.0,35.6238,CRM,Rejected,Duplicate?
4364.0,CA-2017-111332,5/20/2017,5/22/2017,Second Class,NC-18340,Nat Carroll,Consumer,United States,Fargo,North Dakota,58103.0,Central,OFF-AR-10001374,Office Supplies,Art,"BIC Brite Liner Highlighters, Chisel Tip",25.92,4.0,0.0,8.2944,Manual Upload,Pending,Duplicate?
4365.0,CA-2017-111332,5/20/2017,5/22/2017,Second Class,NC-18340,Nat Carroll,Consumer,United States,Fargo,North Dakota,58103.0,Central,OFF-ST-10003816,Office Supplies,Storage,Fellowes High-Stak Drawer Files,704.76,4.0,0.0,162.0948,CRM,Pending,
4366.0,CA-2017-111332,5/20/2017,5/22/2017,Second Class,NC-18340,Nat Carroll,Consumer,United States,Fargo,North Dakota,58103.0,Central,OFF-FA-10001843,Office Supplies,Fasteners,Staples,7.41,3.0,0.0,3.4827,ERP,Rejected,Urgent
4367.0,CA-2017-111332,5/20/2017,5/22/2017,Second Class,NC-18340,Nat Carroll,Consumer,United States,Fargo,North Dakota,58103.0,Central,OFF-AR-10000657,Office Supplies,Art,"Binney & Smith inkTank Desk Highlighter, Chisel Tip, Yellow, 12/Box",21.5,10.0,0.0,7.095,CRM,,
4368.0,CA-2017-117044,9/11/2017,9/13/2017,Second Class,HA-14920,Helen Andreada,Consumer,United States,Chicago,Illinois,60623.0,Central,OFF-FA-10000936,Office Supplies,Fasteners,Acco Hot Clips Clips to Go,10.528,4.0,0.2,3.29,Manual Upload,Rejected,Check later
4369.0,CA-2017-117044,9/11/2017,9/13/2017,Second Class,HA-14920,Helen Andreada,Consumer,United States,Chicago,Illinois,60623.0,Central,OFF-PA-10003657,Office Supplies,Paper,Xerox 1927,20.544,6.0,0.2,6.42,CRM,Approved,Check later
4370.0,US-2016-165078,11/5/2016,11/10/2016,Standard Class,MA-17995,Michelle Arnett,Home Office,United States,Lawrence,Indiana,46226.0,Central,OFF-BI-10001989,Office Supplies,Binders,Premium Transparent Presentation Covers by GBC,104.9,5.0,0.0,50.352,ERP,Approved,
4371.0,US-2016-165078,11/5/2016,11/10/2016,Standard Class,MA-17995,Michelle Arnett,Home Office,United States,Lawrence,Indiana,46226.0,Central,OFF-AR-10002987,Office Supplies,Art,Prismacolor Color Pencil Set,39.68,2.0,0.0,16.2688,ERP,,Check later
4372.0,US-2016-165078,11/5/2016,11/10/2016,Standard Class,MA-17995,Michelle Arnett,Home Office,United States,Lawrence,Indiana,46226.0,Central,OFF-LA-10000414,Office Supplies,Labels,Avery 503,51.75,5.0,0.0,24.84,ERP,Approved,
4373.0,US-2017-169320,7/23/2017,7/25/2017,Second Class,LH-16900,Lena Hernandez,Consumer,United States,Elkhart,Indiana,46514.0,Central,OFF-AR-10003602,Office Supplies,Art,"Quartet Omega Colored Chalk, 12/Pack",11.68,2.0,0.0,5.4896,ERP,,Check later
4374.0,US-2017-169320,7/23/2017,7/25/2017,Second Class,LH-16900,Lena Hernandez,Consumer,United States,Elkhart,Indiana,46514.0,Central,TEC-AC-10002550,Technology,Accessories,"Memorex 25GB 6X Branded Blu-Ray Recordable Disc, 30/Pack",159.75,5.0,0.0,11.1825,CRM,Rejected,
4375.0,CA-2016-158575,11/18/2016,11/24/2016,Standard Class,SB-20290,Sean Braxton,Corporate,United States,Kent,Ohio,44240.0,East,OFF-AP-10002998,Office Supplies,Appliances,Holmes 99% HEPA Air Purifier,103.968,6.0,0.2,16.8948,Manual Upload,Rejected,
4376.0,CA-2014-166954,4/25/2014,4/30/2014,Standard Class,BT-11305,Beth Thompson,Home Office,United States,San Gabriel,California,91776.0,West,FUR-FU-10003708,Furniture,Furnishings,"Tenex Traditional Chairmats for Medium Pile Carpet, Standard Lip, 36"" x 48""",303.25,5.0,0.0,63.6825,ERP,Pending,
4377.0,CA-2014-166954,4/25/2014,4/30/2014,Standard Class,BT-11305,Beth Thompson,Home Office,United States,San Gabriel,California,91776.0,West,OFF-AP-10001391,Office Supplies,Appliances,Kensington 6 Outlet MasterPiece HOMEOFFICE Power Control Center,270.72,3.0,0.0,78.5088,ERP,Approved,
4378.0,CA-2014-166954,4/25/2014,4/30/2014,Standard Class,BT-11305,Beth Thompson,Home Office,United States,San Gabriel,California,91776.0,West,FUR-CH-10003973,Furniture,Chairs,GuestStacker Chair with Chrome Finish Legs,1487.04,5.0,0.2,148.704,Manual Upload,,Duplicate?
4379.0,CA-2015-140830,11/30/2015,12/2/2015,Second Class,PS-18970,Paul Stevenson,Home Office,United States,Henderson,Kentucky,42420.0,South,OFF-EN-10000461,Office Supplies,Envelopes,"#10- 4 1/8"" x 9 1/2"" Recycled Envelopes",17.48,2.0,0.0,8.2156,CRM,,Urgent
4380.0,CA-2015-140830,11/30/2015,12/2/2015,Second Class,PS-18970,Paul Stevenson,Home Office,United States,Henderson,Kentucky,42420.0,South,OFF-EN-10002831,Office Supplies,Envelopes,"Tyvek  Top-Opening Peel & Seel  Envelopes, Gray",71.88,2.0,0.0,32.346,Legacy,Approved,
4381.0,CA-2015-152891,10/25/2015,10/30/2015,Standard Class,TB-21625,Trudy Brown,Consumer,United States,San Francisco,California,94110.0,West,OFF-AR-10004648,Office Supplies,Art,Boston 19500 Mighty Mite Electric Pencil Sharpener,60.45,3.0,0.0,16.3215,Legacy,Approved,
4382.0,CA-2015-152891,10/25/2015,Oct 30 2015,Standard Class,TB-21625,Trudy Brown,Consumer,United States,San Francisco,California,94110.0,West,FUR-TA-10001857,Furniture,Tables,Balt Solid Wood Rectangular Table,253.176,3.0,0.2,-31.647,ERP,Rejected,Urgent
4383.0,US-2015-122784,7/20/2015,7/27/2015,Standard Class,RA-19915,Russell Applegate,Consumer,United States,Highland Park,Illinois,60035.0,Central,OFF-BI-10000546,Office Supplies,Binders,Avery Durable Binders,2.88,5.0,0.8,-4.464,CRM,Pending,Duplicate?
4384.0,US-2015-122784,7/20/2015,7/27/2015,Standard Class,RA-19915,Russell Applegate,Consumer,United States,Highland Park,Illinois,60035.0,Central,FUR-BO-10004690,Furniture,Bookcases,O'Sullivan Cherrywood Estates Traditional Barrister Bookcase,384.944,4.0,0.3,-126.4816,CRM,Approved,Duplicate?
4385.0,US-2015-122784,7/20/2015,7/27/2015,Standard Class,RA-19915,Russell Applegate,Consumer,United States,Highland Park,Illinois,60035.0,Central,TEC-PH-10001557,Technology,Phones,Pyle PMP37LED,153.584,2.0,0.2,13.4386,Legacy,,
4386.0,US-2015-122784,7/20/2015,7/27/2015,Standard Class,RA-19915,Russell Applegate,Consumer ,United States,Highland Park,Illinois,60035.0,Central,FUR-BO-10002545,Furniture,Bookcases,"Atlantic Metals Mobile 3-Shelf Bookcases, Custom Colors",913.43,5.0,0.3,-52.196,CRM,Pending,Check later
4387.0,CA-2016-156811,10/27/2016,11/2/2016,Standard Class,BP-11095,Bart Pistole,CORP,United States,San Francisco,California,94122.0,West,OFF-AP-10001366,Office Supplies,Appliances,Staple holder,43.92,4.0,0.0,11.8584,ERP,,Check later
4388.0,CA-2016-156811,10/27/2016,11/2/2016,Standard Class,BP-11095,Bart Pistole,Corporate,United States,San Francisco,California,94122.0,West,OFF-BI-10001628,Office Supplies,Binders,"Acco Data Flex Cable Posts For Top & Bottom Load Binders, 6"" Capacity",25.032,3.0,0.2,7.8225,ERP,Rejected,Duplicate?
4389.0,CA-2017-111556,11/20/2017,11/22/2017,First Class,CD-11920,Carlos Daly,Consumer,United States,New York City,New York,10035.0,East,OFF-PA-10003651,Office Supplies,Paper,Xerox 1968,46.76,7.0,0.0,22.4448,ERP,Approved,Urgent
4390.0,CA-2017-111556,11/20/2017,11/22/2017,First Class,CD-11920,Carlos Daly,Consumer,United States,New York City,New York,10035.0,East,FUR-BO-10003159,Furniture,Bookcases,"Sauder Camden County Collection Libraries, Planked Cherry Finish",183.968,2.0,0.2,-25.2956,Legacy,Approved,
4391.0,CA-2017-111556,11/20/2017,11/22/2017,First Class,CD-11920,Carlos Daly,Consumer,United States,New York City,New York,10035.0,East,TEC-PH-10001459,Technology,Phones,Samsung Galaxy Mega 6.3,1259.97,3.0,0.0,327.5922,CRM,Rejected,
4392.0,CA-2017-111556,11/20/2017,11/22/2017,1st Class,CD-11920,Carlos Daly,Consumer,United States,New York City,New York,10035.0,East,OFF-AR-10004602,Office Supplies,Art,Boston KS Multi-Size Manual Pencil Sharpener,68.97,3.0,0.0,19.3116,ERP,,
4393.0,CA-2016-108868,9/8/2016,9/12/2016,standard class,KB-16585,Ken Black,Corporate,United States,Dallas,Texas,75081.0,Central,OFF-AR-10001953,Office Supplies,Art,Boston 1645 Deluxe Heavier-Duty Electric Pencil Sharpener,70.368,2.0,0.2,6.1572,CRM,Rejected,
4394.0,CA-2016-108868,9/8/2016,9/12/2016,Standard Class,KB-16585,Ken Black,Corporate,United States,Dallas,Texas,75081.0,Central,TEC-PH-10000923,Technology,Phones,"Belkin SportFit Armband For iPhone 5s/5c, Fuchsia",59.96,5.0,0.2,21.7355,Legacy,,Duplicate?
4395.0,CA-2014-142965,7/20/2014,7/20/2014,Same Day,SW-20245,Scot Wooten,Consumer,United States,Springfield,Ohio,45503.0,East,OFF-ST-10002583,Office Supplies,Storage,Fellowes Neat Ideas Storage Cubes,25.984,1.0,0.2,-5.1968,Manual Upload,Approved,Urgent
4396.0,CA-2014-142965,7/20/2014,7/20/2014,Same Day,SW-20245,Scot Wooten,Consumer,United States,Springfield,Ohio,45503.0,East,OFF-BI-10000977,Office Supplies,Binders,Ibico Plastic Spiral Binding Combs,27.36,3.0,0.7,-21.888,Manual Upload,Rejected,
4397.0,CA-2016-148740,11/15/2016,11/19/2016,Standard Class,AH-10690,Anna Häberlin,Corporate,United States,San Diego,California,92024.0,West,TEC-PH-10002549,Technology,Phones,Polycom SoundPoint IP 450 VoIP phone,361.376,2.0,0.2,27.1032,ERP,,Duplicate?
4398.0,US-2014-138758,7/7/2014,7/11/2014,Standard Class,JL-15835,John Lee,Consumer,United States,Philadelphia,Pennsylvania,19120.0,East,FUR-CH-10002880,Furniture,Chairs,"Global High-Back Leather Tilter, Burgundy",172.186,2.0,0.3,-46.7362,ERP,Pending,
4399.0,US-2014-138758,7/7/2014,7/11/2014,Standard Class,JL-15835,John Lee,Consumer,United States,Philadelphia,Pennsylvania,19120.0,East,FUR-FU-10003039,Furniture,Furnishings,"Howard Miller 11-1/2"" Diameter Grantwood Wall Clock",69.008,2.0,0.2,12.0764,ERP,Approved,Check later
4400.0,CA-2016-131737,3/17/2016,3/17/2016,Same Day,GZ-14470,Gary Zandusky,Consumer,United States,Columbia,Maryland,21044.0,East,OFF-EN-10003055,Office Supplies,Envelopes,"Blue String-Tie & Button Interoffice Envelopes, 10 x 13",199.9,5.0,0.0,89.955,Legacy,,Urgent
4401.0,CA-2016-131737,3/17/2016,3/17/2016,Same Day,GZ-14470,Gary Zandusky,Consumer,United States,Columbia,Maryland,21044.0,East,OFF-AP-10002945,Office Supplies,Appliances,Honeywell Enviracaire Portable HEPA Air Cleaner for 17' x 22' Room,901.95,3.0,0.0,297.6435,CRM,Rejected,
4402.0,CA-2016-131737,3/17/2016,3/17/2016,Same Day,GZ-14470,Gary Zandusky,Consumer,United States,Columbia,Maryland,21044.0,East,FUR-FU-10004306,Furniture,Furnishings,Electrix Halogen Magnifier Lamp,971.5,5.0,0.0,252.59,Legacy,Pending,Urgent
4403.0,CA-2016-114538,12/26/2016,12/27/2016,First Class,RC-19825,Roy Collins,Consumer,United States,Colorado Springs,Colorado,80906.0,West,OFF-AR-10002445,Office Supplies,Art,SANFORD Major Accent Highlighters,11.328,2.0,0.2,2.5488,ERP,Pending,Duplicate?
4404.0,CA-2014-127936,9/2/2014,9/4/2014,First Class,CL-12565,Clay Ludtke,Consumer,United States,New York City,New York,10009.0,East,OFF-AR-10002445,Office Supplies,Art,SANFORD Major Accent Highlighters,21.24,3.0,0.0,8.0712,Manual Upload,,Check later
4405.0,CA-2015-164336,7/5/2015,7/10/2015,Standard Class,MW-18220,Mitch Webber,Consumer,United States,Philadelphia,Pennsylvania,19140.0,East,TEC-AC-10002345,Technology,Accessories,HP Standard 104 key PS/2 Keyboard,34.8,3.0,0.2,2.175,ERP,Approved,
4406.0,CA-2015-164336,7/5/2015,7/10/2015,Standard Class,MW-18220,Mitch Webber,Consumer,United States,Philadelphia,Pennsylvania,19140.0,East,OFF-ST-10001558,Office Supplies,Storage,Acco Perma 4000 Stacking Storage Drawers,38.976,3.0,0.2,-2.436,Legacy,Rejected,Check later
4407.0,CA-2016-100041,11/20/2016,11/25/2016,Standard Class,BF-10975,Barbara Fisher,Corporate,United States,Columbus,Indiana,47201.0,Central,OFF-PA-10001622,Office Supplies,Paper,"Ampad Poly Cover Wirebound Steno Book, 6"" x 9"" Assorted Colors, Gregg Ruled",9.08,2.0,0.0,4.086,Manual Upload,Approved,
4408.0,CA-2016-100041,11/20/2016,11/25/2016,Standard Class,BF-10975,Barbara Fisher,Corporate,United States,Columbus,Indiana,47201.0,Central,OFF-PA-10000418,Office Supplies,Paper,Xerox 189,314.55,3.0,0.0,150.984,CRM,Pending,Check later
4409.0,CA-2016-100041,11/20/2016,11/25/2016,Standard Class,BF-10975,Barbara Fisher,Corporate,United States,Columbus,Indiana,47201.0,Central,OFF-BI-10000343,Office Supplies,Binders,"Pressboard Covers with Storage Hooks, 9 1/2"" x 11"", Light Blue",4.91,1.0,0.0,2.3077,Manual Upload,Rejected,
4410.0,US-2014-154879,5/6/2014,5/11/2014,Standard Class,SN-20710,Steve Nguyen,Home Office,United States,Los Angeles,California,90004.0,West,OFF-LA-10004425,Office Supplies,Labels,Staple-on labels,5.78,2.0,0.0,2.7166,CRM,,Urgent
4411.0,US-2014-154879,5/6/2014,5/11/2014,Standard Class,SN-20710,Steve Nguyen,Home Office,United States,Los Angeles,California,90004.0,West,OFF-AR-10001897,Office Supplies,Art,Model L Table or Wall-Mount Pencil Sharpener,107.94,6.0,0.0,30.2232,Manual Upload,,Duplicate?
4412.0,CA-2014-130624,6/21/2014,6/24/2014,1st Class,TB-21280,Toby Braunhardt,Consumer,United States,New York City,New York,UNKNOWN,East,OFF-PA-10003883,Office Supplies,Paper,"Message Book, Phone, Wirebound Standard Line Memo, 2 3/4"" X 5""",19.65,3.0,0.0,9.039,ERP,Pending,Check later
4413.0,CA-2014-130624,6/21/2014,6/24/2014,First Class,TB-21280,Toby Braunhardt,Consumer,United States,New York City,New York,10024.0,East,TEC-PH-10003963,Technology,Phones,GE 2-Jack Phone Line Splitter,617.97,3.0,0.0,160.6722,CRM,,Duplicate?
4414.0,CA-2014-130624,6/21/2014,6/24/2014,First Class,TB-21280,Toby Braunhardt,Consumer,United States,NYC,New York,10024.0,East,OFF-AP-10001303,Office Supplies,Appliances,"Holmes Cool Mist Humidifier for the Whole House with 8-Gallon Output per Day, Extended Life Filter",59.7,3.0,0.0,26.865,CRM,,Duplicate?
4415.0,CA-2017-132339,8/19/2017,8/23/2017,Standard Class,JB-15400,Jennifer Braxton,Corporate,United States,Lawrence,Massachusetts,1841.0,East,OFF-BI-10003925,Office Supplies,Binders,Fellowes PB300 Plastic Comb Binding Machine,387.99,1.0,0.0,182.3553,Manual Upload,Rejected,
4416.0,CA-2014-153983,11/29/2014,12/6/2014,Standard Class,AH-10210,Alan Hwang,Consumer,United States,San Francisco,California,94122.0,West,TEC-PH-10004586,Technology,Phones,Wilson SignalBoost 841262 DB PRO Amplifier Kit,575.92,2.0,0.2,71.99,Manual Upload,,Duplicate?
4417.0,CA-2014-153983,11/29/2014,12/6/2014,Standard Class,AH-10210,Alan Hwang,Consumer,United States,San Francisco,California,94122.0,West,OFF-FA-10003495,Office Supplies,Fasteners,Staples,30.4,5.0,0.0,15.2,Manual Upload,,Urgent
4418.0,CA-2017-112900,4/9/2017,4/12/2017,Second Class,KL-16645,Ken Lonsdale,Consumer,United States,Detroit,Michigan,48205.0,Central,OFF-BI-10002867,Office Supplies,Binders,GBC Recycled Regency Composition Covers,478.24,8.0,0.0,219.9904,Manual Upload,Approved,
4419.0,CA-2014-160157,12/20/2014,12/27/2014,Standard Class,MH-17455,Mark Hamilton,Consumer,United States,Hamilton,Ohio,45011.0,East,FUR-FU-10003773,Furniture,Furnishings,Eldon Cleatmat Plus Chair Mats for High Pile Carpets,190.848,3.0,0.2,-21.4704,Manual Upload,Approved,
4420.0,CA-2014-139633,12/17/2014,12/24/2014,Standard Class,EC-14050,Erin Creighton,Consumer,United States,Columbus,Ohio,43229.0,East,OFF-BI-10002954,Office Supplies,Binders,Newell 3-Hole Punched Plastic Slotted Magazine Holders for Binders,5.484,4.0,0.7,-4.0216,Manual Upload,Pending,Duplicate?
4421.0,CA-2015-163090,11/17/2015,11/21/2015,Second Class,GH-14665,Greg Hansen,Consumer,United States,Chicago,Illinois,60610.0,Central,OFF-SU-10002537,Office Supplies,Supplies,Acme Box Cutter Scissors,40.92,5.0,0.2,3.069,Manual Upload,Approved,
4422.0,CA-2014-117016,3/4/2014,3/9/2014,Standard Class,SC-20095,Sanjit Chand,Consumer,United States,Margate,Florida,,South,OFF-AR-10001374,Office Supplies,Art,"BIC Brite Liner Highlighters, Chisel Tip",15.552,3.0,0.2,2.3328,Legacy,Approved,
4423.0,CA-2017-159464,5/18/2017,5/19/2017,First Class,TB-21355,Todd Boyes,Corporate,United States,Sandy Springs,Georgia,30328.0,South,OFF-AP-10001492,Office Supplies,Appliances,"Acco Six-Outlet Power Strip, 4' Cord Length",17.24,2.0,0.0,4.4824,Legacy,,
4424.0,CA-2017-159464,5/18/2017,5/19/2017,First Class,TB-21355,Todd Boyes,Corporate,United States,Sandy Springs,Georgia,30328.0,South,FUR-BO-10003546,Furniture,Bookcases,Hon 4-Shelf Metal Bookcases,302.94,3.0,0.0,75.735,Legacy,Pending,Urgent
4425.0,CA-2017-159464,5/18/2017,19/05/2017,First Class,TB-21355,Todd Boyes,Corporate,United States,Sandy Springs,Georgia,30328.0,South,TEC-PH-10002185,Technology,Phones,QVS USB Car Charger 2-Port 2.1Amp for iPod/iPhone/iPad/iPad 2/iPad 3,34.75,5.0,0.0,15.6375,Legacy,,
4426.0,CA-2017-159464,5/18/2017,5/19/2017,First Class,TB-21355,Todd Boyes,Corporate,United States,Sandy Springs,Georgia,30328.0,South,OFF-BI-10000315,Office Supplies,Binders,Poly Designer Cover & Back,113.94,6.0,0.0,54.6912,ERP,,Check later
4427.0,CA-2017-159464,5/18/2017,5/19/2017,First Class,TB-21355,Todd Boyes,Corporate,United States,Sandy Springs,Georgia,30328.0,South,TEC-PH-10002350,Technology,Phones,Apple EarPods with Remote and Mic,55.98,2.0,0.0,15.6744,ERP,Rejected,
4428.0,US-2017-103226,9/22/2017,9/28/2017,Standard Class,DW-13195,David Wiener,Corporate,United States,Albuquerque,New Mexico,87105.0,West,OFF-PA-10002666,Office Supplies,Paper,Southworth 25% Cotton Linen-Finish Paper & Envelopes,27.18,3.0,0.0,12.231,CRM,Rejected,Check later
4429.0,CA-2017-119452,3/21/2017,3/27/2017,Standard Class,CL-12565,Clay Ludtke,Consumer,United States,Tulsa,Oklahoma,74133.0,Central,FUR-CH-10004495,Furniture,Chairs,"Global Leather and Oak Executive Chair, Black",1805.88,6.0,0.0,523.7052,ERP,Approved,Check later
4430.0,CA-2017-147725,9/14/2017,9/14/2017,Same Day,LT-17110,Liz Thompson,Consumer,United States,Orange,New Jersey,7050.0,EAST,OFF-AR-10001725,Office Supplies,Art,Boston Home & Office Model 2000 Electric Pencil Sharpeners,70.95,3.0,0.0,18.447,Legacy,Approved,Check later
4431.0,CA-2016-168893,11/3/2016,11/8/2016,Second Class,AP-10915,Arthur Prichep,Consumer,United States,Henderson,Kentucky,42420.0,South,OFF-FA-10002280,Office Supplies,Fasteners,Advantus Plastic Paper Clips,20.0,4.0,0.0,9.6,ERP,,Duplicate?
4432.0,CA-2016-168893,11/3/2016,11/8/2016,Second Class,AP-10915,Arthur Prichep,Consumer,United States,Henderson,Kentucky,42420.0,South,OFF-AR-10001770,Office Supplies,Art,Economy #2 Pencils,7.98,3.0,0.0,2.0748,CRM,Rejected,
4433.0,CA-2016-168893,11/3/2016,11/8/2016,Second Class,AP-10915,Arthur Prichep,Consumer,United States,Henderson,Kentucky,42420.0,South,FUR-FU-10002885,Furniture,Furnishings,Magna Visual Magnetic Picture Hangers,24.1,5.0,0.0,9.158,ERP,Approved,Check later
4434.0,CA-2016-168893,11/3/2016,11/8/2016,Second Class,AP-10915,Arthur Prichep,Consumer,United States,Henderson,Kentucky,42420.0,South,OFF-AR-10003772,Office Supplies,Art,Boston 16750 Black Compact Battery Pencil Sharpener,8.75,1.0,0.0,2.625,CRM,Pending,Check later
4435.0,CA-2016-168893,11/3/2016,11/8/2016,Second Class,AP-10915,Arthur Prichep,Consumer,United States,Henderson,Kentucky,42420.0,South,FUR-TA-10003392,Furniture,Tables,Global Adaptabilities Conference Tables,842.94,3.0,0.0,160.1586,CRM,Approved,Urgent
4436.0,CA-2016-163398,5/3/2016,5/8/2016,Standard Class,CB-12415,Christy Brittain,Consumer,United States,Chicago,Illinois,60653.0,Central,OFF-BI-10000014,Office Supplies,Binders,Heavy-Duty E-Z-D Binders,2.182,1.0,0.8,-3.6003,CRM,,
4437.0,CA-2016-163398,5/3/2016,5/8/2016,Standard Class,CB-12415,Christy Brittain,Consumer,United States,Chicago,Illinois,60653.0,Central,OFF-AR-10003217,Office Supplies,Art,Newell 316,27.384,7.0,0.2,2.7384,CRM,,
4438.0,CA-2016-163398,5/3/2016,5/8/2016,Standard Class,CB-12415,Christy Brittain,Consumer,United States,Chicago,Illinois,60653.0,Central,OFF-AP-10002403,Office Supplies,Appliances,Acco Smartsocket Color-Coded Six-Outlet AC Adapter Model Surge Protectors,26.406,3.0,0.8,-71.2962,Manual Upload,Rejected,Urgent
4439.0,CA-2016-162726,12/27/2016,1/2/2017,Standard Class,MT-17815,Meg Tillman,Consumer,United States,Port Arthur,Texas,77642.0,Central,OFF-PA-10001972,Office Supplies,Paper,Xerox 214,10.368,2.0,0.2,3.6288,CRM,Approved,Duplicate?
4440.0,CA-2016-162726,12/27/2016,1/2/2017,Standard Class,MT-17815,Meg Tillman,Consumer,United States,Port Arthur,Texas,77642.0,Central,OFF-PA-10004041,Office Supplies,Paper,"It's Hot Message Books with Stickers, 2 3/4"" x 5""",23.68,4.0,0.2,7.4,ERP,,Check later
4441.0,US-2016-111290,22-07-2016,7/26/2016,Standard Class,DK-13375,Dennis Kane,Consumer,United States,Westland,Michigan,48185.0,Central,TEC-AC-10004975,Technology,Accessories,Plantronics Audio 995 Wireless Stereo Headset,109.95,1.0,0.0,36.2835,Legacy,Approved,Urgent
4442.0,US-2016-111290,7/22/2016,7/26/2016,Standard Class,DK-13375,Dennis Kane,Consumer,United States,Westland,Michigan,48185.0,Central,OFF-ST-10001932,Office Supplies,Storage,Fellowes Staxonsteel Drawer Files,965.85,5.0,0.0,135.219,ERP,Pending,Check later
4443.0,US-2016-111290,7/22/2016,7/26/2016,Standard Class,DK-13375,Dennis Kane,Consumer,United States,Westland,Michigan,48185.0,Central,OFF-AR-10001761,Office Supplies,Art,Avery Hi-Liter Smear-Safe Highlighters,29.2,5.0,0.0,10.512,CRM,Pending,Duplicate?
4444.0,US-2016-111290,7/22/2016,7/26/2016,Standard Class,DK-13375,Dennis Kane,Consumer,United States,Westland,Michigan,48185.0,Central,OFF-PA-10002262,Office Supplies,Paper,Xerox 192,32.4,5.0,0.0,15.552,Legacy,,Check later
4445.0,US-2014-147704,11/16/2014,11/21/2014,Standard Class,SR-20740,Steven Roelle,Home Office,United States,Bloomington,Indiana,47401.0,Central,OFF-EN-10004483,Office Supplies,Envelopes,"#10 White Business Envelopes,4 1/8 x 9 1/2",78.35,5.0,0.0,36.8245,CRM,Rejected,
4446.0,US-2014-147704,11/16/2014,11/21/2014,Standard Class,SR-20740,Steven Roelle,Home Office,United States,Bloomington,Indiana,47401.0,Central,OFF-PA-10003270,Office Supplies,Paper,Xerox 1954,31.68,6.0,0.0,14.256,ERP,,
4447.0,US-2014-147704,11/16/2014,11/21/2014,Standard Class,SR-20740,Steven Roelle,Home Office,United States,Bloomington,Indiana,47401.0,Central,OFF-BI-10001634,Office Supplies,Binders,Wilson Jones Active Use Binders,29.12,4.0,0.0,14.2688,Manual Upload,Approved,Duplicate?
4448.0,US-2014-147704,11/16/2014,11/21/2014,Standard Class,SR-20740,Steven Roelle,Home Office,United States,Bloomington,Indiana,47401.0,Central,OFF-ST-10000675,Office Supplies,Storage,"File Shuttle II and Handi-File, Black",169.45,5.0,0.0,42.3625,Manual Upload,Pending,
4449.0,CA-2015-121965,6/19/2015,6/23/2015,Standard Class,LH-17155,Logan Haushalter,Consumer,United States,Los Angeles,California,90032.0,West,FUR-FU-10000732,Furniture,Furnishings,Eldon 200 Class Desk Accessories,12.56,2.0,0.0,4.0192,ERP,Approved,Urgent
4450.0,CA-2015-121965,6/19/2015,6/23/2015,Standard Class,LH-17155,Logan Haushalter,Consumer,United States,Los Angeles,California,90032.0,West,OFF-PA-10004355,Office Supplies,Paper,Xerox 231,6.48,1.0,0.0,3.1104,Manual Upload,Rejected,Urgent
4451.0,CA-2015-121965,6/19/2015,6/23/2015,Standard Class,LH-17155,Logan Haushalter,Consumer,United States,Los Angeles,California,90032.0,West,OFF-EN-10000056,Office Supplies,Envelopes,Cameo Buff Policy Envelopes,186.69,3.0,2.0,87.7443,Legacy,Pending,Check later
4452.0,CA-2016-147137,7/4/2016,7/6/2016,First Class,AA-10645,Anna Andreadi,Consumer,United States,San Francisco,California,94109.0,West,FUR-FU-10000221,Furniture,Furnishings,"Master Caster Door Stop, Brown",25.4,5.0,0.0,8.636,Manual Upload,Approved,Check later
4453.0,CA-2016-147137,7/4/2016,7/6/2016,First Class,AA-10645,Anna Andreadi,Consumer,United States,San Francisco,California,94109.0,West,OFF-EN-10003567,Office Supplies,Envelopes,"Inter-Office Recycled Envelopes, Brown Kraft, Button-String,10"" x 13"" , 100/Box",43.96,2.0,0.0,20.6612,Manual Upload,Pending,Duplicate?
4454.0,CA-2016-147137,7/4/2016,7/6/2016,First Class,AA-10645,Anna Andreadi,Consumer,United States,San Francisco,California,94109.0,West,FUR-BO-10001811,Furniture,Bookcases,"Atlantic Metals Mobile 5-Shelf Bookcases, Custom Colors",1279.165,5.0,0.15,225.735,Legacy,Pending,
4455.0,CA-2016-147137,7/4/2016,7/6/2016,First Class,AA-10645,Anna Andreadi,Consumer,United States,San Francisco,California,94109.0,West,OFF-ST-10002486,Office Supplies,Storage,Eldon Shelf Savers Cubes and Bins,27.92,4.0,0.0,0.5584,ERP,Approved,
4456.0,US-2015-146745,9/3/2015,9/8/2015,Standard Class,AS-10630,Ann Steele,Home Office,United States,San Francisco,California,94110.0,West,FUR-CH-10002372,Furniture,Chairs,Office Star - Ergonomically Designed Knee Chair,129.568,2.0,0.2,-12.9568,CRM,Pending,Urgent
4457.0,US-2015-146745,9/3/2015,9/8/2015,Standard Class,AS-10630,Ann Steele,Home Office,United States,San Francisco,California,94110.0,West,OFF-BI-10003274,Office Supplies,Binders,"Avery Durable Slant Ring Binders, No Labels",6.368,2.0,0.2,2.1492,ERP,Rejected,Check later
4458.0,CA-2017-115175,8/7/2017,8/12/2017,Standard Class,MC-17575,Matt Collins,Consumer,United States,San Jose,California,95123.0,West,OFF-PA-10001878,Office Supplies,Paper,Xerox 1891,244.55,5.0,0.0,114.9385,CRM,Rejected,Urgent
4459.0,CA-2017-105851,3/13/2017,3/20/2017,Standard Class,SE-20110,Sanjit Engle,Consumer,United States,Denver,Colorado,80219.0,West,OFF-SU-10002881,Office Supplies,Supplies,Martin Yale Chadless Opener Electric Letter Opener,1332.496,2.0,0.2,-299.8116,ERP,Rejected,Check later
4460.0,US-2017-125717,9/28/2017,10/1/2017,First Class,DS-13030,Darrin Sayre,Home Office,United States,Aurora,Colorado,80013.0,West,FUR-FU-10001979,Furniture,Furnishings,Dana Halogen Swing-Arm Architect Lamp,32.776,1.0,0.2,3.2776,ERP,,Duplicate?
4461.0,US-2017-125717,9/28/2017,10/1/2017,First Class,DS-13030,Darrin Sayre,Home Office,United States,Aurora,Colorado,80013.0,West,OFF-ST-10001522,Office Supplies,Storage,"Gould Plastics 18-Pocket Panel Bin, 34w x 5-1/4d x 20-1/2h",147.184,2.0,0.2,-29.4368,Legacy,,Check later
4462.0,US-2017-125717,9/28/2017,10/1/2017,First Class,DS-13030,Darrin Sayre,Home Office,United States,Aurora,Colorado,80013.0,West,TEC-AC-10003657,technology,Accessories,Lenovo 17-Key USB Numeric Keypad,54.384,2.0,0.2,1.3596,Manual Upload,Pending,Duplicate?
4463.0,US-2017-125717,9/28/2017,10/1/2017,First Class,DS-13030,Darrin Sayre,Home Office,United States,Aurora,Colorado,80013.0,West,OFF-BI-10001718,Office Supplies,Binders,GBC DocuBind P50 Personal Binding Machine,76.776,4.0,0.7,-58.8616,CRM,Rejected,Duplicate?
4464.0,US-2017-125717,9/28/2017,10/1/2017,First Class,DS-13030,Darrin Sayre,Home Office,United States,Aurora,Colorado,80013.0,West,OFF-PA-10003022,OfficeSupply,Paper,Xerox 1992,14.352,3.0,0.2,5.2026,Legacy,,
4465.0,US-2017-125717,9/28/2017,10/1/2017,First Class,DS-13030,Darrin Sayre,Home Office,United States,Aurora,Colorado,80013.0,West,OFF-AP-10000891,Office Supplies,Appliances,Kensington 7 Outlet MasterPiece HOMEOFFICE Power Control Center,209.792,2.0,0.2,26.224,Legacy,Pending,Check later
4466.0,CA-2015-163895,8/7/2015,8/11/2015,Standard Class,NS-18640,Noel Staavos,Corporate,United States,Boise,Idaho,83704.0,West,OFF-BI-10004970,Office Supplies,Binders,"ACCOHIDE 3-Ring Binder, Blue, 1""",3.304,1.0,0.2,1.1151,Manual Upload,Approved,
4467.0,CA-2017-168641,11/24/2017,12/1/2017,Standard Class,KA-16525,Kelly Andreada,Consumer,United States,New York City,New York,10035.0,East,OFF-AR-10003759,Office Supplies,Art,"Crayola Anti Dust Chalk, 12/Pack",16.38,9.0,0.0,7.371,CRM,Approved,
4468.0,CA-2017-168641,11/24/2017,12/1/2017,Standard Class,KA-16525,Kelly Andreada,Consumer,United States,New York City,New York,10035.0,East,OFF-EN-10003001,Office Supplies,Envelopes,Ames Color-File Green Diamond Border X-ray Mailers,167.96,2.0,0.0,78.9412,Legacy,Pending,Check later
4469.0,CA-2017-168641,11/24/2017,12/1/2017,Standard Class,KA-16525,Kelly Andreada,Consumer,United States,New york city,New York,10035.0,East,FUR-BO-10000780,Furniture,Bookcases,O'Sullivan Plantations 2-Door Library in Landvery Oak,321.568,2.0,0.2,-16.0784,Legacy,,Check later
4470.0,CA-2017-168641,11/24/2017,12/1/2017,Standard Class,KA-16525,Kelly Andreada,Consumer,United States,New York City,New York,ABCDE,East,OFF-PA-10001972,Office Supplies,Paper,Xerox 214,12.96,2.0,0.0,6.2208,CRM,Rejected,
4471.0,CA-2017-156895,5/8/2017,5/12/2017,Standard Class,DJ-13510,Don Jones,Corporate,United States,Philadelphia,Pennsylvania,19140.0,East,FUR-CH-10003535,Furniture,Chairs,"Global Armless Task Chair, Royal Blue",128.058,3.0,0.3,-23.7822,CRM,Rejected,
4472.0,CA-2017-121300,9/29/2017,9/29/2017,Same Day,MG-17680,Maureen Gastineau,Home Office,United States,Mentor,Ohio,44060.0,East,FUR-CH-10003774,Furniture,Chairs,"Global Wood Trimmed Manager's Task Chair, Khaki",63.686,1.0,0.3,-15.4666,CRM,Approved,Check later
4473.0,CA-2017-121300,9/29/2017,9/29/2017,Same Day,MG-17680,Maureen Gastineau,Home Office,United States,Mentor,Ohio,44060.0,East,TEC-AC-10004571,Technology,Accessories,Logitech G700s Rechargeable Gaming Mouse,239.976,3.0,0.2,65.9934,Manual Upload,Approved,Urgent
4474.0,CA-2017-121300,9/29/2017,9/29/2017,Same Day,MG-17680,Maureen Gastineau,Home Office,United States,Mentor,Ohio,44060.0,East,FUR-TA-10004442,Furniture,Tables,Riverside Furniture Stanwyck Manor Table Series,344.22,2.0,0.4,-189.321,CRM,Pending,Duplicate?
4475.0,CA-2017-121300,9/29/2017,9/29/2017,Same Day,MG-17680,Maureen Gastineau,HOME OFFICE,United States,Mentor,Ohio,44060.0,East,OFF-PA-10002787,Office Supplies,Paper,Xerox 227,15.552,3.0,0.2,5.4432,Manual Upload,,Urgent
4476.0,CA-2017-121300,9/29/2017,9/29/2017,Same Day,MG-17680,Maureen Gastineau,Home Office,United States,Mentor,Ohio,44060.0,East,FUR-FU-10004586,Furniture,Furnishings,G.E. Longer-Life Indoor Recessed Floodlight Bulbs,21.248,4.0,0.2,7.4368,CRM,Pending,
4477.0,CA-2017-121300,9/29/2017,9/29/2017,Same Day,MG-17680,Maureen Gastineau,Home Office,United States,Mentor,Ohio,44060.0,East,OFF-PA-10002606,Office Supplies,Paper,Xerox 1928,8.448,2.0,0.2,2.64,Legacy,Approved,
4478.0,CA-2017-130211,10/22/2017,10/22/2017,Same Day,BD-11620,Brian DeCherney,Consumer,United States,Lawton,Oklahoma,73505.0,Central,OFF-ST-10000129,Office Supplies,Storage,Fellowes Recycled Storage Drawers,333.09,3.0,0.0,23.3163,Legacy,Approved,
4479.0,CA-2017-130211,10/22/2017,10/22/2017,Same Day,BD-11620,Brian DeCherney,Consumer,United States,Lawton,Oklahoma,73505.0,Central,FUR-TA-10003748,Furniture,Tables,Bevis 36 x 72 Conference Tables,248.98,2.0,0.0,54.7756,CRM,Pending,
4480.0,CA-2014-147235,3/24/2014,3/28/2014,Standard Class,CD-11920,Carlos Daly,Consumer,United States,New York City,New York,10024.0,East,OFF-PA-10004948,Office Supplies,Paper,Xerox 190,24.9,5.0,0.0,11.703,Legacy,Rejected,Check later
4481.0,CA-2016-109365,11/3/2016,11/8/2016,Standard Class,XP-21865,Xylona Preis,Consumer,United States,Los Angeles,California,90049.0,West,OFF-FA-10001561,Office Supplies,Fasteners,Stockwell Push Pins,15.26,7.0,0.0,5.0358,Manual Upload,,Check later
4482.0,CA-2016-109365,11/3/2016,11/8/2016,Standard Class,XP-21865,Xylona Preis,Consumer,United States,Los Angeles,California,90049.0,West,OFF-AP-10002998,Office Supplies,Appliances,Holmes 99% HEPA Air Purifier,43.32,2.0,0.0,14.2956,ERP,Pending,Check later
4483.0,CA-2016-109365,11/3/2016,11/8/2016,Standard Class,XP-21865,Xylona Preis,Consumer,United States,Los Angeles,California,90049.0,West,OFF-BI-10003981,Office Supplies,Binders,"Avery Durable Plastic 1"" Binders",43.584,12.0,0.2,15.7992,CRM,,Check later
4484.0,CA-2016-109365,11/3/2016,11/8/2016,Standard Class,XP-21865,Xylona Preis,Consumer,United States,Los Angeles,California,90049.0,West,OFF-PA-10001725,Office Supplies,Paper,Xerox 1892,116.28,3.0,0.0,56.9772,CRM,,Urgent
4485.0,CA-2016-109365,11/3/2016,11/8/2016,Standard Class,XP-21865,Xylona Preis,Consumer,United States,Los Angeles,California,90049.0,West,OFF-BI-10002071,Office Supplies,Binders,Fellowes Black Plastic Comb Bindings,9.296,2.0,0.2,3.0212,CRM,,Duplicate?
4486.0,CA-2016-109365,11/3/2016,11/8/2016,Std Class,XP-21865,Xylona Preis,Consumer,United States,L.A.,California,90049.0,West,OFF-PA-10000477,Office Supplies,Paper,Xerox 22,19.44,3.0,0.0,9.3312,Manual Upload,Pending,
4487.0,CA-2016-109365,11/3/2016,11/8/2016,standard class,XP-21865,Xylona Preis,Consumer,United States,Los Angeles,California,90049.0,West,OFF-PA-10004359,Office Supplies,Paper,Multicolor Computer Printout Paper,314.55,3.0,0.0,150.984,CRM,,Urgent
4488.0,CA-2015-162621,9/5/2015,9/11/2015,Standard Class,CA-12055,Cathy Armstrong,Home Office,United States,Houston,Texas,77036.0,Central,OFF-BI-10000962,Office Supplies,Binders,"Acco Flexible ACCOHIDE Square Ring Data Binder, Dark Blue, 11 1/2"" X 14"" 7/8""",16.27,5.0,0.8,-25.2185,Manual Upload,,Urgent
4489.0,CA-2015-162621,9/5/2015,9/11/2015,Standard Class,CA-12055,Cathy Armstrong,Home Office,United States,Houston,Texas,77036.0,Central,OFF-SU-10003567,Office Supplies,Supplies,Stiletto Hand Letter Openers,69.12,9.0,0.2,-14.688,Legacy,Approved,Check later
4490.0,CA-2015-162621,9/5/2015,9/11/2015,Standard Class,CA-12055,Cathy Armstrong,Home Office,United States,Houston,Texas,77036.0,Central,OFF-BI-10003708,office_supplies,Binders,"Acco Four Pocket Poly Ring Binder with Label Holder, Smoke, 1""",4.47,3.0,0.8,-7.8225,Manual Upload,,Urgent
4491.0,CA-2017-105921,8/14/2017,8/21/2017,Standard Class,JM-15250,Janet Martin,Consumer,United States,Los Angeles,Cali,90032.0,West,FUR-TA-10001095,Furniture,Tables,Chromcraft Round Conference Tables,418.296,3.0,0.2,5.2287,CRM,Approved,Duplicate?
4492.0,CA-2014-150798,12/1/2014,12/3/2014,Second Class,JK-15730,Joe Kamberova,Consumer,United States,Columbus,Ohio,43229.0,East,TEC-CO-10001571,Technology,Copiers,Sharp 1540cs Digital Laser Copier,659.988,2.0,0.4,109.998,Legacy,,
4493.0,CA-2014-150798,12/1/2014,12/3/2014,Second Class,JK-15730,Joe Kamberova,Consumer,United States,Columbus,Ohio,43229.0,East,FUR-FU-10000221,Furniture,Furnishings,"Master Caster Door Stop, Brown",8.128,2.0,0.2,1.4224,CRM,Rejected,
4494.0,CA-2014-150798,12/1/2014,12/3/2014,Second Class,JK-15730,Joe Kamberova,Consumer,United States,Columbus,Ohio,43229.0,East,OFF-PA-10001972,Office Supplies,Paper,Xerox 214,36.288,7.0,0.2,12.7008,Manual Upload,Rejected,Urgent
4495.0,CA-2014-150798,12/1/2014,12/3/2014,Second Class,JK-15730,Joe Kamberova,Consumer,United States,Columbus,Ohio,43229.0,East,FUR-CH-10000015,Furniture,Chairs,Hon Multipurpose Stacking Arm Chairs,909.72,6.0,0.3,-51.984,Manual Upload,Rejected,
4496.0,CA-2017-112753,6/18/2017,6/23/2017,Standard Class,CC-12670,Craig Carreira,Consumer,United States,Los Angeles,California,90032.0,West,FUR-BO-10004015,Furniture,Bookcases,"Bush Andora Bookcase, Maple/Graphite Gray Finish",917.9235,9.0,0.15,75.5937,CRM,Pending,
4497.0,CA-2017-112753,6/18/2017,6/23/2017,Standard Class,CC-12670,Craig Carreira,Consumer,United States,Los Angeles,California,90032.0,West,OFF-PA-10002036,Office Supplies,Paper,Xerox 1930,38.88,6.0,0.0,19.0512,CRM,Pending,
4498.0,CA-2017-155075,12/2/2017,12/9/2017,Standard Class,GW-14605,Giulietta Weimer,Consumer,United States,Philadelphia,Pennsylvania,19140.0,East,OFF-BI-10003650,Office Supplies,Binders,GBC DocuBind 300 Electric Binding Machine,631.176,4.0,0.7,-462.8624,Legacy,Pending,Urgent
4499.0,CA-2014-103401,11/21/2014,11/26/2014,Standard Class,GR-14560,Georgia Rosenberg,Corporate,United States,San Francisco,California,94110.0,West,OFF-PA-10003309,Office Supplies,Paper,Xerox 211,12.96,2.0,0.0,6.2208,CRM,Pending,
4500.0,CA-2016-124814,4/10/2016,4/16/2016,Standard Class,FM-14215,Filia McAdams,Corporate,United States,Bakersfield,California,93309.0,West,OFF-PA-10002787,Office Supplies,Paper,Xerox 227,12.96,2.0,0.0,6.2208,Legacy,Approved,Urgent
4501.0,CA-2016-124814,4/10/2016,4/16/2016,Standard Class,FM-14215,Filia McAdams,Corporate,United States,Bakersfield,California,93309.0,West,OFF-BI-10000174,Office Supplies,Binders,"Wilson Jones Clip & Carry Folder Binder Tool for Ring Binders, Clear",23.2,5.0,0.2,8.12,Manual Upload,Approved,Duplicate?
4502.0,CA-2014-116757,6/30/2014,7/4/2014,Standard Class,MS-17980,Michael Stewart,Corporate ,United States,Houston,Texas,77095.0,Central,OFF-PA-10002005,Office Supplies,Paper,Xerox 225,25.92,5.0,0.2,9.072,Manual Upload,Approved,
4503.0,CA-2014-116757,6/30/2014,7/4/2014,Standard Class,MS-17980,Michael Stewart,Corporate,United States,Houston,Texas,77095.0,Central,OFF-FA-10002815,Office Supplies,Fasteners,Staples,21.312,6.0,0.2,7.1928,Manual Upload,,
4504.0,US-2014-138247,12/24/2014,12/29/2014,Standard Class,BF-11170,Ben Ferrer,Home Office,United States,Los Angeles,Calif.,90045.0,West,TEC-PH-10000213,Technology,Phones,Seidio BD2-HK3IPH5-BK DILEX Case and Holster Combo for Apple iPhone 5/5s - Black,173.656,7.0,0.2,17.3656,Legacy,,Check later
4505.0,US-2014-138247,12/24/2014,12/29/2014,Standard Class,BF-11170,Ben Ferrer,Home Office,United States,Los Angeles,California,90045.0,West,OFF-AP-10000828,Office Supplies,Appliances,Avanti 4.4 Cu. Ft. Refrigerator,361.96,2.0,0.0,101.3488,ERP,Rejected,
4506.0,US-2014-138247,12/24/2014,12/29/2014,Standard Class,BF-11170,Ben Ferrer,Home Office,United States,Los Angeles,California,90045.0,West,TEC-AC-10004708,Technology,Accessories,Sony 32GB Class 10 Micro SDHC R40 Memory Card,62.85,3.0,0.0,13.1985,Manual Upload,Rejected,
4507.0,US-2014-138247,12/24/2014,12/29/2014,Standard Class,BF-11170,Ben Ferrer,Home Office,United States,Los Angeles,Cali,90045.0,West,TEC-PH-10001530,Technology,Phones,Cisco Unified IP Phone 7945G VoIP phone,818.376,3.0,0.2,51.1485,ERP,,
4508.0,US-2014-138247,12/24/2014,12/29/2014,Standard Class,BF-11170,Ben Ferrer,Home Office,United States,Los Angeles,California,90045.0,West,OFF-ST-10002301,Office Supplies,Storage,Tennsco Commercial Shelving,20.34,1.0,0.0,0.2034,Manual Upload,,Urgent
4509.0,US-2014-138247,12/24/2014,12/29/2014,Standard Class,BF-11170,Ben Ferrer,Home Office,United States,Los Angeles,California,90045.0,West,FUR-FU-10002554,Furniture,Furnishings,"Westinghouse Floor Lamp with Metal Mesh Shade, Black",23.99,1.0,0.0,5.5177,ERP,Approved,Urgent
4510.0,CA-2017-167003,5/23/2017,5/29/2017,Standard Class,VS-21820,Vivek Sundaresam,Consumer,United States,Los Angeles,California,90036.0,West,FUR-TA-10001520,Furniture,Tables,"Lesro Sheffield Collection Coffee Table, End Table, Center Table, Corner Table",171.288,3.0,0.2,-6.4233,ERP,Approved,Check later
4511.0,CA-2016-119935,11/10/2016,11/14/2016,Standard Class,KM-16225,Kalyca Meade,Corporate,United States,Springfield,Missouri,65807.0,Central,FUR-FU-10001085,Furniture,Furnishings,3M Polarizing Light Filter Sleeves,37.3,2.0,0.0,17.158,Legacy,,Duplicate?
4512.0,CA-2016-119935,11/10/2016,11/14/2016,Standard Class,KM-16225,Kalyca Meade,Corporate,United States,Springfield,Missouri,65807.0,Central,OFF-BI-10001597,Office Supplies,Binders,"Wilson Jones Ledger-Size, Piano-Hinge Binder, 2"", Blue",81.96,2.0,0.0,39.3408,ERP,Approved,
4513.0,CA-2016-118969,10/2/2016,10/3/2016,First Class,LP-17095,Liz Preis,Consumer,United States,Phoenix,Arizona,85023.0,West,OFF-BI-10002429,Office Supplies,Binders,"Premier Elliptical Ring Binder, Black",54.792,6.0,0.7,-40.1808,Legacy,,Check later
4514.0,CA-2016-145240,9/6/2016,9/8/2016,First Class,BG-11740,Bruce Geld,Consumer,United States,Houston,Texas,77070.0,Central,OFF-ST-10001590,Office Supplies,Storage,"Tenex Personal Project File with Scoop Front Design, Black",10.784,1.0,0.2,0.8088,ERP,,
4515.0,CA-2016-120873,10/27/2016,11/1/2016,Second Class,BW-11200,Ben Wallace,Consumer,United States,Hampton,Virginia,23666.0,South,FUR-CH-10000847,Furniture,Chairs,Global Executive Mid-Back Manager's Chair,290.98,0.0,0.0,75.6548,CRM,Approved,Urgent
4516.0,US-2017-111920,10/22/2017,10/26/2017,Standard Class,PS-18970,Paul Stevenson,Home Office,United States,Tulsa,Oklahoma,74133.0,Central,OFF-AR-10003179,Office Supplies,Art,Dixon Ticonderoga Core-Lock Colored Pencils,36.44,4.0,0.0,12.0252,CRM,,Urgent
4517.0,US-2016-128678,9/15/2016,9/20/2016,Standard Class,RB-19570,Rob Beeghly,Consumer,United States,Seattle,Washington,98105.0,West,OFF-PA-10000807,Office Supplies,Paper,"TOPS ""Important Message"" Pads, Canary, 4-1/4 x 5-1/2, 50 Sheets per Pad",21.4,5.0,0.0,10.058,ERP,Pending,
4518.0,US-2016-128678,9/15/2016,9/20/2016,Standard Class,RB-19570,Rob Beeghly,Consumer,United States,Seattle,Washington,98105.0,West,OFF-BI-10002103,Office Supplies,Binders,"Cardinal Slant-D Ring Binder, Heavy Gauge Vinyl",48.664,7.0,0.2,15.8158,Manual Upload,Approved,
4519.0,CA-2016-101385,9/25/2016,10/1/2016,Standard Class,JW-16075,Julia West,Consumer,United States,San Francisco,California,94109.0,West,OFF-AR-10004441,Office Supplies,Art,BIC Brite Liner Highlighters,16.56,4.0,0.0,6.9552,ERP,Approved,
4520.0,CA-2017-107167,6/10/2017,6/14/2017,Standard Class,ND-18460,Neil Ducich,Corporate,United States,Jacksonville,Florida,32216.0,South,OFF-ST-10003805,Office Supplies,Storage,"24 Capacity Maxi Data Binder Racks, Pearl",1347.52,8.0,0.2,84.22,CRM,,Duplicate?
4521.0,CA-2014-109491,02/20/2014,2/26/2014,Standard Class,LC-16930,Linda Cazamias,Corporate,United States,Richmond,Indiana,47374.0,Central,TEC-AC-10001284,Technology,Accessories,Enermax Briskie RF Wireless Keyboard and Mouse Combo,62.31,3.0,0.0,22.4316,ERP,Approved,Check later
4522.0,CA-2014-109491,2/20/2014,2/26/2014,Standard Class,LC-16930,Linda Cazamias,Corporate,United States,Richmond,Indiana,47374.0,Central,FUR-FU-10000221,Furniture,Furnishings,"Master Caster Door Stop, Brown",20.32,4.0,0.0,6.9088,Manual Upload,Pending,Urgent
4523.0,CA-2017-105445,2/20/2017,2/25/2017,Second Class,BP-11095,Bart Pistole,Corporate,United States,Louisville,Colorado,80027.0,West,OFF-FA-10001229,Office Supplies,Fasteners,Staples,9.432,3.0,0.2,3.0654,Manual Upload,Pending,Check later
4524.0,CA-2014-107454,11/2/2014,11/6/2014,Standard Class,RD-19720,Roger Demir,Consumer,United States,New York City,New York,10024.0,East,OFF-LA-10001569,Office Supplies,Labels,Avery 499,34.86,7.0,0.0,50000.0,Manual Upload,Approved,Check later
4525.0,CA-2014-107454,11/2/2014,11/6/2014,Standard Class,RD-19720,Roger Demir,Consumer,United States,New York City,New York,ABCDE,East,FUR-FU-10004018,Furniture,Furnishings,Tensor Computer Mounted Lamp,89.34,6.0,0.0,24.1218,Legacy,Approved,Urgent
4526.0,US-2017-105046,7/17/2017,7/23/2017,Standard Class,BE-11335,Bill Eplett,Home Office,United States,Rome,New York,13440.0,East,TEC-PH-10004536,Technology,Phones,Avaya 5420 Digital phone,269.98,2.0,0.0,67.495,Manual Upload,Pending,Duplicate?
4527.0,US-2017-105046,7/17/2017,7/23/2017,Standard Class,BE-11335,Bill Eplett,Home Office,United States,Rome,New York,13440.0,East,OFF-PA-10004353,Office Supplies,Paper,Southworth 25% Cotton Premium Laser Paper and Envelopes,99.9,0.0,0.0,47.952,Manual Upload,,Check later
4528.0,US-2017-105046,7/17/2017,7/23/2017,Standard Class,BE-11335,Bill Eplett,Home Office,United States,Rome,New York,13440.0,East,FUR-FU-10004848,Furniture,Furnishings,DAX Solid Wood Frames,39.08,4.0,0.0,14.4596,CRM,,Check later
4529.0,CA-2017-152856,9/8/2017,9/10/2017,Second Class,RS-19765,Roland Schwarz,Corporate,United States,Marion,Ohio,43302.0,East,TEC-AC-10004864,Technology,Accessories,Memorex Micro Travel Drive 32 GB,116.832,4.0,0.2,33.5892,ERP,Approved,
4530.0,CA-2016-134691,11/14/2016,11/18/2016,Standard Class,KC-16540,Kelly Collister,Consumer,United States,Houston,Texas,77041.0,Central,OFF-BI-10002393,Office Supplies,Binders,Binder Posts,2.296,2.0,0.8,-3.9032,CRM,Pending,Check later
4531.0,CA-2016-118759,11/14/2016,11/17/2016,First Class,MB-17305,Maria Bertelson,Consumer,United States,New York City,New York,10009.0,East,FUR-CH-10002335,Furniture,Chairs,Hon GuestStacker Chair,408.006,2.0,0.1,72.5344,Manual Upload,Rejected,Duplicate?
4532.0,CA-2016-118759,11/14/2016,11/17/2016,First Class,MB-17305,Maria Bertelson,Consumer,United States,New York City,New York,10009.0,East,OFF-ST-10001590,Office Supplies,Storage,"Tenex Personal Project File with Scoop Front Design, Black",40.44,3.0,0.0,10.5144,Legacy,Pending,Duplicate?
4533.0,CA-2014-140403,10/10/2014,10/10/2014,Same Day,TN-21040,Tanja Norvell,Home Office,United States,Manteca,California,95336.0,West,FUR-CH-10002774,Furniture,Chairs,"Global Deluxe Stacking Chair, Gray",122.352,3.0,0.2,13.7646,ERP,Pending,Check later
4534.0,CA-2014-140403,10/10/2014,10/10/2014,Same Day,TN-21040,Tanja Norvell,Home Office,United States,Manteca,California,95336.0,West,OFF-EN-10001219,Office Supplies,Envelopes,"#10- 4 1/8"" x 9 1/2"" Security-Tint Envelopes",15.28,2.0,0.0,7.4872,Manual Upload,,Check later
4535.0,CA-2015-163104,3/19/2015,3/26/2015,Std Class,MC-18130,Mike Caudle,Corporate,United States,Los Angeles,California,90004.0,West,OFF-PA-10001947,Office Supplies,Paper,Xerox 1974,11.96,2.0,0.0,5.8604,Legacy,Rejected,Urgent
4536.0,CA-2017-138464,7/8/2017,7/12/2017,standard class,VF-21715,Vicky Freymann,Home Office,United States,Seattle,Washington,98115.0,West,FUR-FU-10003142,Furniture,Furnishings,"Master Big Foot Doorstop, Beige",15.84,3.0,0.0,4.9104,ERP,,Urgent
4537.0,CA-2017-138464,7/8/2017,7/12/2017,Standard Class,VF-21715,Vicky Freymann,Home Office,United States,Seattle,Washington,98115.0,West,OFF-BI-10001543,Office Supplies,Binders,GBC VeloBinder Manual Binding System,86.376,3.0,0.2,30.2316,Legacy,Rejected,Duplicate?
4538.0,CA-2017-138464,7/8/2017,7/12/2017,Standard Class,VF-21715,Vicky Freymann,Home Office,United States,Seattle,Washington,98115.0,West,OFF-AR-10003560,Office Supplies,Art,Zebra Zazzle Fluorescent Highlighters,18.24,3.0,0.0,6.2016,ERP,Pending,
4539.0,CA-2017-138464,7/8/2017,7/12/2017,Standard Class,VF-21715,Vicky Freymann,Home Office,United States,Seattle,Washington,98115.0,West,OFF-AR-10004757,Office Supplies,Art,Crayola Colored Pencils,13.12,4.0,0.0,4.3296,CRM,Rejected,
4540.0,CA-2015-104129,2/27/2015,3/2/2015,Standard Class,ES-14080,Erin Smith,Corporate,United States,Providence,Rhode Island,2908.0,East,TEC-PH-10003800,Technology,Phones,i.Sound Portable Power - 8000 mAh,105.98,2.0,0.0,1.0598,Manual Upload,Rejected,Duplicate?
4541.0,CA-2015-104129,2/27/2015,3/2/2015,Standard Class,ES-14080,Erin Smith,Corporate,United States,Providence,Rhode Island,2908.0,East,FUR-TA-10004152,Furniture,Tables,"Barricks 18"" x 48"" Non-Folding Utility Table with Bottom Storage Shelf",493.92,7.0,0.3,-28.224,Manual Upload,Pending,Urgent
4542.0,US-2017-132206,6/16/2017,2017-06-21,Standard Class,MK-17905,Michael Kennedy,Corporate,United States,Chicago,Illinois,60653.0,Central,OFF-BI-10000756,Office Supplies,Binders,Storex DuraTech Recycled Plastic Frosted Binders,5.936,7.0,0.8,-8.904,ERP,Approved,
4543.0,CA-2017-113474,3/30/2017,3/31/2017,First Class,TM-21490,Tony Molinari,Consumer,United States,Oklahoma City,Oklahoma,73120.0,Central,OFF-EN-10004206,Office Supplies,Envelopes,Multimedia Mailers,325.86,2.0,0.0,149.8956,ERP,Pending,
4544.0,CA-2015-126557,7/12/2015,7/17/2015,Second Class,RL-19615,Rob Lucas,Consumer,United States,Chicago,Illinois,60610.0,Central,FUR-CH-10004477,Furniture,Chairs,"Global Push Button Manager's Chair, Indigo",383.607,9.0,0.3,-5.4801,Manual Upload,Rejected,Urgent
4545.0,CA-2015-126557,7/12/2015,7/17/2015,Second Class,RL-19615,Rob Lucas,Consumer,United States,Chicago,Illinois,60610.0,Central,TEC-PH-10003505,Technology,Phones,Geemarc AmpliPOWER60,148.48,2.0,0.2,16.704,CRM,Rejected,Urgent
4546.0,CA-2015-126557,7/12/2015,7/17/2015,Second Class,RL-19615,Rob Lucas,Consumer,United States,Chicago,Illinois,60610.0,Central,TEC-PH-10000526,Technology,Phones,Vtech CS6719,537.544,7.0,0.2,53.7544,Manual Upload,,Check later
4547.0,CA-2015-126557,7/12/2015,7/17/2015,Second Class,RL-19615,Rob Lucas,Consumer,United States,Chicago,Illinois,60610.0,Central,OFF-BI-10003314,Office Supplies,Binders,Tuff Stuff Recycled Round Ring Binders,1.928,2.0,0.8,-2.9884,Legacy,Pending,
4548.0,CA-2015-126557,7/12/2015,7/17/2015,Second Class,RL-19615,Rob Lucas,Consumer,United States,Chicago,Illinois,60610.0,Central,OFF-AR-10003190,OfficeSupply,Art,Newell 32,6.912,3.0,0.2,0.6912,Manual Upload,,Check later
4549.0,CA-2015-126557,7/12/2015,17/07/2015,Second Class,RL-19615,Rob Lucas,Consumer,United States,Chicago,Illinois,60610.0,Central,FUR-FU-10001861,Furniture,Furnishings,"Floodlight Indoor Halogen Bulbs, 1 Bulb per Pack, 60 Watts",7.76,1.0,0.6,-2.134,CRM,Pending,
4550.0,CA-2015-126557,7/12/2015,7/17/2015,Second Class,RL-19615,Rob Lucas,Consumer,United States,Chicago,Illinois,60610.0,Central,TEC-PH-10003963,Technology,Phones,GE 2-Jack Phone Line Splitter,659.168,4.0,0.2,49.4376,Manual Upload,Rejected,Urgent
4551.0,US-2017-107636,30 Apr 2017,5/2/2017,First Class,NM-18520,Neoma Murray,Consumer,United States,Manchester,Connecticut,6040.0,East,OFF-LA-10003388,Office Supplies,Labels,Avery 5,5.76,2.0,0.0,2.8224,Legacy,Approved,Urgent
4552.0,US-2014-165862,7/13/2014,7/17/2014,Standard Class,GK-14620,Grace Kelly,Corporate,United States,Los Angeles,California,90049.0,West,FUR-TA-10002855,Furniture,Tables,Bevis Round Conference Table Top & Single Column Base,351.216,3.0,0.2,4.3902,Legacy,,
4553.0,US-2014-106334,12/27/2014,1/2/2015,Standard Class,JF-15490,Jeremy Farry,Consumer,United States,San Francisco,California,94122.0,West,FUR-CH-10004886,Furniture,Chairs,Bevis Steel Folding Chairs,230.28,3.0,0.2,23.028,CRM,Rejected,Urgent
4554.0,US-2014-106334,12/27/2014,1/2/2015,Std Class,JF-15490,Jeremy Farry,Consumer,United States,San Francisco,California,94122.0,West,OFF-PA-10003657,Office Supplies,Paper,Xerox 1927,12.84,3.0,0.0,5.778,Manual Upload,Approved,
4555.0,CA-2016-101448,2/27/2016,3/1/2016,Second Class,EB-13930,Eric Barreto,Consumer,United States,La Crosse,Wisconsin,54601.0,Central,OFF-BI-10004738,Office Supplies,Binders,Flexible Leather- Look Classic Collection Ring Binder,56.82,3.0,0.0,28.41,Manual Upload,Pending,Urgent
4556.0,CA-2015-130218,3/23/2015,3/26/2015,First Class,SG-20470,Sheri Gordon,Consumer,United States,Florence,South Carolina,29501.0,South,OFF-FA-10003112,Office Supplies,Fasteners,Staples,31.56,4.0,0.0,14.202,CRM,Approved,Urgent
4557.0,CA-2015-130218,3/23/2015,3/26/2015,First Class,SG-20470,Sheri Gordon,Consumer,United States,Florence,South Carolina,29501.0,South,OFF-ST-10002486,Office Supplies,Storage,Eldon Shelf Savers Cubes and Bins,27.92,4.0,0.0,0.5584,Manual Upload,,
4558.0,US-2017-117331,10/21/2017,10/28/2017,Standard Class,ND-18370,Natalie DeCherney,Consumer,United States,Glendale,Arizona,85301.0,West,OFF-BI-10003984,Office Supplies,Binders,Lock-Up Easel 'Spel-Binder',8.559,1.0,0.7,-6.5619,Manual Upload,Rejected,Duplicate?
4559.0,CA-2014-127383,12/31/2014,1/5/2015,Standard Class,CM-11815,Candace McMahon,Corporate,United States,El Paso,Texas,79907.0,Central,OFF-EN-10004773,Office Supplies,Envelopes,Staple envelope,49.568,2.0,0.2,17.9684,ERP,Approved,Urgent
4560.0,CA-2014-110219,5/5/2014,5/8/2014,First Class,EB-13870,Emily Burns,Consumer,United States,San Antonio,Texas,78207.0,Central,FUR-CH-10001146,Furniture,Chairs,"Global Value Mid-Back Manager's Chair, Gray",127.869,3.0,0.3,-9.1335,ERP,Approved,Check later
4561.0,CA-2015-118871,12/4/2015,12/9/2015,Second Class,HM-14860,Harry Marie,Corporate,United States,Los Angeles,California,90049.0,West,OFF-EN-10003296,Office Supplies,Envelopes,Tyvek Side-Opening Peel & Seel Expanding Envelopes,271.44,3.0,0.0,122.148,Manual Upload,Approved,Duplicate?
4562.0,CA-2015-118871,12/4/2015,12/9/2015,Second Class,HM-14860,Harry Marie,Corporate,United States,Los Angeles,California,90049.0,West,TEC-PH-10000193,Technology,Phones,Jensen SMPS-640 - speaker phone,110.352,3.0,0.2,8.2764,Legacy,,Urgent
4563.0,CA-2015-118871,12/4/2015,12/9/2015,Second Class,HM-14860,Harry Marie,Corporate,United States,Los Angeles,California,90049.0,West,FUR-FU-10002111,Furniture,Furnishings,"Master Caster Door Stop, Large Brown",36.4,5.0,0.0,13.832,CRM,Approved,
4564.0,CA-2017-129490,9/26/2017,9/30/2017,Standard Class,SJ-20125,Sanjit Jacobs,Home Office,United States,Miramar,Florida,33023.0,South,FUR-CH-10003298,Furniture,Chairs,"Office Star - Contemporary Task Swivel chair with Loop Arms, Charcoal",419.136,4.0,0.2,-57.6312,Manual Upload,Pending,Duplicate?
4565.0,CA-2014-101175,12/9/2014,12/14/2014,Standard Class,DM-12955,Dario Medina,Corporate,United States,Mesa,Arizona,85204.0,West,OFF-ST-10004950,Office Supplies,Storage,Acco Perma 3000 Stacking Storage Drawers,100.704,6.0,0.2,-1.2588,CRM,Rejected,Urgent
4566.0,US-2017-149510,12/3/2017,12/10/2017,Standard Class,MC-17575,Matt Collins,Consumer,United States,Fayetteville,North Carolina,28314.0,South,OFF-AP-10002350,Office Supplies,Appliances,Belkin F9H710-06 7 Outlet SurgeMaster Surge Protector,45.216,3.0,0.2,4.5216,Legacy,Approved,Urgent
4567.0,US-2017-149510,12/3/2017,12/10/2017,Standard Class,MC-17575,Matt Collins,Consumer,United States,Fayetteville,North Carolina,28314.0,South,OFF-BI-10004233,Office Supplies,Binders,"GBC Pre-Punched Binding Paper, Plastic, White, 8-1/2"" x 11""",28.782,6.0,0.7,-21.1068,CRM,,Check later
4568.0,US-2017-149510,12/3/2017,12/10/2017,Standard Class,MC-17575,Matt Collins,Consumer,United States,Fayetteville,North Carolina,28314.0,South,OFF-PA-10001892,Office Supplies,Paper,"Rediform Wirebound ""Phone Memo"" Message Book, 11 x 5-3/4",24.448,4.0,0.2,8.8624,CRM,,
4569.0,CA-2015-111990,11/8/2015,11/13/2015,Standard Class,DB-13660,Duane Benoit,Consumer,United States,Houston,Texas,77095.0,Central,OFF-BI-10003291,Office Supplies,Binders,Wilson Jones Leather-Like Binders with DublLock Round Rings,10.476,6.0,0.8,-17.2854,CRM,Rejected,Duplicate?
4570.0,CA-2014-169460,4/19/2014,4/21/2014,Second Class,NF-18595,Nicole Fjeld,Home Office,United States,San Jose,California,95123.0,West,FUR-FU-10004017,Furniture,Furnishings,"Executive Impressions 13"" Chairman Wall Clock",76.14,3.0,0.0,26.649,Legacy,Pending,Check later
4571.0,US-2015-152128,5/25/2015,5/27/2015,Second Class,NM-18445,Nathan Mautz,Home Office,United States,Wichita,Kansas,67212.0,Central,OFF-AR-10002445,Office Supplies,Art,SANFORD Major Accent Highlighters,21.24,3.0,0.0,8.0712,Manual Upload,Approved,Urgent
4572.0,US-2015-152128,5/25/2015,5/27/2015,Second Class,NM-18445,Nathan Mautz,Home Office,United States,Wichita,Kansas,67212.0,Central,OFF-BI-10001718,Office Supplies,Binders,GBC DocuBind P50 Personal Binding Machine,127.96,2.0,0.0,60.1412,ERP,Approved,Check later
4573.0,CA-2017-126662,7/17/2017,7/21/2017,Standard Class,AB-10255,Alejandro Ballentine,Home Office,United States,Los Angeles,California,90036.0,West,TEC-CO-10004202,Technology,Copiers,Brother DCP1000 Digital 3 in 1 Multifunction Machine,479.984,2.0,0.2,89.997,Manual Upload,,Urgent
4574.0,CA-2016-139395,12/12/2016,12/18/2016,Standard Class,MG-17650,Matthew Grinstein,Home Office,United States,Jackson,Michigan,49201.0,Central,TEC-PH-10002103,Technology,Phones,Jabra SPEAK 410,657.93,7.0,0.0,184.2204,Manual Upload,Pending,
4575.0,CA-2016-139395,12/12/2016,12/18/2016,standard class,MG-17650,Matthew Grinstein,Home Office,United States,Jackson,Michigan,49201.0,Central,FUR-FU-10003724,Furniture,Furnishings,Westinghouse Clip-On Gooseneck Lamps,33.48,4.0,0.0,8.7048,ERP,Pending,Urgent
4576.0,CA-2016-139395,12/12/2016,12/18/2016,Standard Class,MG-17650,Matthew Grinstein,Home Office,United States,Jackson,Michigan,49201.0,Central,OFF-AR-10003732,Office Supplies,Art,Newell 333,13.9,5.0,0.0,3.614,Legacy,Pending,Duplicate?
4577.0,CA-2016-139395,12/12/2016,12/18/2016,Standard Class,MG-17650,Matthew Grinstein,Home Office,United States,Jackson,Michigan,49201.0,Central,OFF-ST-10000885,Office Supplies,Storage,Fellowes Desktop Hanging File Manager,26.86,2.0,0.0,6.715,CRM,Approved,Check later
4578.0,US-2014-121734,4/11/2014,4/16/2014,Standard Class,SE-20110,Sanjit Engle,Consumer,United States,Lewiston,Idaho,83501.0,West,OFF-BI-10004817,office supplies,Binders,GBC Personal VeloBind Strips,9.584,1.0,0.2,3.3544,Manual Upload,,
4579.0,CA-2015-110947,6/9/2015,6/15/2015,Standard Class,AG-10765,Anthony Garverick,Home Office,United States,Hampton,Virginia,23666.0,South,OFF-BI-10001670,Office Supplies,Binders,Vinyl Sectional Post Binders,113.1,3.0,0.0,56.55,Manual Upload,Rejected,
4580.0,US-2014-150126,7/27/2014,8/2/2014,Standard Class,AS-10045,Aaron Smayling,Corporate,United States,New York City,New York,10035.0,East,OFF-PA-10002709,Office Supplies,Paper,Xerox 1956,65.78,11.0,0.0,32.2322,CRM,Approved,Urgent
4581.0,CA-2015-164427,7/31/2015,8/6/2015,Standard Class,AR-10405,Allen Rosenblatt,Corporate,United States,Hattiesburg,Mississippi,39401.0,South,TEC-AC-10004469,Technology,Accessories,Microsoft Sculpt Comfort Mouse,239.7,6.0,0.0,105.468,CRM,Pending,Check later
4582.0,CA-2016-120250,9/19/2016,9/22/2016,First Class,AP-10720,Anne Pryor,Home Office,United States,Philadelphia,Pennsylvania,19140.0,East,FUR-FU-10003424,Furniture,Furnishings,Nu-Dell Oak Frame,25.632,3.0,0.2,3.8448,Manual Upload,,Urgent
4583.0,CA-2016-121993,6/10/2016,6/12/2016,First Class,JB-16000,Joy Bell-,Consumer,United States,Philadelphia,Pennsylvania,19140.0,East,OFF-LA-10003720,Office Supplies,Labels,Avery 487,23.616,8.0,0.2,7.9704,Legacy,,Duplicate?
4584.0,US-2016-100405,8/26/2016,8/28/2016,Second Class,TS-21430,Tom Stivers,Corporate,United States,Los Angeles,California,90045.0,West,OFF-AR-10000390,Office Supplies,Art,Newell Chalk Holder,8.26,2.0,0.0,3.7996,ERP,,Check later
4585.0,US-2017-163790,11/2/2017,11/4/2017,Second Class,NL-18310,Nancy Lomonaco,Home Office,United States,Danville,California,94526.0,West,OFF-EN-10001335,Office Supplies,Envelopes,"White Business Envelopes with Contemporary Seam, Recycled White Business Envelopes",76.58,7.0,0.0,38.29,ERP,Rejected,Check later
4586.0,US-2017-163790,11/2/2017,11/4/2017,Second Class,NL-18310,Nancy Lomonaco,Home Office,United States,Danville,California,94526.0,West,OFF-AR-10003469,Office Supplies,Art,Nontoxic Chalk,8.8,5.0,0.0,4.224,CRM,Approved,
4587.0,US-2017-163790,11/2/2017,11/4/2017,Second Class,NL-18310,Nancy Lomonaco,Home Office,United States,Danville,California,94526.0,West,OFF-BI-10003718,Office Supplies,Binders,GBC Therma-A-Bind 250T Electric Binding System,590.352,6.0,0.2,206.6232,Legacy,Pending,Urgent
4588.0,US-2017-163790,11/2/2017,11/4/2017,Second Class,NL-18310,Nancy Lomonaco,Home Office,United States,Danville,California,94526.0,West,OFF-FA-10004838,Office Supplies,Fasteners,"Super Bands, 12/Pack",5.58,3.0,0.0,0.1674,Legacy,Rejected,Duplicate?
4589.0,US-2017-163790,11/2/2017,11/4/2017,Second Class,NL-18310,Nancy Lomonaco,Home Office,United States,Danville,California,94526.0,West,FUR-FU-10002508,Furniture,Furnishings,Document Clip Frames,25.02,3.0,0.0,10.5084,ERP,,Duplicate?
4590.0,US-2017-163790,11/2/2017,11/4/2017,Second Class,NL-18310,Nancy Lomonaco,Home Office,United States,Danville,California,94526.0,West,OFF-ST-10001511,Office Supplies,Storage,Space Solutions Commercial Steel Shelving,452.55,7.0,0.0,22.6275,Manual Upload,Pending,Duplicate?
4591.0,CA-2016-129868,12/26/2016,12/31/2016,Standard Class,MC-18130,Mike Caudle,Corporate,United States,Los Angeles,California,90004.0,West,OFF-SU-10000952,Office Supplies,Supplies,Fiskars Home & Office Scissors,17.76,2.0,0.0,4.9728,Legacy,Pending,Urgent
4592.0,CA-2016-129868,12/26/2016,12/31/2016,Standard Class,MC-18130,Mike Caudle,Corporate,United States,Los Angeles,California,90004.0,West,TEC-PH-10002275,Technology,Phones,Mitel 5320 IP Phone VoIP phone,99999.0,2.0,0.2,-9999.0,ERP,Rejected,
4593.0,CA-2016-129868,12/26/2016,12/31/2016,Standard Class,MC-18130,Mike Caudle,Corporate,United States,Los Angeles,California,90004.0,West,FUR-CH-10003535,Furniture,Chairs,"Global Armless Task Chair, Royal Blue",146.352,3.0,0.2,-5.4882,ERP,,
4594.0,CA-2016-129868,12/26/2016,12/31/2016,Standard Class,MC-18130,Mike Caudle,Corporate,United States,Los Angeles,California,90004.0,West,OFF-AP-10004052,Office Supplies,Appliances,"Hoover Replacement Belts For Soft Guard & Commercial Ltweight Upright Vacs, 2/Pk",7.9,2.0,0.0,2.054,Manual Upload,Rejected,
4595.0,CA-2016-129868,12/26/2016,12/31/2016,Standard Class,MC-18130,Mike Caudle,Corporate,United States,Los Angeles,California,90004.0,West,FUR-TA-10003473,Furniture,Tables,Bretford Rectangular Conference Table Tops,902.712,3.0,0.2,33.8517,Manual Upload,Rejected,
4596.0,CA-2016-129868,12/26/2016,12/31/2016,Standard Class,MC-18130,Mike Caudle,Corporate,United States,Los Angeles,California,90004.0,West,OFF-AR-10001897,Office Supplies,Art,Model L Table or Wall-Mount Pencil Sharpener,53.97,3.0,0.0,15.1116,Legacy,Pending,
4597.0,CA-2016-140564,12/5/2016,12/10/2016,Second Class,TC-21475,Tony Chapman,Home Office,United States,Washington,District of Columbia,20016.0,East,OFF-AR-10000034,Office Supplies,Art,"BIC Brite Liner Grip Highlighters, Assorted, 5/Pack",33.92,8.0,0.0,13.2288,ERP,Rejected,
4598.0,US-2017-169502,8/28/2017,9/1/2017,Standard Class,MG-17650,Matthew Grinstein,Home Office,United States,Milwaukee,Wisconsin,53209.0,Central,OFF-SU-10004115,Office Supplies,Supplies,Acme Stainless Steel Office Snips,21.81,3.0,0.0,5.8887,Legacy,Approved,Check later
4599.0,US-2017-169502,8/28/2017,9/1/2017,Standard Class,MG-17650,Matthew Grinstein,Home Office,United States,Milwaukee,Wisconsin,53209.0,Central,OFF-AP-10001947,Office Supplies,Appliances,Acco 6 Outlet Guardian Premium Plus Surge Suppressor,91.6,5.0,0.0,26.564,CRM,Pending,
4600.0,CA-2015-146948,7/16/2015,7/20/2015,Standard Class,MG-17890,Michael Granlund,Home Office,United States,Baltimore,Maryland,21215.0,EAST,FUR-CH-10004853,Furniture,Chairs,"Global Manager's Adjustable Task Chair, Storm",150.98,1.0,0.0,43.7842,ERP,Rejected,Check later
4601.0,CA-2015-146948,7/16/2015,7/20/2015,Standard Class,MG-17890,Michael Granlund,Home Office,United States,Baltimore,Maryland,21215.0,East,OFF-EN-10000483,Office Supplies,Envelopes,"White Envelopes, White Envelopes with Clear Poly Window",137.25,9.0,0.0,63.135,ERP,Rejected,
4602.0,CA-2015-146948,7/16/2015,7/20/2015,Standard Class,MG-17890,Michael Granlund,Home Office,United States,Baltimore,Maryland,21215.0,East,OFF-FA-10001332,Office Supplies,Fasteners,"Acco Banker's Clasps, 5 3/4""-Long",11.52,4.0,0.0,5.4144,CRM,Approved,Duplicate?
4603.0,US-2015-113327,5/26/2015,5/29/2015,Second Class,BF-11170,Ben Ferrer,Home Office,United States,Jacksonville,North Carolina,28540.0,South,OFF-PA-10003790,Office Supplies,Paper,Xerox 1991,18.272,1.0,0.2,5.9384,Manual Upload,Rejected,Urgent
4604.0,US-2015-113327,5/26/2015,5/29/2015,Second Class,BF-11170,Ben Ferrer,Home Office,United States,Jacksonville,North Carolina,28540.0,South,OFF-PA-10003134,Office Supplies,Paper,Xerox 1937,153.728,4.0,0.2,53.8048,CRM,,Duplicate?
4605.0,US-2015-113327,5/26/2015,5/29/2015,Second Class,BF-11170,Ben Ferrer,Home Office,United States,Jacksonville,North Carolina,28540.0,South,OFF-EN-10004459,Office Supplies,Envelopes,Security-Tint Envelopes,12.224,2.0,0.2,4.4312,CRM,Approved,Check later
4606.0,US-2015-113327,5/26/2015,5/29/2015,Second Class,BF-11170,Ben Ferrer,Home Office,United States,Jacksonville,North Carolina,28540.0,South,TEC-AC-10003628,Technology,Accessories,Logitech 910-002974 M325 Wireless Mouse for Web Scrolling,167.944,7.0,0.2,50.3832,CRM,Pending,
4607.0,CA-2015-135020,5/28/2015,6/2/2015,Standard Class,MS-17770,Maxwell Schwartz,Consumer,United States,Rochester,New York,14609.0,EAST,TEC-PH-10004093,Technology,Phones,Panasonic Kx-TS550,45.99,1.0,0.0,13.3371,CRM,Pending,Urgent
4608.0,CA-2015-135020,5/28/2015,6/2/2015,Standard Class,MS-17770,Maxwell Schwartz,Consumer,United States,Rochester,new york,14609.0,East,OFF-ST-10001490,Office Supplies,Storage,"Hot File 7-Pocket, Floor Stand",535.41,3.0,0.0,160.623,Manual Upload,Rejected,Check later
4609.0,CA-2015-135020,5/28/2015,6/2/2015,Standard Class,MS-17770,Maxwell Schwartz,Consumer,United States,Rochester,New York,14609.0,East,OFF-BI-10000605,Office Supplies,Binders,"Acco Pressboard Covers with Storage Hooks, 9 1/2"" x 11"", Executive Red",6.096,2.0,0.2,2.0574,Legacy,Approved,
4610.0,CA-2015-135020,5/28/2015,6/2/2015,Standard Class,MS-17770,Maxwell Schwartz,Consumer,United States,Rochester,New York,14609.0,East,OFF-PA-10004255,Office Supplies,Paper,Xerox 219,45.36,7.0,0.0,21.7728,ERP,Approved,Check later
4611.0,US-2017-141852,11/9/2017,11/14/2017,Standard Class,JE-15745,Joel Eaton,Consumer,United States,Oceanside,California,92054.0,West,FUR-FU-10000023,Furniture,Furnishings,Eldon Wave Desk Accessories,47.12,8.0,0.0,20.7328,CRM,Pending,Check later
4612.0,CA-2016-109407,1/24/2016,1/26/2016,Second Class,HG-14965,Henry Goldwyn,Corporate,United States,Gulfport,Mississippi,39503.0,South,OFF-BI-10000285,Office Supplies,Binders,XtraLife ClearVue Slant-D Ring Binders by Cardinal,31.36,4.0,0.0,15.68,CRM,Pending,Check later
4613.0,US-2017-165953,12/31/2016,1/6/2017,Standard Class,EP-13915,Emily Phan,Consumer,United States,Jacksonville,Florida,32216.0,South,OFF-AR-10000588,Office Supplies,Art,Newell 345,47.616,3.0,0.2,3.5712,CRM,,Urgent
4614.0,US-2017-165953,12/31/2016,1/6/2017,Standard Class,EP-13915,Emily Phan,Consumer,United States,Jacksonville,Florida,32216.0,South,OFF-PA-10002250,Office Supplies,Paper,Things To Do Today Pad,23.48,5.0,0.2,8.218,ERP,Pending,Check later
4615.0,CA-2016-144540,9/5/2016,9/10/2016,Standard Class,GH-14410,Gary Hansen,Home Office,United States,Houston,Texas,77070.0,Central,OFF-AP-10002457,Office Supplies,Appliances,"Eureka The Boss Plus 12-Amp Hard Box Upright Vacuum, Red",62.79,3.0,0.8,-166.3935,CRM,,
4616.0,CA-2016-144540,9/5/2016,9/10/2016,Standard Class,GH-14410,Gary Hansen,Home Office,United States,Houston,Texas,77070.0,Central,OFF-FA-10002763,Office Supplies,Fasteners,Advantus Map Pennant Flags and Round Head Tacks,28.44,9.0,0.2,4.266,Manual Upload,Rejected,
4617.0,CA-2015-159863,9/4/2015,9/7/2015,Second Class,DS-13180,David Smith,Corporate,United States,Houston,Texas,77095.0,Central,TEC-AC-10000109,Technology,Accessories,Sony Micro Vault Click 16 GB USB 2.0 Flash Drive,134.376,3.0,0.2,6.7188,Legacy,Approved,Check later
4618.0,CA-2015-117800,9/21/2015,Sep 26 2015,Standard Class,TH-21550,Tracy Hopkins,Home Office,United States,Everett,Massachusetts,2149.0,East,TEC-PH-10002415,Technology,Phones,Polycom VoiceStation 500 Conference phone,589.9,2.0,0.0,147.475,Legacy,Pending,Duplicate?
4619.0,CA-2015-117800,9/21/2015,9/26/2015,Standard Class,TH-21550,Tracy Hopkins,Home Office,United States,Everett,Massachusetts,2149.0,East,FUR-CH-10000785,Furniture,Chairs,Global Ergonomic Managers Chair,542.94,3.0,0.0,141.1644,CRM,Approved,Urgent
4620.0,CA-2017-145219,12/24/2017,12/25/2017,First Class,RM-19675,Robert Marley,Home Office,United States,Los Angeles,California,90049.0,West,TEC-CO-10001449,Technology,Copiers,Hewlett Packard LaserJet 3310 Copier,2879.952,6.0,0.2,1007.9832,ERP,Pending,Check later
4621.0,CA-2017-145219,12/24/2017,12/25/2017,First Class,RM-19675,Robert Marley,Home Office,United States,Los Angeles,California,90049.0,West,OFF-BI-10001670,Office Supplies,Binders,Vinyl Sectional Post Binders,90.48,3.0,0.2,33.93,Manual Upload,Pending,Check later
4622.0,CA-2015-161214,10/5/2015,10/8/2015,Second Class,SF-20965,Sylvia Foulston,Corporate,United States,Wilmington,Delaware,19805.0,East,OFF-ST-10001328,Office Supplies,Storage,"Personal Filing Tote with Lid, Black/Gray",77.55,5.0,0.0,21.714,ERP,Rejected,
4623.0,CA-2017-147228,9/9/2017,9/14/2017,Standard Class,SO-20335,Sean O'Donnell,Consumer,United States,Columbia,Tennessee,38401.0,South,OFF-SU-10001225,Office Supplies,Supplies,Staple remover,8.832,3.0,0.2,-1.9872,Manual Upload,Approved,
4624.0,CA-2017-147228,9/9/2017,9/14/2017,Standard Class,SO-20335,Sean O'Donnell,Consumer,United States,Columbia,Tennessee,38401.0,South,OFF-PA-10000357,Office Supplies,Paper,Xerox 1888,177.536,4.0,0.2,62.1376,ERP,,
4625.0,CA-2017-147228,9/9/2017,9/14/2017,Standard Class,SO-20335,Sean O'Donnell,Consumer,United States,Columbia,Tennessee,38401.0,South,OFF-ST-10000046,Office Supplies,Storage,Fellowes Super Stor/Drawer Files,258.48,2.0,0.2,-3.231,CRM,,
4626.0,CA-2017-147228,9/9/2017,9/14/2017,Standard Class,SO-20335,Sean O'Donnell,Consumer,United States,Columbia,Tennessee,38401.0,South,FUR-FU-10000023,Furniture,Furnishings,Eldon Wave Desk Accessories,14.136,3.0,0.2,4.2408,Manual Upload,Rejected,Duplicate?
4627.0,CA-2016-101336,11/13/2016,11/18/2016,Standard Class,CK-12760,Cyma Kinney,Corporate,United States,New York City,New York,10011.0,East,OFF-ST-10003455,Office Supplies,Storage,"Tenex File Box, Personal Filing Tote with Lid, Black",77.55,5.0,0.0,20.163,Manual Upload,Approved,
4628.0,CA-2016-101336,11/13/2016,11/18/2016,Standard Class,CK-12760,Cyma Kinney,Corporate,United States,New York City,New York,10011.0,East,OFF-ST-10000876,Office Supplies,Storage,Eldon Simplefile Box Office,24.88,2.0,0.0,6.9664,ERP,Pending,
4629.0,CA-2016-101336,11/13/2016,11/18/2016,Standard Class,CK-12760,Cyma Kinney,Corporate,United States,New York City,New York,10011.0,East,OFF-AR-10003582,Office Supplies,Art,"Boston Electric Pencil Sharpener, Model 1818, Charcoal Black",140.75,5.0,0.0,39.41,Legacy,,Duplicate?
4630.0,CA-2016-101336,11/13/2016,11/18/2016,Standard Class,CK-12760,Cyma Kinney,Corporate,United States,New York City,New York,10011.0,East,OFF-ST-10004258,Office Supplies,Storage,Portable Personal File Box,36.63,3.0,0.0,9.8901,CRM,Pending,Duplicate?
4631.0,US-2015-126235,10/15/2015,10/15/2015,Same Day,GA-14725,Guy Armstrong,Consumer,United States,Mount Pleasant,Michigan,48858.0,Central,FUR-FU-10000719,Furniture,Furnishings,"DAX Cubicle Frames, 8-1/2 x 11",17.14,2.0,0.0,6.1704,Legacy,,Check later
4632.0,CA-2017-168396,08/03/2017,8/8/2017,Second Class,BD-11725,Bruce Degenhardt,Consumer,United States,San Francisco,California,94122.0,West,OFF-LA-10001297,Office Supplies,Labels,Avery 473,51.75,5.0,0.0,24.84,Manual Upload,Approved,
4633.0,CA-2017-168396,8/3/2017,8/8/2017,Second Class,BD-11725,Bruce Degenhardt,Consumer,United States,San Francisco,California,94122.0,West,FUR-FU-10000723,Furniture,Furnishings,"Deflect-o EconoMat Studded, No Bevel Mat for Low Pile Carpeting",123.96,3.0,0.0,11.1564,Legacy,,Check later
4634.0,CA-2015-130456,8/21/2015,8/26/2015,Standard Class,DS-13180,David Smith,Corporate,United States,San Francisco,California,94122.0,West,FUR-BO-10003893,Furniture,Bookcases,Sauder Camden County Collection Library,586.398,6.0,0.15,34.494,Manual Upload,Approved,
4635.0,CA-2015-130456,21 Aug 2015,8/26/2015,Standard Class,DS-13180,David Smith,Corporate,United States,San Francisco,California,94122.0,West,OFF-ST-10000736,Office Supplies,Storage,Carina Double Wide Media Storage Towers in Natural & Black,80.98,1.0,0.0,3.2392,CRM,Rejected,Urgent
4636.0,CA-2017-116288,3/12/2017,3/17/2017,Standard Class,BS-11380,Bill Stewart,Corporate,United States,San Francisco,California,94122.0,West,OFF-ST-10000736,Office Supplies,Storage,Carina Double Wide Media Storage Towers in Natural & Black,242.94,3.0,0.0,9.7176,ERP,Rejected,Check later
4637.0,CA-2017-168228,4/27/2017,4/29/2017,First Class,AP-10915,Arthur Prichep,Consumer,United States,Los Angeles,California,90045.0,West,OFF-AR-10003373,Office Supplies,Art,"Boston School Pro Electric Pencil Sharpener, 1670",123.92,4.0,0.0,33.4584,ERP,,Duplicate?
4638.0,CA-2017-168228,4/27/2017,4/29/2017,First Class,AP-10915,Arthur Prichep,Consumer,United States,Los Angeles,California,90045.0,West,OFF-AR-10000390,Office Supplies,Art,Newell Chalk Holder,12.39,3.0,0.0,5.6994,Manual Upload,Pending,
4639.0,CA-2017-168228,04/27/2017,4/29/2017,First Class,AP-10915,ARTHUR PRICHEP,Consumer,United States,Los Angeles,California,90045.0,West,OFF-AR-10001725,Office Supplies,Art,Boston Home & Office Model 2000 Electric Pencil Sharpeners,47.3,2.0,0.0,12.298,Legacy,Pending,Check later
4640.0,CA-2016-102162,9/11/2016,9/16/2016,Standard Class,JF-15565,Jill Fjeld,Consumer,United States,Newport News,Virginia,23602.0,South,TEC-CO-10001943,Technology,Copiers,Canon PC-428 Personal Copier,1599.92,8.0,0.0,751.9624,Legacy,Rejected,
4641.0,CA-2016-102162,9/11/2016,9/16/2016,Standard Class,JF-15565,Jill Fjeld,Consumer,United States,Newport News,Virginia,23602.0,South,OFF-EN-10002312,Office Supplies,Envelopes,#10 Self-Seal White Envelopes,11.09,1.0,0.0,5.4341,ERP,Rejected,Duplicate?
4642.0,CA-2017-130141,10/22/2017,10/24/2017,Second Class,HA-14905,Helen Abelman,Consumer,United States,Fort Collins,Colorado,80525.0,West,OFF-BI-10000831,Office Supplies,Binders,Storex Flexible Poly Binders with Double Pockets,3.168,4.0,0.7,-2.5344,Legacy,,Urgent
4643.0,CA-2017-130141,10/22/2017,10/24/2017,Second Class,HA-14905,Helen Abelman,Consumer,United States,Fort Collins,Colorado,80525.0,West,FUR-CH-10000749,Furniture,Chairs,Office Star - Ergonomic Mid Back Chair with 2-Way Adjustable Arms,579.136,4.0,0.2,-28.9568,Manual Upload,Approved,Duplicate?
4644.0,CA-2015-147501,8/2/2015,8/6/2015,Standard Class,Co-12640,Corey-Lock,Consumer,United States,Seattle,Washington,98105.0,West,OFF-BI-10002003,Office Supplies,Binders,Ibico Presentation Index for Binding Systems,6.368,2.0,0.2,2.1492,Manual Upload,Pending,Urgent
4645.0,CA-2015-147501,8/2/2015,8/6/2015,Standard Class,Co-12640,COREY-LOCK,Consumer,United States,Seattle,Washington,98105.0,West,TEC-MA-10001972,Technology,Machines,Okidata C331dn Printer,558.4,2.0,0.2,41.88,CRM,Rejected,Urgent
4646.0,CA-2016-143910,8/12/2016,8/16/2016,Standard Class,BC-11125,Becky Castell,Home Office,United States,New York City,New York,10011.0,East,FUR-CH-10000225,Furniture,Chairs,"Global Geo Office Task Chair, Gray",145.764,2.0,0.1,-8.098,Legacy,Approved,
4647.0,CA-2014-146885,5/30/2014,6/5/2014,Standard Class,EB-13840,Ellis Ballard,Corporate,United States,Richmond,Virginia,23223.0,South,OFF-PA-10001622,Office Supplies,Paper,"Ampad Poly Cover Wirebound Steno Book, 6"" x 9"" Assorted Colors, Gregg Ruled",13.62,3.0,0.0,6.129,Manual Upload,,Check later
4648.0,CA-2016-139556,4/26/2016,5/1/2016,Std Class,DB-13360,Dennis Bolton,Home Office,United States,New York City,New York,10009.0,East,FUR-CH-10004983,Furniture,Chairs,Office Star - Mid Back Dual function Ergonomic High Back Chair with 2-Way Adjustable Arms,434.646,3.0,0.1,62.7822,Manual Upload,,Duplicate?
4649.0,CA-2017-129357,5/14/2017,5/19/2017,Standard Class,KB-16585,Ken Black,Corporate,United States,Seattle,Washington,98103.0,West,OFF-PA-10003228,Office Supplies,Paper,Xerox 1917,440.19,9.0,0.0,206.8893,Manual Upload,Rejected,
4650.0,CA-2017-129357,5/14/2017,5/19/2017,Standard Class,KB-16585,Ken Black,Corporate,United States,Seattle,Washington,98103.0,West,OFF-SU-10004498,Office Supplies,Supplies,Martin-Yale Premier Letter Opener,64.4,5.0,0.0,1.932,Legacy,Rejected,
4651.0,CA-2017-150987,4/8/2017,4/12/2017,Standard Class,AH-10120,Adrian Hane,Home Office,United States,San Francisco,California,94110.0,West,OFF-PA-10001878,OfficeSupply,Paper,Xerox 1891,244.55,5.0,0.0,114.9385,Legacy,Pending,Urgent
4652.0,CA-2017-150987,4/8/2017,4/12/2017,Standard Class,AH-10120,Adrian Hane,Home Office,United States,San Francisco,California,94110.0,West,OFF-PA-10002923,Office Supplies,Paper,Xerox 1942,195.76,4.0,0.0,97.88,Legacy,Rejected,
4653.0,CA-2017-132647,2/17/2017,2/23/2017,Standard Class,GH-14410,Gary Hansen,Home Office,United States,Perth Amboy,New Jersey,8861.0,East,OFF-PA-10001838,Office Supplies,Paper,"Adams Telephone Message Book W/Dividers/Space For Phone Numbers, 5 1/4""X8 1/2"", 300/Messages",11.76,2.0,0.0,5.7624,Legacy,Pending,Check later
4654.0,CA-2017-132647,2/17/2017,2/23/2017,Standard Class,GH-14410,Gary Hansen,Home Office,United States,Perth Amboy,New Jersey,8861.0,East,OFF-ST-10003123,Office Supplies,Storage,Fellowes Bases and Tops For Staxonsteel/High-Stak Systems,166.45,5.0,0.0,39.948,CRM,Approved,
4655.0,CA-2017-159107,6/24/2017,6/26/2017,Second Class,KT-16480,Kean Thornton,Consumer,United States,San Francisco,California,94110.0,West,OFF-FA-10001332,Office Supplies,Fasteners,"Acco Banker's Clasps, 5 3/4""-Long",2.88,1.0,0.0,1.3536,Legacy,,Urgent
4656.0,CA-2014-160738,5/5/2014,5/10/2014,Standard Class,KH-16330,Katharine Harms,Corporate,United States,Freeport,Illinois,61032.0,Central,OFF-ST-10003442,Office Supplies,Storage,Eldon Portable Mobile Manager,45.248,2.0,0.2,3.9592,ERP,,
4657.0,CA-2015-112130,5/3/2015,5/7/2015,Standard Class,SV-20785,Stewart Visinsky,Consumer,United States,Philadelphia,Pennsylvania,19140.0,East,OFF-AR-10001468,Office Supplies,Art,"Sanford Prismacolor Professional Thick Lead Art Pencils, 36-Color Set",59.904,2.0,0.2,14.2272,CRM,Pending,Duplicate?
4658.0,CA-2015-112130,5/3/2015,5/7/2015,Standard Class,SV-20785,Stewart Visinsky,Consumer,United States,Philadelphia,Pennsylvania,19140.0,East,OFF-AP-10003266,Office Supplies,Appliances,"Holmes Replacement Filter for HEPA Air Cleaner, Large Room",23.696,2.0,0.2,6.5164,ERP,Rejected,Duplicate?
4659.0,CA-2015-112130,5/3/2015,5/7/2015,Standard Class,SV-20785,Stewart Visinsky,Consumer,United States,Philadelphia,Pennsylvania,19140.0,East,OFF-PA-10002230,Office Supplies,Paper,Xerox 1897,7.968,2.0,0.2,2.8884,Legacy,,
4660.0,CA-2015-112130,5/3/2015,5/7/2015,Standard Class,SV-20785,Stewart Visinsky,Consumer,United States,Philadelphia,Pennsylvania,19140.0,East,OFF-AP-10003622,Office Supplies,Appliances,"Bravo II Megaboss 12-Amp Hard Body Upright, Replacement Belts, 2 Belts per Pack",18.2,7.0,0.2,2.0475,ERP,,Duplicate?
4661.0,CA-2015-112130,5/3/2015,5/7/2015,Standard Class,SV-20785,Stewart Visinsky,Consumer,United States,Philadelphia,Pennsylvania,19140.0,East,TEC-AC-10001542,Technology,Accessories,SanDisk Cruzer 16 GB USB Flash Drive,-500.0,3.0,0.2,-0.3444,Legacy,Rejected,
4662.0,CA-2015-112130,5/3/2015,5/7/2015,Standard Class,SV-20785,Stewart Visinsky,Consumer,United States,Philadelphia,Pennsylvania,19140.0,East,FUR-CH-10002965,Furniture,Chairs,"Global Leather Highback Executive Chair with Pneumatic Height Adjustment, Black",844.116,6.0,0.3,-36.1764,Legacy,,
4663.0,CA-2015-112130,5/3/2015,5/7/2015,Standard Class,SV-20785,Stewart Visinsky,Consumer,United States,Philadelphia,Pennsylvania,19140.0,East,OFF-ST-10000563,Office Supplies,Storage,Fellowes Bankers Box Stor/Drawer Steel Plus,76.752,3.0,0.2,-9.594,Manual Upload,,Check later
4664.0,CA-2016-111409,9/18/2016,9/22/2016,Standard Class,PO-18850,Patrick O'Brill,Consumer,United States,Jacksonville,Florida,32216.0,South,OFF-LA-10002787,Office Supplies,Labels,Avery 480,3.0,1.0,0.2,1.05,Manual Upload,,Duplicate?
4665.0,CA-2016-116232,9/22/2016,9/26/2016,Standard Class,AC-10450,Amy Cox,Consumer,United States,Pembroke Pines,Florida,00000,South,OFF-BI-10004022,Office Supplies,Binders,Acco Suede Grain Vinyl Round Ring Binder,7.506,9.0,0.7,-6.0048,Legacy,Rejected,Duplicate?
4666.0,CA-2016-116232,9/22/2016,2016-09-26,Standard Class,AC-10450,Amy Cox,Consumer,United States,Pembroke Pines,Florida,33024.0,South,OFF-LA-10001158,Office Supplies,Labels,"Avery Address/Shipping Labels for Typewriters, 4"" x 2""",16.56,2.0,0.2,5.796,CRM,Approved,
4667.0,CA-2016-116547,1/10/2016,1/17/2016,Standard Class,KB-16585,Ken Black,Corporate,United States,Seattle,Washington,98115.0,West,FUR-FU-10000076,furniture,Furnishings,24-Hour Round Wall Clock,79.92,4.0,0.0,34.3656,CRM,Pending,
4668.0,CA-2016-116547,1/10/2016,1/17/2016,Standard Class,KB-16585,Ken Black,Corporate,United States,Seattle,Washington,98115.0,West,TEC-AC-10002335,Technology,Accessories,Logitech Media Keyboard K200,69.98,2.0,0.0,13.2962,Legacy,Approved,Duplicate?
4669.0,US-2017-133200,5/6/2017,5/11/2017,Standard Class,DB-13555,Dorothy Badders,Corporate,United States,Fort Worth,Texas,76106.0,Central,OFF-BI-10002827,Office Supplies,Binders,Avery Durable Poly Binders,11.06,10.0,0.8,-18.802,Manual Upload,Rejected,Duplicate?
4670.0,US-2017-133200,5/6/2017,5/11/2017,Standard Class,DB-13555,Dorothy Badders,Corporate,United States,Fort Worth,Texas,76106.0,Central,FUR-BO-10001601,Furniture,Bookcases,"Sauder Mission Library with Doors, Fruitwood Finish",623.4648,7.0,0.32,-119.1918,CRM,,
4671.0,US-2017-133200,5/6/2017,5/11/2017,Standard Class,DB-13555,Dorothy Badders,Corporate,United States,Fort Worth,Texas,76106.0,Central,OFF-ST-10001932,Office Supplies,Storage,Fellowes Staxonsteel Drawer Files,772.68,5.0,0.2,-57.951,Manual Upload,Pending,Check later
4672.0,CA-2016-133550,7/31/2016,8/6/2016,Standard Class,KL-16645,Ken Lonsdale,Consumer,United States,Detroit,Michigan,48205.0,Central,OFF-AP-10001005,Office Supplies,Appliances,Honeywell Quietcare HEPA Air Cleaner,283.14,4.0,0.1,72.358,CRM,Rejected,
4673.0,CA-2016-133550,7/31/2016,8/6/2016,Standard Class,KL-16645,Ken Lonsdale,Consumer,United States,Detroit,Michigan,48205.0,Central,TEC-PH-10004042,Technology,Phones,ClearOne Communications CHAT 70 OC Speaker Phone,635.96,4.0,0.0,165.3496,Manual Upload,Pending,
4674.0,CA-2016-133550,7/31/2016,8/6/2016,Standard Class,KL-16645,Ken Lonsdale,Consumer,United States,Detroit,Michigan,48205.0,Central,TEC-PH-10001079,Technology,Phones,Polycom SoundPoint Pro SE-225 Corded phone,118.99,1.0,0.0,33.3172,Legacy,Rejected,Check later
4675.0,CA-2016-133550,7/31/2016,8/6/2016,Standard Class,KL-16645,Ken Lonsdale,Consumer,United States,Detroit,Michigan,48205.0,Central,FUR-FU-10002918,Furniture,Furnishings,Eldon ClusterMat Chair Mat with Cordless Antistatic Protection,272.94,3.0,0.0,30.0234,CRM,Approved,Urgent
4676.0,CA-2017-139416,3/27/2017,3/29/2017,Second Class,AG-10270,Alejandro Grove,Consumer,United States,Philadelphia,Pennsylvania,19120.0,East,FUR-FU-10003832,Furniture,Furnishings,"Eldon Expressions Punched Metal & Wood Desk Accessories, Black & Cherry",15.008,2.0,0.2,1.5008,Legacy,Pending,Urgent
4677.0,CA-2014-114510,3/14/2014,3/19/2014,Standard Class,JF-15295,Jason Fortune-,Consumer,United States,Logan,Utah,84321.0,West,OFF-BI-10001617,Office Supplies,Binders,GBC Wire Binding Combs,33.088,4.0,0.2,11.1672,Manual Upload,Rejected,
4678.0,CA-2014-114510,3/14/2014,3/19/2014,Standard Class,JF-15295,Jason Fortune-,Consumer,United States,Logan,Utah,84321.0,West,OFF-ST-10000736,office_supplies,Storage,Carina Double Wide Media Storage Towers in Natural & Black,80.98,1.0,0.0,3.2392,ERP,Pending,Duplicate?
4679.0,CA-2014-114510,3/14/2014,3/19/2014,Standard Class,JF-15295,Jason Fortune-,Consumer,United States,Logan,Utah,84321.0,West,TEC-AC-10004877,Technology,Accessories,Imation 30456 USB Flash Drive 8GB,82.8,12.0,0.0,6.624,ERP,Approved,Urgent
4680.0,CA-2014-114510,3/14/2014,3/19/2014,Standard Class,JF-15295,Jason Fortune-,Consumer,United States,Logan,Utah,84321.0,West,OFF-ST-10003221,OfficeSupply,Storage,Staple magnet,21.36,2.0,0.0,5.7672,ERP,Rejected,Urgent
4681.0,CA-2014-114510,3/14/2014,3/19/2014,Standard Class,JF-15295,jason fortune-,Consumer,United States,Logan,Utah,84321.0,West,OFF-BI-10003007,Office Supplies,Binders,"Premium Transparent Presentation Covers, No Pattern/Clear, 8 1/2"" x 11""",62.048,2.0,0.2,20.1656,ERP,Approved,Check later
4682.0,CA-2016-169215,7/14/2016,7/18/2016,Second Class,RE-19450,Richard Eichhorn,Consumer,United States,Auburn,New York,13021.0,East,OFF-FA-10000936,Office Supplies,Fasteners,Acco Hot Clips Clips to Go,29.61,9.0,0.0,13.3245,Manual Upload,Pending,Urgent
4683.0,CA-2016-127698,12/1/2016,12/1/2016,Same Day,MV-18190,Mike Vittorini,Consumer,United States,Raleigh,North Carolina,27604.0,South,TEC-PH-10003811,Technology,Phones,Jabra Supreme Plus Driver Edition Headset,863.928,9.0,0.2,86.3928,CRM,Approved,
4684.0,CA-2016-159912,08/29/2016,9/3/2016,Standard Class,GB-14530,George Bell,Corporate,United States,Philadelphia,Pennsylvania,19120.0,East,FUR-TA-10004152,Furniture,Tables,"Barricks 18"" x 48"" Non-Folding Utility Table with Bottom Storage Shelf",241.92,4.0,0.4,-56.448,CRM,Pending,
4685.0,CA-2016-159912,8/29/2016,9/3/2016,Standard Class,GB-14530,George Bell,Corporate,United States,Philadelphia,Pennsylvania,19120.0,East,FUR-BO-10002853,Furniture,Bookcases,O'Sullivan 5-Shelf Heavy-Duty Bookcases,163.88,4.0,0.5,-81.94,ERP,Approved,Duplicate?
4686.0,CA-2016-159912,8/29/2016,9/3/2016,Standard Class,GB-14530,George Bell,Corporate,United States,Philadelphia,Pennsylvania,19120.0,East,OFF-BI-10002071,Office Supplies,Binders,Fellowes Black Plastic Comb Bindings,3.486,2.0,0.7,-2.7888,Legacy,Pending,Check later
4687.0,CA-2016-159912,8/29/2016,9/3/2016,Standard Class,GB-14530,George Bell,Corporate,United States,Philadelphia,Pennsylvania,19120.0,East,OFF-FA-10000053,Office Supplies,Fasteners,Revere Boxed Rubber Bands by Revere,10.584,7.0,0.2,-2.3814,ERP,Pending,Urgent
4688.0,CA-2016-101987,6/24/2016,6/30/2016,Standard Class,HL-15040,Hunter Lopez,Consumer,United States,Richmond,Indiana,47374.0,Central,TEC-PH-10001305,Technology,Phones,Panasonic KX TS208W Corded phone,440.91,9.0,0.0,123.4548,ERP,Approved,Duplicate?
4689.0,US-2017-154851,3/30/2017,4/3/2017,Standard Class,BP-11155,Becky Pak,Consumer,United States,Lancaster,Pennsylvania,17602.0,East,OFF-BI-10001525,Office Supplies,Binders,"Acco Pressboard Covers with Storage Hooks, 14 7/8"" x 11"", Executive Red",5.715,5.0,0.7,-4.7625,Manual Upload,Rejected,
4690.0,CA-2014-138681,12/20/2014,12/22/2014,First Class,CT-11995,Carol Triggs,Consumer,United States,Tucson,Arizona,85705.0,West,FUR-FU-10001876,Furniture,Furnishings,"Computer Room Manger, 14""",51.968,-1.0,0.2,10.3936,Manual Upload,Pending,Check later
4691.0,CA-2014-138681,12/20/2014,12/22/2014,First Class,CT-11995,Carol Triggs,Consumer,United States,Tucson,Arizona,85705.0,West,TEC-AC-10003628,Technology,Accessories,Logitech 910-002974 M325 Wireless Mouse for Web Scrolling,71.976,3.0,0.2,21.5928,Manual Upload,Rejected,
4692.0,CA-2014-138681,12/20/2014,12/22/2014,First Class,CT-11995,Carol Triggs,Consumer,United States,Tucson,Arizona,85705.0,West,FUR-CH-10004860,Furniture,Chairs,Global Low Back Tilter Chair,242.352,3.0,0.2,-42.4116,Legacy,Rejected,
4693.0,CA-2014-138681,12/20/2014,12/22/2014,First Class,CT-11995,Carol Triggs,Consumer,United States,Tucson,Arizona,85705.0,West,OFF-PA-10000357,Office Supplies,Paper,Xerox 1888,221.92,5.0,0.2,77.672,Manual Upload,Rejected,Check later
4694.0,CA-2014-138681,12/20/2014,12/22/2014,First Class,CT-11995,Carol Triggs,Consumer,United States,Tucson,Arizona,85705.0,West,OFF-PA-10003270,Office Supplies,Paper,Xerox 1954,8.448,2.0,0.2,2.64,Manual Upload,Rejected,Check later
4695.0,US-2015-138121,12/17/2015,12/17/2015,Same Day,JL-15835,John Lee,Consumer,United States,Detroit,Michigan,48205.0,Central,OFF-BI-10000320,Office Supplies,Binders,GBC Plastic Binding Combs,29.52,4.0,0.0,14.4648,Manual Upload,Pending,Check later
4696.0,US-2015-138121,12/17/2015,12/17/2015,same day,JL-15835,John Lee,Consumer,United States,Detroit,Michigan,48205.0,Central,FUR-CH-10003846,Furniture,Chairs,Hon Valutask Swivel Chairs,302.94,3.0,0.0,48.4704,ERP,Pending,Duplicate?
4697.0,US-2015-138121,12/17/2015,12/17/2015,Same Day,JL-15835,John Lee,Consumer,United States,Detroit,Michigan,48205.0,Central,FUR-CH-10004875,Furniture,Chairs,Harbour Creations 67200 Series Stacking Chairs,142.36,2.0,0.0,38.4372,CRM,Rejected,Duplicate?
4698.0,US-2015-138121,12/17/2015,12/17/2015,Same Day,JL-15835,John Lee,Consumer,United States,Detroit,Michigan,48205.0,Central,FUR-CH-10003817,Furniture,Chairs,"Global Value Steno Chair, Gray",546.66,9.0,0.0,136.665,Manual Upload,Rejected,
4699.0,US-2015-138121,12/17/2015,12/17/2015,Same Day,JL-15835,John Lee,Consumer,United States,Detroit,Michigan,48205.0,Central,FUR-FU-10002116,Furniture,Furnishings,"Tenex Carpeted, Granite-Look or Clear Contemporary Contour Shape Chair Mats",212.13,3.0,0.0,14.8491,CRM,,Urgent
4700.0,CA-2017-140298,5/11/2017,5/17/2017,Standard Class,JK-16120,Julie Kriz,Home Office,United States,Austin,Texas,78745.0,Central,OFF-AR-10003481,Office Supplies,Art,Newell 348,5.248,2.0,0.2,0.5904,CRM,Approved,
4701.0,CA-2017-140298,5/11/2017,5/17/2017,Standard Class,JK-16120,Julie Kriz,Home Office,United States,Austin,Texas,78745.0,Central,OFF-ST-10004180,Office Supplies,Storage,Safco Commercial Shelving,74.416,2.0,0.2,-14.8832,Legacy,Approved,Duplicate?
4702.0,CA-2017-140298,5/11/2017,5/17/2017,Standard Class,JK-16120,Julie Kriz,Home Office,United States,Austin,Texas,78745.0,Central,OFF-PA-10003657,Office Supplies,Paper,Xerox 1927,6.848,2.0,0.2,2.14,ERP,Approved,Check later
4703.0,CA-2017-140298,5/11/2017,5/17/2017,Standard Class,JK-16120,Julie Kriz,Home Office,United States,Austin,Texas,78745.0,Central,FUR-FU-10001967,Furniture,Furnishings,Telescoping Adjustable Floor Lamp,7.996,1.0,0.6,-6.9965,CRM,,
4704.0,CA-2016-166240,6/24/2016,6/28/2016,Standard Class,DH-13075,Dave Hallsten,Corporate,United States,Houston,Texas,77095.0,Central,OFF-AP-10002082,Office Supplies,Appliances,Holmes HEPA Air Purifier,8.712,2.0,0.8,-19.602,Manual Upload,Rejected,Check later
4705.0,CA-2016-158435,5/17/2016,5/18/2016,First Class,AG-10900,Arthur Gainer,Consumer,United States,Waterbury,Connecticut,6708.0,East,OFF-SU-10000381,Office Supplies,Supplies,Acme Forged Steel Scissors with Black Enamel Handles,65.17,7.0,0.0,18.8993,ERP,,Check later
4706.0,CA-2016-158435,5/17/2016,5/18/2016,1st Class,AG-10900,Arthur Gainer,Consumer,United States,Waterbury,Connecticut,6708.0,East,OFF-LA-10002475,Office Supplies,Labels,Avery 519,14.62,2.0,0.0,6.8714,Manual Upload,Pending,Urgent
4707.0,CA-2016-158435,5/17/2016,5/18/2016,First Class,AG-10900,Arthur Gainer,Consumer,United States,Waterbury,Connecticut,6708.0,East,FUR-FU-10003975,Furniture,Furnishings,Eldon Advantage Chair Mats for Low to Medium Pile Carpets,173.24,4.0,0.0,17.324,ERP,,
4708.0,CA-2017-138149,6/29/2017,6/30/2017,First Class,WB-21850,William Brown,Consumer,United States,Los Angeles,California,90049.0,West,OFF-BI-10003091,Office Supplies,Binders,GBC DocuBind TL200 Manual Binding Machine,895.92,5.0,0.2,302.373,Legacy,Approved,
4709.0,CA-2017-138149,6/29/2017,6/30/2017,First Class,WB-21850,William Brown,Consumer,United States,Los Angeles,California,90049.0,West,OFF-ST-10002974,Office Supplies,Storage,"Trav-L-File Heavy-Duty Shuttle II, Black",130.71,3.0,0.0,39.213,CRM,,Urgent
4710.0,CA-2017-138149,6/29/2017,6/30/2017,First Class,WB-21850,William Brown,Consumer,United States,Los Angeles,California,90049.0,West,OFF-AR-10000255,Office Supplies,Art,Newell 328,11.68,2.0,0.0,3.0368,Manual Upload,Rejected,
4711.0,CA-2017-138149,2017/06/29,6/30/2017,First Class,WB-21850,William Brown,Consumer,United States,Los Angeles,California,90049.0,West,TEC-AC-10001284,Technology,Accessories,Enermax Briskie RF Wireless Keyboard and Mouse Combo,62.31,3.0,0.0,22.4316,Manual Upload,Rejected,Urgent
4712.0,CA-2014-112403,3/31/2014,3/31/2014,Same Day,JO-15280,Jas O'Carroll,Consumer,United States,Philadelphia,Pennsylvania,19120.0,East,OFF-BI-10003529,Office Supplies,Binders,Avery Round Ring Poly Binders,0.852,1.0,0.7,-0.5964,Legacy,,
4713.0,CA-2014-108273,12/16/2014,12/21/2014,Standard Class,EJ-13720,Ed Jacobs,Consumer,United States,Huntsville,Texas,77340.0,Central,OFF-PA-10000029,Office Supplies,Paper,Xerox 224,36.288,7.0,0.2,12.7008,Legacy,Pending,
4714.0,CA-2014-108273,12/16/2014,12/21/2014,Standard Class,EJ-13720,Ed Jacobs,Consumer,United States,Huntsville,Texas,77340.0,Central,FUR-FU-10002116,Furniture,Furnishings,"Tenex Carpeted, Granite-Look or Clear Contemporary Contour Shape Chair Mats",56.568,2.0,0.6,-74.9526,ERP,Rejected,Duplicate?
4715.0,CA-2017-121643,5/18/2017,5/20/2017,First Class,AB-10105,Adrian Barton,Consumer,United States,Portland,Oregon,97206.0,West,TEC-PH-10002200,Technology,Phones,Aastra 6757i CT Wireless VoIP phone,344.704,2.0,0.2,38.7792,ERP,Pending,Urgent
4716.0,US-2015-122910,5/12/2015,5/16/2015,Standard Class,LT-16765,Larry Tron,Consumer,United States,Louisville,Colorado,80027.0,West,TEC-PH-10000441,Technology,Phones,VTech DS6151,201.584,2.0,0.2,20.1584,CRM,Approved,Check later
4717.0,CA-2017-143126,12/3/2017,12/7/2017,Second Class,CM-12655,Corinna Mitchell,Home Office,United States,Seattle,Washington,98115.0,West,FUR-TA-10002958,Furniture,Tables,"Bevis Oval Conference Table, Walnut",521.96,2.0,0.0,88.7332,ERP,Rejected,
4718.0,CA-2015-129042,12/12/2015,12/17/2015,Standard Class,EM-13960,Eric Murdock,Consumer,United States,Baltimore,Maryland,21215.0,East,OFF-AR-10001662,Office Supplies,Art,Rogers Handheld Barrel Pencil Sharpener,8.22,3.0,0.0,2.2194,Legacy,,Urgent
4719.0,CA-2015-109736,10/10/2015,10/11/2015,First Class,DJ-13420,Denny Joy,Corporate,United States,San Francisco,California,94109.0,West,OFF-PA-10004101,Office Supplies,Paper,Xerox 1894,45.36,7.0,0.0,21.7728,ERP,Rejected,Urgent
4720.0,CA-2015-142601,4/18/2015,4/20/2015,Second Class,DE-13255,Deanra Eno,Home Office,United States,Los Angeles,California,90004.0,West,OFF-ST-10002756,Office Supplies,Storage,"Tennsco Stur-D-Stor Boltless Shelving, 5 Shelves, 24"" Deep, Sand",947.17,7.0,0.0,9.4717,Legacy,Approved,Check later
4721.0,CA-2015-142601,4/18/2015,4/20/2015,Second Class,DE-13255,Deanra Eno,Home Office,United States,Los Angeles,California,90004.0,West,OFF-PA-10000483,Office Supplies,Paper,Xerox 19,61.96,2.0,0.0,27.882,ERP,Approved,Check later
4722.0,CA-2014-106229,6/7/2014,6/11/2014,Second Class,NR-18550,Nick Radford,Consumer,United States,Aurora,Illinois,60505.0,Central,FUR-TA-10002041,Furniture,Tables,"Bevis Round Conference Table Top, X-Base",268.935,3.0,0.5,-209.7693,Legacy,Approved,Duplicate?
4723.0,US-2017-135230,9/1/2017,9/7/2017,Standard Class,CK-12325,Christine Kargatis,Home Office,United States,Seattle,Washington,98103.0,West,OFF-AR-10001166,Office Supplies,Art,Staples in misc. colors,7.58,1.0,0.0,2.9562,CRM,Pending,
4724.0,CA-2016-159653,5/22/2016,5/22/2016,Same Day,JF-15490,Jeremy Farry,Consumer,United States,Athens,Georgia,30605.0,South,OFF-LA-10004345,Office Supplies,Labels,Avery 493,14.73,3.0,0.0,7.2177,CRM,Approved,
4725.0,CA-2016-131968,11/11/2016,11/15/2016,Standard Class,LB-16795,Laurel Beltran,Home Office,United States,Apopka,Florida,32712.0,South,OFF-BI-10002852,Office Supplies,Binders,Ibico Standard Transparent Covers,9.888,2.0,0.7,-6.9216,Legacy,Approved,
4726.0,CA-2016-131968,11/11/2016,11/15/2016,Standard Class,LB-16795,Laurel Beltran,Home Office,United States,Apopka,Florida,32712.0,South,OFF-AP-10001058,Office Supplies,Appliances,Sanyo 2.5 Cubic Foot Mid-Size Office Refrigerators,671.544,3.0,0.2,50.3658,Legacy,Rejected,Urgent
4727.0,CA-2014-119151,11/25/2014,11/29/2014,Second Class,MP-18175,Mike Pelletier,Home Office,United States,New York City,New York,10009.0,East,OFF-ST-10003470,Office Supplies,Storage,"Tennsco Snap-Together Open Shelving Units, Starter Sets and Add-On Units",1117.92,4.0,0.0,55.896,Legacy,Pending,Check later
4728.0,CA-2014-119151,11/25/2014,11/29/2014,Second Class,MP-18175,Mike Pelletier,Home Office,United States,New York City,New York,10009.0,East,FUR-BO-10003159,Furniture,Bookcases,"Sauder Camden County Collection Libraries, Planked Cherry Finish",275.952,3.0,0.2,-37.9434,ERP,Pending,Duplicate?
4729.0,CA-2014-123323,11/7/2014,11/12/2014,Standard Class,LH-16900,Lena Hernandez,Consumer,United States,San Francisco,California,94110.0,West,OFF-BI-10003684,Office Supplies,Binders,Wilson Jones Legal Size Ring Binders,123.144,7.0,0.2,46.179,Legacy,Rejected,Duplicate?
4730.0,CA-2016-124681,7/18/2016,7/23/2016,Second Class,SV-20935,Susan Vittorini,Consumer,United States,Dallas,Texas,75217.0,Central,TEC-AC-10000487,Technology,Accessories,SanDisk Cruzer 4 GB USB Flash Drive,15.576,3.0,0.2,3.3099,Legacy,,
4731.0,US-2015-103996,3/29/2015,3/31/2015,Second Class,RB-19435,,Consumer,United States,San Diego,CA,92105.0,West,OFF-PA-10001736,Office Supplies,Paper,Xerox 1880,212.64,6.0,0.0,99.9408,ERP,Approved,
4732.0,US-2015-103996,3/29/2015,3/31/2015,Second Class,RB-19435,Richard Bierner,Consumer,United States,San Diego,California,92105.0,West,OFF-PA-10001609,Office Supplies,Paper,Tops Wirebound Message Log Books,9.87,3.0,0.0,4.5402,Manual Upload,,Urgent
4733.0,US-2015-103996,3/29/2015,3/31/2015,Second Class,RB-19435,Richard Bierner,Consumer,United States,San Diego,California,92105.0,West,TEC-AC-10003116,Technology,Accessories,Memorex Froggy Flash Drive 8 GB,53.25,3.0,0.0,20.7675,Legacy,Rejected,
4734.0,US-2015-103996,3/29/2015,3/31/2015,Second Class,RB-19435,Richard Bierner,Consumer,United States,San Diego,California,92105.0,West,FUR-FU-10004586,Furniture,Furnishings,G.E. Longer-Life Indoor Recessed Floodlight Bulbs,19.92,3.0,0.0,9.5616,ERP,Rejected,Duplicate?
4735.0,CA-2016-120530,4/7/2016,4/12/2016,Standard Class,Dl-13600,Dorris liebe,Corporate,United States,New York City,New York,10035.0,East,FUR-CH-10000454,Furniture,Chairs,"Hon Deluxe Fabric Upholstered Stacking Chairs, Rounded Back",658.746,3.0,0.1,146.388,CRM,Pending,Duplicate?
4736.0,CA-2015-155054,6/13/2015,6/19/2015,Standard Class,PS-19045,Penelope Sewall,Home Office,United States,Lewiston,Maine,4240.0,East,OFF-BI-10004970,Office Supplies,Binders,"ACCOHIDE 3-Ring Binder, Blue, 1""",8.26,2.0,0.0,3.8822,Manual Upload,Approved,Urgent
4737.0,CA-2015-155054,6/13/2015,6/19/2015,Standard Class,PS-19045,Penelope Sewall,Home Office,United States,Lewiston,Maine,4240.0,East,OFF-BI-10002824,Office Supplies,Binders,Recycled Easel Ring Binders,29.84,2.0,0.0,13.428,ERP,Rejected,Check later
4738.0,CA-2015-155054,6/13/2015,6/19/2015,Standard Class,PS-19045,Penelope Sewall,Home Office,United States,Lewiston,Maine,4240.0,East,TEC-AC-10003657,Technology,Accessories,Lenovo 17-Key USB Numeric Keypad,67.98,2.0,0.0,14.9556,ERP,,
4739.0,CA-2015-105725,2/18/2015,2/24/2015,Standard Class,GT-14755,Guy Thornton,Consumer,United States,Long Beach,California,90805.0,WEST,OFF-LA-10003510,Office Supplies,Labels,"Avery 4027 File Folder Labels for Dot Matrix Printers, 5000 Labels per Box, White",61.06,2.0,0.0,28.0876,ERP,Pending,
4740.0,CA-2015-105725,2/18/2015,2/24/2015,Standard Class,GT-14755,Guy Thornton,Consumer,United States,Long Beach,California,90805.0,West,FUR-TA-10001676,Furniture,Tables,Hon 61000 Series Interactive Training Tables,35.544,1.0,0.2,-0.8886,CRM,Approved,Urgent
4741.0,CA-2017-164364,11/12/2017,11/16/2017,Standard Class,CS-12355,Christine Sundaresam,Consumer,United States,Seattle,Washington,98115.0,West,OFF-LA-10004853,Office Supplies,Labels,Avery 483,9.96,2.0,0.0,4.5816,Manual Upload,,Check later
4742.0,CA-2017-164364,11/12/2017,11/16/2017,Standard Class,CS-12355,Christine Sundaresam,Consumer,United States,Seattle,Washington,98115.0,West,OFF-AR-10000315,Office Supplies,Art,"Dixon Ticonderoga Maple Cedar Pencil, #2",9.21,3.0,0.0,2.3025,Manual Upload,,Check later
4743.0,CA-2017-164364,11/12/2017,11/16/2017,Standard Class,CS-12355,Christine Sundaresam,Consumer,United States,Seattle,Washington,98115.0,West,OFF-SU-10000381,Office Supplies,Supplies,Acme Forged Steel Scissors with Black Enamel Handles,27.93,3.0,0.0,8.0997,ERP,Approved,Check later
4744.0,CA-2017-168123,3/5/2017,3/5/2017,Same Day,JD-16060,Julia Dunbar,Consumer,United States,Rochester,Minnesota,55901.0,Central,OFF-FA-10002763,Office Supplies,Fasteners,Advantus Map Pennant Flags and Round Head Tacks,7.9,2.0,0.0,2.528,Manual Upload,Approved,Duplicate?
4745.0,CA-2017-168123,3/5/2017,3/5/2017,Same Day,JD-16060,Julia Dunbar,Consumer,United States,Rochester,Minnesota,55901.0,Central,OFF-ST-10000877,Office Supplies,Storage,Recycled Steel Personal File for Standard File Folders,221.16,4.0,0.0,57.5016,Legacy,Pending,
4746.0,CA-2017-168123,3/5/2017,3/5/2017,Same Day,JD-16060,Julia Dunbar,Consumer,United States,Rochester,Minnesota,55901.0,Central,OFF-BI-10001071,Office Supplies,Binders,GBC ProClick Punch Binding System,127.96,2.0,0.0,62.7004,Manual Upload,Approved,
4747.0,CA-2017-168123,3/5/2017,3/5/2017,Same Day,JD-16060,Julia Dunbar,Consumer,United States,Rochester,Minnesota,55901.0,Central,OFF-BI-10001097,Office Supplies,Binders,Avery Hole Reinforcements,18.69,3.0,0.0,9.1581,CRM,Approved,
4748.0,CA-2016-120005,3/3/2016,3/3/2016,Same Day,TS-21160,Theresa Swint,Corporate,United States,San Francisco,California,94110.0,West,OFF-SU-10004782,Office Supplies,Supplies,"Elite 5"" Scissors",25.35,3.0,0.0,7.605,CRM,Pending,Duplicate?
4749.0,CA-2016-120005,3/3/2016,3/3/2016,Same Day,TS-21160,Theresa Swint,Corporate,United States,San Francisco,California,94110.0,West,FUR-FU-10000672,Furniture,Furnishings,"Executive Impressions 10"" Spectator Wall Clock",35.28,3.0,0.0,11.9952,ERP,Pending,
4750.0,CA-2016-123526,12/24/2016,12/25/2016,First Class,BV-11245,Benjamin Venier,Corporate,United States,Seattle,Washington,98103.0,West,OFF-PA-10002986,Office Supplies,Paper,Xerox 1898,33.4,5.0,0.0,16.032,CRM,Approved,Duplicate?
4751.0,CA-2016-127649,10/7/2016,10/9/2016,First Class,DL-13495,Dionis Lloyd,Corporate,United States,Spokane,Washington,99207.0,West,TEC-MA-10001972,Technology,Machines,Okidata C331dn Printer,837.6,3.0,0.2,62.82,Legacy,Rejected,Check later
4752.0,CA-2016-159989,12/9/2016,12/13/2016,standard class,EB-13870,Emily Burns,Consumer,United States,Franklin,Tennessee,37064.0,South,TEC-PH-10000169,Technology,Phones,ARKON Windshield Dashboard Air Vent Car Mount Holder,40.68,3.0,0.2,-9.153,Manual Upload,,Check later
4753.0,CA-2017-103499,11/20/2017,11/24/2017,Standard Class,ES-14020,Erica Smith,Consumer,United States,Jackson,Tennessee,38301.0,South,FUR-CH-10001482,Furniture,Chairs,Office Star - Mesh Screen back chair with Vinyl seat,209.568,2.0,0.2,-23.5764,Manual Upload,Approved,Duplicate?
4754.0,US-2015-167220,12/12/2015,12/16/2015,Standard Class,JB-15925,Joni Blumstein,Consumer,United States,Austin,Texas,78745.0,Central,TEC-AC-10002018,Technology,Accessories,AmazonBasics 3-Button USB Wired Mouse,22.368,4.0,0.2,6.4308,Legacy,Pending,
4755.0,CA-2017-126354,2/3/2017,2/8/2017,Standard Class,SC-20380,Shahid Collister,Consumer,United States,Pembroke Pines,Florida,33024.0,South,OFF-BI-10000301,Office Supplies,Binders,GBC Instant Report Kit,3.882,2.0,0.7,-2.588,Legacy,Pending,Duplicate?
4756.0,CA-2017-126354,2/3/2017,2/8/2017,Standard Class,SC-20380,Shahid Collister,Consumer,United States,Pembroke Pines,Florida,33024.0,South,OFF-PA-10004381,Office Supplies,Paper,14-7/8 x 11 Blue Bar Computer Printout Paper,115.296,3.0,0.2,40.3536,Legacy,Rejected,
4757.0,CA-2017-169817,9/21/2017,9/25/2017,Standard Class,EB-13870,Emily Burns,Consumer,United States,Philadelphia,Pennsylvania,19143.0,East,OFF-BI-10004141,Office Supplies,Binders,Insertable Tab Indexes For Data Binders,1.908,2.0,0.7,-1.5264,Manual Upload,Rejected,Urgent
4758.0,US-2017-144582,4/30/2017,5/5/2017,Standard Class,TC-21475,Tony Chapman,Home Office,United States,Danville,Illinois,61832.0,Central,OFF-BI-10001575,Office Supplies,Binders,GBC Linen Binding Covers,43.372,7.0,0.8,-69.3952,ERP,Pending,Check later
4759.0,CA-2014-121573,11/3/2014,11/7/2014,Standard Class,SG-20605,Speros Goranitis,Consumer,United States,New York City,New York,10009.0,East,TEC-PH-10000984,Technology,Phones,Panasonic KX-TG9471B,783.96,4.0,0.0,219.5088,Manual Upload,Approved,
4760.0,CA-2014-121573,11/3/2014,11/7/2014,Standard Class,SG-20605,Speros Goranitis,Consumer,United States,New York City,New York,10009.0,East,OFF-BI-10000666,Office Supplies,Binders,Surelock Post Binders,48.896,2.0,0.2,18.336,CRM,,Duplicate?
4761.0,CA-2014-121573,11/3/2014,11/7/2014,Standard Class,SG-20605,Speros Goranitis,Consumer,United States,New York City,New York,10009.0,East,OFF-BI-10003712,Office Supplies,Binders,"Acco Pressboard Covers with Storage Hooks, 14 7/8"" x 11"", Light Blue",7.856,2.0,0.2,2.8478,ERP,Pending,Duplicate?
4762.0,CA-2016-117660,12/30/2016,1/4/2017,Standard Class,BM-11785,Bryan Mills,Consumer,United States,Columbus,Ohio,43229.0,East,OFF-LA-10003720,Office Supplies,Labels,Avery 487,5.904,2.0,0.2,1.9926,ERP,Pending,
4763.0,CA-2016-117660,2016/12/30,1/4/2017,Standard Class,BM-11785,Bryan Mills,Consumer,United States,Columbus,Ohio,43229.0,East,OFF-SU-10001664,Office Supplies,Supplies,Acme Office Executive Series Stainless Steel Trimmers,13.712,2.0,0.2,1.0284,Manual Upload,Pending,Urgent
4764.0,CA-2014-112851,9/17/2014,9/21/2014,Standard Class,NR-18550,Nick Radford,Consumer,United States,Chula Vista,California,91911.0,West,OFF-EN-10001453,Office Supplies,Envelopes,"Tyvek Interoffice Envelopes, 9 1/2"" x 12 1/2"", 100/Box",182.94,3.0,0.0,85.9818,ERP,Approved,
4765.0,CA-2017-123701,11/24/2017,11/27/2017,First Class,PG-18820,Patrick Gardner,Consumer,United States,San Francisco,California,94110.0,West,OFF-AR-10001860,Office Supplies,Art,BIC Liqua Brite Liner,27.76,4.0,0.0,9.9936,Legacy,Pending,Duplicate?
4766.0,CA-2015-118227,4/24/2015,4/28/2015,Standard Class,DB-13270,Deborah Brumfield,Home Office,United States,New York City,New York,10009.0,East,OFF-AR-10001044,Office Supplies,Art,"BOSTON Ranger #55 Pencil Sharpener, Black",25.99,1.0,0.0,7.5371,Legacy,Pending,
4767.0,CA-2015-123155,3/9/2015,3/12/2015,First Class,NS-18640,Noel Staavos,Corporate,United States,San Antonio,Texas,78207.0,Central,TEC-AC-10002473,Technology,Accessories,Maxell 4.7GB DVD-R,113.52,5.0,0.2,29.799,Legacy,Pending,Duplicate?
4768.0,CA-2015-123155,3/9/2015,3/12/2015,First Class,NS-18640,Noel Staavos,Corporate,United States,San Antonio,Texas,78207.0,Central,TEC-PH-10001809,Technology,Phones,Panasonic KX T7736-B Digital phone,359.88,3.0,0.2,22.4925,ERP,Approved,Duplicate?
4769.0,CA-2017-158883,6/2/2017,6/3/2017,Same Day,CS-11860,Cari Schnelling,Consumer,United States,Jacksonville,North Carolina,28540.0,South,OFF-PA-10004733,Office Supplies,Paper,Things To Do Today Spiral Book,25.344,4.0,0.2,9.1872,Legacy,Pending,
4770.0,US-2016-114888,9/19/2016,9/24/2016,Second Class,CC-12430,Chuck Clark,Home Office,United States,San Francisco,California,94109.0,West,OFF-BI-10003355,Office Supplies,Binders,Cardinal Holdit Business Card Pockets,11.952,3.0,0.2,4.1832,Manual Upload,Pending,
4771.0,US-2016-114888,9/19/2016,9/24/2016,Second Class,CC-12430,Chuck Clark,Home Office,United States,San Francisco,California,94109.0,West,OFF-SU-10001212,Office Supplies,Supplies,Kleencut Forged Office Shears by Acme United Corporation,6.24,3.0,0.0,1.872,ERP,,
4772.0,US-2014-167262,10/31/2014,11/3/2014,Second Class,AC-10450,Amy Cox,Consumer,United States,Avondale,Arizona,85323.0,West,TEC-PH-10000486,Technology,Phones,Plantronics HL10 Handset Lifter,742.336,8.0,0.2,83.5128,ERP,,Check later
4773.0,CA-2017-119746,11/23/2017,11/27/2017,Standard Class,CM-12385,Christopher Martinez,Consumer,United States,Chicago,Illinois,60610.0,Central,FUR-FU-10004909,Furniture,Furnishings,Contemporary Wood/Metal Frame,6.464,1.0,0.6,-4.04,ERP,Approved,Urgent
4774.0,CA-2017-119746,11/23/2017,11/27/2017,Standard Class,CM-12385,Christopher Martinez,Consumer,United States,Chicago,Illinois,60610.0,Central,OFF-LA-10001613,Office Supplies,Labels,Avery File Folder Labels,11.52,5.0,0.2,4.176,Manual Upload,Approved,Duplicate?
4775.0,CA-2017-119746,11/23/2017,11/27/2017,Standard Class,CM-12385,Christopher Martinez,Consumer,United States,Chicago,Illinois,60610.0,Central,TEC-PH-10004447,Technology,Phones,Toshiba IPT2010-SD IP Telephone,222.384,2.0,0.2,16.6788,ERP,,Urgent
4776.0,CA-2017-108091,11/16/2017,11/21/2017,Standard Class,EK-13795,Eileen Kiefer,Home Office,United States,Escondido,California,92025.0,West,OFF-AR-10000255,Office Supplies,Art,Newell 328,23.36,4.0,0.0,6.0736,Manual Upload,Approved,Duplicate?
4777.0,CA-2016-101630,2/19/2016,2/23/2016,Second Class,CK-12760,Cyma Kinney,Corporate,United States,Long Beach,New York,11561.0,East,OFF-LA-10004425,Office Supplies,Labels,Staple-on labels,8.67,3.0,0.0,4.0749,Manual Upload,Approved,Check later
4778.0,CA-2016-101630,2/19/2016,2/23/2016,Second Class,CK-12760,Cyma Kinney,Corporate,United States,Long Beach,New York,11561.0,East,OFF-SU-10001664,Office Supplies,Supplies,Acme Office Executive Series Stainless Steel Trimmers,25.71,3.0,0.0,6.6846,Manual Upload,Pending,
4779.0,CA-2017-132346,07 Nov 2017,11/11/2017,Standard Class,PK-19075,Pete Kriz,Consumer,United States,Newark,Delaware,19711.0,East,OFF-AP-10000696,Office Supplies,Appliances,Holmes Odor Grabber,100.94,7.0,0.0,33.3102,ERP,,
4780.0,CA-2014-150301,7/8/2014,7/10/2014,First Class,MH-18025,Michelle Huthwaite,Consumer,United States,Buffalo,New York,14215.0,East,FUR-CH-10002647,Furniture,Chairs,"Situations Contoured Folding Chairs, 4/Set",63.882,1.0,0.1,10.647,Legacy,Pending,
4781.0,CA-2014-159310,11/7/2014,11/12/2014,Standard Class,SC-20725,Steven Cartwright,Consumer,United States,Houston,Texas,77070.0,Central,FUR-CH-10002758,Furniture,Chairs,"Hon Deluxe Fabric Upholstered Stacking Chairs, Squared Back",683.144,4.0,0.3,0.0,Legacy,Approved,Duplicate?
4782.0,CA-2014-159310,11/7/2014,11/12/2014,Standard Class,SC-20725,Steven Cartwright,Consumer,United States,Houston,Texas,77070.0,Central,OFF-BI-10000201,Office Supplies,Binders,"Avery Triangle Shaped Sheet Lifters, Black, 2/Pack",1.476,3.0,0.8,-2.214,ERP,Pending,
4783.0,CA-2014-159310,11/7/2014,11/12/2014,Standard Class,SC-20725,Steven Cartwright,Consumer,United States,Houston,Texas,77070.0,Central,OFF-SU-10004115,Office Supplies,Supplies,Acme Stainless Steel Office Snips,40.712,7.0,0.2,3.5623,CRM,Approved,
4784.0,US-2017-147984,1/28/2017,2/1/2017,Standard Class,GB-14575,Giulietta Baptist,Consumer,United States,Wichita,Kansas,67212.0,Central,OFF-PA-10000806,Office Supplies,Paper,Xerox 1934,279.9,5.0,0.0,137.151,CRM,Rejected,Check later
4785.0,CA-2015-104346,12/11/2015,12/16/2015,Standard Class,IM-15070,Irene Maddox,Consumer,United States,Colorado Springs,Colorado,80906.0,West,OFF-AR-10001473,Office Supplies,Art,Newell 313,13.12,5.0,0.2,1.148,CRM,,Duplicate?
4786.0,CA-2015-104346,12/11/2015,12/16/2015,Standard Class,IM-15070,IRENE MADDOX,Consumer,United States,Colorado Springs,Colorado,80906.0,West,FUR-BO-10003450,Furniture,Bookcases,"Bush Westfield Collection Bookcases, Dark Cherry Finish",69.576,4.0,0.7,-143.7904,CRM,Pending,
4787.0,CA-2015-104346,12/11/2015,12/16/2015,Standard Class,IM-15070,Irene Maddox,Consumer,United States,Colorado Springs,Colorado,80906.0,West,OFF-AR-10001545,Office Supplies,Art,Newell 326,4.224,3.0,0.2,0.4752,Manual Upload,Rejected,
4788.0,CA-2015-104346,12/11/2015,12/16/2015,Standard Class,IM-15070,IreneMaddox,Consumer,United States,Colorado Springs,Colorado,80906.0,West,TEC-AC-10004396,Technology,Accessories,Logitech Keyboard K120,58.08,4.0,0.2,-6.534,Manual Upload,Approved,Urgent
4789.0,CA-2015-104346,12/11/2015,12/16/2015,Standard Class,IM-15070,Irene Maddox,Consumer,United States,Colorado Springs,Colorado,80906.0,West,FUR-FU-10002456,Furniture,Furnishings,"Master Caster Door Stop, Large Neon Orange",52.416,9.0,0.2,15.0696,CRM,,Duplicate?
4790.0,CA-2015-104346,12/11/2015,12/16/2015,Standard Class,IM-15070,Irene Maddox,Consumer,United States,Colorado Springs,Colorado,80906.0,West,FUR-FU-10001473,Furniture,Furnishings,DAX Wood Document Frame,54.92,5.0,0.2,10.984,ERP,Pending,
4791.0,CA-2015-104346,12/11/2015,12/16/2015,Standard Class,IM-15070,Irene Maddox,Consumer,United States,Colorado Springs,Colorado,80906.0,West,FUR-TA-10000849,Furniture,Tables,Bevis Rectangular Conference Tables,364.95,5.0,0.5,-248.166,ERP,,Urgent
4792.0,CA-2015-104346,12/11/2015,12/16/2015,Standard Class,IM-15070,Irene Maddox,Consumer,United States,Colorado Springs,Colorado,80906.0,West,OFF-PA-10001166,Office Supplies,Paper,Xerox 1932,85.056,3.0,0.2,28.7064,ERP,Pending,
4793.0,CA-2015-104346,12/11/2015,12/16/2015,Standard Class,IM-15070,Irene Maddox,Consumer,United States,Colorado Springs,Colorado,80906.0,West,OFF-PA-10003256,Office Supplies,Paper,Avery Personal Creations Heavyweight Cards,27.696,3.0,0.2,9.6936,Legacy,Approved,Duplicate?
4794.0,US-2015-141684,6/29/2015,7/4/2015,Standard Class,MM-18055,Michelle Moray,Consumer,United States,New York City,New York,10011.0,East,OFF-PA-10002870,Office Supplies,Paper,"Ampad Phone Message Book, Recycled, 400 Message Capacity, 5 ¾ x 11",24.96,4.0,0.0,0.0,ERP,Rejected,
4795.0,CA-2015-144722,3/16/2015,3/23/2015,Standard Class,MF-18250,Monica Federle,Corporate,United States,Los Angeles,California,90036.0,West,FUR-FU-10001215,Furniture,Furnishings,"Howard Miller 11-1/2"" Diameter Brentwood Wall Clock",43.13,1.0,0.0,18.1146,Legacy,Rejected,Urgent
4796.0,CA-2015-120516,8/13/2015,8/17/2015,Standard Class,CK-12595,Clytie Kelty,Consumer,United States,Marietta,Georgia,30062.0,South,OFF-BI-10004187,Office Supplies,Binders,3-ring staple pack,5.64,3.0,0.0,2.7072,Manual Upload,Pending,Check later
4797.0,US-2016-148901,5/14/2016,5/19/2016,Standard Class,MK-17905,Michael Kennedy,Corporate,United States,Jacksonville,Florida,32216.0,South,OFF-BI-10001718,Office Supplies,Binders,GBC DocuBind P50 Personal Binding Machine,57.582,3.0,0.7,-44.1462,CRM,Approved,
4798.0,US-2016-148901,5/14/2016,5/19/2016,Standard Class,MK-17905,Michael Kennedy,Corporate,United States,Jacksonville,Florida,32216.0,South,OFF-PA-10004983,Office Supplies,Paper,Xerox 23,31.104,6.0,0.2,10.8864,ERP,Pending,Duplicate?
4799.0,US-2016-148901,5/14/2016,5/19/2016,Standard Class,MK-17905,Michael Kennedy,Corporate,United States,Jacksonville,Florida,32216.0,South,FUR-FU-10002396,Furniture,Furnishings,"DAX Copper Panel Document Frame, 5 x 7 Size",30.192,3.0,0.2,8.3028,ERP,Rejected,Check later
4800.0,US-2016-148901,5/14/2016,5/19/2016,Standard Class,MK-17905,Michael Kennedy,Corporate,United States,Jacksonville,Florida,ABCDE,South,TEC-PH-10003988,Technology,Phones,"LF Elite 3D Dazzle Designer Hard Case Cover, Lf Stylus Pen and Wiper For Apple Iphone 5c Mini Lite",43.6,5.0,0.2,4.36,Manual Upload,Rejected,
4801.0,US-2016-148901,5/14/2016,5/19/2016,Standard Class,MK-17905,Michael Kennedy,Corporate,United States,Jacksonville,Florida,32216.0,South,OFF-AR-10002467,Office Supplies,Art,Dixon Ticonderoga Pencils,4.768,2.0,0.2,0.4172,ERP,Rejected,
4802.0,US-2016-148901,5/14/2016,5/19/2016,Standard Class,MK-17905,Michael Kennedy,Corporate,United States,Jacksonville,Florida,32216.0,South,OFF-BI-10004002,Office Supplies,Binders,Wilson Jones International Size A4 Ring Binders,10.38,2.0,0.99,-7.612,Legacy,,Urgent
4803.0,US-2016-148901,5/14/2016,5/19/2016,Standard Class,MK-17905,Michael Kennedy,Corporate,United States,Jacksonville,Florida,UNKNOWN,South,OFF-BI-10002309,Office Supplies,Binders,Avery Heavy-Duty EZD  Binder With Locking Rings,13.392,8.0,0.7,-9.8208,ERP,Pending,
4804.0,CA-2017-136364,7/13/2017,7/17/2017,Second Class,MH-17455,Mark Hamilton,Consumer,United States,Philadelphia,Pennsylvania,19140.0,East,TEC-PH-10003885,Technology,Phones,Cisco SPA508G,39.594,1.0,0.4,-7.2589,ERP,Approved,Duplicate?
4805.0,CA-2017-136364,7/13/2017,7/17/2017,Second Class,MH-17455,Mark Hamilton,Consumer,United States,Philadelphia,Pennsylvania,19140.0,East,FUR-FU-10002501,Furniture,Furnishings,Nu-Dell Executive Frame,91.008,9.0,0.2,19.3392,Manual Upload,Approved,Duplicate?
4806.0,CA-2015-137708,11/22/2015,11/25/2015,Second Class,NG-18430,Nathan Gelder,Consumer,United States,Los Angeles,California,90008.0,West,OFF-PA-10000176,Office Supplies,Paper,Xerox 1887,37.94,2.0,0.0,18.2112,Manual Upload,,
4807.0,CA-2015-137708,11/22/2015,11/25/2015,Second Class,NG-18430,Nathan Gelder,Consumer,United States,Los Angeles,California,90008.0,West,OFF-PA-10000327,Office Supplies,Paper,Xerox 1971,42.8,10.0,0.0,19.26,CRM,,Check later
4808.0,CA-2015-137708,11/22/2015,11/25/2015,Second Class,NG-18430,Nathan Gelder,Consumer,United States,Los Angeles,California,90008.0,West,OFF-ST-10004634,Office Supplies,Storage,"Personal Folder Holder, Ebony",33.63,3.0,0.0,10.089,Legacy,,Urgent
4809.0,CA-2014-149055,11/23/2014,11/28/2014,Standard Class,PB-19210,Phillip Breyer,Corporate,United States,Philadelphia,Pennsylvania,19134.0,East,OFF-EN-10003040,Office Supplies,Envelopes,Quality Park Security Envelopes,62.808,3.0,0.2,21.1977,ERP,Rejected,Duplicate?
4810.0,CA-2015-151589,12/27/2015,12/30/2015,First Class,RE-19450,Richard Eichhorn,Consumer,United States,Eau Claire,Wisconsin,54703.0,Central,OFF-PA-10003228,Office Supplies,Paper,Xerox 1917,195.64,4.0,0.0,91.9508,Manual Upload,Approved,
4811.0,CA-2015-151589,12/27/2015,12/30/2015,First Class,RE-19450,Richard Eichhorn,Consumer,United States,Eau Claire,Wisconsin,54703.0,Central,TEC-PH-10004345,Technology,Phones,Cisco SPA 502G IP Phone,239.9,2.0,0.0,71.97,Manual Upload,,
4812.0,CA-2016-121370,11/14/2016,11/19/2016,Second Class,EB-14110,Eugene Barchas,Consumer,United States,Philadelphia,Pennsylvania,19134.0,East,FUR-CH-10000785,Furniture,Chairs,Global Ergonomic Managers Chair,380.058,3.0,0.3,-21.7176,ERP,Pending,Urgent
4813.0,CA-2016-121370,11/14/2016,11/19/2016,Second Class,EB-14110,Eugene Barchas,Consumer,United States,Philadelphia,Pennsylvania,19134.0,East,TEC-CO-10004115,Technology,Copiers,Sharp AL-1530CS Digital Copier,1199.976,4.0,0.4,179.9964,Legacy,Pending,
4814.0,CA-2016-121370,14 Nov 2016,11/19/2016,Second Class,EB-14110,Eugene Barchas,Consumer,United States,Philadelphia,Pennsylvania,19134.0,East,FUR-FU-10002813,Furniture,Furnishings,"DAX Contemporary Wood Frame with Silver Metal Mat, Desktop, 11 x 14 Size",48.576,3.0,0.2,9.7152,ERP,,
4815.0,CA-2016-111696,5/8/2016,5/10/2016,First Class,TB-21625,Trudy Brown,Consumer,United States,Los Angeles,California,90004.0,West,OFF-PA-10002751,Office Supplies,Paper,Xerox 1920,17.94,3.0,0.0,8.073,CRM,Approved,
4816.0,CA-2014-139598,12/26/2014,12/31/2014,Standard Class,MG-17695,Maureen Gnade,Consumer,United States,Philadelphia,Pennsylvania,19134.0,East,OFF-PA-10004569,Office Supplies,Paper,"Wirebound Message Books, Two 4 1/4"" x 5"" Forms per Page",18.264,3.0,0.2,6.1641,Manual Upload,Pending,
4817.0,CA-2014-139598,12/26/2014,12/31/2014,Standard Class,MG-17695,Maureen Gnade,Consumer,United States,Philadelphia,Pennsylvania,19134.0,East,OFF-AP-10002998,Office Supplies,Appliances,Holmes 99% HEPA Air Purifier,34.656,2.0,0.2,5.6316,CRM,Rejected,Check later
4818.0,CA-2014-139598,12/26/2014,12/31/2014,Standard Class,MG-17695,Maureen Gnade,Consumer,United States,Philadelphia,Pennsylvania,19134.0,East,OFF-AP-10003287,Office Supplies,Appliances,Tripp Lite TLP810NET Broadband Surge for Modem/Fax,81.552,2.0,0.2,8.1552,Legacy,,
4819.0,CA-2014-139598,12/26/2014,12/31/2014,Standard Class,MG-17695,Maureen Gnade,Consumer,United States,Philadelphia,Pennsylvania,19134.0,East,OFF-ST-10001370,Office Supplies,Storage,Sensible Storage WireTech Storage Systems,227.136,4.0,0.2,-42.588,CRM,Pending,Urgent
4820.0,CA-2017-117436,6/8/2017,6/14/2017,Standard Class,LW-17125,Liz Willingham,Consumer,United States,Norwich,Connecticut,6360.0,East,OFF-BI-10004040,Office Supplies,Binders,Wilson Jones Impact Binders,10.36,2.0,0.0,5.0764,ERP,,Check later
4821.0,CA-2015-140025,4/7/2015,4/11/2015,Standard Class,PF-19120,Peter Fuller,Consumer,United States,San Antonio,Texas,78207.0,Central,OFF-AP-10002651,Office Supplies,Appliances,Hoover Upright Vacuum With Dirt Cup,463.248,8.0,0.8,-1181.2824,ERP,,Urgent
4822.0,CA-2015-140025,4/7/2015,4/11/2015,Standard Class,PF-19120,Peter Fuller,Consumer,United States,San Antonio,Texas,78207.0,Central,TEC-AC-10002402,Technology,Accessories,Razer Kraken PRO Over Ear PC and Music Headset,383.952,6.0,0.2,47.994,ERP,Rejected,
4823.0,CA-2016-134222,7/10/2016,7/11/2016,Same Day,NZ-18565,Nick Zandusky,Home Office,United States,Yuma,Arizona,85364.0,West,OFF-BI-10001658,Office Supplies,Binders,GBC Standard Therm-A-Bind Covers,44.856,6.0,0.7,-35.8848,Legacy,,Check later
4824.0,CA-2016-140018,11/21/2016,11/26/2016,Standard Class,CK-12205,Chloris Kastensmidt,Consumer,United States,Columbus,Ohio,43229.0,East,TEC-MA-10000752,Technology,Machines,Texas Instrument TI-15 Fraction Calculator,30.345,7.0,0.7,-24.276,CRM,,
4825.0,CA-2016-140018,11/21/2016,11/26/2016,Standard Class,CK-12205,Chloris Kastensmidt,Consumer,United States,Columbus,Ohio,43229.0,East,FUR-CH-10003817,Furniture,Chairs,"Global Value Steno Chair, Gray",127.554,3.0,0.3,-9.111,Legacy,Pending,
4826.0,CA-2016-140018,11/21/2016,11/26/2016,Standard Class,CK-12205,Chloris Kastensmidt,Consumer,United States,Columbus,Ohio,43229.0,EAST,FUR-FU-10001876,Furniture,Furnishings,"Computer Room Manger, 14""",77.952,3.0,0.2,15.5904,Manual Upload,,Duplicate?
4827.0,US-2017-136707,11/12/2017,11/15/2017,First Class,JE-15610,Jim Epp,Corporate,United States,Los Angeles,California,90036.0,West,OFF-BI-10003460,Office Supplies,Binders,Acco 3-Hole Punch,14.016,4.0,0.2,4.9056,Manual Upload,Approved,Urgent
4828.0,CA-2014-152562,11/1/2014,11/8/2014,Standard Class,JO-15145,Jack O'Briant,Corporate,United States,Richmond,Kentucky,40475.0,South,OFF-ST-10000464,Office Supplies,Storage,"Multi-Use Personal File Cart and Caster Set, Three Stacking Bins",69.52,2.0,0.0,19.4656,ERP,Approved,
4829.0,CA-2014-152562,11/1/2014,11/8/2014,Standard Class,JO-15145,Jack O'Briant,Corporate,United States,Richmond,Kentucky,40475.0,South,OFF-AR-10001919,Office Supplies,Art,"OIC #2 Pencils, Medium Soft",5.64,3.0,0.0,1.6356,Manual Upload,Pending,
4830.0,CA-2016-152408,5/15/2016,5/21/2016,Standard Class,TT-21220,Thomas Thornton,Consumer,United States,New York City,New York,10035.0,East,OFF-BI-10002393,Office Supplies,Binders,Binder Posts,13.776,3.0,0.2,4.4772,Legacy,Approved,Urgent
4831.0,CA-2014-120278,11/7/2014,11/12/2014,Standard Class,MS-17365,Maribeth Schnelling,Consumer,United States,Wausau,Wisconsin,54401.0,Central,OFF-AP-10001293,Office Supplies,Appliances,Belkin 8 Outlet Surge Protector,245.88,6.0,0.0,68.8464,CRM,Approved,
4832.0,CA-2014-120278,11/7/2014,11/12/2014,Standard Class,MS-17365,Maribeth Schnelling,Consumer,United States,Wausau,Wisconsin,54401.0,Central,OFF-ST-10004258,Office Supplies,Storage,Portable Personal File Box,36.63,3.0,0.0,9.8901,CRM,Rejected,
4833.0,CA-2014-120278,11/7/2014,11/12/2014,Standard Class,MS-17365,Maribeth Schnelling,Consumer,United States,Wausau,Wisconsin,54401.0,Central,OFF-ST-10002214,Office Supplies,Storage,X-Rack File for Hanging Folders,22.58,2.0,0.0,5.8708,Manual Upload,Rejected,Duplicate?
4834.0,CA-2014-120278,11/7/2014,11/12/2014,Standard Class,MS-17365,Maribeth Schnelling,Consumer,United States,Wausau,Wisconsin,54401.0,Central,OFF-BI-10004970,Office Supplies,Binders,"ACCOHIDE 3-Ring Binder, Blue, 1""",12.39,3.0,0.0,5.8233,Legacy,Pending,Check later
4835.0,CA-2017-167661,10/5/2017,10/10/2017,Standard Class,MP-18175,Mike Pelletier,Home Office,United States,San Francisco,California,94110.0,West,OFF-BI-10002571,Office Supplies,Binders,"Avery Framed View Binder, EZD Ring (Locking), Navy, 1 1/2""",39.92,5.0,0.2,13.473,ERP,Pending,Urgent
4836.0,CA-2017-167661,10/5/2017,10/10/2017,Standard Class,MP-18175,Mike Pelletier,Home Office,United States,San Francisco,California,94110.0,West,OFF-PA-10002581,Office Supplies,Paper,Xerox 1951,61.96,2.0,0.0,27.882,ERP,Approved,Duplicate?
4837.0,CA-2017-167661,10/5/2017,10/10/2017,Standard Class,MP-18175,Mike Pelletier,Home Office,United States,San Francisco,California,94110.0,West,OFF-BI-10001097,Office Supplies,Binders,Avery Hole Reinforcements,19.936,4.0,0.2,7.2268,Manual Upload,Pending,
4838.0,CA-2017-106831,6/1/2017,6/3/2017,First Class,FH-14350,Fred Harton,Consumer,United States,Dublin,Ohio,43017.0,East,OFF-BI-10003429,Office Supplies,Binders,"Cardinal HOLDit! Binder Insert Strips,Extra Strips",3.798,2.0,0.7,-9999.0,Legacy,Pending,Duplicate?
4839.0,CA-2017-106831,6/1/2017,6/3/2017,First Class,FH-14350,Fred Harton,Consumer,United States,Dublin,Ohio,43017.0,East,OFF-PA-10000682,Office Supplies,Paper,Xerox 1924,27.744,6.0,0.2,10.0572,Legacy,Approved,Urgent
4840.0,CA-2017-106831,6/1/2017,6/3/2017,First Class,FH-14350,Fred Harton,Consumer,United States,Dublin,Ohio,43017.0,East,TEC-PH-10001700,Technology,Phones,Panasonic KX-TG6844B Expandable Digital Cordless Telephone,158.376,4.0,0.4,-34.3148,CRM,,
4841.0,CA-2017-154123,11/20/2017,11/25/2017,Standard Class,SC-20050,Sample Company A,Home Office,United States,Henderson,Kentucky,42420.0,South,FUR-FU-10000629,Furniture,Furnishings,9-3/4 Diameter Round Wall Clock,27.58,2.0,0.0,11.5836,ERP,Approved,Duplicate?
4842.0,CA-2016-136049,12/23/2016,12/28/2016,Standard Class,NM-18520,Neoma Murray,Consumer,United States,Bowling Green,Ohio,43402.0,East,OFF-BI-10001267,Office Supplies,Binders,"Universal Recycled Hanging Pressboard Report Binders, Letter Size",5.553,3.0,0.7,-4.0722,Legacy,,Urgent
4843.0,CA-2017-118402,9/29/2017,2017-10-04,Standard Class,JO-15280,Jas O'Carroll,Consumer,United States,Memphis,Tennessee,38109.0,South,OFF-ST-10001418,Office Supplies,Storage,Carina Media Storage Towers in Natural & Black,243.92,5.0,0.2,-54.882,CRM,Approved,Check later
4844.0,US-2016-139388,11/7/2016,11/9/2016,First Class,CC-12475,Cindy Chapman,Consumer,United States,Lakewood,New Jersey,8701.0,East,OFF-FA-10004968,Office Supplies,Fasteners,Rubber Band Ball,14.96,4.0,0.0,0.2992,Manual Upload,Rejected,Check later
4845.0,US-2014-128685,4/4/2014,4/5/2014,First Class,MZ-17515,Mary Zewe,Corporate,United States,Los Angeles,California,90008.0,West,OFF-BI-10004140,Office Supplies,Binders,Avery Non-Stick Binders,7.184,2.0,0.2,2.245,CRM,,
4846.0,CA-2015-124044,7/23/2015,7/26/2015,Second Class,MS-17830,Melanie Seite,Consumer,United States,Rochester,New York,14609.0,East,OFF-BI-10003460,Office Supplies,Binders,Acco 3-Hole Punch,10.512,3.0,0.2,3.6792,ERP,Rejected,
4847.0,CA-2014-164469,6/25/2014,6/27/2014,Second Class,GK-14620,Grace Kelly,Corporate,United States,Salem,Oregon,97301.0,West,TEC-PH-10002115,Technology,Phones,Plantronics 81402,263.96,5.0,0.2,19.797,Manual Upload,Approved,Check later
4848.0,CA-2014-164469,6/25/2014,6/27/2014,Second Class,GK-14620,Grace Kelly,Corporate,United States,Salem,Oregon,97301.0,West,OFF-AR-10003478,Office Supplies,Art,"Avery Hi-Liter EverBold Pen Style Fluorescent Highlighters, 4/Pack",71.632,11.0,0.2,17.908,ERP,Approved,
4849.0,CA-2014-164469,6/25/2014,6/27/2014,Second Class,GK-14620,Grace Kelly,Corporate,United States,Salem,Oregon,97301.0,West,OFF-AR-10000475,Office Supplies,Art,"Hunt BOSTON Vista Battery-Operated Pencil Sharpener, Black",9.328,1.0,0.2,0.8162,ERP,Approved,Duplicate?
4850.0,CA-2014-107818,9/8/2014,9/14/2014,Standard Class,MC-17275,Marc Crier,Consumer,United States,Pasco,Washington,99301.0,West,OFF-AR-10003045,Office Supplies,Art,Prang Colored Pencils,5.88,2.0,0.0,2.646,Manual Upload,Pending,Urgent
4851.0,CA-2014-107818,9/8/2014,9/14/2014,Standard Class,MC-17275,Marc Crier,Consumer,United States,Pasco,Washington,99301.0,West,FUR-CH-10000454,Furniture,Chairs,"Hon Deluxe Fabric Upholstered Stacking Chairs, Rounded Back",975.92,5.0,0.2,121.99,Legacy,,Duplicate?
4852.0,CA-2014-107818,9/8/2014,9/14/2014,Standard Class,MC-17275,Marc Crier,Consumer,United States,Pasco,Washington,99301.0,West,OFF-AR-10000380,Office Supplies,Art,"Hunt PowerHouse Electric Pencil Sharpener, Blue",303.84,8.0,0.0,91.152,Legacy,,Duplicate?
4853.0,CA-2014-107818,9/8/2014,9/14/2014,Standard Class,MC-17275,Marc Crier,Consumer,United States,Pasco,washington,99301.0,West,OFF-ST-10000736,Office Supplies,Storage,Carina Double Wide Media Storage Towers in Natural & Black,485.88,6.0,0.0,19.4352,Manual Upload,Pending,
4854.0,CA-2014-113320,12/12/2014,12/15/2014,Second Class,LH-17155,Logan Haushalter,Consumer,United States,Oakland,California,94601.0,West,FUR-FU-10004270,Furniture,Furnishings,"Eldon Image Series Desk Accessories, Burgundy",12.54,3.0,0.0,4.5144,CRM,Approved,Urgent
4855.0,CA-2014-113320,12/12/2014,12/15/2014,Second Class,LH-17155,Logan Haushalter,Consumer,United States,Oakland,California,94601.0,West,OFF-ST-10000617,Office Supplies,Storage,Woodgrain Magazine Files by Perma,8.94,3.0,0.0,0.6258,Legacy,Rejected,Check later
4856.0,CA-2014-113320,12/12/2014,12/15/2014,Second Class,LH-17155,Logan Haushalter,Consumer,United States,Oakland,California,94601.0,West,FUR-FU-10001706,Furniture,Furnishings,Longer-Life Soft White Bulbs,9.24,3.0,0.0,4.4352,Manual Upload,Pending,
4857.0,CA-2015-137526,1/13/2015,1/17/2015,Standard Class,PB-19150,Philip Brown,Consumer,United States,Los Angeles,California,90004.0,West,OFF-BI-10003364,Office Supplies,Binders,Binding Machine Supplies,70.008,3.0,0.2,24.5028,Legacy,Approved,Urgent
4858.0,CA-2015-137526,1/13/2015,1/17/2015,Standard Class,PB-19150,Philip Brown,Consumer,United States,Los Angeles,California,90004.0,West,FUR-FU-10001861,Furniture,Furnishings,"Floodlight Indoor Halogen Bulbs, 1 Bulb per Pack, 60 Watts",77.6,4.0,0.0,38.024,Manual Upload,Approved,Urgent
4859.0,CA-2015-137526,1/13/2015,1/17/2015,Standard Class,PB-19150,Philip Brown,Consumer,United States,Los Angeles,California,90004.0,West,FUR-FU-10004845,Furniture,Furnishings,"Deflect-o EconoMat Nonstudded, No Bevel Mat",464.85,9.0,0.0,92.97,ERP,Approved,
4860.0,CA-2017-136063,12/15/2017,12/19/2017,Standard Class,SS-20140,Saphhira Shifley,Corporate,United States,Oak Park,Illinois,60302.0,Central,OFF-AR-10000823,Office Supplies,Art,Newell 307,10.192,7.0,0.2,1.0192,ERP,Rejected,Duplicate?
4861.0,CA-2016-101546,12/18/2016,12/24/2016,Standard Class,GK-14620,Grace Kelly,Corporate,United States,Morristown,New Jersey,7960.0,East,OFF-BI-10001359,Office Supplies,Binders,GBC DocuBind TL300 Electric Binding System,1793.98,2.0,0.0,843.1706,Manual Upload,Pending,Urgent
4862.0,CA-2014-138940,4/11/2014,4/16/2014,Second Class,GM-14455,Gary Mitchum,Home Office,United States,Austin,Texas,78745.0,Central,TEC-PH-10001835,Technology,Phones,Jawbone JAMBOX Wireless Bluetooth Speaker,758.352,6.0,0.2,265.4232,Legacy,Rejected,
4863.0,CA-2016-125164,10-11-2016,11/14/2016,Standard Class,SH-19975,Sally Hughsby,Corporate,United States,New York City,New York,10011.0,East,OFF-BI-10001191,Office Supplies,Binders,Canvas Sectional Post Binders,20.368,1.0,0.2,7.3834,Legacy,Approved,Duplicate?
4864.0,CA-2016-125164,11/10/2016,11/14/2016,Standard Class,SH-19975,Sally Hughsby,Corporate,United States,New York City,New York,10011.0,East,OFF-BI-10003982,Office Supplies,Binders,Wilson Jones Century Plastic Molded Ring Binders,49.848,3.0,0.2,16.8237,CRM,Rejected,
4865.0,CA-2017-163531,6/26/2017,6/30/2017,Standard Class,SC-20725,Steven Cartwright,Consumer,United States,New York City,New York,10024.0,East,TEC-PH-10001425,Technology,Phones,Mophie Juice Pack Helium for iPhone,239.97,3.0,0.0,67.1916,CRM,Pending,
4866.0,CA-2017-122490,11/13/2017,11/18/2017,Standard Class,TT-21070,Ted Trevino,CONSUMER,United States,Seattle,Washington,98103.0,West,FUR-CH-10001215,Furniture,Chairs,Global Troy Executive Leather Low-Back Tilter,2404.704,6.0,0.2,150.294,CRM,Approved,Urgent
4867.0,CA-2017-122490,11/13/2017,11/18/2017,Standard Class,TT-21070,Ted Trevino,Consumer,United States,Seattle,Washington,98103.0,West,OFF-BI-10001718,Office Supplies,Binders,GBC DocuBind P50 Personal Binding Machine,563.024,11.0,0.2,190.0206,CRM,Pending,
4868.0,CA-2017-122490,11/13/2017,11/18/2017,Standard Class,TT-21070,Ted Trevino,Consumer,United States,Seattle,Washington,98103.0,West,OFF-ST-10000991,Office Supplies,Storage,Space Solutions HD Industrial Steel Shelving.,344.91,3.0,0.0,10.3473,CRM,Rejected,Check later
4869.0,CA-2017-122490,11/13/2017,11/18/2017,Standard Class,TT-21070,Ted Trevino,Consumer,United States,Seattle,Washington,98103.0,West,OFF-LA-10001613,Office Supplies,Labels,Avery File Folder Labels,8.64,3.0,0.0,4.2336,ERP,Approved,Duplicate?
4870.0,CA-2017-131366,11/24/2017,11/29/2017,Standard Class,SC-20440,Shaun Chance,Corporate,United States,Lancaster,Pennsylvania,17602.0,East,TEC-PH-10003437,Technology,Phones,Blue Parrot B250XT Professional Grade Wireless Bluetooth Headset with,89.988,2.0,0.4,-14.998,Legacy,Approved,
4871.0,CA-2017-131366,11/24/2017,11/29/2017,Standard Class,SC-20440,Shaun Chance,Corporate,United States,Lancaster,Pennsylvania,17602.0,East,OFF-PA-10000675,Office Supplies,Paper,Xerox 1919,229.544,7.0,0.2,83.2097,Legacy,Pending,
4872.0,CA-2017-164042,23-05-2017,5/27/2017,Standard Class,KL-16645,Ken Lonsdale,Consumer,United States,Houston,Texas,77095.0,Central,OFF-FA-10000840,Office Supplies,Fasteners,OIC Thumb-Tacks,1.824,2.0,0.2,0.6156,Legacy,,Duplicate?
4873.0,CA-2017-164042,5/23/2017,5/27/2017,Standard Class,KL-16645,Ken Lonsdale,Consumer,United States,Houston,Texas,77095.0,Central,OFF-AP-10001947,Office Supplies,Appliances,Acco 6 Outlet Guardian Premium Plus Surge Suppressor,18.32,5.0,0.8,-46.716,CRM,Approved,Duplicate?
4874.0,CA-2017-164042,5/23/2017,5/27/2017,Standard Class,KL-16645,Ken Lonsdale,Consumer,United States,Houston,Texas,77095.0,Central,OFF-ST-10002301,office_supplies,Storage,Tennsco Commercial Shelving,48.816,3.0,0.2,-11.5938,Manual Upload,Approved,Check later
4875.0,CA-2017-164042,5/23/2017,5/27/2017,Standard Class,KL-16645,Ken Lonsdale,Consumer,United States,Houston,Texas,77095.0,Central,OFF-BI-10001922,Office Supplies,Binders,Storex Dura Pro Binders,1.188,1.0,0.8,-1.9602,CRM,,Check later
4876.0,CA-2014-132864,12/2/2014,12/7/2014,Standard Class,KN-16390,Katherine Nockton,Corporate,United States,Columbus,Ohio,43229.0,East,TEC-AC-10001267,Technology,Accessories,Imation 32GB Pocket Pro USB 3.0 Flash Drive - 32 GB - Black - 1 P ...,119.8,5.0,0.2,29.95,CRM,Approved,Duplicate?
4877.0,US-2014-155817,10/3/2014,10/9/2014,Standard Class,SL-20155,Sara Luxemburg,Home Office,United States,Durham,North Carolina,27707.0,South,OFF-ST-10000532,Office Supplies,Storage,Advantus Rolling Drawer Organizers,61.568,2.0,0.2,4.6176,ERP,Approved,Duplicate?
4878.0,US-2014-155817,10/3/2014,10/9/2014,Standard Class,SL-20155,Sara Luxemburg,Home Office,United States,Durham,North Carolina,27707.0,South,OFF-AR-10002335,Office Supplies,Art,DIXON Oriole Pencils,6.192,3.0,0.2,0.4644,ERP,,
4879.0,US-2016-131891,7/29/2016,7/31/2016,First Class,PW-19240,Pierre Wener,Consumer,United States,Pensacola,Florida,32503.0,South,OFF-BI-10000201,Office Supplies,Binders,"Avery Triangle Shaped Sheet Lifters, Black, 2/Pack",2.214,3.0,0.7,-1.476,ERP,Rejected,
4880.0,CA-2017-143567,11/2/2017,11/5/2017,Second Class,TB-21175,Thomas Boland,Corporate,United States,Henderson,Kentucky,42420.0,South,OFF-EN-10004846,Office Supplies,Envelopes,Letter or Legal Size Expandable Poly String Tie Envelopes,5.32,2.0,0.0,2.6068,Legacy,,
4881.0,CA-2017-143567,11/2/2017,11/5/2017,Second Class,TB-21175,Thomas Boland,Corporate,United States,Henderson,Kentucky,42420.0,South,FUR-CH-10000454,Furniture,Chairs,"Hon Deluxe Fabric Upholstered Stacking Chairs, Rounded Back",975.92,4.0,0.0,292.776,Manual Upload,Approved,
4882.0,CA-2017-143567,11/2/2017,11/5/2017,Second Class,TB-21175,Thomas Boland,Corporate,United States,Henderson,Kentucky,42420.0,South,TEC-AC-10004145,Technology,Accessories,Logitech diNovo Edge Keyboard,2249.91,9.0,0.0,517.4793,CRM,Rejected,Check later
4883.0,CA-2017-143567,11/2/2017,11/5/2017,Second Class,TB-21175,Thomas Boland,Corporate,United States,Henderson,Kentucky,42420.0,South,OFF-ST-10001580,Office Supplies,Storage,Super Decoflex Portable Personal File,59.92,4.0,0.0,16.7776,CRM,,
4884.0,CA-2017-104080,3/8/2017,3/15/2017,Standard Class,AH-10210,Alan Hwang,Consumer,United States,Anaheim,California,92804.0,West,OFF-BI-10003876,Office Supplies,Binders,"Green Canvas Binder for 8-1/2"" x 14"" Sheets",171.2,5.0,0.2,64.2,Manual Upload,Pending,Check later
4885.0,CA-2017-104080,3/8/2017,3/15/2017,Standard Class,AH-10210,Alan Hwang,Consumer,United States,Anaheim,California,92804.0,West,OFF-AR-10001972,Office Supplies,Art,Newell 323,3.36,2.0,0.0,0.8736,Legacy,Approved,Duplicate?
4886.0,CA-2014-151379,12/16/2014,12/20/2014,Standard Class,SC-20695,Steve Chapman,Corporate,United States,Detroit,Michigan,48227.0,Central,OFF-PA-10000595,office supplies,Paper,Xerox 1929,114.2,5.0,0.0,52.532,Manual Upload,Approved,
4887.0,CA-2016-163167,11/28/2016,12/1/2016,Second Class,RF-19345,Randy Ferguson,Corporate,United States,Marietta,Georgia,30062.0,South,FUR-CH-10004477,Furniture,Chairs,"Global Push Button Manager's Chair, Indigo",182.67,3.0,0.0,52.9743,Manual Upload,,Check later
4888.0,CA-2016-163167,11/28/2016,12/1/2016,Second Class,RF-19345,Randy Ferguson,Corporate,United States,Marietta,Georgia,30062.0,South,TEC-AC-10003441,Technology,Accessories,Kingston Digital DataTraveler 32GB USB 2.0,101.7,6.0,0.0,6.102,Legacy,Approved,Check later
4889.0,CA-2016-163167,11/28/2016,12/1/2016,Second Class,RF-19345,Randy Ferguson,Corporate,United States,Marietta,Georgia,30062.0,South,OFF-ST-10004459,Office Supplies,Storage,Tennsco Single-Tier Lockers,1126.02,3.0,0.0,56.301,Manual Upload,Rejected,
4890.0,CA-2016-163167,11/28/2016,12/1/2016,Second Class,RF-19345,Randy Ferguson,Corporate,United States,Marietta,Georgia,30062.0,South,OFF-ST-10003805,Office Supplies,Storage,"24 Capacity Maxi Data Binder Racks, Pearl",1263.3,6.0,0.0,315.825,Manual Upload,Rejected,Check later
4891.0,CA-2016-135776,12/23/2016,12/30/2016,Standard Class,EH-13765,Edward Hooks,Corporate,United States,Seattle,Washington,98103.0,West,OFF-AR-10001246,Office Supplies,Art,Newell 317,8.82,3.0,0.0,2.5578,Legacy,,Duplicate?
4892.0,CA-2016-135776,12/23/2016,12/30/2016,Standard Class,EH-13765,Edward Hooks,Corporate,United States,Seattle,Washington,98103.0,West,OFF-PA-10001295,Office Supplies,Paper,Computer Printout Paper with Letter-Trim Perforations,37.94,2.0,0.0,18.2112,ERP,,
4893.0,CA-2016-135776,12/23/2016,12/30/2016,Standard Class,EH-13765,Edward Hooks,Corporate,United States,Seattle,Washington,98103.0,West,OFF-AR-10001231,Office Supplies,Art,"Sanford EarthWrite Recycled Pencils, Medium Soft, #2",4.2,2.0,0.0,1.176,ERP,,Duplicate?
4894.0,CA-2016-135776,12/23/2016,12/30/2016,Standard Class,EH-13765,Edward Hooks,Corporate,United States,Seattle,Washington,98103.0,West,OFF-ST-10002743,Office Supplies,Storage,SAFCO Boltless Steel Shelving,227.28,2.0,0.0,2.2728,CRM,Pending,Urgent
4895.0,CA-2016-135776,12/23/2016,12/30/2016,Standard Class,EH-13765,Edward Hooks,Corporate,United States,Seattle,Washington,98103.0,West,OFF-PA-10004327,Office Supplies,Paper,Xerox 1911,47.9,1.0,0.0,22.992,ERP,Approved,
4896.0,CA-2016-135776,12/23/2016,12/30/2016,Standard Class,EH-13765,Edward Hooks,Corporate,United States,Seattle,Washington,98103.0,West,OFF-EN-10004773,Office Supplies,Envelopes,Staple envelope,61.96,2.0,0.0,30.3604,Manual Upload,Rejected,
4897.0,CA-2016-135776,12/23/2016,12/30/2016,Standard Class,EH-13765,Edward Hooks,Corporate,United States,Seattle,Washington,,West,OFF-ST-10003470,Office Supplies,Storage,"Tennsco Snap-Together Open Shelving Units, Starter Sets and Add-On Units",1117.92,4.0,0.0,55.896,Legacy,Pending,Urgent
4898.0,US-2014-122021,10/15/2014,10/17/2014,First Class,AC-10660,Anna Chung,Consumer,United States,Parma,Ohio,44134.0,East,FUR-CH-10003761,Furniture,Chairs,Global Italian Leather Office Chair,183.372,2.0,0.3,-7.8588,CRM,Pending,Duplicate?
4899.0,US-2014-122021,10/15/2014,10/17/2014,First Class,AC-10660,Anna Chung,Consumer,United States,Parma,Ohio,44134.0,East,OFF-PA-10002230,Office Supplies,Paper,Xerox 1897,7.968,2.0,0.2,2.8884,Manual Upload,Pending,
4900.0,CA-2016-130484,8/22/2016,8/27/2016,Standard Class,SG-20470,Sheri Gordon,Consumer,United States,Gresham,Oregon,97030.0,West,OFF-BI-10000088,Office Supplies,Binders,GBC Imprintable Covers,26.352,8.0,0.7,-18.4464,Manual Upload,,
4901.0,CA-2017-120936,12/17/2017,12/21/2017,Standard Class,CA-12310,Christine Abelman,Corporate,United States,Anaheim,California,92804.0,West,OFF-ST-10001526,Office Supplies,Storage,Iceberg Mobile Mega Data/Printer Cart ,481.32,4.0,0.0,125.1432,ERP,Approved,Urgent
4902.0,CA-2017-120936,12/17/2017,12/21/2017,Standard Class,CA-12310,Christine Abelman,Corporate,United States,Anaheim,California,92804.0,West,OFF-SU-10002557,Office Supplies,Supplies,Fiskars Spring-Action Scissors,13.98,1.0,0.0,3.6348,ERP,,Duplicate?
4903.0,CA-2017-110884,3/7/2017,3/12/2017,Standard Class,SH-20395,Shahid Hopkins,Consumer,United States,New York City,New York,10035.0,East,OFF-BI-10003669,Office Supplies,Binders,3M Organizer Strips,25.92,6.0,0.2,9.072,ERP,Pending,Check later
4904.0,CA-2017-110884,3/7/2017,3/12/2017,Standard Class,SH-20395,Shahid Hopkins,Consumer,United States,New York City,New York,10035.0,East,OFF-LA-10003510,Office Supplies,Labels,"Avery 4027 File Folder Labels for Dot Matrix Printers, 5000 Labels per Box, White",91.59,3.0,0.0,42.1314,ERP,Approved,
4905.0,US-2014-161613,12/1/2014,12/3/2014,Second Class,MC-17605,Matt Connell,Corporate,United States,Houston,Texas,77070.0,Central,FUR-CH-10003746,Furniture,Chairs,Hon 4070 Series Pagoda Round Back Stacking Chairs,674.058,3.0,0.3,-19.2588,CRM,,Check later
4906.0,US-2014-146353,10/14/2014,10/16/2014,Second Class,JE-15610,Jim Epp,Corporate,United States,Concord,New Hampshire,3301.0,East,OFF-BI-10003476,Office Supplies,Binders,Avery Metallic Poly Binders,22.92,4.0,0.0,11.0016,CRM,,
4907.0,US-2014-146353,10/14/2014,10/16/2014,Second Class,JE-15610,Jim Epp,Corporate,United States,Concord,New Hampshire,3301.0,East,OFF-ST-10001469,Office Supplies,Storage,Fellowes Bankers Box Recycled Super Stor/Drawer,269.9,5.0,0.0,16.194,Legacy,Rejected,Urgent
4908.0,CA-2014-133809,11/18/2014,11/23/2014,Second Class,MS-17530,MaryBeth Skach,Consumer,United States,Fairfield,Ohio,45014.0,East,OFF-BI-10001757,Office Supplies,Binders,Pressboard Hanging Data Binders for Unburst Sheets,11.808,8.0,0.7,-8.6592,Manual Upload,Rejected,Urgent
4909.0,CA-2014-133809,11/18/2014,11/23/2014,Second Class,MS-17530,MaryBeth Skach,Consumer,United States,Fairfield,Ohio,45014.0,East,TEC-PH-10004875,Technology,Phones,PNY Rapid USB Car Charger - Black,9.588,2.0,0.4,-2.0774,Legacy,Approved,
4910.0,CA-2017-127306,1/14/2017,1/18/2017,Standard Class,BH-11710,Brosina Hoffman,Consumer,United States,Johnson City,Tennessee,37604.0,South,OFF-EN-10001219,Office Supplies,Envelopes,"#10- 4 1/8"" x 9 1/2"" Security-Tint Envelopes",18.336,3.0,0.2,6.6468,Manual Upload,Approved,Check later
4911.0,CA-2017-127306,1/14/2017,1/18/2017,Standard Class,BH-11710,Brosina Hoffman,Consumer,United States,Johnson City,Tennessee,37604.0,South,OFF-PA-10000019,Office Supplies,Paper,Xerox 1931,36.288,7.0,0.2,12.7008,CRM,,Duplicate?
4912.0,CA-2017-127306,1/14/2017,1/18/2017,Standard Class,BH-11710,Brosina Hoffman,Consumer,United States,Johnson City,Tennessee,37604.0,South,TEC-PH-10001924,Technology,Phones,iHome FM Clock Radio with Lightning Dock,111.984,2.0,0.2,6.999,Manual Upload,,
4913.0,CA-2017-127306,1/14/2017,1/18/2017,Standard Class,BH-11710,Brosina Hoffman,Consumer,United States,Johnson City,Tennessee,37604.0,South,OFF-BI-10002003,Office Supplies,Binders,Ibico Presentation Index for Binding Systems,5.97,5.0,0.7,-4.577,ERP,Approved,Duplicate?
4914.0,CA-2017-127306,1/14/2017,1/18/2017,Standard Class,BH-11710,Brosina Hoffman,Consumer,United States,Johnson City,Tennessee,37604.0,South,OFF-BI-10003727,Office Supplies,Binders,Avery Durable Slant Ring Binders With Label Holder,2.508,2.0,0.7,-1.8392,CRM,Approved,Check later
4915.0,CA-2015-161830,9/24/2015,9/26/2015,Second Class,ME-17725,Max Engle,Consumer,United States,Seattle,Washington,98105.0,West,OFF-AR-10004042,Office Supplies,Art,"BOSTON Model 1800 Electric Pencil Sharpeners, Putty/Woodgrain",35.96,2.0,0.0,10.4284,Manual Upload,Approved,
4916.0,CA-2015-161830,9/24/2015,9/26/2015,Second Class,ME-17725,Max Engle,Consumer,United States,Seattle,Washington,98105.0,West,OFF-BI-10001097,Office Supplies,Binders,Avery Hole Reinforcements,14.952,3.0,0.2,5.4201,CRM,Approved,
4917.0,CA-2017-163125,10/9/2017,10/11/2017,Second Class,MB-17305,Maria Bertelson,Consumer,United States,League City,Texas,77573.0,Central,OFF-AR-10004344,Office Supplies,Art,Bulldog Vacuum Base Pencil Sharpener,67.144,7.0,0.2,5.8751,ERP,Approved,Duplicate?
4918.0,CA-2017-163125,10/9/2017,10/11/2017,Second Class,MB-17305,Maria Bertelson,Consumer,United States,League City,Texas,77573.0,Central,FUR-CH-10001802,Furniture,Chairs,Hon Every-Day Chair Series Swivel Task Chairs,254.058,3.0,0.3,-32.6646,Legacy,Pending,
4919.0,CA-2016-160304,1/2/2016,1/7/2016,Standard Class,BM-11575,Brendan Murry,Corporate,United States,Gaithersburg,Maryland,20877.0,East,FUR-BO-10004709,Furniture,Bookcases,"Bush Westfield Collection Bookcases, Medium Cherry Finish",173.94,3.0,0.0,38.2668,Legacy,Rejected,Check later
4920.0,CA-2016-160304,1/2/2016,07/01/2016,Standard Class,BM-11575,Brendan Murry,Corporate,United States,Gaithersburg,Maryland,20877.0,East,TEC-PH-10000455,Technology,Phones,GE 30522EE2,231.98,100.0,0.0,67.2742,Legacy,Approved,Check later
4921.0,CA-2017-101728,8/19/2017,8/23/2017,Standard Class,SC-20575,Sonia Cooley,Consumer,United States,Chicago,Illinois,60653.0,Central,OFF-BI-10002393,Office Supplies,Binders,Binder Posts,2.296,2.0,0.8,-3.9032,ERP,Approved,
4922.0,CA-2017-114055,12/25/2017,12/29/2017,Second Class,MH-18115,Mick Hernandez,Home Office,United States,Huntsville,Alabama,35810.0,South,OFF-PA-10004381,Office Supplies,Paper,14-7/8 x 11 Blue Bar Computer Printout Paper,96.08,2.0,0.0,46.1184,Legacy,Pending,
4923.0,CA-2017-114055,12/25/2017,12/29/2017,Second Class,MH-18115,Mick Hernandez,Home Office,United States,Huntsville,Alabama,35810.0,South,OFF-FA-10003059,Office Supplies,Fasteners,Assorted Color Push Pins,3.62,2.0,0.0,1.1946,Manual Upload,Approved,Urgent
4924.0,CA-2017-114055,12/25/2017,12/29/2017,Second Class,MH-18115,Mick Hernandez,Home Office,United States,Huntsville,Alabama,35810.0,South,OFF-PA-10000994,Office Supplies,Paper,Xerox 1915,629.1,6.0,0.0,301.968,Manual Upload,Approved,Urgent
4925.0,CA-2017-114055,12/25/2017,12/29/2017,Second Class,MH-18115,Mick Hernandez,Home Office,United States,Huntsville,Alabama,35810.0,South,TEC-PH-10002890,Technology,Phones,AT&T 17929 Lendline Telephone,90.48,2.0,0.0,23.5248,Legacy,Pending,Check later
4926.0,CA-2017-126438,9/10/2017,9/13/2017,First Class,AR-10345,Alex Russell,Corporate,United States,Lawrence,Massachusetts,1841.0,East,OFF-AR-10003338,Office Supplies,Art,"Eberhard Faber 3 1/2"" Golf Pencils",14.88,2.0,0.0,3.72,CRM,,Duplicate?
4927.0,CA-2017-117653,10/19/2017,10/23/2017,Standard Class,MO-17500,Mary O'Rourke,Consumer,United States,Chicago,Illinois,60623.0,Central,FUR-TA-10003008,Furniture,Tables,"Lesro Round Back Collection Coffee Table, End Table",91.275,1.0,0.5,-67.5435,Manual Upload,Pending,Duplicate?
4928.0,CA-2017-143245,12/1/2017,12/6/2017,Standard Class,AD-10180,Alan Dominguez,Home Office,United States,Fairfield,Connecticut,6824.0,East,OFF-PA-10001972,Office Supplies,Paper,Xerox 214,19.44,3.0,0.0,9.3312,Manual Upload,Rejected,Urgent
4929.0,CA-2017-143245,12/1/2017,12/6/2017,Standard Class,AD-10180,Alan Dominguez,Home Office,United States,Fairfield,Connecticut,6824.0,East,FUR-CH-10000155,Furniture,Chairs,Global Comet Stacking Armless Chair,897.15,3.0,0.0,251.202,ERP,Rejected,Duplicate?
4930.0,US-2014-138828,9/2/2014,9/3/2014,First Class,KD-16345,Katherine Ducich,consumer,United States,New York City,NY,10009.0,East,OFF-AR-10000658,Office Supplies,Art,Newell 324,57.75,5.0,0.0,16.17,ERP,Pending,Check later
4931.0,US-2014-138828,9/2/2014,9/3/2014,First Class,KD-16345,Katherine Ducich,Consumer,United States,New York City,New York,10009.0,East,OFF-PA-10000349,Office Supplies,Paper,Easy-staple paper,14.94,3.0,0.0,7.0218,CRM,Approved,Urgent
4932.0,CA-2017-143651,3/25/2017,3/30/2017,Standard Class,FM-14215,Filia McAdams,Corporate,United States,Seattle,Washington,98103.0,West,OFF-AR-10001446,Office Supplies,Art,Newell 309,23.1,2.0,0.0,6.93,Manual Upload,,
4933.0,CA-2015-106978,9/28/2015,10/4/2015,Standard Class,ZC-21910,Zuschuss Carroll,Consumer,United States,Aurora,Colorado,80013.0,West,OFF-EN-10004483,Office Supplies,Envelopes,"#10 White Business Envelopes,4 1/8 x 9 1/2",12.536,1.0,0.2,4.2309,CRM,Approved,
4934.0,CA-2015-106978,9/28/2015,10/4/2015,Standard Class,ZC-21910,Zuschuss Carroll,Consumer,United States,Aurora,Colorado,80013.0,West,OFF-BI-10002012,Office Supplies,Binders,Wilson Jones Easy Flow II Sheet Lifters,1.08,2.0,0.7,-0.792,Legacy,Approved,Check later
4935.0,CA-2015-106978,9/28/2015,10/4/2015,Standard Class,ZC-21910,Zuschuss Carroll,Consumer,United States,Aurora,Colorado,80013.0,West,OFF-FA-10003021,Office Supplies,Fasteners,Staples,4.512,3.0,0.2,0.846,Legacy,Approved,Check later
4936.0,CA-2015-155124,3/15/2015,3/21/2015,Standard Class,KS-16300,Karen Seio,Corporate,United States,Lehi,Utah,84043.0,West,TEC-PH-10003356,Technology,Phones,"SmartStand Mobile Device Holder, Assorted Colors",16.776,3.0,0.2,1.6776,ERP,Approved,Urgent
4937.0,CA-2017-150931,1/6/2017,1/13/2017,Standard Class,DP-13390,Dennis Pardue,Home Office,United States,Tuscaloosa,Alabama,35401.0,South,OFF-BI-10004728,Office Supplies,Binders,Wilson Jones Turn Tabs Binder Tool for Ring Binders,33.74,7.0,0.0,0.0,Manual Upload,Rejected,
4938.0,CA-2014-157147,1/13/2014,1/18/2014,Standard Class,BD-11605,Brian Dahlen,Consumer,United States,San Francisco,California,94109.0,West,OFF-ST-10000078,Office Supplies,Storage,Tennsco 6- and 18-Compartment Lockers,1325.85,5.0,0.0,238.653,CRM,,Duplicate?
4939.0,CA-2014-157147,1/13/2014,1/18/2014,Standard Class,BD-11605,Brian Dahlen,Consumer,United States,San Francisco,California,94109.0,West,FUR-BO-10003034,Furniture,Bookcases,"O'Sullivan Elevations Bookcase, Cherry Finish",333.999,3.0,0.15,3.9294,Manual Upload,Rejected,Urgent
4940.0,CA-2014-157147,1/13/2014,1/18/2014,Standard Class,BD-11605,Brian Dahlen,Consumer,United States,San Francisco,California,94109.0,West,OFF-AR-10003514,Office Supplies,Art,4009 Highlighters by Sanford,19.9,5.0,0.0,6.567,Manual Upload,Rejected,Duplicate?
4941.0,CA-2015-156482,2/6/2015,2/13/2015,Standard Class,IL-15100,Ivan Liston,Consumer,United States,Wilmington,Delaware,19805.0,East ,FUR-CH-10001708,Furniture ,Chairs,Office Star - Contemporary Swivel Chair with Padded Adjustable Arms and Flex Back,1268.82,9.0,0.0,266.4522,Legacy,Rejected,Duplicate?
4942.0,CA-2015-156482,2/6/2015,2/13/2015,Standard Class,IL-15100,Ivan Liston,Consumer,United States,Wilmington,Delaware,19805.0,East,FUR-BO-10002598,Furniture,Bookcases,"Hon Metal Bookcases, Putty",283.92,4.0,0.0,82.3368,Manual Upload,Rejected,Check later
4943.0,CA-2015-156482,2/6/2015,2/13/2015,Standard Class,IL-15100,Ivan Liston,Consumer,United States,Wilmington,Delaware,19805.0,East,OFF-AR-10001022,Office Supplies,Art,SANFORD Liquid Accent Tank-Style Highlighters,5.68,2.0,0.0,1.7608,CRM,Approved,Duplicate?
4944.0,CA-2017-106782,12/21/2017,12/27/2017,Standard Class,LP-17095,Liz Preis,Consumer,United States,Lafayette,Indiana,47905.0,Central,OFF-ST-10004459,Office Supplies,Storage,Tennsco Single-Tier Lockers,375.34,1.0,-0.2,18.767,ERP,Pending,Check later
4945.0,CA-2016-151372,9/5/2016,9/6/2016,First Class,JH-15985,Joseph Holt,Consumer,United States,Redondo Beach,California,90278.0,West,OFF-PA-10004381,Office Supplies,Paper,14-7/8 x 11 Blue Bar Computer Printout Paper,96.08,2.0,0.0,46.1184,CRM,Pending,Duplicate?
4946.0,CA-2016-151372,9/5/2016,9/6/2016,First Class,JH-15985,Joseph Holt,Consumer,United States,Redondo Beach,California,90278.0,West,OFF-BI-10000050,Office Supplies,Binders,"Angle-D Binders with Locking Rings, Label Holders",11.68,2.0,0.2,3.942,ERP,Approved,
4947.0,CA-2016-151372,9/5/2016,9/6/2016,First Class,JH-15985,Joseph Holt,CONSUMER,United States,Redondo Beach,California,90278.0,West,OFF-FA-10000304,Office Supplies,Fasteners,Advantus Push Pins,4.36,2.0,0.0,1.7876,Manual Upload,Pending,
4948.0,CA-2014-102085,10/4/2014,10/9/2014,Standard Class,JD-16015,Joy Daniels,Consumer,United States,Seattle,Washington,98115.0,West,OFF-LA-10002475,Office Supplies,Labels,Avery 519,29.24,4.0,0.0,13.7428,CRM,Pending,Urgent
4949.0,CA-2017-107125,11/27/2017,12/2/2017,Standard Class,BD-11320,Bill Donatelli,Consumer,United States,Los Angeles,California,90045.0,West,OFF-BI-10001989,Office Supplies,Binders,Premium Transparent Presentation Covers by GBC,117.488,7.0,0.2,41.1208,CRM,Approved,Duplicate?
4950.0,CA-2017-107125,27-11-2017,12/2/2017,Standard Class,BD-11320,Bill Donatelli,Consumer,United States,Los Angeles,California,90045.0,West,FUR-FU-10000732,Furniture,Furnishings,Eldon 200 Class Desk Accessories,18.84,3.0,0.0,6.0288,Manual Upload,Pending,Urgent
4951.0,CA-2016-125815,10/28/2016,11/1/2016,Second Class,DL-13330,Denise Leinenbach,Consumer,United States,New York City,New York,10009.0,East,OFF-AR-10004441,Office Supplies,Art,BIC Brite Liner Highlighters,12.42,3.0,0.0,5.2164,Manual Upload,Rejected,Check later
4952.0,CA-2015-144190,6/9/2015,6/13/2015,Standard Class,NC-18415,NATHAN CANO,Consumer,United States,Royal Oak,Michigan,48073.0,Central,OFF-PA-10000304,Office Supplies,Paper,Xerox 1995,12.96,2.0,0.0,6.2208,Legacy,Rejected,Check later
4953.0,CA-2017-117926,12/8/2017,12/12/2017,Second Class,AS-10225,Alan Schoenberger,Corporate,United States,San Francisco,California,94109.0,West,OFF-AP-10002670,office_supplies,Appliances,Belkin 8-Outlet Premiere SurgeMaster II Surge Protectors,69.48,1.0,0.0,20.844,CRM,Rejected,
4954.0,CA-2015-153906,3/16/2015,3/20/2015,Standard Class,MS-17980,Michael Stewart,Corporate,United States,New York City,New York,10009.0,East,TEC-PH-10001527,Technology,Phones,Plantronics MX500i Earset,85.9,2.0,0.0,2.577,CRM,Pending,Duplicate?
4955.0,CA-2014-160262,6/9/2014,6/13/2014,Second Class,TS-21205,Thomas Seio,Corporate,United States,North Las Vegas,Nevada,89031.0,West,OFF-AR-10002335,Office Supplies,Art,DIXON Oriole Pencils,18.06,7.0,0.0,4.6956,Legacy,Rejected,Duplicate?
4956.0,CA-2014-160262,6/9/2014,6/13/2014,Second Class,TS-21205,Thomas Seio ,Corporate,United States,North Las Vegas,Nevada,89031.0,West,OFF-PA-10003641,Office Supplies,Paper,Xerox 1909,79.14,3.0,0.0,36.4044,Manual Upload,,Check later
4957.0,CA-2014-160262,6/9/2014,6/13/2014,Second Class,TS-21205,Thomas Seio,Corporate,United States,North Las Vegas,Nevada,89031.0,West,FUR-FU-10002685,Furniture,Furnishings,"Executive Impressions 13-1/2"" Indoor/Outdoor Wall Clock",37.4,2.0,0.0,14.212,Manual Upload,,Duplicate?
4958.0,CA-2015-127607,3/20/2015,3/26/2015,Standard Class,JK-15730,Joe Kamberova,Consumer,United States,Carrollton,Texas,75007.0,Central,OFF-BI-10001308,Office Supplies,Binders,GBC Standard Plastic Binding Systems' Combs,2.512,2.0,0.8,-4.396,CRM,,Duplicate?
4959.0,CA-2015-127607,3/20/2015,3/26/2015,Standard Class,JK-15730,Joe Kamberova,Consumer,United States,Carrollton,Texas,75007.0,Central,OFF-FA-10003485,Office Supplies,Fasteners,Staples,18.864,9.0,0.2,6.1308,Manual Upload,Approved,
4960.0,CA-2016-166226,11/18/2016,11/22/2016,Standard Class,TC-21535,Tracy Collins,Home Office,United States,Los Angeles,California,90008.0,West,TEC-PH-10003357,Technology,Phones,Grandstream GXP2100 Mainstream Business Phone,61.192,1.0,0.2,6.1192,Manual Upload,Pending,Duplicate?
4961.0,CA-2016-166226,11/18/2016,11/22/2016,Standard Class,TC-21535,Tracy Collins,Home Office,United States,Los Angeles,California,90008.0,West ,OFF-AP-10002867,Office Supplies,Appliances,Fellowes Command Center 5-outlet power strip,67.84,1.0,0.0,18.3168,Legacy,,
4962.0,CA-2014-156587,3/7/2014,3/8/2014,First Class,AB-10015,Aaron Bergman,Consumer,United States,Seattle,Washington,98103.0,West,FUR-CH-10004477,Furniture,Chairs,"Global Push Button Manager's Chair, Indigo",48.712,1.0,0.2,5.4801,Manual Upload,,Urgent
4963.0,CA-2014-156587,3/7/2014,3/8/2014,First Class,AB-10015,Aaron Bergman,Consumer,United States,Seattle,Washington,98103.0,West,OFF-AR-10001427,Office Supplies,Art,Newell 330,17.94,3.0,0.0,4.6644,Manual Upload,Rejected,
4964.0,CA-2014-156587,3/7/2014,3/8/2014,First Class,AB-10015,Aaron Bergman,Consumer,United States,Seattle,Washington,98103.0,West,OFF-ST-10002344,Office Supplies,Storage,"Carina 42""Hx23 3/4""W Media Storage Unit",242.94,3.0,0.0,4.8588,CRM,Approved,Check later
4965.0,CA-2016-141180,5/15/2016,5/19/2016,Second Class,DP-13000,Darren Powers,Consumer,United States,Fort Lauderdale,Florida,33311.0,South,OFF-BI-10000301,Office Supplies,Binders,GBC Instant Report Kit,7.764,4.0,0.7,-5.176,CRM,Approved,
4966.0,CA-2015-109708,5/25/2015,28/05/2015,SecondClass,CY-12745,Craig Yedwab,Corporate,United States,Columbia,Tennessee,38401.0,South,TEC-PH-10001944,Technology,Phones,Wi-Ex zBoost YX540 Cellular Phone Signal Booster,467.04,4.0,0.2,58.38,CRM,Approved,Urgent
4967.0,CA-2015-122406,8/2/2015,8/5/2015,Second Class,BE-11455,Brad Eason,Home Office,United States,Providence,Rhode Island,2908.0,East,TEC-PH-10001527,Technology,Phones,Plantronics MX500i Earset,128.85,3.0,0.0,3.8655,CRM,Rejected,
4968.0,CA-2015-122406,8/2/2015,8/5/2015,Second Class,BE-11455,Brad Eason,Home Office,United States,Providence,Rhode Island,2908.0,East,OFF-PA-10001307,Office Supplies,Paper,"Important Message Pads, 50 4-1/4 x 5-1/2 Forms per Pad",8.4,2.0,0.0,4.116,CRM,Rejected,Duplicate?
4969.0,CA-2015-122406,8/2/2015,8/5/2015,Second Class,BE-11455,Brad Eason,Home Office,United States,Providence,Rhode Island,2908.0,East,TEC-AC-10004571,Technology,Accessories,Logitech G700s Rechargeable Gaming Mouse,199.98,2.0,0.0,83.9916,Legacy,Approved,Duplicate?
4970.0,CA-2015-122406,8/2/2015,8/5/2015,Second Class,BE-11455,Brad Eason,Home Office,United States,Providence,Rhode Island,2908.0,East,FUR-CH-10001973,Furniture,Chairs,Office Star Flex Back Scooter Chair with White Frame,110.98,1.0,0.0,15.5372,CRM,Pending,Check later
4971.0,US-2016-153815,11/6/2016,11/9/2016,First Class,KL-16555,Kelly Lampkin,Corporate,United States,Jacksonville,Florida,32216.0,South,FUR-CH-10000513,Furniture,Chairs,High-Back Leather Manager's Chair,207.984,2.0,0.2,-28.5978,CRM,Approved,
4972.0,US-2016-153815,11/6/2016,11/9/2016,First Class,KL-16555,Kelly Lampkin,Corporate,United States,Jacksonville,Florida,32216.0,South,OFF-PA-10002421,Office Supplies,Paper,Embossed Ink Jet Note Cards,36.112,2.0,0.2,12.6392,Legacy,Pending,
4973.0,US-2016-153815,11/6/2016,11/9/2016,First Class,KL-16555,Kelly Lampkin,Corporate,United States,Jacksonville,Florida,32216.0,South,FUR-FU-10004090,Furniture,Furnishings,"Executive Impressions 14"" Contract Wall Clock",35.568,2.0,0.2,5.7798,Legacy,Rejected,
4974.0,US-2016-153815,11/6/2016,11/9/2016,First Class,KL-16555,Kelly Lampkin,Corporate,United States,Jacksonville,Florida,32216.0,South,OFF-PA-10004071,Office Supplies,Paper,"Eaton Premium Continuous-Feed Paper, 25% Cotton, Letter Size, White, 1000 Shts/Box",88.768,2.0,0.2,31.0688,ERP,Pending,Check later
4975.0,CA-2016-164896,11/7/2016,11/12/2016,Standard Class,PS-19045,Penelope Sewall,Home Office,United States,Oceanside,California,92054.0,West,OFF-PA-10002246,Office Supplies,Paper,"Wirebound Four 2-3/4 x 5 Forms per Page, 400 Sets per Book",12.9,2.0,0.0,6.321,CRM,Rejected,Urgent
4976.0,CA-2015-142202,9/18/2015,9/23/2015,Second Class,JR-16210,Justin Ritter,Corporate,United States,Jacksonville,Florida,32216.0,South,TEC-AC-10003198,Technology,Accessories,Enermax Acrylux Wireless Keyboard,717.12,9.0,0.2,152.388,CRM,Pending,
4977.0,CA-2015-165050,12/7/2015,12/9/2015,First Class,AH-10210,Alan Hwang,Consumer,United States,New York City,New York,10024.0,East,OFF-BI-10001031,Office Supplies,Binders,Pressboard Data Binders by Wilson Jones,21.36,5.0,0.2,7.209,Manual Upload,Approved,
4978.0,CA-2015-165050,12/7/2015,12/9/2015,First Class,AH-10210,Alan Hwang,Consumer,United States,New York City,New York,10024.0,East,OFF-BI-10003727,Office Supplies,Binders,Avery Durable Slant Ring Binders With Label Holder,6.688,2.0,0.2,2.3408,Legacy,Pending,Check later
4979.0,CA-2015-165050,12/7/2015,12/9/2015,First Class,AH-10210,Alan Hwang,Consumer,United States,New York City,New York,10024.0,East,TEC-PH-10001336,Technology,Phones,Digium D40 VoIP phone,773.94,6.0,0.0,224.4426,Legacy,Pending,Urgent
4980.0,US-2016-131114,12/9/2016,12/13/2016,Second Class,RW-19630,Rob Williams,Corporate,United States,Chicago,Illinois,60610.0,Central,OFF-SU-10001664,Office Supplies,Supplies,Acme Office Executive Series Stainless Steel Trimmers,20.568,3.0,0.2,1.5426,ERP,Pending,
4981.0,US-2016-131114,12/9/2016,12/13/2016,Second Class,RW-19630,Rob Williams,Corporate,United States,Chicago,Illinois,60610.0,Central,OFF-AP-10003971,Office Supplies,Appliances,Belkin 6 Outlet Metallic Surge Strip,4.356,2.0,0.8,-11.7612,CRM,Pending,
4982.0,US-2016-131114,12/9/2016,12/13/2016,Second Class,RW-19630,Rob Williams,Corporate,United States,Chicago,Illinois,60610.0,Central,TEC-AC-10000199,Technology,Accessories,Kingston Digital DataTraveler 8GB USB 2.0,19.04,4.0,0.2,-1.428,ERP,Pending,
4983.0,CA-2014-160066,11/16/2014,11/22/2014,Standard Class,AH-10075,Adam Hart,Corporate,United States,Huntington Beach,California,92646.0,West,OFF-LA-10001045,Office Supplies,Labels,Permanent Self-Adhesive File Folder Labels for Typewriters by Universal,5.22,2.0,0.0,2.4012,ERP,Approved,
4984.0,CA-2016-109925,11/6/2016,11/10/2016,Second Class,IM-15070,Irene Maddox,Consumer,United States,San Diego,California,92105.0,West,OFF-ST-10003442,Office Supplies,Storage,Eldon Portable Mobile Manager,84.84,3.0,0.0,22.9068,Manual Upload,Rejected,Urgent
4985.0,CA-2015-160696,9/6/2015,9/10/2015,Standard Class,CK-12760,Cyma Kinney,Corporate,United States,Nashville,Tennessee,37211.0,South,OFF-FA-10003059,Office Supplies,Fasteners,Assorted Color Push Pins,7.24,5.0,0.2,1.1765,CRM,Pending,Urgent
4986.0,CA-2014-125171,9/3/2014,9/3/2014,Same Day,AG-10390,Allen Goldenen,Consumer,United States,New York City,New York,10009.0,East,OFF-LA-10001175,Office Supplies,Labels,Avery 514,14.4,5.0,0.0,7.056,ERP,Approved,Urgent
4987.0,CA-2016-149279,4/24/2016,4/28/2016,Standard Class,CL-12700,Craig Leslie,Home Office,United States,Colorado Springs,Colorado,80906.0,West,OFF-PA-10003441,Office Supplies,Paper,Xerox 226,15.552,3.0,0.2,5.4432,Legacy,,Check later
4988.0,CA-2016-149279,4/24/2016,4/28/2016,Standard Class,CL-12700,Craig Leslie,Home Office,United States,Colorado Springs,Colorado,80906.0,West,FUR-CH-10004287,Furniture,Chairs,SAFCO Arco Folding Chair,1325.76,6.0,0.2,149.148,Manual Upload,Pending,
4989.0,CA-2016-149279,4/24/2016,4/28/2016,Standard Class,CL-12700,Craig Leslie,Home Office,United States,Colorado Springs,Colorado,80906.0,West,OFF-BI-10004040,Office Supplies,Binders,Wilson Jones Impact Binders,3.108,2.0,0.7,-2.1756,CRM,Rejected,
4990.0,CA-2017-107321,8/31/2017,9/4/2017,Standard Class,AW-10930,Arthur Wiediger,Home Office,United States,San Francisco,California,94110.0,West,OFF-BI-10004022,Office Supplies,Binders,Acco Suede Grain Vinyl Round Ring Binder,6.672,3.0,0.2,2.1684,ERP,Rejected,Check later
4991.0,CA-2017-107321,8/31/2017,9/4/2017,Standard Class,AW-10930,Arthur Wiediger,Home Office,United States,San Francisco,California,94110.0,West,TEC-PH-10002200,Technology,Phones,Aastra 6757i CT Wireless VoIP phone,689.408,4.0,0.2,77.5584,CRM,Rejected,Urgent
4992.0,US-2017-122714,12/7/2017,12/13/2017,Standard Class,HG-14965,Henry Goldwyn,Corporate,United States,Chicago,Illinois,60653.0,Central,OFF-BI-10001120,Office Supplies,Binders,Ibico EPK-21 Electric Binding System,1889.99,5.0,0.8,-2929.4845,Legacy,Pending,Duplicate?
4993.0,CA-2015-153038,12/18/2015,12/25/2015,Standard Class,RB-19645,Robert Barroso,Corporate,United States,Memphis,Tennessee,38109.0,South,OFF-EN-10000461,Office Supplies,Envelopes,"#10- 4 1/8"" x 9 1/2"" Recycled Envelopes",55.936,8.0,0.2,18.8784,CRM,Approved,
4994.0,CA-2015-153038,12/18/2015,12/25/2015,Standard Class,RB-19645,Robert Barroso,Corporate,United States,Memphis,Tennessee,38109.0,South,OFF-LA-10004008,Office Supplies,Labels,Avery 507,18.432,8.0,0.2,5.9904,ERP,,
4995.0,CA-2015-153038,12/18/2015,12/25/2015,Standard Class,RB-19645,Robert Barroso,Corporate,United States,Memphis,Tennessee,38109.0,South,FUR-FU-10000221,Furniture,Furnishings,"Master Caster Door Stop, Brown",20.32,5.0,0.2,3.556,CRM,Pending,Duplicate?
4996.0,CA-2014-132227,11/4/2014,11/10/2014,Standard Class,SZ-20035,Sam Zeldin,Home Office,United States,New York City,New York,10011.0,East,OFF-BI-10000962,Office Supplies,Binders,"Acco Flexible ACCOHIDE Square Ring Data Binder, Dark Blue, 11 1/2"" X 14"" 7/8""",52.064,4.0,0.2,18.8732,Legacy,,Duplicate?
4997.0,CA-2017-155824,3/10/2017,3/15/2017,Standard Class,KS-16300,Karen Seio,corporate,United States,Raleigh,North Carolina,27604.0,South,OFF-AP-10000390,Office Supplies,Appliances,Euro Pro Shark Stick Mini Vacuum,48.784,1.0,0.2,3.6588,Manual Upload,Rejected,
4998.0,CA-2017-155824,3/10/2017,3/15/2017,Standard Class,KS-16300,Karen Seio,Corporate,United States,Raleigh,North Carolina,27604.0,South,OFF-BI-10000014,Office Supplies,Binders,Heavy-Duty E-Z-D Binders,13.092,4.0,0.7,-10.0372,ERP,Pending,
4999.0,CA-2016-129238,1/31/2016,2/4/2016,Standard Class,SC-20050,Sample Company A,Home Office,United States,Los Angeles,California,90045.0,West,TEC-PH-10004120,Technology,Phones,AT&T 1080 Phone,109.592,1.0,0.2,8.2194,ERP,Pending,
5000.0,CA-2016-129238,1/31/2016,2/4/2016,Standard Class,SC-20050,Sample Company A,Home Office,United States,Los Angeles,California,90045.0,West,OFF-PA-10002764,Office Supplies,Paper,Easy-staple paper,56.7,5.0,0.0,27.783,Legacy,Rejected,
5001.0,CA-2017-159688,5/7/2017,5/12/2017,Standard Class,AB-10060,Adam Bellavance,Home Office,United States,Los Angeles,California,90004.0,West,TEC-AC-10000736,Technology,Accessories,Logitech G600 MMO Gaming Mouse,79.99,1.0,0.0,28.7964,ERP,,
5002.0,CA-2016-136126,5/24/2016,5/24/2016,Same Day,EH-14125,Eugene Hildebrand,Home Office,United States,Newport News,Virginia,23602.0,South,OFF-SU-10000898,Office Supplies,Supplies,"Acme Hot Forged Carbon Steel Scissors with Nickel-Plated Handles, 3 7/8"" Cut, 8""L",69.5,5.0,0.0,20.155,CRM,Approved,
5003.0,CA-2016-136126,2016/05/24,5/24/2016,Same Day,EH-14125,Eugene Hildebrand,Home Office,United States,Newport News,Virginia,23602.0,South,OFF-PA-10004327,Office Supplies,Paper,Xerox 1911,191.6,4.0,0.0,91.968,Legacy,Rejected,Duplicate?
5004.0,CA-2016-155033,10/7/2016,10/12/2016,Standard Class,CC-12475,Cindy Chapman,Consumer,United States,Los Angeles,California,90032.0,West,OFF-PA-10000143,Office Supplies,Paper,Astroparche Fine Business Paper,10.56,2.0,0.0,5.0688,ERP,Rejected,Check later
5005.0,CA-2014-156006,4/30/2014,5/2/2014,Second Class,TM-21010,Tamara Manning,Consumer,United States,Jackson,Mississippi,39212.0,South,TEC-AC-10002550,Technology,Accessories,Maxell 4.7GB DVD-RW 3/Pack,47.79,3.0,0.0,16.2486,Manual Upload,Rejected,
5006.0,CA-2015-158659,11/10/2015,11/14/2015,Second Class,SC-20695,Steve Chapman,Corporate,United States,Richmond,Indiana,47374.0,Central,OFF-ST-10003306,Office Supplies,Storage,Letter Size Cart,714.3,5.0,0.0,207.147,Legacy,Rejected,
5007.0,CA-2015-169796,11/9/2015,11/14/2015,Standard Class,Dp-13240,Dean percer,Home Office,United States,New York City,New York,10035.0,East,TEC-MA-10000045,Technology,Machines,Zebra ZM400 Thermal Label Printer,2321.9,2.0,0.0,1114.512,CRM,Rejected,Check later
5008.0,CA-2015-169796,11/9/2015,11/14/2015,Standard Class,Dp-13240,Dean percer,Home Office,United States,New York City,New York,10035.0,East,OFF-ST-10001505,Office Supplies,Storage,"Perma STOR-ALL Hanging File Box, 13 1/8""W x 12 1/4""D x 10 1/2""H",17.94,3.0,0.0,3.0498,Legacy,,Check later
5009.0,CA-2015-102876,9/7/2015,9/14/2015,Standard Class,LR-17035,Lisa Ryan,Corporate,United States,Philadelphia,Pennsylvania,19134.0,East,OFF-BI-10004781,Office Supplies,Binders,GBC Wire Binding Strips,9.522,1.0,0.7,-6.9828,Manual Upload,Rejected,
5010.0,CA-2015-102876,9/7/2015,9/14/2015,Standard Class,LR-17035,Lisa Ryan,Corporate,United States,Philadelphia,Pennsylvania,19134.0,East,TEC-PH-10002680,Technology,Phones,Samsung Galaxy Note 3,791.964,6.0,0.4,-131.994,CRM,Pending,
5011.0,CA-2015-102876,9/7/2015,9/14/2015,Standard Class,LR-17035,Lisa Ryan,Corporate,United States,Philadelphia,Pennsylvania,19134.0,East,OFF-BI-10000848,Office Supplies,Binders,Angle-D Ring Binders,4.923,3.0,0.7,-3.9384,CRM,,
5012.0,US-2017-139647,5/11/2017,5/13/2017,First Class,TS-21370,Todd Sumrall,Corporate,United States,Phoenix,Arizona,85023.0,West,FUR-BO-10004467,Furniture,Bookcases,Bestar Classic Bookcase,209.979,7.0,0.7,-356.9643,ERP,Approved,Urgent
5013.0,US-2017-160465,7/21/2017,7/26/2017,Standard Class,SW-20350,Sean Wendt,Home Office,United States,Cleveland,Ohio,44105.0,East,OFF-BI-10001670,Office Supplies,Binders,Vinyl Sectional Post Binders,33.93,3.0,0.7,-22.62,Manual Upload,Pending,Duplicate?
5014.0,US-2017-160465,7/21/2017,7/26/2017,Standard Class,SW-20350,Sean Wendt,Home Office,United States,Cleveland,Ohio,44105.0,East,OFF-ST-10000136,Office Supplies,Storage,Letter Size File,222.32,7.0,0.2,25.011,Manual Upload,Approved,Check later
5015.0,US-2017-160465,7/21/2017,7/26/2017,Standard Class,SW-20350,Sean Wendt,Home Office,United States,Cleveland,Ohio,44105.0,East,TEC-PH-10004522,Technology,Phones,Dexim XPower Skin Super-Thin Power Case for iPhone 5 - Black,210.564,6.0,0.4,-52.641,ERP,Approved,Urgent
5016.0,CA-2014-153850,11/24/2014,11/29/2014,Standard Class,TH-21100,Thea Hendricks,Consumer,United States,Toledo,Ohio,43615.0,East,FUR-FU-10002960,Furniture,Furnishings,"Eldon 200 Class Desk Accessories, Burgundy",35.168,7.0,0.2,9.6712,Manual Upload,Pending,Duplicate?
5017.0,CA-2014-153850,11/24/2014,11/29/2014,Standard Class,TH-21100,Thea Hendricks,Consumer,United States,Toledo,Ohio,43615.0,East,TEC-PH-10002584,Technology,Phones,Samsung Galaxy S4,0.01,4.0,0.4,-250.396,Legacy,Approved,
5018.0,CA-2014-127558,11/15/2014,11/18/2014,First Class,SS-20410,Shahid Shariari,Consumer,United States,Los Angeles,California,90008.0,West,FUR-FU-10002505,Furniture,Furnishings,Eldon 100 Class Desk Accessories,10.11,3.0,0.0,3.2352,Legacy,Pending,
5019.0,CA-2014-127558,11/15/2014,11/18/2014,First Class,SS-20410,Shahid Shariari,Consumer,United States,Los Angeles,California,90008.0,West,TEC-AC-10003832,Technology,Accessories,Logitech P710e Mobile Speakerphone,772.47,3.0,0.0,146.7693,ERP,Pending,
5020.0,CA-2014-127558,11/15/2014,11/18/2014,First Class,SS-20410,Shahid Shariari,Consumer,United States,Los Angeles,California,90008.0,West,OFF-SU-10002537,Office Supplies,Supplies,Acme Box Cutter Scissors,20.46,2.0,0.0,5.3196,Legacy,Approved,Duplicate?
5021.0,CA-2017-136511,3/23/2017,3/25/2017,Second Class,MZ-17515,Mary Zewe,Corporate,United States,New York City,New York,10011.0,East,OFF-SU-10003505,Office Supplies,Supplies,Premier Electric Letter Opener,347.58,3.0,0.0,17.379,Manual Upload,Pending,Check later
5022.0,CA-2016-133795,12/18/2016,12/24/2016,Standard Class,JE-15475,Jeremy Ellison,Consumer,United States,San Diego,California,92037.0,West,TEC-AC-10001465,Technology,Accessories,SanDisk Cruzer 64 GB USB Flash Drive,72.64,2.0,0.0,21.792,ERP,Pending,Duplicate?
5023.0,CA-2016-133795,12/18/2016,12/24/2016,Standard Class,JE-15475,Jeremy Ellison,Consumer,United States,San Diego,California,92037.0,West,TEC-AC-10003832,Technology,Accessories,Logitech P710e Mobile Speakerphone,772.47,3.0,0.0,146.7693,Legacy,Rejected,Urgent
5024.0,CA-2016-133795,12/18/2016,12/24/2016,Standard Class,JE-15475,Jeremy Ellison,Consumer,United States,San Diego,California,92037.0,West,FUR-FU-10003731,Furniture,Furnishings,"Eldon Expressions Wood and Plastic Desk Accessories, Oak",39.92,4.0,0.0,11.1776,CRM,Approved,Duplicate?
5025.0,US-2017-130953,7/29/2017,8/3/2017,Standard Class,RF-19735,Roland Fjeld,Consumer,United States,Oklahoma City,Oklahoma,73120.0,Central,OFF-BI-10004828,Office Supplies,Binders,GBC Poly Designer Binding Covers,33.48,2.0,0.0,16.4052,Legacy,Approved,
5026.0,US-2017-130953,7/29/2017,8/3/2017,Standard Class,RF-19735,Roland Fjeld,Consumer,United States,Oklahoma City,Oklahoma,73120.0,Central,TEC-PH-10003012,Technology,Phones,Nortel Meridian M3904 Professional Digital phone,461.97,3.0,0.0,133.9713,CRM,,Check later
5027.0,US-2017-130953,7/29/2017,8/3/2017,Standard Class,RF-19735,Roland Fjeld,Consumer,United States,Oklahoma City,Oklahoma,73120.0,Central,OFF-AP-10002311,Office Supplies,Appliances,"Holmes Replacement Filter for HEPA Air Cleaner, Very Large Room, HEPA Filter",137.62,2.0,0.0,60.5528,CRM,Approved,
5028.0,US-2017-130953,7/29/2017,8/3/2017,Standard Class,RF-19735,Roland Fjeld,Consumer,United States,Oklahoma City,Oklahoma,73120.0,Central,FUR-CH-10004626,Furniture,Chairs,Office Star Flex Back Scooter Chair with Aluminum Finish Frame,302.67,3.0,0.0,72.6408,ERP,Pending,
5029.0,CA-2014-151792,9/2/2014,9/7/2014,Second Class,CV-12295,Christina VanderZanden,Consumer,United States,Chicago,Illinois,60653.0,Central,TEC-AC-10001606,Technology,Accessories,Logitech Wireless Performance Mouse MX for PC and Mac,239.976,3.0,0.2,53.9946,ERP,Rejected,Urgent
5030.0,CA-2017-139304,1/29/2017,2/2/2017,Standard Class,VG-21790,Vivek Gonzalez,Consumer,United States,San Francisco,California,94109.0,west,OFF-AR-10001216,Office Supplies,Art,Newell 339,8.34,3.0,0.0,2.1684,ERP,,Duplicate?
5031.0,CA-2017-139304,1/29/2017,2/2/2017,Standard Class,VG-21790,Vivek Gonzalez,Consumer,United States,San Francisco,California,94109.0,West,OFF-SU-10001664,Office Supplies,Supplies,Acme Office Executive Series Stainless Steel Trimmers,8.57,1.0,0.0,2.2282,CRM,Pending,Duplicate?
5032.0,CA-2017-139304,1/29/2017,2/2/2017,Standard Class,VG-21790,Vivek Gonzalez,Consumer,United States,San Francisco,California,94109.0,West,OFF-BI-10002498,Office Supplies,Binders,Clear Mylar Reinforcing Strips,119.616,8.0,0.2,40.3704,CRM,Rejected,
5033.0,CA-2016-155166,12/26/2016,1/2/2017,Standard Class,BB-11545,Brenda Bowman,Corporate,United States,Vineland,New Jersey,8360.0,East,FUR-CH-10003968,Furniture,Chairs,Novimex Turbo Task Chair,212.94,3.0,0.0,25.5528,CRM,Approved,Check later
5034.0,CA-2016-155166,12/26/2016,1/2/2017,Standard Class,BB-11545,Brenda Bowman,Corporate,United States,Vineland,New Jersey,8360.0,East,OFF-AP-10002765,Office Supplies,Appliances,Fellowes Advanced Computer Series Surge Protectors,26.49,1.0,0.0,7.4172,Legacy,Pending,Duplicate?
5035.0,CA-2015-103954,8/9/2015,8/13/2015,Second Class,HR-14770,Hallie Redmond,Home Office,United States,Milwaukee,Wisconsin,53209.0,Central,FUR-BO-10004690,Furniture ,Bookcases,O'Sullivan Cherrywood Estates Traditional Barrister Bookcase,687.4,5.0,0.0,48.118,CRM,Approved,Duplicate?
5036.0,CA-2014-169803,4/6/2014,4/12/2014,Standard Class,SC-20260,Scott Cohen,Corporate,United States,Seattle,Washington,98115.0,West,FUR-TA-10000688,Furniture,Tables,"Chromcraft Bull-Nose Wood Round Conference Table Top, Wood Base",653.55,3.0,0.0,111.1035,CRM,Rejected,Duplicate?
5037.0,CA-2014-169803,4/6/2014,4/12/2014,Standard Class,SC-20260,Scott Cohen,Corporate,United States,Seattle,Washington,98115.0,West,TEC-AC-10003441,Technology,Accessories,Kingston Digital DataTraveler 32GB USB 2.0,33.9,2.0,0.0,2.034,Manual Upload,,Check later
5038.0,CA-2017-141719,11/17/2017,11/21/2017,Second Class,EG-13900,Emily Grady,Consumer,United States,Naperville,Illinois,60540.0,Central,TEC-AC-10003610,Technology,Accessories,Logitech Illuminated - Keyboard,239.96,5.0,0.2,83.986,Legacy,Rejected,
5039.0,CA-2015-136469,7/11/2015,7/12/2015,First Class,TS-21370,Todd Sumrall,Corporate,United States,Wilmington,Delaware,19805.0,East,FUR-TA-10001520,Furniture,Tables,"Lesro Sheffield Collection Coffee Table, End Table, Center Table, Corner Table",199.836,4.0,0.3,-37.1124,Legacy,Approved,
5040.0,CA-2015-136469,7/11/2015,7/12/2015,First Class,TS-21370,Todd Sumrall,Corporate,United States,Wilmington,Delaware,19805.0,East,TEC-PH-10001817,Technology,Phones,Wilson Electronics DB Pro Signal Booster,716.0,2.0,0.0,193.32,Legacy,Rejected,Check later
5041.0,CA-2015-136469,7/11/2015,7/12/2015,First Class,TS-21370,Todd Sumrall,Corporate,United States,Wilmington,Delaware,19805.0,East,OFF-BI-10004492,Office Supplies,Binders,Tuf-Vin Binders,221.06,7.0,0.0,103.8982,ERP,Pending,
5042.0,CA-2016-158694,11/10/2016,11/13/2016,Second Class,AI-10855,Arianne Irving,Consumer,United States,Los Angeles,California,90036.0,West,OFF-PA-10002421,Office Supplies,Paper,Embossed Ink Jet Note Cards,67.71,3.0,0.0,32.5008,Legacy,Pending,Duplicate?
5043.0,CA-2016-158694,11/10/2016,11/13/2016,Second Class,AI-10855,Arianne Irving,Consumer,United States,Los Angeles,California,90036.0,West,OFF-AP-10000055,Office Supplies,Appliances,Belkin F9S820V06 8 Outlet Surge,129.92,4.0,0.0,38.976,Manual Upload,,
5044.0,CA-2016-158694,11/10/2016,11/13/2016,Second Class,AI-10855,Arianne Irving,Consumer,United States,Los Angeles,California,90036.0,West,FUR-FU-10000965,Furniture,Furnishings,"Howard Miller 11-1/2"" Diameter Ridgewood Wall Clock",467.46,9.0,0.0,191.6586,CRM,Rejected,Urgent
5045.0,CA-2016-158694,11/10/2016,11/13/2016,Second Class,AI-10855,Arianne Irving,Consumer,United States,Los Angeles,California,90036.0,West,OFF-PA-10001363,Office Supplies,Paper,Xerox 1933,61.4,5.0,0.0,28.858,CRM,,
5046.0,CA-2016-158694,11/10/2016,11/13/2016,Second Class,AI-10855,Arianne Irving,Consumer,United States,Los Angeles,California,90036.0,West,OFF-ST-10001496,Office Supplies,Storage,Standard Rollaway File with Lock,720.76,4.0,0.0,187.3976,Legacy,Approved,Urgent
5047.0,CA-2016-158694,11/10/2016,11/13/2016,Second Class,AI-10855,Arianne Irving,Consumer,United States,Los Angeles,California,90036.0,West,OFF-BI-10004656,Office Supplies,Binders,Peel & Stick Add-On Corner Pockets,5.184,3.0,0.2,1.8144,Legacy,Rejected,Urgent
5048.0,CA-2016-158694,11/10/2016,11/13/2016,Second Class,AI-10855,Arianne Irving,Consumer,United States,Los Angeles,California,90036.0,West,OFF-AR-10001227,Office Supplies,Art,Newell 338,14.7,5.0,0.0,3.969,ERP,Pending,Check later
5049.0,US-2014-104759,3/31/2014,4/4/2014,Standard Class,DD-13570,Dorothy Dickinson,Consumer,United States,Chicago,Illinois,60610.0,Central,OFF-BI-10002071,Office Supplies,Binders,Fellowes Black Plastic Comb Bindings,8.134,7.0,0.8,-13.8278,Legacy,Approved,
5050.0,US-2014-104759,3/31/2014,4/4/2014,Standard Class,DD-13570,Dorothy Dickinson,Consumer,United States,Chicago,Illinois,60610.0,Central,TEC-AC-10004901,Technology,Accessories,Kensington SlimBlade Notebook Wireless Mouse with Nano Receiver ,79.984,2.0,0.2,13.9972,Legacy,Approved,Urgent
5051.0,CA-2015-150511,9/18/2015,9/24/2015,Standard Class,AB-10060,Adam Bellavance,Home Office,United States,Des Moines,Washington,98198.0,West,OFF-PA-10001776,Office Supplies,Paper,"Wirebound Message Books, Four 2 3/4"" x 5"" Forms per Page, 600 Sets per Book",18.54,2.0,0.0,8.7138,ERP,Approved,Urgent
5052.0,CA-2015-134922,11/7/2015,11/11/2015,Standard Class,KB-16240,Karen Bern,Corporate,United States,Philadelphia,Pennsylvania,19140.0,East,OFF-EN-10000483,Office Supplies,Envelopes,"White Envelopes, White Envelopes with Clear Poly Window",24.4,2.0,0.2,7.93,ERP,Rejected,
5053.0,US-2017-120607,5/19/2017,5/19/2017,Same Day,JC-15775,John Castell,Consumer,United States,Atlanta,Georgia,30318.0,South,OFF-PA-10003129,Office Supplies,Paper,Tops White Computer Printout Paper,195.64,4.0,0.0,91.9508,ERP,Approved,
5054.0,CA-2015-141243,1/3/2015,1/8/2015,Second Class,AH-10465,Amy Hunt,Consumer,United States,Dallas,Texas,75217.0,Central,TEC-AC-10003198,Technology,Accessories,Enermax Acrylux Wireless Keyboard,398.4,5.0,0.2,84.66,Legacy,Pending,
5055.0,CA-2015-141243,1/3/2015,1/8/2015,Second Class,AH-10465,Amy Hunt,Consumer,United States,Dallas,Texas,75217.0,Central,OFF-AR-10001246,Office Supplies,Art,Newell 317,7.056,3.0,0.2,0.7938,CRM,Rejected,
5056.0,CA-2015-141243,1/3/2015,1/8/2015,Second Class,AH-10465,Amy Hunt,Consumer,United States,Dallas,Texas,75217.0,Central,FUR-BO-10003272,Furniture,Bookcases,O'Sullivan Living Dimensions 5-Shelf Bookcases,1352.3976,9.0,0.32,-437.5404,CRM,Pending,
5057.0,CA-2015-162166,9/8/2015,9/11/2015,First Class,NM-18520,Neoma Murray,Consumer,United States,Moreno Valley,California,92553.0,West,OFF-PA-10002606,Office Supplies,Paper,Xerox 1928,26.4,5.0,0.99,11.88,ERP,Pending,Duplicate?
5058.0,CA-2015-162166,9/8/2015,9/11/2015,First Class,NM-18520,Neoma Murray,Consumer,United States,Moreno Valley,California,92553.0,West,OFF-ST-10002486,Office Supplies,Storage,Eldon Shelf Savers Cubes and Bins,41.88,6.0,0.0,0.8376,CRM,Pending,Check later
5059.0,CA-2016-120796,4/3/2016,4/7/2016,Standard Class,CS-11950,Carlos Soltero,Consumer,United States,Philadelphia,Pennsylvania,19140.0,East,OFF-BI-10004330,Office Supplies,Binders,"GBC Velobind Prepunched Cover Sets, Regency Series",99.846,0.0,0.7,-83.205,Legacy,,Duplicate?
5060.0,CA-2016-109722,12/5/2016,12/7/2016,Second Class,TP-21130,Theone Pippenger,Consumer,United States,Georgetown,Kentucky,40324.0,South,TEC-PH-10000560,Technology,Phones,Samsung Galaxy S III - 16GB - pebble blue (T-Mobile),699.98,2.0,0.0,195.9944,Legacy,Pending,
5061.0,CA-2016-109722,12/5/2016,12/7/2016,Second Class,TP-21130,Theone Pippenger,Consumer,United States,Georgetown,Kentucky,40324.0,South,OFF-ST-10000060,Office Supplies,Storage,Fellowes Bankers Box Staxonsteel Drawer File/Stacking System,584.82,9.0,0.0,70.1784,ERP,Pending,Urgent
5062.0,CA-2015-136798,5/8/2015,5/12/2015,Standard Class,DL-12925,Daniel Lacy,Consumer,United States,Minneapolis,Minnesota,55407.0,Central,OFF-BI-10003684,Office Supplies,Binders,Wilson Jones Legal Size Ring Binders,43.98,2.0,0.0,21.99,Manual Upload,Approved,
5063.0,CA-2015-136798,5/8/2015,5/12/2015,Standard Class,DL-12925,Daniel Lacy,Consumer,United States,Minneapolis,Minnesota,55407.0,Central,TEC-PH-10000441,Technology,Phones,VTech DS6151,377.97,3.0,0.0,105.8316,Manual Upload,Rejected,Duplicate?
5064.0,CA-2015-136798,5/8/2015,5/12/2015,Standard Class,DL-12925,Daniel Lacy,Consumer,United States,Minneapolis,Minnesota,55407.0,Central,FUR-FU-10000723,Furniture,Furnishings,"Deflect-o EconoMat Studded, No Bevel Mat for Low Pile Carpeting",123.96,3.0,0.0,11.1564,ERP,Approved,
5065.0,CA-2017-122196,9/22/2017,9/24/2017,First Class,CA-12265,Christina Anderson,Consumer,United States,Wilmington,Delaware,19805.0,East,TEC-PH-10004977,Technology,Phones,GE 30524EE4,391.98,2.0,0.0,113.6742,Manual Upload,Rejected,Duplicate?
5066.0,CA-2017-142090,11/30/2017,12/7/2017,Standard Class,SC-20380,Shahid Collister,Consumer,United States,Burlington,North Carolina,27217.0,South,TEC-AC-10002001,Technology,Accessories,Logitech Wireless Gaming Headset G930,383.976,3.0,0.2,81.5949,CRM,,Duplicate?
5067.0,CA-2017-142090,11/30/2017,12/7/2017,Standard Class,SC-20380,Shahid Collister,Consumer,United States,Burlington,North Carolina,27217.0,South,FUR-TA-10001889,Furniture,Tables,Bush Advantage Collection Racetrack Conference Table,1781.682,7.0,0.4,-653.2834,Manual Upload,Rejected,
5068.0,CA-2017-160934,1/15/2017,1/19/2017,Standard Class,TT-21460,Tonja Turnell,Home Office,United States,Los Angeles,California,90008.0,West,OFF-AR-10003504,Office Supplies,Art,Newell 347,21.4,5.0,0.0,6.206,CRM,Pending,
5069.0,CA-2014-124478,8/8/2014,8/12/2014,Standard Class,MA-17560,Matt Abelman,Home Office,United States,Trenton,Michigan,48183.0,Central,TEC-CO-10001571,Technology,Copiers,Sharp 1540cs Digital Laser Copier,549.99,1.0,0.0,274.995,ERP,Pending,Check later
5070.0,CA-2014-124478,8/8/2014,8/12/2014,Standard Class,MA-17560,Matt Abelman,Home Office,United States,Trenton,Michigan,48183.0,Central,OFF-AP-10002495,Office Supplies,Appliances,"Acco Smartsocket Table Surge Protector, 6 Color-Coded Adapter Outlets",167.535,3.0,0.1,37.23,ERP,,
5071.0,CA-2014-124478,8/8/2014,8/12/2014,Standard Class,MA-17560,Matt Abelman,Home Office,United States,Trenton,Michigan,48183.0,Central,OFF-EN-10002500,Office Supplies,Envelopes,Globe Weis Peel & Seel First Class Envelopes,38.34,3.0,0.0,17.253,Manual Upload,Pending,Check later
5072.0,CA-2014-124478,8/8/2014,8/12/2014,Standard Class,MA-17560,Matt Abelman,Home Office,United States,Trenton,Michigan,48183.0,Central,FUR-FU-10002088,Furniture,Furnishings,Nu-Dell Float Frame 11 x 14 1/2,53.88,6.0,0.0,22.6296,CRM,Rejected,
5073.0,CA-2014-124478,8/8/2014,8/12/2014,Standard Class,MA-17560,Matt Abelman,Home Office,United States,Trenton,Michigan,48183.0,Central,TEC-PH-10001128,Technology,Phones,Motorola Droid Maxx,299.98,2.0,0.0,83.9944,Manual Upload,Rejected,Check later
5074.0,CA-2015-145485,11/5/2015,11/5/2015,Same Day,JM-16195,Justin MacKendrick,Consumer,United States,San Francisco,California,94109.0,West,OFF-ST-10000649,Office Supplies,Storage,Hanging Personal Folder File,62.8,4.0,0.0,15.7,Manual Upload,Pending,
5075.0,CA-2017-151071,4/25/2017,4/29/2017,Second Class,MB-18085,Mick Brown,Consumer,United States,Los Angeles,California,90049.0,West,OFF-BI-10002103,Office Supplies,Binders,"Cardinal Slant-D Ring Binder, Heavy Gauge Vinyl",13.904,2.0,0.2,4.5188,Manual Upload,,Urgent
5076.0,CA-2014-134572,4/20/2014,4/22/2014,Second Class,SV-20365,Seth Vernon,Consumer,United States,Houston,Texas,77070.0,Central,FUR-TA-10001705,Furniture,Tables,Bush Advantage Collection Round Conference Table,744.1,5.0,0.3,-95.67,Legacy,Approved,
5077.0,CA-2014-134572,4/20/2014,4/22/2014,Second Class,SV-20365,Seth Vernon,Consumer,United States,Houston,Texas,77070.0,Central,OFF-ST-10004634,Office Supplies,Storage,"Personal Folder Holder, Ebony",44.84,5.0,0.2,5.605,Manual Upload,Rejected,Duplicate?
5078.0,CA-2014-134572,4/20/2014,4/22/2014,Second Class,SV-20365,Seth Vernon,Consumer,United States,Houston,Texas,77070.0,Central,FUR-TA-10004442,Furniture,Tables,Riverside Furniture Stanwyck Manor Table Series,401.59,2.0,0.3,-131.951,Legacy,Approved,Urgent
5079.0,CA-2017-143217,11/11/2017,11/17/2017,Standard Class,CG-12040,Catherine Glotzbach,Home Office,United States,Milwaukee,Wisconsin,53209.0,Central,OFF-BI-10002949,Office Supplies,Binders,Prestige Round Ring Binders,18.24,3.0,0.99,8.5728,Manual Upload,Rejected,
5080.0,US-2017-133312,11/25/2017,11/29/2017,Standard Class,BD-11500,Bradley Drucker,Consumer,United States,San Francisco,California,94122.0,West,FUR-BO-10002213,Furniture,Bookcases,"Sauder Forest Hills Library, Woodland Oak Finish",359.499,3.0,0.15,-29.6058,Manual Upload,Approved,Check later
5081.0,US-2017-133312,11/25/2017,11/29/2017,Standard Class,BD-11500,Bradley Drucker,Consumer,United States,San Francisco,California,94122.0,West,OFF-ST-10001325,Office Supplies,Storage,Sterilite Officeware Hinged File Box,10.48,1.0,0.0,2.8296,Manual Upload,,Check later
5082.0,US-2015-137533,12/18/2015,12/18/2015,Same Day,JK-15640,Jim Kriz,Home Office,United States,Cleveland,Ohio,44105.0,East,OFF-PA-10003441,Office Supplies,Paper,Xerox 226,20.736,4.0,0.2,7.2576,Manual Upload,,Urgent
5083.0,CA-2016-155138,9/8/2016,9/12/2016,Standard Class,JM-15580,Jill Matthias,Consumer,United States,Monroe,North Carolina,28110.0,South,TEC-AC-10004209,Technology,Accessories,Memorex Froggy Flash Drive 4 GB,35.168,4.0,0.2,8.3524,Legacy,Approved,Check later
5084.0,CA-2016-155138,9/8/2016,9/12/2016,Standard Class,JM-15580,Jill Matthias,Consumer,United States,Monroe,North Carolina,28110.0,South,OFF-PA-10000501,Office Supplies,Paper,Petty Cash Envelope,64.704,3.0,0.2,23.4552,Legacy,,
5085.0,CA-2016-108350,06 Jun 2016,6/9/2016,Second Class,SC-20230,Scot Coram,Corporate,United States,Lowell,Massachusetts,1852.0,East,OFF-PA-10003656,Office Supplies,Paper,Xerox 1935,105.52,4.0,0.0,48.5392,Legacy,Rejected,Check later
5086.0,CA-2015-144302,6/19/2015,6/23/2015,Standard Class,ME-17320,Maria Etezadi,Home Office,United States,Dallas,Texas,75081.0,Central,OFF-BI-10001107,Office Supplies,Binders,"GBC White Gloss Covers, Plain Front",5.792,2.0,0.8,-9.5568,ERP,Pending,Check later
5087.0,CA-2015-109001,3/5/2015,3/9/2015,standard class,KN-16390,Katherine Nockton,Corporate,United States,Philadelphia,Pennsylvania,19120.0,East,TEC-PH-10000562,Technology,Phones,Samsung Convoy 3,466.158,7.0,0.4,-93.2316,ERP,Approved,Duplicate?
5088.0,CA-2015-109001,3/5/2015,3/9/2015,Standard Class,KN-16390,Katherine Nockton,Corporate,United States,Philadelphia,Pennsylvania,19120.0,East,TEC-AC-10001101,Technology,Accessories,Sony 16GB Class 10 Micro SDHC R40 Memory Card,10.312,1.0,0.2,-1.289,ERP,Rejected,
5089.0,CA-2015-109001,3/5/2015,3/9/2015,Standard Class,KN-16390,Katherine Nockton,Corporate,United States,Philadelphia,Pennsylvania,19120.0,East,OFF-BI-10003529,Office Supplies,Binders,Avery Round Ring Poly Binders,2.556,3.0,0.7,-1.7892,CRM,Approved,Urgent
5090.0,CA-2017-132738,8/4/2017,8/7/2017,First Class,HM-14860,Harry Marie,Corporate,United States,Loveland,Colorado,80538.0,West,OFF-PA-10001752,Office Supplies,Paper,Hammermill CopyPlus Copy Paper (20Lb. and 84 Bright),7.968,2.0,0.2,2.8884,Manual Upload,Rejected,Duplicate?
5091.0,CA-2017-132738,8/4/2017,8/7/2017,First Class,HM-14860,Harry Marie,Corporate,United States,Loveland,Colorado,80538.0,West,OFF-EN-10001141,Office Supplies,Envelopes,"Manila Recycled Extra-Heavyweight Clasp Envelopes, 6"" x 9""",8.784,1.0,0.2,3.1842,Legacy,Approved,
5092.0,CA-2017-156720,12/30/2017,1/3/2018,Standard Class,JM-15580,Jill Matthias,Consumer,United States,Loveland,Colorado,80538.0,West,OFF-FA-10003472,Office Supplies,Fasteners,Bagged Rubber Bands,3.024,3.0,0.2,-0.6048,CRM,Approved,
5093.0,CA-2015-119102,5/23/2015,5/27/2015,Standard Class,KH-16690,Kristen Hastings,Corporate,United States,Woonsocket,Rhode Island,2895.0,East,OFF-ST-10004507,Office Supplies,Storage,Advantus Rolling Storage Box,51.45,3.0,0.0,13.8915,ERP,Rejected,Duplicate?
5094.0,US-2014-140452,12/6/2014,12/10/2014,Std Class,BK-11260,Berenike Kampe,Consumer,United States,Chicago,Illinois,60610.0,Central,OFF-AP-10004036,Office Supplies,Appliances,Bionaire 99.97% HEPA Air Cleaner,14.016,4.0,0.8,-31.536,Manual Upload,Rejected,
5095.0,US-2014-140452,12/6/2014,12/10/2014,Standard Class,BK-11260,Berenike Kampe,Consumer,United States,Chicago,Illinois,60610.0,Central,FUR-TA-10004086,Furniture,Tables,KI Adjustable-Height Table,214.95,5.0,0.5,-120.372,Manual Upload,Approved,
5096.0,US-2014-140452,12/6/2014,12/10/2014,Standard Class,BK-11260,Berenike Kampe,Consumer,United States,Chicago,Illinois,60610.0,Central,TEC-PH-10000307,Technology,Phones,Shocksock Galaxy S4 Armband,35.04,4.0,0.2,-7.008,Legacy,Approved,
5097.0,US-2014-140452,12/6/2014,12/10/2014,Standard Class,BK-11260,Berenike Kampe,Consumer,United States,Chicago,Illinois,60610.0,Central,FUR-FU-10002088,Furniture,Furnishings,Nu-Dell Float Frame 11 x 14 1/2,10.776,3.0,0.6,-4.8492,Manual Upload,,Check later
5098.0,US-2014-140452,12/6/2014,12/10/2014,Standard Class,BK-11260,Berenike Kampe,Consumer,United States,Chicago,Illinois,60610.0,Central,OFF-BI-10004965,Office Supplies,Binders,Ibico Covers for Plastic or Wire Binding Elements,4.6,2.0,0.8,-8.05,ERP,Rejected,Duplicate?
5099.0,US-2014-140452,12/6/2014,12/10/2014,Standard Class,BK-11260,Berenike Kampe,Consumer,United States,Chicago,Illinois,60610.0,Central,OFF-ST-10002485,Office Supplies,Storage,Rogers Deluxe File Chest,35.168,2.0,0.2,-8.3524,ERP,Approved,
5100.0,CA-2015-141936,8/7/2015,8/12/2015,Standard Class,PN-18775,Parhena Norris,Home Office,United States,Bakersfield,California,93309.0,West,OFF-BI-10002194,Office Supplies,Binders,Cardinal Hold-It CD Pocket,19.152,3.0,0.2,6.4638,ERP,Pending,
5101.0,CA-2014-158442,3/17/2014,3/17/2014,Same Day,AZ-10750,Annie Zypern,Consumer,United States,Dallas,Texas,75217.0,Central,OFF-AR-10003732,Office Supplies,Art,Newell 333,4.448,2.0,0.2,50000.0,CRM,Rejected,Urgent
5102.0,CA-2014-158442,3/17/2014,3/17/2014,Same Day,AZ-10750,Annie Zypern,Consumer,United States,Dallas,Texas,75217.0,Central,OFF-PA-10002195,Office Supplies,Paper,Xerox 1966,5.184,1.0,0.2,1.8792,ERP,Rejected,
5103.0,CA-2014-158442,3/17/2014,3/17/2014,Same Day,AZ-10750,Annie Zypern,Consumer,United States,Dallas,Texas,75217.0,Central,OFF-PA-10002365,Office Supplies,Paper,Xerox 1967,15.552,3.0,0.2,5.4432,Legacy,Pending,Check later
5104.0,CA-2015-167374,3/26/2015,3/30/2015,Second Class,GM-14500,Gene McClure,Consumer,United States,Philadelphia,Pennsylvania,19140.0,East,OFF-PA-10001950,Office Supplies,Paper,Southworth 25% Cotton Antique Laid Paper & Envelopes,40.032,6.0,0.2,12.51,Legacy,,
5105.0,CA-2015-167374,3/26/2015,3/30/2015,Second Class,GM-14500,Gene McClure,Consumer,United States,Philadelphia,Pennsylvania,19140.0,East,TEC-AC-10004633,Technology,Accessories,"Verbatim 25 GB 6x Blu-ray Single Layer Recordable Disc, 3/Pack",16.776,3.0,0.2,5.0328,ERP,,Check later
5106.0,CA-2014-116568,12/14/2014,2014-12-20,Standard Class,BM-11785,Bryan Mills,Consumer,United States,Deltona,Florida,32725.0,South,FUR-CH-10002439,Furniture,Chairs,"Iceberg Nesting Folding Chair, 19w x 6d x 43h",186.304,4.0,0.2,13.9728,ERP,,
5107.0,CA-2015-147102,9/19/2015,9/26/2015,Standard Class,NH-18610,Nicole Hansen,Corporate,United States,Columbus,Georgia,31907.0,South,TEC-AC-10000682,Technology,Accessories,Kensington K72356US Mouse-in-a-Box USB Desktop Mouse,66.36,4.0,0.0,23.226,Legacy,Pending,
5108.0,CA-2017-132213,4/25/2017,4/26/2017,First Class,PN-18775,Parhena Norris,Home Office,United States,Nashville,Tennessee,37211.0,South,OFF-AR-10004078,Office Supplies,Art,Newell 312,42.048,9.0,0.2,5.256,CRM,Approved,Check later
5109.0,CA-2017-132213,4/25/2017,4/26/2017,First Class,PN-18775,Parhena Norris,Home Office,United States,Nashville,Tennessee,37211.0,South,OFF-AR-10001958,Office Supplies,Art,Stanley Bostitch Contemporary Electric Pencil Sharpeners,67.92,5.0,0.2,6.792,Legacy,Approved,
5110.0,CA-2014-138450,10/18/2014,10/22/2014,Standard Class,EH-13765,Edward Hooks,Corporate,United States,Philadelphia,Pennsylvania,19134.0,East,OFF-EN-10001335,Office Supplies,Envelopes,"White Business Envelopes with Contemporary Seam, Recycled White Business Envelopes",52.512,6.0,0.2,19.692,CRM,,
5111.0,CA-2014-138450,10/18/2014,10/22/2014,Standard Class,EH-13765,Edward Hooks,CORP,United States,Philadelphia,Pennsylvania,19134.0,East,OFF-ST-10003479,Office Supplies,Storage,"Eldon Base for stackable storage shelf, platinum",186.912,6.0,0.2,-35.046,Legacy,Approved,
5112.0,CA-2014-138450,10/18/2014,10/22/2014,Standard Class,EH-13765,Edward Hooks,Corporate,United States,Philadelphia,Pennsylvania,19134.0,East,OFF-PA-10003016,Office Supplies,Paper,"Adams ""While You Were Out"" Message Pads",10.048,4.0,0.2,3.14,ERP,,Check later
5113.0,CA-2015-153073,11/13/2015,11/13/2015,Same Day,HA-14905,Helen Abelman,Consumer,United States,Chicago,Illinois,60610.0,Central,FUR-FU-10001025,Furniture,Furnishings,"Eldon Imàge Series Desk Accessories, Clear",17.496,9.0,0.6,-7.4358,Manual Upload,Pending,Urgent
5114.0,CA-2016-147970,1/31/2016,2/2/2016,Second Class,AB-10150,Aimee Bixby,Consumer,United States,Dallas,Texas,75220.0,Central,OFF-PA-10003936,Office Supplies,Paper,Xerox 1994,15.552,3.0,0.2,5.4432,ERP,Pending,Urgent
5115.0,CA-2016-150658,11/17/2016,11/22/2016,Standard Class,MS-17365,Maribeth Schnelling,Consumer,United States,Carlsbad,New Mexico,88220.0,West,OFF-BI-10004140,Office Supplies,Binders,Avery Non-Stick Binders,0.0,3.0,0.2,3.3675,ERP,Pending,Check later
5116.0,CA-2017-125640,7/25/2017,7/29/2017,Standard Class,DD-13570,Dorothy Dickinson,Consumer,United States,Philadelphia,Pennsylvania,19134.0,East,OFF-LA-10004178,Office Supplies,Labels,Avery 491,3.304,1.0,0.2,1.0738,ERP,Pending,Check later
5117.0,CA-2017-154137,11/11/2017,11/17/2017,Standard Class,MT-17815,Meg Tillman,Consumer,United States,New York City,New York,10009.0,East,OFF-ST-10003324,Office Supplies,Storage,Belkin OmniView SE Rackmount Kit,35.48,1.0,0.0,0.0,Legacy,Rejected,Check later
5118.0,CA-2015-127173,9/26/2015,10/3/2015,Standard Class,GM-14500,Gene McClure,Consumer,United States,Oceanside,New York,11572.0,East,OFF-FA-10004854,Office Supplies,Fasteners,"Vinyl Coated Wire Paper Clips in Organizer Box, 800/Box",34.44,3.0,0.0,16.1868,Legacy,Rejected,
5119.0,CA-2015-127173,9/26/2015,10/3/2015,Standard Class,GM-14500,Gene McClure,Consumer,United States,Oceanside,New York,11572.0,East,TEC-MA-10002859,Technology,Machines,Ativa MDM8000 8-Sheet Micro-Cut Shredder,629.93,7.0,0.0,296.0671,CRM,,
5120.0,CA-2015-127173,9/26/2015,10/3/2015,Standard Class,GM-14500,Gene McClure,Consumer,United States,Oceanside,New York,11572.0,East,OFF-BI-10000088,Office Supplies,Binders,GBC Imprintable Covers,79.056,9.0,0.2,28.6578,ERP,Pending,
5121.0,CA-2014-149538,4/4/2014,4/8/2014,Standard Class,KB-16585,Ken Black,Corporate,United States,Lafayette,Louisiana,70506.0,South,OFF-ST-10004180,Office Supplies,Storage,Safco Commercial Shelving,232.55,5.0,0.0,9.302,CRM,Pending,Urgent
5122.0,CA-2014-149538,4/4/2014,4/8/2014,Standard Class,KB-16585,Ken Black,Corporate,United States,Lafayette,Louisiana,70506.0,South,TEC-AC-10002926,Technology,Accessories,Logitech Wireless Marathon Mouse M705,99.98,2.0,0.0,42.9914,ERP,Approved,
5123.0,CA-2014-149538,4/4/2014,4/8/2014,Standard Class,KB-16585,Ken Black,Corporate,United States,Lafayette,Louisiana,70506.0,South,OFF-PA-10003797,Office Supplies,Paper,Xerox 209,19.44,3.0,0.0,9.3312,CRM,Approved,
5124.0,CA-2014-149538,4/4/2014,4/8/2014,Standard Class,KB-16585,Ken Black,Corporate,United States,Lafayette,Louisiana,70506.0,South,OFF-PA-10002195,Office Supplies,Paper,Xerox 1966,12.96,2.0,0.0,6.3504,ERP,Pending,Check later
5125.0,CA-2014-160766,9/14/2014,9/14/2014,Same Day,DM-13015,Darrin Martin,Consumer,United States,New York City,New York,10009.0,East,FUR-TA-10001039,Furniture,Tables,KI Adjustable-Height Table,464.292,9.0,0.4,-108.3348,ERP,,Duplicate?
5126.0,CA-2014-160766,9/14/2014,9/14/2014,Same Day,DM-13015,Darrin Martin,Consumer,United States,New York City,New York,10009.0,East,OFF-EN-10001099,Office Supplies,Envelopes,Staple envelope,68.46,7.0,0.0,31.4916,Manual Upload,Rejected,Check later
5127.0,CA-2014-160766,9/14/2014,9/14/2014,Same Day,DM-13015,Darrin Martin,Consumer,United States,New York City,New York,10009.0,East,TEC-MA-10003979,Technology,Machines,Ativa V4110MDD Micro-Cut Shredder,2799.96,4.0,0.0,1371.9804,CRM,,Urgent
5128.0,CA-2014-160766,9/14/2014,9/14/2014,Same Day,DM-13015,Darrin Martin,Consumer,United States,New York City,New York,10009.0,East,OFF-AP-10002945,Office Supplies,Appliances,Honeywell Enviracaire Portable HEPA Air Cleaner for 17' x 22' Room,601.3,2.0,0.0,198.429,Legacy,Approved,Urgent
5129.0,CA-2014-160766,9/14/2014,9/14/2014,Same Day,DM-13015,Darrin Martin,Consumer,United States,New York City,New York,10009.0,East,TEC-PH-10001536,Technology,Phones,Spigen Samsung Galaxy S5 Case Wallet,16.99,1.0,0.0,4.4174,Manual Upload,Rejected,
5130.0,CA-2014-160766,9/14/2014,9/14/2014,Same Day,DM-13015,Darrin Martin,Consumer,United States,New York City,New York,10009.0,East,TEC-PH-10000526,Technology,Phones,Vtech CS6719,287.97,3.0,0.0,80.6316,CRM,Pending,Check later
5131.0,CA-2014-160766,9/14/2014,9/14/2014,Same Day,DM-13015,Darrin Martin,Consumer,United States,New York City,New York,10009.0,East,OFF-PA-10000213,Office Supplies,Paper,Xerox 198,44.82,9.0,0.0,21.0654,Legacy,Pending,
5132.0,CA-2017-146626,12/29/2017,1/5/2018,Standard Class,BP-11185,Ben Peterman,Corporate,United States,Anaheim,California,92804.0,West,FUR-FU-10002501,Furniture,Furnishings,Nu-Dell Executive Frame,101.12,8.0,0.0,37.4144,Manual Upload,,
5133.0,CA-2015-123330,6/21/2015,6/27/2015,Standard Class,EP-13915,Emily Phan,Consumer,United States,Deltona,Florida,00000,South,TEC-PH-10001819,Technology,Phones,Innergie mMini Combo Duo USB Travel Charging Kit,107.976,3.0,0.2,37.7916,ERP,Rejected,
5134.0,CA-2017-155607,11/26/2017,11/30/2017,Standard Class,FG-14260,Frank Gastineau,Home Office,United States,New York City,New York,10009.0,East,OFF-AP-10001962,Office Supplies,Appliances,Black & Decker Filter for Double Action Dustbuster Cordless Vac BLDV7210,58.73,7.0,0.0,14.6825,Manual Upload,,
5135.0,CA-2017-155607,26-11-2017,11/30/2017,Standard Class,FG-14260,Frank Gastineau,Home Office,United States,New York City,New York,10009.0,East,OFF-BI-10003364,Office Supplies,Binders,Binding Machine Supplies,93.344,4.0,0.2,32.6704,Legacy,Rejected,
5136.0,CA-2016-151323,10/23/2016,10/28/2016,Standard Class,AB-10255,Alejandro Ballentine,Home Office,United States,Seattle,Washington,98103.0,West,OFF-FA-10002983,Office Supplies,Fasteners,Advantus SlideClip Paper Clips,17.05,5.0,0.0,8.184,CRM,,Duplicate?
5137.0,CA-2015-146696,12/14/2015,12/19/2015,Standard Class,RD-19480,Rick Duston,Consumer,United States,San Diego,California,92105.0,West,OFF-BI-10002432,Office Supplies,Binders,Wilson Jones Standard D-Ring Binders,8.096,2.0,0.2,2.7324,Manual Upload,,Duplicate?
5138.0,CA-2016-128972,11/13/2016,11/17/2016,Standard Class,TS-21430,Tom Stivers,Corporate,United States,Oklahoma City,Oklahoma,73120.0,Central,FUR-FU-10003096,Furniture,Furnishings,"Master Giant Foot Doorstop, Safety Yellow",30.36,4.0,0.0,13.0548,Manual Upload,Rejected,Urgent
5139.0,CA-2017-128335,9/29/2017,10/5/2017,Standard Class,JA-15970,Joseph Airdo,Consumer,United States,Mount Vernon,New York,10550.0,East,OFF-EN-10001539,Office Supplies,Envelopes,Staple envelope,23.34,3.0,0.0,10.9698,Manual Upload,Approved,Check later
5140.0,CA-2017-128335,9/29/2017,10/5/2017,Standard Class,JA-15970,Joseph Airdo,Consumer,United States,Mount Vernon,New York,10550.0,East,OFF-PA-10004996,Office Supplies,Paper,"Speediset Carbonless Redi-Letter 7"" x 8 1/2""",51.55,5.0,0.0,24.2285,CRM,Approved,
5141.0,CA-2015-154886,11/8/2015,11/12/2015,Standard Class,SW-20455,Shaun Weien,Consumer,United States,San Francisco,California,94109.0,West,TEC-AC-10001956,Technology,Accessories,Microsoft Arc Touch Mouse,119.9,2.0,0.0,43.164,ERP,,Urgent
5142.0,CA-2016-111213,4/1/2016,4/5/2016,Standard Class,FP-14320,Frank Preis,Consumer,United States,New York City,New York,10009.0,East,FUR-CH-10000454,Furniture,Chairs,"Hon Deluxe Fabric Upholstered Stacking Chairs, Rounded Back",1317.492,6.0,0.1,292.776,ERP,Approved,Duplicate?
5143.0,CA-2016-111213,4/1/2016,4/5/2016,Standard Class,FP-14320,Frank Preis,Consumer,United States,New York City,New York,10009.0,East,OFF-SU-10000946,Office Supplies,Supplies,Staple remover,63.84,8.0,0.0,18.5136,Manual Upload,Pending,Check later
5144.0,CA-2016-111213,4/1/2016,4/5/2016,Standard Class,FP-14320,Frank Preis,Consumer,United States,New York City,New York,10009.0,East,OFF-BI-10004140,Office Supplies,Binders,Avery Non-Stick Binders,3.592,1.0,0.2,1.1225,CRM,Rejected,Urgent
5145.0,CA-2017-161333,2/2/2017,2/7/2017,Standard Class,JL-15835,John Lee,Consumer,United States,Los Angeles,California,90045.0,West,FUR-FU-10003039,Furniture,Furnishings,"Howard Miller 11-1/2"" Diameter Grantwood Wall Clock",86.26,2.0,0.0,29.3284,ERP,,Duplicate?
5146.0,CA-2017-161333,2/2/2017,2/7/2017,Standard Class,JL-15835,John Lee,Consumer,United States,Los Angeles,California,90045.0,West,OFF-ST-10000464,Office Supplies,Storage,"Multi-Use Personal File Cart and Caster Set, Three Stacking Bins",139.04,4.0,0.0,38.9312,CRM,Approved,Duplicate?
5147.0,CA-2017-161333,2/2/2017,2/7/2017,Standard Class,JL-15835,John Lee,Consumer,United States,Los Angeles,California,90045.0,West,OFF-AP-10000252,Office Supplies,Appliances,Harmony HEPA Quiet Air Purifiers,46.8,4.0,0.0,16.38,Legacy,Rejected,Urgent
5148.0,CA-2017-128734,12/24/2017,12/31/2017,Standard Class,JL-15175,James Lanier,Home Office,United States,Chandler,Arizona,85224.0,West,FUR-FU-10001731,Furniture,Furnishings,Acrylic Self-Standing Desk Frames,8.544,4.0,0.2,1.9224,ERP,Rejected,
5149.0,CA-2017-128734,12/24/2017,12/31/2017,Standard Class,JL-15175,James Lanier,Home Office,United States,Chandler,Arizona,85224.0,West,FUR-CH-10001394,Furniture,Chairs,Global Leather Executive Chair,842.376,3.0,0.2,105.297,CRM,Approved,Duplicate?
5150.0,CA-2014-141796,6/21/2014,6/21/2014,Same Day,JG-15160,James Galang,Consumer,United States,Long Beach,New York,11561.0,East,TEC-PH-10001578,Technology,Phones,Polycom SoundStation2 EX Conference phone,1214.85,3.0,0.0,352.3065,Legacy,Pending,Urgent
5151.0,CA-2017-125101,3/6/2017,3/10/2017,Second Class,SH-19975,Sally Hughsby,Corporate,United States,San Francisco,California,94109.0,West,OFF-ST-10000675,Office Supplies,Storage,"File Shuttle II and Handi-File, Black",67.78,2.0,0.0,16.945,Legacy,Rejected,
5152.0,CA-2017-169929,9/25/2017,9/28/2017,First Class,LS-17200,Luke Schmidt,Corporate,United States,Helena,Montana,59601.0,West,OFF-ST-10002352,Office Supplies,Storage,Iris Project Case,39.9,5.0,0.0,10.374,Legacy,Approved,
5153.0,US-2014-121566,6/30/2014,7/6/2014,Standard Class,CS-11860,Cari Schnelling,Consumer,United States,New York City,New York,10011.0,East,OFF-BI-10004528,Office Supplies,Binders,Cardinal Poly Pocket Divider Pockets for Ring Binders,2.688,1.0,0.2,0.84,CRM,,
5154.0,US-2014-121566,6/30/2014,7/6/2014,Standard Class,CS-11860,Cari Schnelling,Consumer,United States,New York City,New York,10011.0,East,OFF-AR-10001026,Office Supplies,Art,"Sanford Uni-Blazer View Highlighters, Chisel Tip, Yellow",6.6,3.0,0.0,2.904,ERP,Pending,
5155.0,US-2015-124219,8/7/2015,8/8/2015,First Class,KW-16570,Kelly Williams,Consumer,United States,Kirkwood,Missouri,63122.0,Central,OFF-BI-10002215,Office Supplies,Binders,"Wilson Jones Hanging View Binder, White, 1""",28.4,4.0,0.0,13.064,Manual Upload,Rejected,Urgent
5156.0,US-2015-124219,8/7/2015,8/8/2015,First Class,KW-16570,Kelly Williams,Consumer,United States,Kirkwood,Missouri,63122.0,Central,FUR-FU-10000305,Furniture,Furnishings,"Tenex V2T-RE Standard Weight Series Chair Mat, 45"" x 53"", Lip 25"" x 12""",212.94,3.0,0.0,34.0704,ERP,Rejected,Duplicate?
5157.0,CA-2017-163006,6/30/2017,7/4/2017,2nd Class,GH-14410,Gary Hansen,Home Office,United States,Chicago,Illinois,60653.0,Central,TEC-PH-10002584,Technology,Phones,Samsung Galaxy S4,1001.584,2.0,0.2,125.198,ERP,,Check later
5158.0,CA-2017-163006,6/30/2017,7/4/2017,Second Class,GH-14410,Gary Hansen,Home Office,United States,Chicago,Illinois,60653.0,Central,FUR-CH-10000229,Furniture,Chairs,Global Enterprise Series Seating High-Back Swivel/Tilt Chairs,569.058,3.0,0.3,-178.8468,Manual Upload,Pending,Urgent
5159.0,CA-2017-163006,6/30/2017,7/4/2017,Second Class,GH-14410,Gary Hansen,Home Office,United States,Chicago,Illinois,60653.0,Central,FUR-FU-10003799,Furniture,Furnishings,"Seth Thomas 13 1/2"" Wall Clock",14.224,2.0,0.6,-10.3124,CRM,Approved,
5160.0,CA-2015-156146,10/26/2015,10/30/2015,Second Class,AG-10495,Andrew Gjertsen,Corporate,United States,Peoria,Arizona,85345.0,West,TEC-PH-10001700,Technology,Phones,Panasonic KX-TG6844B Expandable Digital Cordless Telephone,105.584,2.0,0.2,9.2386,CRM,Pending,
5161.0,CA-2015-156146,10/26/2015,10/30/2015,Second Class,AG-10495,Andrew Gjertsen,Corporate,United States,Peoria,Arizona,85345.0,West,TEC-PH-10001527,Technology,Phones,Plantronics MX500i Earset,68.72,2.0,0.2,-14.603,ERP,,Urgent
5162.0,CA-2014-111192,7/30/2014,8/5/2014,Standard Class,TS-21430,Tom Stivers,Corporate,United States,Seattle,Washington,98103.0,West,FUR-BO-10002916,Furniture,Bookcases,"Rush Hierlooms Collection 1"" Thick Stackable Bookcases",1367.84,8.0,0.0,259.8896,CRM,Pending,Duplicate?
5163.0,CA-2016-115378,11/18/2016,11/23/2016,Second Class,AJ-10945,Ashley Jarboe,Consumer,United States,Taylor,Michigan,48180.0,Central,FUR-CH-10000863,Furniture,Chairs,Novimex Swivel Fabric Task Chair,301.96,2.0,0.0,33.2156,ERP,Pending,Duplicate?
5164.0,CA-2015-161627,7/6/2015,Jul 11 2015,Standard Class,SJ-20215,Sarah Jordon,Consumer,United States,Pasadena,California,91104.0,West,FUR-CH-10003968,Furniture,Chairs,Novimex Turbo Task Chair,170.352,3.0,0.2,-17.0352,Manual Upload,Approved,Check later
5165.0,CA-2014-121006,11/10/2014,11/16/2014,Standard Class,SC-20020,Sam Craven,Consumer,United States,Midland,Michigan,48640.0,central,OFF-AR-10001149,Office Supplies,Art,"Avery Hi-Liter Comfort Grip Fluorescent Highlighter, Yellow Ink",3.9,2.0,0.0,1.521,CRM,,Urgent
5166.0,CA-2014-121006,11/10/2014,11/16/2014,Standard Class,SC-20020,Sam Craven,Consumer,United States,Midland,Michigan,48640.0,Central,OFF-PA-10000130,Office Supplies,Paper,Xerox 199,12.84,3.0,0.0,5.778,CRM,Approved,Urgent
5167.0,CA-2014-121006,11/10/2014,11/16/2014,Standard Class,SC-20020,Sam Craven,Consumer,United States,Midland,Michigan,48640.0,Central,OFF-PA-10002479,Office Supplies,Paper,Xerox 4200 Series MultiUse Premium Copy Paper (20Lb. and 84 Bright),15.84,3.0,0.0,7.128,CRM,Pending,Check later
5168.0,CA-2014-121006,11/10/2014,11/16/2014,Standard Class,SC-20020,Sam Craven,Consumer,United States,Midland,Michigan,48640.0,Central,FUR-CH-10004997,Furniture,Chairs,Hon Every-Day Series Multi-Task Chairs,563.94,3.0,0.0,112.788,Manual Upload,Approved,
5169.0,CA-2014-121006,11/10/2014,11/16/2014,Standard Class,SC-20020,Sam Craven,Consumer,United States,Midland,Michigan,48640.0,Central,OFF-ST-10004950,Office Supplies,Storage,Acco Perma 3000 Stacking Storage Drawers,62.94,3.0,0.0,11.9586,ERP,Approved,
5170.0,CA-2014-121006,11/10/2014,11/16/2014,Standard Class,SC-20020,Sam Craven,Consumer,United States,Midland,Michigan,48640.0,Central,OFF-ST-10001490,Office Supplies,Storage,"Hot File 7-Pocket, Floor Stand",535.41,3.0,0.0,160.623,Legacy,Approved,Duplicate?
5171.0,CA-2016-122903,5/27/2016,5/29/2016,Second Class,LA-16780,Laura Armstrong,Corporate,United States,Detroit,Michigan,48205.0,Central,FUR-CH-10002024,Furniture,Chairs,HON 5400 Series Task Chairs for Big and Tall,3504.9,5.0,0.0,700.98,Legacy,,
5172.0,CA-2016-122903,5/27/2016,5/29/2016,Second Class,LA-16780,Laura Armstrong,Corporate,United States,Detroit,Michigan,48205.0,Central,OFF-PA-10001790,Office Supplies,Paper,Xerox 1910,144.12,3.0,0.0,69.1776,ERP,Pending,Urgent
5173.0,CA-2016-122903,5/27/2016,5/29/2016,2nd Class,LA-16780,Laura Armstrong,Corporate,United States,Detroit,Michigan,48205.0,Central,OFF-PA-10000994,Office Supplies,Paper,Xerox 1915,314.55,3.0,0.0,150.984,Manual Upload,Pending,
5174.0,CA-2015-107741,3/8/2015,3/10/2015,First Class,FC-14335,Fred Chung,Corporate,United States,Pueblo,Colorado,81001.0,West,OFF-AR-10002399,office supplies,Art,"Dixon Prang Watercolor Pencils, 10-Color Set with Brush",3.408,1.0,0.2,0.8946,Legacy,Pending,
5175.0,CA-2017-106432,10/19/2017,10/24/2017,Standard Class,CA-12265,Christina Anderson,Consumer,United States,Waco,Texas,76706.0,Central,OFF-BI-10002799,Office Supplies,Binders,"SlimView Poly Binder, 3/8""",2.072,2.0,0.8,-3.5224,Manual Upload,,Check later
5176.0,CA-2017-106432,10/19/2017,10/24/2017,Standard Class,CA-12265,Christina Anderson,Consumer,United States,Waco,Texas,76706.0,Central,FUR-BO-10004360,Furniture,Bookcases,Rush Hierlooms Collection Rich Wood Bookcases,328.3992,3.0,0.32,-91.7586,ERP,Approved,Urgent
5177.0,CA-2016-148908,11/5/2016,11/8/2016,First Class,JH-15985,Joseph Holt,Consumer,United States,San Francisco,California,94109.0,West,OFF-BI-10002082,Office Supplies,Binders,GBC Twin Loop Wire Binding Elements,53.248,2.0,0.2,19.968,ERP,Approved,Urgent
5178.0,CA-2016-123015,12/26/2016,12/30/2016,Standard Class,AJ-10795,Anthony Johnson,Corporate,United States,New York City,New York,10024.0,East,OFF-BI-10004967,Office Supplies,Binders,Round Ring Binders,4.992,3.0,0.2,1.6848,Legacy,Pending,Urgent
5179.0,US-2015-120502,4/13/2015,4/19/2015,Standard Class,BT-11395,Bill Tyler,Corporate,United States,Los Angeles,California,90036.0,West,FUR-FU-10004973,Furniture,Furnishings,Flat Face Poster Frame,37.68,2.0,0.0,15.8256,Manual Upload,,Check later
5180.0,US-2015-120502,4/13/2015,4/19/2015,Standard Class,BT-11395,Bill Tyler,Corporate,United States,Los Angeles,California,90036.0,West,TEC-PH-10003645,Technology,Phones,Aastra 57i VoIP phone,258.576,2.0,0.2,19.3932,Manual Upload,,
5181.0,US-2015-120502,4/13/2015,4/19/2015,Standard Class,BT-11395,Bill Tyler,Corporate,United States,Los Angeles,California,90036.0,West,OFF-AP-10004980,Office Supplies,Appliances,3M Replacement Filter for Office Air Cleaner for 20' x 33' Room,75.84,2.0,0.0,29.5776,CRM,,
5182.0,CA-2017-108749,9/12/2017,9/15/2017,First Class,DJ-13510,Don Jones,Corporate,United States,Woonsocket,Rhode Island,2895.0,East,OFF-PA-10003797,Office Supplies,Paper,Xerox 209,45.36,7.0,0.0,21.7728,CRM,Approved,Check later
5183.0,CA-2017-108749,9/12/2017,9/15/2017,First Class,DJ-13510,Don Jones,Corporate,United States,Woonsocket,Rhode Island,2895.0,East,OFF-BI-10003707,Office Supplies,Binders,Aluminum Screw Posts,45.78,3.0,1.5,22.89,Manual Upload,Approved,Check later
5184.0,CA-2017-163335,9/24/2017,9/27/2017,First Class,AG-10675,Anna Gayman,Consumer,United States,Columbus,Georgia,31907.0,South,OFF-ST-10000885,Office Supplies,Storage,Fellowes Desktop Hanging File Manager,40.29,3.0,0.0,10.0725,ERP,Approved,
5185.0,CA-2017-163335,9/24/2017,Sep 27 2017,First Class,AG-10675,Anna Gayman,Consumer,United States,Columbus,Georgia,31907.0,South,OFF-BI-10002827,Office Supplies,Binders,Avery Durable Poly Binders,38.71,7.0,0.0,50000.0,ERP,,
5186.0,CA-2015-134719,10/10/2015,10/15/2015,Standard Class,JD-15790,John Dryer,Consumer,United States,Jacksonville,Florida,32216.0,South,OFF-ST-10004459,Office Supplies,Storage,Tennsco Single-Tier Lockers,1801.632,6.0,0.2,-337.806,CRM,Approved,Check later
5187.0,US-2015-154389,11/27/2015,12/3/2015,Standard Class,EH-14125,Eugene Hildebrand,Home Office,United States,Philadelphia,Pennsylvania,19140.0,East,TEC-PH-10002789,Technology,Phones,LG Exalt,748.752,8.0,0.4,-162.2296,Legacy,Pending,Urgent
5188.0,CA-2015-115567,9/13/2015,9/18/2015,Standard Class,ZC-21910,Zuschuss Carroll,Consumer,United States,Columbus,Indiana,47201.0,Central,TEC-AC-10001314,Technology,Accessories,Case Logic 2.4GHz Wireless Keyboard,199.96,4.0,0.0,15.9968,Legacy,Rejected,
5189.0,CA-2015-115567,9/13/2015,9/18/2015,Standard Class,ZC-21910,Zuschuss Carroll,Consumer,United States,Columbus,Indiana,47201.0,Central,FUR-CH-10000015,Furniture,Chairs,Hon Multipurpose Stacking Arm Chairs,1516.2,7.0,0.0,394.212,ERP,Rejected,Check later
5190.0,US-2017-136679,11/14/2017,11/18/2017,Standard Class,XP-21865,Xylona Preis,Consumer,United States,Pasadena,Texas,77506.0,Central,TEC-AC-10004855,Technology,Accessories,V7 USB Numeric Keypad,167.952,6.0,0.2,-27.2922,Manual Upload,,Check later
5191.0,US-2017-136679,11/14/2017,11/18/2017,Standard Class,XP-21865,Xylona Preis,Consumer,United States,Pasadena,Texas,77506.0,Central,OFF-AR-10003582,Office Supplies,Art,"Boston Electric Pencil Sharpener, Model 1818, Charcoal Black",45.04,2.0,0.2,4.504,Manual Upload,,
5192.0,US-2017-141943,5/5/2017,5/9/2017,Standard Class,DK-12985,Darren Koutras,Consumer,United States,San Francisco,California,94122.0,West,OFF-EN-10003448,Office Supplies,Envelopes,"Peel & Seel Recycled Catalog Envelopes, Brown",23.16,2.0,0.0,11.58,CRM,Rejected,Check later
5193.0,CA-2014-101560,11/28/2014,12/1/2014,Second Class,CS-12250,Chris Selesnick,Corporate,United States,Columbia,South Carolina,29203.0,South,FUR-FU-10003773,Furniture,Furnishings,Eldon Cleatmat Plus Chair Mats for High Pile Carpets,397.6,5.0,0.0,43.736,Legacy,,
5194.0,CA-2014-101560,11/28/2014,12/1/2014,Second Class,CS-12250,Chris Selesnick,Corporate,United States,Columbia,South Carolina,29203.0,South,OFF-PA-10001363,Office Supplies,Paper,Xerox 1933,85.96,7.0,0.0,40.4012,Manual Upload,Rejected,Urgent
5195.0,CA-2014-101560,11/28/2014,12/1/2014,Second Class,CS-12250,Chris Selesnick,Corporate,United States,Columbia,South Carolina,29203.0,South,OFF-AR-10004757,Office Supplies,Art,Crayola Colored Pencils,13.12,4.0,0.0,4.3296,Manual Upload,Pending,Duplicate?
5196.0,CA-2014-101560,11/28/2014,12/1/2014,Second Class,CS-12250,Chris Selesnick,Corporate,United States,Columbia,South Carolina,29203.0,South,OFF-BI-10000309,Office Supplies,Binders,"GBC Twin Loop Wire Binding Elements, 9/16"" Spine, Black",45.66,3.0,0.0,22.3734,CRM,,Check later
5197.0,CA-2014-159709,5/10/2014,5/15/2014,Standard Class,AI-10855,Arianne Irving,Consumer,United States,Kent,Washington,98031.0,West,OFF-EN-10001434,Office Supplies,Envelopes,"Strathmore #10 Envelopes, Ultimate White",158.13,3.0,0.0,77.4837,Manual Upload,Rejected,
5198.0,CA-2014-159709,5/10/2014,5/15/2014,Standard Class,AI-10855,Arianne Irving,Consumer,United States,Kent,Washington,98031.0,West,TEC-PH-10003988,Technology,Phones,"LF Elite 3D Dazzle Designer Hard Case Cover, Lf Stylus Pen and Wiper For Apple Iphone 5c Mini Lite",43.6,5.0,0.2,4.36,ERP,Approved,Duplicate?
5199.0,CA-2016-103982,3/3/2016,3/8/2016,Standard Class,AA-10315,Alex Avila,Consumer,United States,Round Rock,Texas,78664.0,Central,OFF-SU-10000151,Office Supplies,Supplies,High Speed Automatic Electric Letter Opener,3930.072,3.0,0.2,-786.0144,CRM,Approved,
5200.0,CA-2016-103982,3/3/2016,3/8/2016,Standard Class,AA-10315,Alex Avila,Consumer,United States,Round Rock,Texas,78664.0,Central,OFF-FA-10001332,Office Supplies,Fasteners,"Acco Banker's Clasps, 5 3/4""-Long",2.304,1.0,0.2,0.7776,ERP,Rejected,Duplicate?
5201.0,CA-2016-103982,3/3/2016,3/8/2016,Standard Class,AA-10315,Alex Avila,Consumer,United States,Round Rock,Texas,78664.0,Central,TEC-PH-10000895,Technology,Phones,Polycom VVX 310 VoIP phone,431.976,3.0,0.2,32.3982,CRM,Approved,
5202.0,CA-2016-103982,3/3/2016,3/8/2016,Standard Class,AA-10315,Alex Avila,Consumer,United States,Round Rock,Texas,78664.0,Central,TEC-AC-10002857,Technology,Accessories,"Verbatim 25 GB 6x Blu-ray Single Layer Recordable Disc, 1/Pack",41.72,7.0,0.2,5.7365,CRM,Pending,Duplicate?
5203.0,CA-2015-142454,8/15/2015,8/19/2015,Standard Class,RE-19450,Richard Eichhorn,Consumer,United States,Oakland,California,94601.0,West,FUR-FU-10004018,Furniture,Furnishings,Tensor Computer Mounted Lamp,104.23,7.0,0.0,28.1421,ERP,Approved,Duplicate?
5204.0,CA-2015-142454,8/15/2015,8/19/2015,Standard Class,RE-19450,Richard Eichhorn,Consumer,United States,Oakland,California,94601.0,West,OFF-ST-10003638,Office Supplies,Storage,Mobile Personal File Cube,70.26,3.0,0.0,18.9702,CRM,,Urgent
5205.0,CA-2015-102015,9/12/2015,9/18/2015,Standard Class,TM-21010,Tamara Manning,Consumer,United States,Auburn,New York,13021.0,East,OFF-AR-10004685,Office Supplies,Art,"Binney & Smith Crayola Metallic Colored Pencils, 8-Color Set",9.26,2.0,0.0,3.0558,Manual Upload,,
5206.0,CA-2015-102015,9/12/2015,9/18/2015,Standard Class,TM-21010,Tamara Manning,Consumer,United States,Auburn,New York,13021.0,East,OFF-ST-10001713,Office Supplies,Storage,"Gould Plastics 9-Pocket Panel Bin, 18-3/8w x 5-1/4d x 20-1/2h, Black",105.98,2.0,0.0,4.2392,Manual Upload,Rejected,Check later
5207.0,CA-2015-102015,9/12/2015,9/18/2015,Standard Class,TM-21010,Tamara Manning,Consumer,United States,Auburn,New York,13021.0,East,OFF-FA-10000490,Office Supplies,Fasteners,"OIC Binder Clips, Mini, 1/4"" Capacity, Black",1.24,1.0,0.0,0.5828,ERP,Pending,Duplicate?
5208.0,CA-2015-102015,9/12/2015,9/18/2015,Standard Class,TM-21010,Tamara Manning,Consumer,United States,Auburn,New York,13021.0,East,OFF-LA-10002043,Office Supplies,Labels,Avery 489,20.7,2.0,0.0,9.936,Legacy,Pending,Duplicate?
5209.0,CA-2015-102015,9/12/2015,9/18/2015,Standard Class,TM-21010,Tamara Manning,Consumer,United States,Auburn,New York,13021.0,East,OFF-PA-10002464,Office Supplies,Paper,HP Office Recycled Paper (20Lb. and 87 Bright),28.9,5.0,0.0,14.161,Manual Upload,Rejected,
5210.0,CA-2015-102015,9/12/2015,9/18/2015,Standard Class,TM-21010,Tamara Manning,Consumer,United States,Auburn,New York,13021.0,East,OFF-EN-10002504,Office Supplies,Envelopes,"Tyvek  Top-Opening Peel & Seel Envelopes, Plain White",27.18,1.0,0.0,12.7746,CRM,Approved,
5211.0,CA-2015-156755,1/12/2015,1/18/2015,Standard Class,YS-21880,Yana Sorensen,Corporate,United States,Newark,Delaware,19711.0,East,OFF-ST-10002615,Office Supplies,Storage,"Dual Level, Single-Width Filing Carts",465.18,3.0,0.0,120.9468,Legacy,Rejected,
5212.0,CA-2015-130876,5/12/2015,5/16/2015,Second Class,AZ-10750,Annie Zypern,Consumer,United States,New York City,New York,10024.0,East,OFF-ST-10004258,Office Supplies,Storage,Portable Personal File Box,36.63,3.0,0.0,9.8901,Legacy,,
5213.0,CA-2016-145898,9/26/2016,9/26/2016,Same Day,CM-12445,Chuck Magee,Consumer,United States,Redlands,California,92374.0,West,OFF-ST-10004507,Office Supplies,Storage,Advantus Rolling Storage Box,51.45,3.0,0.0,13.8915,ERP,,Duplicate?
5214.0,CA-2016-145898,9/26/2016,9/26/2016,Same Day,CM-12445,Chuck Magee,Consumer,United States,Redlands,California,92374.0,West,OFF-LA-10000262,Office Supplies,Labels,Avery 494,7.83,3.0,0.0,3.6018,CRM,Approved,Urgent
5215.0,CA-2016-145898,9/26/2016,9/26/2016,Same Day,CM-12445,Chuck Magee,Consumer,United States,Redlands,California,92374.0,West,OFF-AR-10002445,Office Supplies,Art,SANFORD Major Accent Highlighters,35.4,5.0,0.0,13.452,CRM,Approved,Duplicate?
5216.0,CA-2016-145898,9/26/2016,9/26/2016,Same Day,CM-12445,Chuck Magee,Consumer,United States,Redlands,California,92374.0,West,OFF-PA-10001667,Office Supplies,Paper,Great White Multi-Use Recycled Paper (20Lb. and 84 Bright),29.9,5.0,0.0,13.455,ERP,Pending,Duplicate?
5217.0,US-2017-159562,9/9/2017,9/15/2017,Standard Class,JB-16000,Joy Bell-,Consumer,United States,Roseville,Michigan,48066.0,Central,OFF-EN-10000461,Office Supplies,Envelopes,"#10- 4 1/8"" x 9 1/2"" Recycled Envelopes",17.48,2.0,0.0,8.2156,CRM,Pending,Check later
5218.0,CA-2017-134635,4/15/2017,4/17/2017,Second Class,NS-18640,Noel Staavos,Corporate,United States,Los Angeles,California,90049.0,West,OFF-PA-10002254,Office Supplies,Paper,Xerox 1883,79.14,3.0,0.0,36.4044,ERP,Rejected,Duplicate?
5219.0,CA-2017-167080,6/10/2017,6/14/2017,Standard Class,LC-16930,Linda Cazamias,Corporate,United States,New York City,New York,10011.0,East,OFF-AR-10001868,Office Supplies,Art,Prang Dustless Chalk Sticks,8.4,5.0,0.0,4.2,ERP,,Check later
5220.0,CA-2017-145653,9/1/2017,9/1/2017,Same Day,CA-12775,Cynthia Arntzen,Consumer,United States,Detroit,Michigan,48205.0,Central,FUR-CH-10004875,Furniture,Chairs,Harbour Creations 67200 Series Stacking Chairs,498.26,7.0,0.0,134.5302,Legacy,Rejected,Duplicate?
5221.0,CA-2014-140487,6/14/2014,6/20/2014,Standard Class,SR-20425,Sharelle Roach,Home Office,United States,Detroit,Michigan,48234.0,Central,FUR-BO-10000711,Furniture,Bookcases,"Hon Metal Bookcases, Gray",212.94,3.0,0.0,57.4938,Legacy,Pending,Urgent
5222.0,CA-2017-117401,5/18/2017,5/22/2017,Second Class,PP-18955,Paul Prost,Home Office,United States,Springfield,Missouri,65807.0,Central,OFF-AP-10000938,Office Supplies,Appliances,Avanti 1.7 Cu. Ft. Refrigerator,706.86,7.0,0.0,197.9208,Manual Upload,Pending,Urgent
5223.0,CA-2017-117401,5/18/2017,5/22/2017,Second Class,PP-18955,Paul Prost,Home Office,United States,Springfield,Missouri,65807.0,Central,TEC-PH-10003555,Technology,Phones,Motorola HK250 Universal Bluetooth Headset,114.95,5.0,0.0,2.299,Legacy,Approved,
5224.0,CA-2017-117401,5/18/2017,5/22/2017,Second Class,PP-18955,Paul Prost,Home Office,United States,Springfield,Missouri,65807.0,Central,OFF-BI-10001267,Office Supplies,Binders,"Universal Recycled Hanging Pressboard Report Binders, Letter Size",43.19,7.0,0.0,20.7312,CRM,Pending,Check later
5225.0,US-2017-109582,9/12/2017,9/17/2017,Second Class,JM-15865,John Murray,Consumer,United States,Los Angeles,California,90036.0,West,OFF-PA-10004071,Office Supplies,Paper,"Eaton Premium Continuous-Feed Paper, 25% Cotton, Letter Size, White, 1000 Shts/Box",166.44,3.0,0.0,79.8912,CRM,Approved,
5226.0,CA-2016-119865,6/21/2016,6/26/2016,Standard Class,AS-10090,Adam Shillingsburg,Consumer,United States,New York City,New York,10011.0,East,OFF-BI-10001553,Office Supplies,Binders,SpineVue Locking Slant-D Ring Binders by Cardinal,36.56,5.0,0.2,12.796,CRM,,
5227.0,CA-2016-119865,6/21/2016,6/26/2016,Standard Class,AS-10090,Adam Shillingsburg,Consumer,United States,New York City,New York,10011.0,East,OFF-BI-10003007,Office Supplies,Binders,"Premium Transparent Presentation Covers, No Pattern/Clear, 8 1/2"" x 11""",186.144,6.0,0.2,60.4968,Legacy,,Check later
5228.0,CA-2016-119865,6/21/2016,6/26/2016,Standard Class,AS-10090,Adam Shillingsburg,Consumer,United States,New York City,New York,10011.0,East,FUR-BO-10003272,Furniture,Bookcases,O'Sullivan Living Dimensions 5-Shelf Bookcases,353.568,2.0,0.2,-44.196,ERP,Pending,Check later
5229.0,US-2014-147648,11/26/2014,12/1/2014,Standard Class,LS-16975,Lindsay Shagiari,Home Office,United States,San Francisco,California,94109.0,West,OFF-PA-10001033,Office Supplies,Paper,Xerox 1893,81.98,2.0,0.0,40.1702,Legacy,Rejected,Duplicate?
5230.0,CA-2017-124436,3/19/2017,3/22/2017,Second Class,SA-20830,Sue Ann Reed,Consumer,United States,Fresno,California,93727.0,West,OFF-BI-10001553,Office Supplies,Binders,SpineVue Locking Slant-D Ring Binders by Cardinal,14.624,2.0,0.2,5.1184,Manual Upload,Approved,Duplicate?
5231.0,CA-2017-124436,3/19/2017,3/22/2017,Second Class,SA-20830,Sue Ann Reed,Consumer,United States,Fresno,California,93727.0,West,FUR-TA-10001095,Furniture,Tables,Chromcraft Round Conference Tables,697.16,5.0,0.2,8.7145,ERP,Pending,Check later
5232.0,CA-2017-124436,3/19/2017,3/22/2017,Second Class,SA-20830,Sue Ann Reed,Consumer,United States,Fresno,California,93727.0,West,FUR-FU-10001185,Furniture,Furnishings,"Advantus Employee of the Month Certificate Frame, 11 x 13-1/2",30.93,1.0,0.0,12.6813,CRM,Approved,Urgent
5233.0,CA-2017-124436,3/19/2017,3/22/2017,Second Class,SA-20830,Sue Ann Reed,Consumer,United States,Fresno,California,93727.0,West,OFF-BI-10000343,Office Supplies,Binders,"Pressboard Covers with Storage Hooks, 9 1/2"" x 11"", Light Blue",27.496,7.0,0.2,9.2799,Legacy,Rejected,Check later
5234.0,CA-2014-115084,10/18/2014,10/22/2014,Standard Class,LS-17200,Luke Schmidt,Corporate,United States,Texarkana,Arkansas,71854.0,South,FUR-CH-10004626,Furniture,Chairs,Office Star Flex Back Scooter Chair with Aluminum Finish Frame,605.34,6.0,0.0,145.2816,ERP,Rejected,Urgent
5235.0,CA-2017-131037,8/22/2017,8/23/2017,First Class,TM-21490,Tony Molinari,Consumer,United States,San Francisco,California,94110.0,West,FUR-TA-10001768,Furniture,Tables,Hon Racetrack Conference Tables,210.008,1.0,0.2,2.6251,Manual Upload,Pending,
5236.0,CA-2016-111143,11/19/2016,11/22/2016,First Class,TT-21265,Tim Taslimi,Corporate,United States,Indianapolis,Indiana,46203.0,Central,OFF-AP-10001947,Office Supplies,Appliances,Acco 6 Outlet Guardian Premium Plus Surge Suppressor,54.96,3.0,0.0,15.9384,ERP,Rejected,
5237.0,CA-2014-166744,9/20/2014,9/24/2014,Standard Class,DN-13690,Duane Noonan,Consumer,United States,Columbia,Maryland,21044.0,East,FUR-FU-10004952,Furniture,Furnishings,"C-Line Cubicle Keepers Polyproplyene Holder w/Velcro Back, 8-1/2x11, 25/Bx",164.22,3.0,0.0,50.9082,ERP,,Urgent
5238.0,CA-2014-166744,9/20/2014,9/24/2014,Standard Class,DN-13690,Duane Noonan,Consumer,United States,Columbia,Maryland,21044.0,East,FUR-BO-10001337,Furniture,Bookcases,O'Sullivan Living Dimensions 2-Shelf Bookcases,362.94,3.0,0.0,36.294,Legacy,Rejected,Urgent
5239.0,CA-2014-166744,9/20/2014,9/24/2014,Standard Class,DN-13690,Duane Noonan,Consumer,United States,Columbia,Maryland,21044.0,East,TEC-AC-10003628,Technology,Accessories,Logitech 910-002974 M325 Wireless Mouse for Web Scrolling,59.98,2.0,0.0,26.3912,CRM,Rejected,
5240.0,CA-2016-116561,9/11/2016,9/17/2016,Standard Class,EB-14110,Eugene Barchas,Consumer,United States,San Jose,California,95123.0,West,OFF-ST-10004186,Office Supplies,Storage,"Stur-D-Stor Shelving, Vertical 5-Shelf: 72""H x 36""W x 18 1/2""D",332.94,3.0,0.0,6.6588,ERP,Approved,Duplicate?
5241.0,CA-2016-116561,9/11/2016,9/17/2016,Standard Class,EB-14110,Eugene Barchas,Consumer,United States,San Jose,California,95123.0,West,OFF-BI-10001658,Office Supplies,Binders,GBC Standard Therm-A-Bind Covers,39.872,2.0,0.2,12.9584,ERP,Pending,
5242.0,CA-2016-110730,9/23/2016,9/26/2016,Second Class,CM-11815,Candace McMahon,Corporate,United States,Seattle,Washington,98115.0,West,OFF-SU-10004737,Office Supplies,Supplies,Acme Design Stainless Steel Bent Scissors,13.68,2.0,0.0,3.6936,Legacy,Approved,Duplicate?
5243.0,CA-2017-146367,8/4/2017,8/8/2017,Standard Class,HM-14860,Harry Marie,Corporate,United States,Carrollton,Texas,75007.0,Central,OFF-BI-10002827,Office Supplies,Binders,Avery Durable Poly Binders,3.318,3.0,0.8,-5.6406,Manual Upload,Approved,Urgent
5244.0,CA-2016-149454,7/25/2016,7/26/2016,First Class,KM-16375,Katherine Murray,Home Office,United States,Arlington,Virginia,22204.0,South,OFF-BI-10003694,Office Supplies,Binders,"Avery 3 1/2"" Diskette Storage Pages, 10/Pack",10.44,1.0,0.0,4.8024,Manual Upload,Pending,Check later
5245.0,CA-2016-156265,8/2/2016,8/4/2016,Second Class,BF-11020,Barry Französisch,Corporate,United States,Los Angeles,California,90032.0,West,FUR-TA-10001691,Furniture,Tables,"Barricks Non-Folding Utility Table with Steel Legs, Laminate Tops",136.464,2.0,0.2,15.3522,ERP,Pending,
5246.0,CA-2016-156265,8/2/2016,8/4/2016,Second Class,BF-11020,Barry Französisch,Corporate,United States,Los Angeles,California,90032.0,West,TEC-PH-10001918,Technology,Phones,Nortel Business Series Terminal T7208 Digital phone,333.576,3.0,0.2,33.3576,Manual Upload,Rejected,
5247.0,CA-2016-156265,8/2/2016,8/4/2016,Second Class,BF-11020,Barry Französisch,Corporate,United States,Los Angeles,California,90032.0,West,OFF-BI-10000285,Office Supplies,Binders,XtraLife ClearVue Slant-D Ring Binders by Cardinal,12.544,2.0,0.2,4.704,ERP,,
5248.0,US-2015-168914,5/21/2015,5/27/2015,Standard Class,JE-15745,Joel Eaton,Consumer,United States,Frankfort,Illinois,60423.0,Central,OFF-AP-10000358,Office Supplies,Appliances,Fellowes Basic Home/Office Series Surge Protectors,20.768,8.0,0.8,-52.9584,CRM,Approved,
5249.0,US-2017-110989,11/3/2017,11/5/2017,Second Class,EJ-14155,Eva Jacobs,Consumer,United States,Seattle,Washington,98105.0,West,TEC-AC-10002345,Technology,Accessories,HP Standard 104 key PS/2 Keyboard,43.5,3.0,0.0,10.875,ERP,Rejected,Check later
5250.0,CA-2015-106215,4/16/2015,4/21/2015,Standard Class,BN-11470,Brad Norvell,Corporate,United States,Philadelphia,Pennsylvania,19143.0,East,OFF-FA-10001229,Office Supplies,Fasteners,Staples,12.576,4.0,0.2,4.0872,ERP,Pending,
5251.0,US-2016-169369,12/12/2016,12/18/2016,Standard Class,EC-14050,Erin Creighton,Consumer,United States,Columbus,Georgia,31907.0,South,TEC-AC-10001314,Technology,Accessories,Case Logic 2.4GHz Wireless Keyboard,249.95,5.0,0.0,19.996,CRM,,Check later
5252.0,US-2016-169369,12/12/2016,12/18/2016,Standard Class,EC-14050,Erin Creighton,Consumer,United States,Columbus,Georgia,31907.0,South,OFF-PA-10004438,Office Supplies,Paper,Xerox 1907,49.12,4.0,0.0,23.0864,CRM,Approved,Duplicate?
5253.0,CA-2015-132318,2015/10/30,11/2/2015,First Class,TT-21220,Thomas Thornton,Consumer,United States,Virginia Beach,Virginia,23464.0,South,OFF-AP-10000026,Office Supplies,Appliances,Tripp Lite Isotel 6 Outlet Surge Protector with Fax/Modem Protection,182.91,3.0,0.0,53.0439,CRM,Approved,Duplicate?
5254.0,US-2014-131982,3/7/2014,3/11/2014,Second Class,NP-18685,Nora Pelletier,Home Office,United States,Des Moines,Washington,98198.0,West,OFF-BI-10004224,Office Supplies,Binders,Catalog Binders with Expanding Posts,107.648,2.0,0.2,33.64,Legacy,Rejected,
5255.0,CA-2015-125185,3/5/2015,3/7/2015,Second Class,AH-10195,Alan Haines,Corporate,United States,Bethlehem,Pennsylvania,18018.0,East,FUR-CH-10002647,Furniture,Chairs,"Situations Contoured Folding Chairs, 4/Set",99.372,2.0,0.3,50000.0,ERP,Rejected,Urgent
5256.0,CA-2015-125185,3/5/2015,3/7/2015,Second Class,AH-10195,Alan Haines,Corporate,United States,Bethlehem,Pennsylvania,18018.0,East,FUR-FU-10003247,Furniture,Furnishings,36X48 HARDFLOOR CHAIRMAT,33.568,2.0,0.2,-5.4548,CRM,,Urgent
5257.0,CA-2016-130078,8/8/2016,8/14/2016,Standard Class,CC-12145,Charles Crestani,Consumer,United States,Oklahoma City,Oklahoma,73120.0,Central,OFF-PA-10003270,Office Supplies,Paper,Xerox 1954,10.56,2.0,0.0,50000.0,CRM,Pending,
5258.0,US-2017-114034,1/3/2017,1/8/2017,Standard Class,DL-13315,Delfina Latchford,Consumer,United States,Rancho Cucamonga,California,91730.0,West,OFF-PA-10004735,Office Supplies,Paper,Xerox 1905,38.88,6.0,0.0,18.6624,CRM,Rejected,Check later
5259.0,US-2017-115595,10/9/2017,10/11/2017,First Class,XP-21865,Xylona Preis,Consumer,United States,Los Angeles,California,90032.0,West,OFF-PA-10001745,Office Supplies,Paper,"Wirebound Message Books, 2 7/8"" x 5"", 3 Forms per Page",35.2,5.0,0.0,16.544,Legacy,,
5260.0,CA-2017-158722,10/20/2017,10/26/2017,Standard Class,MA-17560,Matt Abelman,Home Office,United States,Philadelphia,Pennsylvania,19120.0,East,OFF-PA-10000176,Office Supplies,Paper,Xerox 1887,45.528,3.0,0.2,15.9348,CRM,Rejected,Check later
5261.0,CA-2014-105165,9/7/2014,9/10/2014,First Class,SZ-20035,Sam Zeldin,Home Office,United States,Houston,Texas,77036.0,Central,TEC-PH-10000675,Technology,Phones,Panasonic KX TS3282B Corded phone,196.776,3.0,0.2,14.7582,ERP,,
5262.0,CA-2014-105165,09/07/2014,9/10/2014,First Class,SZ-20035,Sam Zeldin,Home Office,United States,Houston,Texas,77036.0,Central,OFF-BI-10000050,Office Supplies,Binders,"Angle-D Binders with Locking Rings, Label Holders",2.92,2.0,0.8,-4.818,ERP,Approved,Check later
5263.0,CA-2014-105165,9/7/2014,9/10/2014,First Class,SZ-20035,Sam Zeldin,Home Office,United States,Houston,Texas,77036.0,Central,FUR-TA-10004154,Furniture,Tables,"Riverside Furniture Oval Coffee Table, Oval End Table, End Table with Drawer",200.795,1.0,0.3,-22.948,ERP,,Duplicate?
5264.0,CA-2014-105165,9/7/2014,9/10/2014,First Class,SZ-20035,Sam Zeldin,Home Office,United States,Houston,texas,77036.0,Central,TEC-AC-10002718,Technology,Accessories,Belkin Standard 104 key USB Keyboard,46.688,4.0,0.2,-2.918,ERP,Pending,Duplicate?
5265.0,CA-2014-105165,9/7/2014,9/10/2014,First Class,SZ-20035,Sam Zeldin,Home Office,United States,Houston,Texas,77036.0,Central,OFF-AR-10003179,Office Supplies,Art,Dixon Ticonderoga Core-Lock Colored Pencils,21.864,3.0,0.2,3.5529,CRM,Approved,Duplicate?
5266.0,CA-2017-147452,09/30/2017,10/3/2017,First Class,CS-11845,Cari Sayre,Corporate,United States,Seattle,Washington,98103.0,Wst,OFF-PA-10001838,Office Supplies,Paper,"Adams Telephone Message Book W/Dividers/Space For Phone Numbers, 5 1/4""X8 1/2"", 300/Messages",11.76,2.0,0.0,5.7624,CRM,Pending,
5267.0,CA-2017-147452,9/30/2017,10/3/2017,First Class,CS-11845,Cari Sayre,Corporate,United States,Seattle,Washington,98103.0,West,OFF-PA-10004039,Office Supplies,Paper,Xerox 1882,167.94,3.0,0.0,82.2906,Manual Upload,Rejected,Duplicate?
5268.0,CA-2017-147452,9/30/2017,10/3/2017,First Class,CS-11845,Cari Sayre,Corporate,United States,Seattle,Washington,98103.0,West,OFF-AP-10001626,Office Supplies,Appliances,"Commercial WindTunnel Clean Air Upright Vacuum, Replacement Belts, Filtration Bags",3.89,1.0,0.0,1.0114,ERP,Pending,Duplicate?
5269.0,US-2017-114657,11/16/2017,11/21/2017,Standard Class,MH-18115,Mick Hernandez,Home Office,United States,Yonkers,New York,10701.0,East,TEC-MA-10003173,Technology,Machines,Hewlett-Packard 300S Scientific Calculator,52.44,4.0,0.0,24.1224,Manual Upload,,Urgent
5270.0,CA-2017-144484,9/11/2017,9/11/2017,Same Day,CB-12025,Cassandra Brandow,Consumer,United States,San Francisco,California,94110.0,West,FUR-FU-10000260,Furniture,Furnishings,"6"" Cubicle Wall Clock, Black",32.36,4.0,0.0,11.6496,Legacy,Pending,
5271.0,CA-2017-144484,9/11/2017,9/11/2017,SameDay,CB-12025,Cassandra Brandow,Consumer,United States,San Francisco,California,94110.0,West,OFF-AP-10004487,Office Supplies,Appliances,Kensington 4 Outlet MasterPiece Compact Power Control Center,406.6,5.0,0.0,113.848,Legacy,Rejected,Duplicate?
5272.0,CA-2017-125913,1/16/2017,1/16/2017,Same Day,JO-15145,Jack O'Briant,Corporate,United States,Los Angeles,California,90008.0,West,FUR-FU-10001487,Furniture,Furnishings,"Eldon Expressions Wood and Plastic Desk Accessories, Cherry Wood",27.92,4.0,0.0,8.0968,Legacy,,
5273.0,CA-2017-125913,1/16/2017,1/16/2017,Same Day,JO-15145,Jack O'Briant,Corporate,United States,LA,California,90008.0,West,FUR-TA-10001520,Furniture,Tables,"Lesro Sheffield Collection Coffee Table, End Table, Center Table, Corner Table",399.672,7.0,0.2,-14.9877,Manual Upload,Approved,Urgent
5274.0,US-2016-158309,11/26/2016,11/29/2016,First Class,PA-19060,Pete Armstrong,Home Office,United States,Miami,Florida,33142.0,South,OFF-BI-10000145,Office Supplies,Binders,Zipper Ring Binder Pockets,3.744,4.0,0.7,-2.6208,Manual Upload,Approved,Urgent
5275.0,CA-2015-162887,11/7/2015,11/9/2015,Second Class,SV-20785,Stewart Visinsky,consumer,United States,Burlington,Vermont,5408.0,East,FUR-CH-10000595,Furniture,Chairs,Safco Contoured Stacking Chairs,715.2,3.0,0.0,178.8,ERP,Pending,Urgent
5276.0,CA-2017-147333,12/14/2017,12/20/2017,Standard Class,KL-16555,Kelly Lampkin,Corporate,United States,Fayetteville,Arkansas,72701.0,South,TEC-AC-10004469,Technology,Accessories,Microsoft Sculpt Comfort Mouse,159.8,4.0,0.0,70.312,CRM,Rejected,
5277.0,CA-2017-147333,12/14/2017,12/20/2017,Standard Class,KL-16555,Kelly Lampkin,Corporate,United States,Fayetteville,Arkansas,72701.0,South,TEC-AC-10003038,Technology,Accessories,Kingston Digital DataTraveler 16GB USB 2.0,44.75,5.0,0.0,8.5025,CRM,,
5278.0,CA-2014-113859,9/13/2014,9/17/2014,Standard Class,BC-11125,Becky Castell,Home Office,United States,Odessa,Texas,79762.0,Central,FUR-CH-10004698,Furniture,Chairs,"Padded Folding Chairs, Black, 4/Carton",340.116,6.0,0.3,-9.7176,CRM,Pending,Urgent
5279.0,CA-2014-159681,12/7/2014,12/13/2014,Standard Class,PO-18850,Patrick O'Brill,Consumer,United States,Virginia Beach,Virginia,23464.0,South,OFF-PA-10003641,office supplies,Paper,Xerox 1909,105.52,4.0,0.0,48.5392,ERP,Rejected,Duplicate?
5280.0,US-2017-104094,9/7/2017,9/11/2017,Standard Class,AG-10675,Anna Gayman,Consumer,United States,Milwaukee,Wisconsin,53209.0,Central,TEC-AC-10002134,Technology,Accessories,Rosewill 107 Normal Keys USB Wired Standard Keyboard,13.48,1.0,0.0,1.8872,CRM,Approved,
5281.0,CA-2017-152709,10/7/2017,10/12/2017,Standard Class,DB-13210,Dean Braden,Consumer,United States,Detroit,Michigan,48234.0,Central,OFF-ST-10001837,Office Supplies,Storage,"SAFCO Mobile Desk Side File, Wire Frame",85.52,2.0,0.0,22.2352,CRM,Rejected,Check later
5282.0,CA-2015-105158,9/5/2015,9/10/2015,Standard Class,SP-20860,Sung Pak,Corporate,United States,Rochester,Minnesota,55901.0,Central,FUR-FU-10001706,Furniture,Furnishings,Longer-Life Soft White Bulbs,6.16,2.0,0.0,2.9568,Manual Upload,Rejected,
5283.0,CA-2015-105158,9/5/2015,9/10/2015,Standard Class,SP-20860,Sung Pak,Corporate,United States,Rochester,Minnesota,55901.0,Central,OFF-PA-10001970,Office Supplies,Paper,Xerox 1881,36.84,3.0,0.0,17.3148,CRM,Approved,Urgent
5284.0,CA-2014-133424,3/30/2014,4/4/2014,Standard Class,Dl-13600,Dorris liebe,Corporate,United States,Seattle,Washington,00000,West,OFF-ST-10002957,Office Supplies,Storage,Sterilite Show Offs Storage Containers,15.84,3.0,0.0,0.0,ERP,Pending,Urgent
5285.0,CA-2014-133424,3/30/2014,4/4/2014,Standard Class,Dl-13600,Dorris liebe,Corporate,United States,Seattle,Washington,98105.0,West,OFF-LA-10002312,Office Supplies,Labels,Avery 490,44.4,3.0,0.0,22.2,Legacy,,
5286.0,CA-2017-105991,5/5/2017,5/6/2017,First Class,LH-17020,Lisa Hazard,Consumer,United States,Louisville,Colorado,80027.0,West,OFF-EN-10002600,Office Supplies,Envelopes,"Redi-Strip #10 Envelopes, 4 1/8 x 9 1/2",21.24,9.0,0.2,7.434,CRM,Rejected,Check later
5287.0,CA-2017-105991,5/5/2017,5/6/2017,First Class,LH-17020,Lisa Hazard,Consumer,United States,Louisville,Colorado,80027.0,West,OFF-BI-10003274,Office Supplies,Binders,"Avery Durable Slant Ring Binders, No Labels",9.552,8.0,0.7,-7.3232,Manual Upload,Pending,Check later
5288.0,CA-2017-105991,5/5/2017,5/6/2017,First Class,LH-17020,Lisa Hazard,Consumer,United States,Louisville,Colorado,80027.0,West,FUR-BO-10004467,Furniture,Bookcases,Bestar Classic Bookcase,89.991,3.0,0.7,-152.9847,Manual Upload,Rejected,Urgent
5289.0,US-2017-136784,4/30/2017,5/5/2017,Standard Class,AD-10180,Alan Dominguez,Home Office,United States,San Francisco,California,94122.0,West,OFF-PA-10000675,Office Supplies,Paper,Xerox 1919,163.96,4.0,0.0,80.3404,CRM,Approved,
5290.0,CA-2014-146283,9/8/2014,9/15/2014,Standard Class,KT-16465,Kean Takahito,Consumer,United States,Houston,Texas,77036.0,Cntrl,OFF-PA-10002259,Office Supplies,Paper,"Geographics Note Cards, Blank, White, 8 1/2"" x 11""",17.904,2.0,0.2,6.2664,CRM,Rejected,Duplicate?
5291.0,CA-2014-146283,9/8/2014,9/15/2014,Standard Class,KT-16465,Kean Takahito,Consumer,United States,Houston,Texas,77036.0,Central,FUR-CH-10004287,Furniture,Chairs,SAFCO Arco Folding Chair,966.7,5.0,0.3,-13.81,ERP,Pending,
5292.0,CA-2014-146283,9/8/2014,9/15/2014,Standard Class,KT-16465,Kean Takahito,CONSUMER,United States,Houston,Texas,77036.0,Central,OFF-PA-10000482,Office Supplies,Paper,"Snap-A-Way Black Print Carbonless Ruled Speed Letter, Triplicate",182.112,6.0,0.2,61.4628,CRM,,Check later
5293.0,CA-2017-151218,6/20/2017,23/06/2017,First Class,PJ-19015,Pauline Johnson,Consumer,United States,Miami,Florida,33180.0,South,OFF-ST-10004835,Office Supplies,Storage,Plastic Stacking Crates & Casters,4.464,1.0,0.2,0.3348,Legacy,Approved,Duplicate?
5294.0,CA-2015-111073,12/26/2015,12/30/2015,Standard Class,MC-18100,Mick Crebagga,Consumer,United States,Medina,Ohio,44256.0,East,FUR-TA-10004086,Furniture,Tables,KI Adjustable-Height Table,51.588,1.0,0.4,-15.4764,Manual Upload,Approved,Duplicate?
5295.0,CA-2017-144883,8/15/2017,8/19/2017,Standard Class,BO-11350,Bill Overfelt,Corporate,United States,Roseville,Minnesota,55113.0,Central,OFF-LA-10000305,Office Supplies,Labels,Avery 495,50.4,8.0,0.0,23.184,Manual Upload,Approved,Duplicate?
5296.0,CA-2017-142174,2017/03/04,3/9/2017,Standard Class,DP-13000,Darren Powers,Consumer,United States,Houston,Texas,77041.0,Central,OFF-PA-10000806,Office Supplies,Paper,Xerox 1934,89.568,2.0,0.2,32.4684,Legacy,,Duplicate?
5297.0,CA-2017-108791,7/27/2017,7/31/2017,Standard Class,TM-21490,Tony Molinari,Consumer,United States,Yonkers,New York,10701.0,East,FUR-FU-10004018,Furniture,Furnishings,Tensor Computer Mounted Lamp,14.89,1.0,0.0,4.0203,ERP,Pending,Duplicate?
5298.0,CA-2017-108791,7/27/2017,7/31/2017,Standard Class,TM-21490,Tony Molinari,Consumer,United States,Yonkers,New York,10701.0,East,TEC-PH-10002660,Technology,Phones,Nortel Networks T7316 E Nt8 B27,543.92,8.0,0.0,135.98,CRM,Pending,Check later
5299.0,CA-2016-106656,9/23/2016,9/26/2016,First Class,DV-13045,Darrin Van Huff,Corporate,United States,San Diego,California,92037.0,West,OFF-EN-10001509,Office Supplies,Envelopes,Poly String Tie Envelopes,4.08,2.0,0.0,1.9176,ERP,,Duplicate?
5300.0,CA-2016-106656,9/23/2016,9/26/2016,First Class,DV-13045,Darrin Van Huff,Corporate,United States,San Diego,California,92037.0,West,OFF-LA-10003148,Office Supplies,Labels,Avery 51,18.9,3.0,0.0,8.694,ERP,,Duplicate?
5301.0,CA-2016-113831,5/30/2016,6/3/2016,Standard Class,AH-10690,Anna Häberlin,Corporate,United States,Springfield,Virginia,22153.0,South,FUR-TA-10002645,Furniture,Tables,Hon Rectangular Conference Tables,2275.5,10.0,0.0,386.835,ERP,,Urgent
5302.0,CA-2016-113831,5/30/2016,6/3/2016,Standard Class,AH-10690,Anna Häberlin,Corporate,United States,Springfield,Virginia,22153.0,South,TEC-AC-10003033,Technology,Accessories,Plantronics CS510 - Over-the-Head monaural Wireless Headset System,1979.7,6.0,0.0,653.301,Manual Upload,Approved,Duplicate?
5303.0,CA-2016-113831,5/30/2016,6/3/2016,Standard Class,AH-10690,Anna Häberlin,Corporate,United States,Springfield,Virginia,22153.0,South,OFF-LA-10001297,Office Supplies,Labels,Avery 473,62.1,6.0,0.0,29.808,CRM,Rejected,Check later
5304.0,US-2014-139500,11/16/2014,11/20/2014,Standard Class,AB-10165,Alan Barnes,Consumer,United States,Decatur,Illinois,62521.0,Central,FUR-CH-10002017,Furniture,Chairs,SAFCO Optional Arm Kit for Workspace Cribbage Stacking Chair,37.296,2.0,0.3,-1.0656,Manual Upload,Rejected,Duplicate?
5305.0,US-2014-166310,9/21/2014,9/23/2014,First Class,JS-15940,Joni Sundaresam,Home Office,United States,Garland,Texas,75043.0,Central,FUR-FU-10001546,Furniture,Furnishings,Dana Swing-Arm Lamps,8.544,2.0,0.6,-7.476,CRM,Pending,Urgent
5306.0,US-2016-168410,2/21/2016,2/26/2016,Standard Class,BV-11245,Benjamin Venier,Corporate,United States,Oceanside,New York,11572.0,East,FUR-FU-10000629,Furniture,Furnishings,9-3/4 Diameter Round Wall Clock,68.95,5.0,0.0,28.959,Manual Upload,Approved,
5307.0,US-2016-168410,2/21/2016,2/26/2016,Standard Class,BV-11245,Benjamin Venier,Corporate,United States,Oceanside,New York,11572.0,East,OFF-ST-10000036,Office Supplies,Storage,"Recycled Data-Pak for Archival Bound Computer Printouts, 12-1/2 x 12-1/2 x 16",296.37,3.0,0.0,80.0199,CRM,Rejected,Urgent
5308.0,US-2016-168410,2/21/2016,2/26/2016,Standard Class,BV-11245,Benjamin Venier,Corporate,United States,Oceanside,New York,11572.0,East,TEC-PH-10002583,Technology,Phones,iOttie HLCRIO102 Car Mount,39.98,2.0,0.0,1.999,CRM,Pending,Duplicate?
5309.0,CA-2017-131254,11/19/2017,11/21/2017,First Class,NC-18415,Nathan Cano,Consumer,United States,houston,Texas,77095.0,Central,FUR-CH-10003774,Furniture,Chairs,"Global Wood Trimmed Manager's Task Chair, Khaki",191.058,3.0,0.3,-46.3998,CRM,,
5310.0,CA-2017-131254,11/19/2017,11/21/2017,First Class,NC-18415,Nathan Cano,Consumer,United States,Houston,Texas,77095.0,Central,OFF-AR-10003876,Office Supplies,Art,"Avery Hi-Liter GlideStik Fluorescent Highlighter, Yellow Ink",13.04,5.0,0.2,3.912,Legacy,Pending,
5311.0,CA-2017-131254,11/19/2017,11/21/2017,First Class,NC-18415,Nathan Cano,Consumer,United States,HOUSTN,Texas,77095.0,Central,OFF-BI-10003527,Office Supplies,Binders,Fellowes PB500 Electric Punch Plastic Comb Binding Machine with Manual Bind,1525.188,6.0,0.8,-2287.782,CRM,Pending,Check later
5312.0,CA-2016-123414,8/21/2016,8/27/2016,Standard Class,SU-20665,Stephanie Ulpright,Home Office,United States,Greenville,North Carolina,27834.0,South,OFF-LA-10004559,Office Supplies,Labels,Avery 49,9.216,4.0,0.2,3.3408,Manual Upload,Rejected,Check later
5313.0,CA-2016-123414,8/21/2016,8/27/2016,Standard Class,SU-20665,Stephanie Ulpright,Home Office,United States,Greenville,North Carolina,27834.0,South,OFF-SU-10002573,Office Supplies,Supplies,"Acme 10"" Easy Grip Assistive Scissors",28.048,2.0,0.2,3.506,ERP,,Duplicate?
5314.0,CA-2017-137876,4/30/2017,5/5/2017,Standard Class,DJ-13510,Don Jones,Corporate,United States,San Francisco,California,94110.0,West,FUR-FU-10000222,Furniture,Furnishings,"Seth Thomas 16"" Steel Case Clock",64.96,2.0,0.0,21.4368,CRM,Pending,Check later
5315.0,CA-2017-137876,4/30/2017,5/5/2017,Standard Class,DJ-13510,Don Jones,Corporate,United States,San Francisco,California,94110.0,West,OFF-EN-10001219,Office Supplies,Envelopes,"#10- 4 1/8"" x 9 1/2"" Security-Tint Envelopes",30.56,4.0,0.0,14.9744,ERP,Pending,Urgent
5316.0,CA-2016-154060,5/2/2016,2016-05-08,Standard Class,DL-12865,Dan Lawera,Consumer,United States,Greensboro,North Carolina,27405.0,South,FUR-CH-10002304,Furniture,Chairs,"Global Stack Chair without Arms, Black",187.056,9.0,0.2,11.691,Manual Upload,Rejected,
5317.0,US-2017-162558,10/2/2017,10/5/2017,First Class,Dp-13240,Dean percer,Home Office,United States,Knoxville,Tennessee,37918.0,South,FUR-FU-10002364,Furniture,Furnishings,"Eldon Expressions Wood Desk Accessories, Oak",11.808,2.0,0.2,1.3284,Manual Upload,,
5318.0,US-2017-162558,10/2/2017,10/5/2017,First Class,Dp-13240,Dean percer,Home Office,United States,Knoxville,Tennessee,37918.0,South,FUR-FU-10004864,Furniture,Furnishings,Eldon 500 Class Desk Accessories,9.656,1.0,0.2,1.5691,Manual Upload,,
5319.0,US-2017-162558,10/2/2017,10/5/2017,First Class,Dp-13240,Dean percer,Home Office,United States,Knoxville,Tennessee,37918.0,South,OFF-PA-10003172,Office Supplies,Paper,Xerox 1996,20.736,4.0,0.2,7.2576,Legacy,Approved,
5320.0,US-2017-162558,10/2/2017,10/5/2017,First Class,Dp-13240,Dean percer,Home Office,United States,Knoxville,Tennessee,37918.0,South,OFF-BI-10000977,Office Supplies,Binders,Ibico Plastic Spiral Binding Combs,27.36,3.0,0.7,-21.888,ERP,Approved,Urgent
5321.0,US-2017-162558,10/2/2017,10/5/2017,First Class,Dp-13240,Dean percer,Home Office,United States,Knoxville,Tennessee,37918.0,South,FUR-TA-10000198,Furniture,Tables,Chromcraft Bull-Nose Wood Oval Conference Tables & Bases,2314.116,7.0,0.4,-1002.7836,ERP,,Duplicate?
5322.0,US-2017-162558,10/2/2017,10/5/2017,First Class,Dp-13240,Dean percer,Home Office,United States,Knoxville,Tennessee,37918.0,South,OFF-BI-10003984,Office Supplies,Binders,Lock-Up Easel 'Spel-Binder',34.236,4.0,0.7,-26.2476,ERP,Rejected,Check later
5323.0,US-2017-162558,10/2/2017,10/5/2017,First Class,Dp-13240,Dean percer,Home Office,United States,Knoxville,Tennessee,37918.0,South,FUR-FU-10003691,Furniture,Furnishings,"Eldon Image Series Desk Accessories, Ebony",19.76,2.0,0.2,5.928,Manual Upload,Pending,Check later
5324.0,CA-2017-134439,9/18/2017,9/23/2017,Second Class,TM-21010,Tamara Manning,Consumer,United States,Grand Island,Nebraska,68801.0,Central,OFF-PA-10004082,Office Supplies,Paper,"Adams Telephone Message Book w/Frequently-Called Numbers Space, 400 Messages per Book",15.96,2.0,0.0,7.98,ERP,Approved,Check later
5325.0,CA-2015-119508,12/4/2015,12/9/2015,Standard Class,TZ-21580,Tracy Zic,Consumer,United States,Lakewood,California,90712.0,West,OFF-AR-10003723,Office Supplies,Art,Avery Hi-Liter Fluorescent Desk Style Markers,16.9,5.0,0.0,6.253,Manual Upload,Rejected,Check later
5326.0,CA-2015-119508,12/4/2015,12/9/2015,Standard Class,TZ-21580,Tracy Zic,Consumer,United States,Lakewood,California,90712.0,West,FUR-FU-10004270,Furniture,Furnishings,"Eldon Image Series Desk Accessories, Burgundy",25.08,6.0,0.0,9.0288,Legacy,Approved,
5327.0,CA-2015-152681,1/17/2015,1/22/2015,Standard Class,SC-20260,Scott Cohen,Corporate,United States,Lawrence,Massachusetts,1841.0,East,OFF-AR-10003183,Office Supplies,Art,Avery Fluorescent Highlighter Four-Color Set,6.68,2.0,0.0,2.004,Manual Upload,Pending,Check later
5328.0,CA-2014-130813,1/6/2014,1/8/2014,Second Class,LS-17230,Lycoris Saunders,Consumer,United States,Los Angeles,California,90049.0,West,OFF-PA-10002005,Office Supplies,Paper,Xerox 225,19.44,3.0,0.0,9.3312,CRM,Rejected,Check later
5329.0,CA-2015-120320,3/5/2015,3/9/2015,Standard Class,MV-18190,Mike Vittorini,Consumer,United States,Houston,Texas,77036.0,Central,TEC-PH-10000149,Technology,Phones,Cisco SPA525G2 IP Phone - Wireless,31.92,2.0,0.2,2.394,Manual Upload,Approved,Duplicate?
5330.0,CA-2016-111941,12/25/2016,12/28/2016,Second Class,BD-11620,Brian DeCherney,Consumer,United States,New York City,New York,10035.0,East,OFF-BI-10001524,Office Supplies,Binders,GBC Premium Transparent Covers with Diagonal Lined Pattern,33.568,2.0,0.2,11.7488,Manual Upload,Rejected,
5331.0,CA-2016-123120,9/4/2016,9/8/2016,Standard Class,CV-12295,Christina VanderZanden,Consumer,United States,New York City,New York,10011.0,East,FUR-FU-10004748,Furniture,Furnishings,"Howard Miller 16"" Diameter Gallery Wall Clock",63.94,1.0,0.0,24.9366,CRM,Pending,
5332.0,CA-2016-123120,9/4/2016,9/8/2016,Standard Class,CV-12295,Christina VanderZanden,Consumer,United States,New York City,New York,10011.0,East,OFF-BI-10001460,Office Supplies,Binders,Plastic Binding Combs,60.6,5.0,0.2,20.4525,ERP,,
5333.0,CA-2016-123120,9/4/2016,9/8/2016,Standard Class,CV-12295,Christina VanderZanden,Consumer,United States,NYC,New York,10011.0,East,OFF-SU-10002503,Office Supplies,Supplies,Acme Preferred Stainless Steel Scissors,22.72,4.0,0.0,6.5888,CRM,Rejected,
5334.0,CA-2014-103331,8/26/2014,9/1/2014,Standard Class,KB-16315,Karl Braun,Consumer,United States,Newark,Delaware,19711.0,East,FUR-FU-10001731,Furniture,Furnishings,Acrylic Self-Standing Desk Frames,10.68,4.0,0.0,4.0584,Manual Upload,Pending,Duplicate?
5335.0,CA-2014-103331,8/26/2014,9/1/2014,Standard Class,KB-16315,Karl Braun,Consumer,United States,Newark,Delaware,19711.0,East,OFF-PA-10002160,Office Supplies,Paper,Xerox 1978,0.0,3.0,0.0,8.4966,CRM,Rejected,Duplicate?
5336.0,CA-2014-103331,8/26/2014,9/1/2014,Standard Class,KB-16315,Karl Braun,Consumer,United States,Newark,Delaware,19711.0,East,OFF-PA-10002659,Office Supplies,Paper,Avoid Verbal Orders Carbonless Minifold Book,3.38,1.0,0.0,1.5548,ERP,,
5337.0,CA-2015-169278,5/21/2015,5/25/2015,Standard Class,ME-18010,Michelle Ellison,Corporate,United States,Seattle,Washington,98105.0,West,OFF-BI-10001636,Office Supplies,Binders,Ibico Plastic and Wire Spiral Binding Combs,26.976,0.0,0.2,8.7672,CRM,Approved,Check later
5338.0,CA-2017-111577,10/16/2017,10/21/2017,Standard Class,AJ-10780,Anthony Jacobs,Corporate,United States,Scottsdale,Arizona,85254.0,West,OFF-PA-10000062,Office Supplies,Paper,Green Bar Computer Printout Paper,307.776,7.0,0.2,111.5688,Manual Upload,Pending,Duplicate?
5339.0,CA-2015-146486,11/9/2015,11/14/2015,Second Class,DV-13465,Dianna Vittorini,Consumer,United States,Oceanside,New York,11572.0,East,OFF-ST-10002554,Office Supplies,Storage,Tennsco Industrial Shelving,244.55,5.0,0.0,4.891,CRM,,
5340.0,CA-2015-146486,11/9/2015,11/14/2015,Second Class,DV-13465,Dianna Vittorini,Consumer,United States,Oceanside,New York,11572.0,East,OFF-EN-10001509,Office Supplies,Envelopes,Poly String Tie Envelopes,12.24,6.0,0.0,5.7528,CRM,Rejected,
5341.0,CA-2015-146486,11/9/2015,11/14/2015,Second Class,DV-13465,Dianna Vittorini,Consumer,United States,Oceanside,New York,11572.0,East,TEC-AC-10002018,Technology,Accessories,AmazonBasics 3-Button USB Wired Mouse,13.98,2.0,0.0,6.0114,Legacy,Pending,
5342.0,CA-2015-146486,11/9/2015,11/14/2015,Second Class,DV-13465,Dianna Vittorini,Consumer,United States,Oceanside,New York,11572.0,East,TEC-AC-10002637,Technology,Accessories,Logitech VX Revolution Cordless Laser Mouse for Notebooks (Black),899.95,5.0,0.0,53.997,ERP,,Urgent
5343.0,US-2014-168501,11/21/2014,11/27/2014,Standard Class,JK-15325,Jason Klamczynski,Corporate,United States,Dallas,Texas,75220.0,Central,OFF-EN-10001509,Office Supplies,Envelopes,Poly String Tie Envelopes,1.632,1.0,0.2,0.5508,Legacy,Approved,Urgent
5344.0,US-2014-168501,11/21/2014,11/27/2014,Standard Class,JK-15325,Jason Klamczynski,Corporate,United States,Dallas,Texas,75220.0,Central,TEC-PH-10004922,Technology,Phones,RCA Visys Integrated PBX 8-Line Router,267.96,5.0,0.2,16.7475,ERP,,
5345.0,CA-2015-112053,10/11/2015,10/13/2015,Second Class,SH-20395,Shahid Hopkins,Consumer,United States,Rochester,New York,14609.0,East,TEC-AC-10002550,Technology,Accessories,"Memorex 25GB 6X Branded Blu-Ray Recordable Disc, 30/Pack",31.95,1.0,0.0,2.2365,Legacy,,Duplicate?
5346.0,CA-2017-108539,3/21/2017,3/23/2017,Second Class,SC-20725,Steven Cartwright,Consumer,United States,Los Angeles,California,90045.0,West,OFF-ST-10003208,Office Supplies,Storage,Adjustable Depth Letter/Legal Cart,725.84,4.0,0.0,210.4936,ERP,Approved,Urgent
5347.0,CA-2017-108539,3/21/2017,3/23/2017,Second Class,SC-20725,Steven Cartwright,Consumer,United States,Los Angeles,California,90045.0,West,OFF-BI-10003981,Office Supplies,Binders,"Avery Durable Plastic 1"" Binders",10.896,3.0,0.2,3.9498,Manual Upload,Pending,
5348.0,CA-2017-108539,03/21/2017,3/23/2017,Second Class,SC-20725,Steven Cartwright,Consumer,United States,Los Angeles,California,90045.0,west,OFF-BI-10001031,Office Supplies,Binders,Pressboard Data Binders by Wilson Jones,8.544,2.0,0.2,2.8836,Legacy,Approved,Urgent
5349.0,CA-2015-149811,1/4/2015,1/10/2015,Standard Class,CS-12250,Chris Selesnick,Corporate,United States,Woodbury,Minnesota,55125.0,Central,OFF-BI-10003676,Office Supplies,Binders,"GBC Standard Recycled Report Covers, Clear Plastic Sheets",32.34,3.0,0.0,15.5232,Manual Upload,Rejected,
5350.0,CA-2015-149811,1/4/2015,1/10/2015,Standard Class,CS-12250,Chris Selesnick,Corporate,United States,Woodbury,Minnesota,55125.0,Central,OFF-PA-10004082,Office Supplies,Paper,"Adams Telephone Message Book w/Frequently-Called Numbers Space, 400 Messages per Book",39.9,5.0,0.0,19.95,ERP,Pending,
5351.0,US-2017-103814,12/9/2017,12/16/2017,Standard Class,LH-16900,Lena Hernandez,Consumer,United States,Park Ridge,Illinois,60068.0,Central,OFF-PA-10001019,Office Supplies,Paper,Xerox 1884,143.856,9.0,0.2,48.5514,ERP,Approved,Duplicate?
5352.0,CA-2016-123932,9/6/2016,9/12/2016,Standard Class,YC-21895,Yoseph Carroll,Corporate,United States,Dallas,Texas,75217.0,Central,OFF-PA-10004665,Office Supplies,Paper,Advantus Motivational Note Cards,41.92,4.0,0.2,15.196,CRM,Pending,Urgent
5353.0,CA-2016-123932,9/6/2016,9/12/2016,Standard Class,YC-21895,Yoseph Carroll,Corporate,United States,Dallas,Texas,75217.0,Central,TEC-PH-10002447,Technology,Phones,AT&T CL83451 4-Handset Telephone,329.584,2.0,0.2,37.0782,CRM,Pending,Urgent
5354.0,US-2016-101616,9/3/2016,9/6/2016,First Class,CY-12745,Craig Yedwab,Corporate,United States,Monroe,Louisiana,71203.0,South,OFF-BI-10000014,Office Supplies,Binders,Heavy-Duty E-Z-D Binders,87.28,8.0,0.0,41.0216,CRM,Approved,
5355.0,CA-2014-113768,5/13/2014,5/19/2014,Standard Class,AH-10030,Aaron Hawkins,Corporate,United States,Los Angeles,California,90004.0,West,FUR-CH-10002439,Furniture,Chairs,"Iceberg Nesting Folding Chair, 19w x 6d x 43h",279.456,6.0,0.2,20.9592,Legacy,Approved,Duplicate?
5356.0,CA-2014-113768,5/13/2014,5/19/2014,Standard Class,AH-10030,Aaron Hawkins,Corporate,United States,Los Angeles,California,90004.0,West,OFF-PA-10003063,Office Supplies,Paper,EcoTones Memo Sheets,8.0,2.0,0.0,3.84,Manual Upload,Rejected,
5357.0,CA-2016-138037,9/29/2016,10/3/2016,Standard Class,AR-10540,Andy Reiter,Consumer,United States,San Francisco,California,94109.0,West,OFF-BI-10002982,Office Supplies,Binders,Avery Self-Adhesive Photo Pockets for Polaroid Photos,27.24,5.0,0.2,9.534,CRM,,Duplicate?
5358.0,CA-2014-150490,8/5/2014,8/11/2014,Standard Class,SS-20590,Sonia Sunley,Consumer,United States,San Francisco,California,94122.0,West,TEC-AC-10004510,Technology,Accessories,Logitech Desktop MK120 Mouse and keyboard Combo,16.36,1.0,0.0,1.636,ERP,,
5359.0,CA-2014-150490,8/5/2014,8/11/2014,Standard Class,SS-20590,Sonia Sunley,Consumer,United States,San Francisco,California,94122.0,West,OFF-ST-10000321,Office Supplies,Storage,Akro Stacking Bins,15.78,2.0,0.0,0.6312,Legacy,Rejected,
5360.0,CA-2014-150490,8/5/2014,8/11/2014,Standard Class,SS-20590,Sonia Sunley,Consumer,United States,San Francisco,California,94122.0,West,OFF-AR-10004602,Office Supplies,Art,Boston KS Multi-Size Manual Pencil Sharpener,45.98,2.0,0.0,12.8744,ERP,Approved,Urgent
5361.0,US-2017-126060,4/14/2017,4/18/2017,Standard Class,DW-13585,Dorothy Wardle,Corporate,United States,Fayetteville,North Carolina,28314.0,South,FUR-BO-10003433,Furniture,Bookcases,Sauder Cornerstone Collection Library,198.272,8.0,0.2,-32.2192,Legacy,,
5362.0,CA-2017-100951,6/9/2017,6/10/2017,First Class,NC-18625,Noah Childs,Corporate,United States,Dallas,Texas,75217.0,Central,OFF-ST-10001496,Office Supplies,Storage,Standard Rollaway File with Lock,720.76,5.0,0.2,54.057,Legacy,Approved,
5363.0,CA-2016-122017,12/29/2016,1/2/2017,Standard Class,CD-11920,Carlos Daly,Consumer,United States,Wichita,Kansas,67212.0,Central,FUR-FU-10000672,Furniture,Furnishings,"Executive Impressions 10"" Spectator Wall Clock",70.56,6.0,0.0,23.9904,CRM,Approved,Check later
5364.0,CA-2016-122017,12/29/2016,1/2/2017,Standard Class,CD-11920,Carlos Daly,Consumer,United States,Wichita,Kansas,67212.0,Central,OFF-AP-10001293,Office Supplies,Appliances,Belkin 8 Outlet Surge Protector,81.96,2.0,0.0,22.9488,Legacy,Approved,Check later
5365.0,CA-2014-123477,1/18/2014,1/21/2014,Second Class,DW-13195,David Wiener,Corporate,United States,Springfield,Oregon,97477.0,West,OFF-AP-10000692,Office Supplies,Appliances,Fellowes Mighty 8 Compact Surge Protector,64.864,4.0,0.2,6.4864,CRM,Rejected,
5366.0,CA-2016-107790,11/20/2016,11/24/2016,Standard Class,EH-13990,Erica Hackney,Consumer,United States,Houston,Texas,77041.0,Central,TEC-PH-10004539,Technology,Phones,Wireless Extenders zBoost YX545 SOHO Signal Booster,151.192,1.0,0.2,13.2293,Manual Upload,Rejected,
5367.0,CA-2017-158071,6/10/2017,6/15/2017,Standard Class,BD-11320,Bill Donatelli,Consumer,United States,Seattle,Washington,00000,West,TEC-PH-10002923,Technology,Phones,"Logitech B530 USB Headset - headset - Full size, Binaural",88.776,3.0,0.2,7.7679,CRM,,
5368.0,CA-2017-158071,6/10/2017,6/15/2017,Standard Class,BD-11320,Bill Donatelli,Consumer,United States,Seattle,Washington,98103.0,West,OFF-LA-10004689,Office Supplies,Labels,Avery 512,11.56,4.0,0.0,5.4332,ERP,Rejected,Check later
5369.0,CA-2017-158071,6/10/2017,6/15/2017,Standard Class,BD-11320,Bill Donatelli,Consumer,United States,Seattle,Washington,98103.0,West,OFF-ST-10001228,Office Supplies,Storage,Personal File Boxes with Fold-Down Carry Handle,15.58,1.0,0.0,3.895,Legacy,Rejected,
5370.0,CA-2017-147403,9/10/2017,9/13/2017,First Class,KH-16630,Ken Heidel,Corporate,United States,Akron,Ohio,44312.0,East,OFF-PA-10003302,Office Supplies,Paper,Xerox 1906,85.056,3.0,0.2,28.7064,Legacy,,Check later
5371.0,US-2017-136721,4/8/2017,4/12/2017,Standard Class,NH-18610,Nicole Hansen,Corporate,United States,Oak Park,Michigan,48237.0,Central,FUR-FU-10004665,Furniture,Furnishings,"3M Polarizing Task Lamp with Clamp Arm, Light Gray",273.96,2.0,0.0,71.2296,Manual Upload,Approved,Urgent
5372.0,US-2017-136721,4/8/2017,4/12/2017,Standard Class,NH-18610,Nicole Hansen,Corporate,United States,Oak Park,Michigan,48237.0,Central,FUR-FU-10004188,Furniture,Furnishings,Luxo Professional Combination Clamp-On Lamps,306.9,3.0,0.0,79.794,ERP,Pending,Duplicate?
5373.0,CA-2015-118738,10/24/2015,10/30/2015,Standard Class,AG-10495,Andrew Gjertsen,Corporate,United States,Houston,Texas,77041.0,Central,OFF-PA-10003177,Office Supplies,Paper,Xerox 1999,15.552,3.0,0.2,5.4432,ERP,Pending,
5374.0,CA-2015-118738,10/24/2015,10/30/2015,Standard Class,AG-10495,Andrew Gjertsen,Corporate,United States,Houston,Texas,77041.0,Central,FUR-TA-10002607,Furniture,Tables,KI Conference Tables,347.361,7.0,0.3,-69.4722,Legacy,,Duplicate?
5375.0,CA-2015-118738,10/24/2015,10/30/2015,Standard Class,AG-10495,Andrew Gjertsen,corporate,United States,Houston,Texas,77041.0,Central,OFF-PA-10001166,Office Supplies,Paper,Xerox 2,10.368,2.0,0.2,3.6288,ERP,,Urgent
5376.0,CA-2017-134152,5/27/2017,5/31/2017,Standard Class,RP-19855,Roy Phan,Corporate,United States,Seattle,Washington,98103.0,West,TEC-AC-10004510,Technology,Accessories,Logitech Desktop MK120 Mouse and keyboard Combo,98.16,6.0,0.0,9.816,ERP,,Urgent
5377.0,CA-2017-134152,5/27/2017,5/31/2017,Standard Class,RP-19855,Roy Phan,Corporate,United States,Seattle,Washington,98103.0,West,OFF-AR-10004062,Office Supplies,Art,Staples in misc. colors,31.44,3.0,0.0,7.86,CRM,Pending,Check later
5378.0,CA-2014-125542,12/5/2014,12/7/2014,First Class,NB-18655,Nona Balk,Corporate,United States,Philadelphia,Pennsylvania,19134.0,East,OFF-EN-10000056,Office Supplies,Envelopes,Cameo Buff Policy Envelopes,348.488,7.0,0.2,117.6147,ERP,Rejected,Duplicate?
5379.0,CA-2014-125542,12/5/2014,12/7/2014,First Class,NB-18655,Nona Balk,Corporate,United States,Philadelphia,Pennsylvania,19134.0,East,OFF-ST-10001469,Office Supplies,Storage,Fellowes Bankers Box Recycled Super Stor/Drawer,172.736,4.0,0.2,-30.2288,Manual Upload,,
5380.0,CA-2016-136021,8/14/2016,8/18/2016,Standard Class,JM-15580,Jill Matthias,Consumer,United States,Los Angeles,California,90045.0,West,OFF-PA-10000551,Office Supplies,Paper,Array Memo Cubes,15.54,3.0,0.0,7.6146,Legacy,Pending,Urgent
5381.0,CA-2016-136021,8/14/2016,8/18/2016,Standard Class,JM-15580,Jill Matthias,Consumer,United States,Los Angeles,California,90045.0,West,TEC-MA-10000423,Technology,Machines,Texas Instruments TI-34 Scientific Calculator,105.552,6.0,0.2,35.6238,Legacy,,
5382.0,CA-2016-149195,9/5/2016,9/7/2016,Second Class,DM-13525,Don Miller,Corporate,United States,Houston,Texas,77070.0,Central,OFF-PA-10001870,Office Supplies,Paper,Xerox 202,25.92,5.0,0.2,9.072,CRM,Approved,
5383.0,CA-2016-149195,9/5/2016,9/7/2016,Second Class,DM-13525,Don Miller,Corporate,United States,Houston,Texas,77070.0,Central,OFF-FA-10001843,Office Supplies,Fasteners,Staples,15.808,8.0,0.2,5.3352,Manual Upload,Approved,Check later
5384.0,CA-2016-149195,9/5/2016,9/7/2016,Second Class,DM-13525,Don Miller,Corporate,United States,Houston,Texas,77070.0,Central,OFF-PA-10002036,Office Supplies,Paper,Xerox 1930,10.368,2.0,0.2,3.7584,CRM,,
5385.0,CA-2017-161410,6/26/2017,7/3/2017,Standard Class,CC-12220,Chris Cortes,Consumer,United States,Philadelphia,Pennsylvania,19143.0,East,TEC-PH-10001760,Technology,Phones,Bose SoundLink Bluetooth Speaker,358.2,3.0,0.4,41.79,Legacy,Pending,Duplicate?
5386.0,CA-2017-161410,6/26/2017,7/3/2017,Standard Class,CC-12220,Chris Cortes,Consumer,United States,Philadelphia,Pennsylvania,19143.0,East,TEC-PH-10000673,Technology,Phones,Plantronics Voyager Pro HD - Bluetooth Headset,99999.0,14.0,0.4,72.7888,ERP,Rejected,Duplicate?
5387.0,CA-2017-152786,3/12/2017,3/17/2017,Standard Class,GA-14725,Guy Armstrong,Consumer,United States,Rogers,Arkansas,72756.0,South,OFF-BI-10000829,Office Supplies,Binders,Avery Non-Stick Binders,40.41,9.0,0.0,18.5886,Manual Upload,Approved,
5388.0,CA-2017-164707,2/18/2017,2/21/2017,Second Class,CV-12805,Cynthia Voltz,Corporate,United States,Los Angeles,California,90045.0,West,TEC-PH-10001924,Technology,Phones,iHome FM Clock Radio with Lightning Dock,167.976,3.0,0.2,10.4985,Manual Upload,Approved,Urgent
5389.0,CA-2017-164707,2/18/2017,2/21/2017,Second Class,CV-12805,Cynthia Voltz,Corporate,United States,Los Angeles,California,90045.0,West,TEC-AC-10004864,Technology,Accessories,Memorex Micro Travel Drive 32 GB,109.53,3.0,0.0,47.0979,Legacy,,Check later
5390.0,CA-2017-164707,2/18/2017,2/21/2017,Second Class,CV-12805,Cynthia Voltz,Corporate,United States,Los Angeles,California,90045.0,West,OFF-LA-10004345,Office Supplies,Labels,Avery 493,9.82,2.0,0.0,4.8118,Manual Upload,Rejected,
5391.0,CA-2017-163874,11/10/2017,11/12/2017,Second Class,NC-18535,Nick Crebassa,Corporate,United States,Seattle,Washington,98105.0,West,OFF-BI-10000088,Office Supplies,Binders,GBC Imprintable Covers,26.352,3.0,0.2,9.5526,Manual Upload,Pending,
5392.0,US-2014-123183,11/19/2014,11/25/2014,Standard Class,GR-14560,Georgia Rosenberg,Corporate,United States,Wilmington,Delaware,19805.0,East,OFF-LA-10002787,Office Supplies,Labels,Avery 480,22.5,6.0,0.0,10.8,Legacy,Rejected,Duplicate?
5393.0,US-2014-123183,11/19/2014,11/25/2014,Standard Class,GR-14560,Georgia Rosenberg,Corporate,United States,Wilmington,Delaware,19805.0,East,OFF-LA-10001569,Office Supplies,Labels,Avery 499,9.96,2.0,0.0,4.5816,Manual Upload,Rejected,Urgent
5394.0,US-2014-123183,11/19/2014,11/25/2014,Standard Class,GR-14560,Georgia Rosenberg,Corporate,United States,Wilmington,Delaware,19805.0,East,OFF-BI-10002429,Office Supplies,Binders,"Premier Elliptical Ring Binder, Black",213.08,7.0,0.0,102.2784,CRM,Approved,Duplicate?
5395.0,US-2014-123183,11/19/2014,11/25/2014,Standard Class,GR-14560,Georgia Rosenberg,Corporate,United States,Wilmington,Delaware,19805.0,East,FUR-BO-10000362,Furniture,Bookcases,Sauder Inglewood Library Bookcases,1025.88,6.0,0.0,235.9524,CRM,Approved,Check later
5396.0,CA-2014-104829,11/18/2014,11/21/2014,Second Class,JG-15805,John Grady,Corporate,United States,Provo,Utah,84604.0,West,OFF-PA-10003016,Office Supplies,Paper,"Adams ""While You Were Out"" Message Pads",21.98,7.0,0.0,9.891,CRM,Pending,Check later
5397.0,US-2016-147340,9/24/2016,9/24/2016,Same Day,EB-13750,Edward Becker,Corporate,United States,San Francisco,California,94110.0,West,FUR-FU-10002501,Furniture,Furnishings,Nu-Dell Executive Frame,63.2,5.0,0.0,23.384,Manual Upload,,Check later
5398.0,CA-2016-145492,11/20/2016,11/27/2016,Standard Class,MC-17605,Matt Connell,Corporate,United States,Los Angeles,California,90004.0,West,OFF-AP-10003622,Office Supplies,Appliances,"Bravo II Megaboss 12-Amp Hard Body Upright, Replacement Belts, 2 Belts per Pack",39.0,12.0,0.0,11.31,Legacy,Rejected,Urgent
5399.0,CA-2016-163202,9/27/2016,10/2/2016,Standard Class,BM-11650,Brian Moss,Corporate,United States,Lancaster,Ohio,43130.0,East,OFF-BI-10002764,Office Supplies,Binders,Recycled Pressboard Report Cover with Reinforced Top Hinge,2.907,3.0,0.7,-2.0349,ERP,Pending,Duplicate?
5400.0,CA-2016-117681,4/9/2016,4/14/2016,Standard Class,HF-14995,Herbert Flentye,Consumer,United States,LA,California,90004.0,West,FUR-BO-10001798,Furniture,Bookcases,Bush Somerset Collection Bookcase,556.665,5.0,0.15,6.549,Legacy,Rejected,
5401.0,CA-2017-132262,9/21/2017,9/23/2017,First Class,ML-18265,Muhammed Lee,Consumer,United States,Seattle,Washington,98103.0,West,TEC-AC-10000158,Technology,Accessories,Sony 64GB Class 10 Micro SDHC R40 Memory Card,71.98,2.0,0.0,15.1158,Manual Upload,Rejected,Duplicate?
5402.0,CA-2017-132262,9/21/2017,9/23/2017,First Class,ML-18265,Muhammed Lee,Consumer,United States,Seattle,Washington,98103.0,West,TEC-AC-10000303,Technology,Accessories,Logitech M510 Wireless Mouse,79.98,2.0,0.0,26.3934,ERP,Pending,Check later
5403.0,CA-2017-123043,8/24/2017,8/29/2017,Standard Class,AH-10195,Alan Haines,Corporate,United States,New York City,New York,10024.0,East,OFF-BI-10003910,Office Supplies,Binders,DXL Angle-View Binders with Locking Rings by Samsill,24.672,4.0,0.2,7.71,ERP,Approved,Urgent
5404.0,CA-2017-123043,8/24/2017,8/29/2017,Standard Class,AH-10195,Alan Haines,Corporate,United States,New York City,New York,10024.0,East,OFF-BI-10000138,Office Supplies,Binders,Acco Translucent Poly Ring Binders,3.744,1.0,0.2,1.3104,Legacy,,
5405.0,US-2016-143280,2/22/2016,2/26/2016,Standard Class,TZ-21580,Tracy Zic,Consumer,United States,Los Angeles,California,90045.0,West,TEC-PH-10002398,Technology,Phones,AT&T 1070 Corded Phone,445.96,5.0,0.2,55.745,ERP,Rejected,Urgent
5406.0,US-2016-143280,2/22/2016,2/26/2016,Standard Class,TZ-21580,Tracy Zic,Consumer,United States,Los Angeles,California,90045.0,West,TEC-AC-10003399,Technology,Accessories,Memorex Mini Travel Drive 64 GB USB 2.0 Flash Drive,36.24,1.0,0.0,15.2208,Manual Upload,Approved,Check later
5407.0,US-2016-143280,2/22/2016,2/26/2016,Standard Class,TZ-21580,Tracy Zic,Consumer,United States,Los Angeles,California,90045.0,West,OFF-FA-10000992,Office Supplies,Fasteners,"Acco Clips to Go Binder Clips, 24 Clips in Two Sizes",10.65,3.0,0.0,5.0055,ERP,Pending,
5408.0,CA-2017-108854,12/8/2017,12/14/2017,Standard Class,DM-13345,Denise Monton,Corporate,United States,San Francisco,California,94109.0,West,OFF-PA-10003022,Office Supplies,Paper,Standard Line While You Were Out Hardbound Telephone Message Book,87.92,4.0,0.0,40.4432,ERP,Rejected,Urgent
5409.0,CA-2017-108854,12/8/2017,12/14/2017,Standard Class,DM-13345,Denise Monton,Corporate,United States,San Francisco,California,94109.0,West,OFF-BI-10002854,Office Supplies,Binders,"Performers Binder/Pad Holder, Black",22.424,1.0,0.2,8.409,Legacy,Rejected,
5410.0,CA-2017-108854,12/8/2017,12/14/2017,Standard Class,DM-13345,Denise Monton,Corporate,United States,San Francisco,California,94109.0,West,OFF-BI-10001670,Office Supplies,Binders,Vinyl Sectional Post Binders,90.48,3.0,0.2,33.93,Manual Upload,Approved,Duplicate?
5411.0,CA-2017-108854,12/8/2017,12/14/2017,Standard Class,DM-13345,Denise Monton,Corporate,United States,San Francisco,California,94109.0,West,OFF-ST-10001837,Office Supplies,Storage,"SAFCO Mobile Desk Side File, Wire Frame",42.76,1.0,0.0,11.1176,Manual Upload,Pending,
5412.0,CA-2017-166856,9/18/2017,9/22/2017,Standard Class,TS-21505,TonySayre,Consumer,United States,Clovis,New Mexico,88101.0,West,OFF-BI-10002012,Office Supplies,Binders,Wilson Jones Easy Flow II Sheet Lifters,10.08,7.0,0.2,3.528,Legacy,Rejected,Urgent
5413.0,CA-2017-166856,9/18/2017,9/22/2017,Standard Class,TS-21505,Tony Sayre,Consumer,United States,Clovis,New Mexico,88101.0,West,TEC-AC-10004992,Technology,Accessories,Kingston Digital DataTraveler 64GB USB 2.0,101.34,3.0,0.0,8.1072,ERP,Approved,Urgent
5414.0,CA-2016-153157,9/11/2016,9/14/2016,First Class,TB-21625,Trudy Brown,Consumer,United States,Wichita,Kansas,67212.0,Central,TEC-PH-10003171,Technology,Phones,Plantronics Encore H101 Dual Earpieces Headset,224.75,5.0,0.0,62.93,ERP,Pending,Check later
5415.0,US-2017-125647,9/23/2017,9/28/2017,Standard Class,LC-16870,Lena Cacioppo,Consumer,United States,Chicago,Illinois,60653.0,Central,OFF-AP-10000390,Office Supplies,Appliances,Euro Pro Shark Stick Mini Vacuum,73.176,6.0,0.8,-197.5752,CRM,,
5416.0,US-2017-125647,9/23/2017,9/28/2017,Standard Class,LC-16870,Lena Cacioppo,Consumer,United States,Chicago,Illinois,60653.0,Central,OFF-PA-10004888,Office Supplies,Paper,Xerox 217,20.736,4.0,0.2,7.2576,CRM,Rejected,Urgent
5417.0,US-2017-125647,9/23/2017,9/28/2017,Standard Class,LC-16870,Lena Cacioppo,Consumer,United States,Chicago,Illinois,60653.0,Central,TEC-PH-10004188,Technology,Phones,OtterBox Commuter Series Case - Samsung Galaxy S4,39.984,2.0,0.2,-8.9964,Manual Upload,Rejected,
5418.0,CA-2014-132542,10/6/2014,10/8/2014,Second Class,AM-10360,Alice McCarthy,Corporate,United States,Omaha,Nebraska,68104.0,Central,OFF-BI-10004099,Office Supplies,Binders,GBC VeloBinder Strips,15.36,2.0,0.0,7.68,ERP,Approved,
5419.0,CA-2015-110877,10/23/2015,10/26/2015,First Class,JE-15715,Joe Elijah,Consumer,United States,Houston,Texas,77041.0,Central,OFF-PA-10004621,Office Supplies,Paper,Xerox 212,36.288,7.0,0.2,12.7008,CRM,Approved,
5420.0,CA-2015-110877,10/23/2015,10/26/2015,First Class,JE-15715,Joe Elijah,Consumer,United States,Houston,Texas,77041.0,Central,TEC-PH-10002103,Technology,Phones,Jabra SPEAK 410,150.384,2.0,0.2,15.0384,Manual Upload,,
5421.0,US-2016-151827,3/31/2016,4/2/2016,Second Class,CS-11950,Carlos Soltero,Consumer,United States,Philadelphia,Pennsylvania,19134.0,East,TEC-PH-10002789,Technology,Phones,LG Exalt,280.782,3.0,0.4,-60.8361,ERP,,Check later
5422.0,US-2016-151827,3/31/2016,4/2/2016,Second Class,CS-11950,Carlos Soltero,Consumer,United States,Philadelphia,Pennsylvania,19134.0,East,TEC-AC-10003289,Technology,Accessories,Anker Ultra-Slim Mini Bluetooth 3.0 Wireless Keyboard,31.984,2.0,0.2,1.1994,Legacy,Pending,Check later
5423.0,US-2016-163258,12/29/2016,1/2/2017,Standard Class,PF-19225,Phillip Flathmann,Consumer,United States,Los Angeles,California,90045.0,West,OFF-BI-10000138,Office Supplies,Binders,Acco Translucent Poly Ring Binders,11.232,3.0,0.2,3.9312,Manual Upload,Rejected,
5424.0,CA-2017-103009,11/3/2017,11/5/2017,Second Class,PJ-18835,Patrick Jones,Corporate,United States,Richmond,Kentucky,40475.0,South,OFF-PA-10001215,Office Supplies,Paper,Xerox 1963,26.4,5.0,0.0,11.88,ERP,Approved,Check later
5425.0,US-2017-120649,1/20/2017,1/26/2017,Standard Class,JF-15490,Jeremy Farry,Consumer,United States,Waterbury,Connecticut,6708.0,East,OFF-AR-10001545,Office Supplies,Art,Newell 326,3.52,2.0,0.0,1.0208,CRM,Pending,Urgent
5426.0,CA-2016-153598,12/3/2016,12/6/2016,First Class,NM-18520,Neoma Murray,Consumer,United States,Los Angeles,California,90045.0,West,TEC-AC-10003870,Technology,Accessories,Logitech Z-906 Speaker sys - home theater - 5.1-CH,1649.95,5.0,0.0,659.98,Manual Upload,Pending,Duplicate?
5427.0,CA-2016-153598,12/3/2016,12/6/2016,First Class,NM-18520,Neoma Murray,Consumer,United States,Los Angeles,California,90045.0,West,FUR-FU-10001085,Furniture,Furnishings,3M Polarizing Light Filter Sleeves,111.9,6.0,0.0,51.474,Manual Upload,Rejected,Check later
5428.0,US-2016-108497,6/14/2016,6/14/2016,Same Day,MH-17290,Marc Harrigan,Home Office,United States,Los Angeles,California,90036.0,West,FUR-BO-10004218,Furniture,Bookcases,"Bush Heritage Pine Collection 5-Shelf Bookcase, Albany Pine Finish, *Special Order",599.165,5.0,0.15,35.245,ERP,,Check later
5429.0,CA-2016-113096,9/2/2016,9/4/2016,First Class,SZ-20035,Sam Zeldin,Home Office,United States,San Francisco,California,94122.0,West,OFF-ST-10003455,Office Supplies,Storage,"Tenex File Box, Personal Filing Tote with Lid, Black",46.53,3.0,0.0,12.0978,ERP,,Duplicate?
5430.0,CA-2014-136861,9/5/2014,9/7/2014,First Class,PR-18880,Patrick Ryan,Consumer,United States,Saint Petersburg,Florida,33710.0,South,FUR-FU-10001967,Furniture,Furnishings,Telescoping Adjustable Floor Lamp,31.984,2.0,0.2,1.999,Manual Upload,,
5431.0,CA-2017-117422,10/21/2017,10/25/2017,Standard Class,FC-14245,Frank Carlisle,Home Office,United States,Lakewood,Ohio,44107.0,East,OFF-AP-10000938,Office Supplies,Appliances,Avanti 1.7 Cu. Ft. Refrigerator,161.568,2.0,0.2,16.1568,Manual Upload,Rejected,Duplicate?
5432.0,CA-2017-117422,10/21/2017,10/25/2017,Standard Class,FC-14245,Frank Carlisle,Home Office,United States,Lakewood,Ohio,44107.0,EAST,OFF-PA-10002195,Office Supplies,Paper,"RSVP Cards & Envelopes, Blank White, 8-1/2"" X 11"", 24 Cards/25 Envelopes/Set",4.064,1.0,0.2,1.3716,Manual Upload,Approved,Duplicate?
5433.0,CA-2017-117422,10/21/2017,10/25/2017,Standard Class,FC-14245,Frank Carlisle,Home Office,United States,Lakewood,Ohio,44107.0,East,OFF-BI-10002799,Office Supplies,Binders,"SlimView Poly Binder, 3/8""",6.216,4.0,0.7,-4.9728,CRM,,
5434.0,CA-2017-129707,25 Apr 2017,4/29/2017,Standard Class,LH-16750,Larry Hughes,Consumer,United States,Chandler,Arizona,85224.0,West,OFF-AR-10000246,Office Supplies,Art,Newell 318,8.896,4.0,0.2,0.6672,Manual Upload,,
5435.0,CA-2015-160171,10/19/2015,10/24/2015,Standard Class,RM-19675,Robert Marley,Home Office,United States,Los Angeles,California,90008.0,West,OFF-AP-10000275,Office Supplies,Appliances,"Sanyo Counter Height Refrigerator with Crisper, 3.6 Cubic Foot, Stainless Steel/Black",1640.7,5.0,0.0,459.396,Legacy,Approved,Urgent
5436.0,CA-2015-160171,10/19/2015,10/24/2015,Standard Class,RM-19675,Robert Marley,Home Office,United States,Los Angeles,California,90008.0,West,TEC-AC-10000892,Technology,Accessories,NETGEAR N750 Dual Band Wi-Fi Gigabit Router,270.0,3.0,0.0,97.2,Manual Upload,Pending,Duplicate?
5437.0,CA-2014-103317,7/5/2014,7/8/2014,First Class,DM-13525,Don Miller,corporate,United States,Palm Coast,Florida,32137.0,South,FUR-FU-10001591,Furn,Furnishings,Advantus Panel Wall Certificate Holder - 8.5x11,19.52,2.0,0.2,5.368,CRM,Rejected,Duplicate?
5438.0,CA-2014-103317,7/5/2014,7/8/2014,First Class,DM-13525,Don Miller,Corporate,United States,Palm Coast,Florida,32137.0,South,OFF-BI-10001787,Office Supplies,Binders,Wilson Jones Four-Pocket Poly Binders,9.81,5.0,0.7,-6.867,Manual Upload,Approved,Check later
5439.0,CA-2014-103317,7/5/2014,7/8/2014,First Class,DM-13525,Don Miller,Corporate,United States,Palm Coast,Florida,32137.0,South,FUR-FU-10003192,Furniture,Furnishings,Luxo Adjustable Task Clamp Lamp,213.216,3.0,0.2,15.9912,CRM,Pending,Urgent
5440.0,CA-2016-167115,4/4/2016,4/9/2016,Standard Class,EH-14185,Evan Henry,Consumer,United States,New York City,New York,10035.0,East,OFF-BI-10004600,Office Supplies,Binders,Ibico Ibimaster 300 Manual Binding System,588.784,2.0,0.2,183.995,Legacy,Pending,Check later
5441.0,US-2017-153633,11/13/2017,11/18/2017,Second Class,TC-21295,Toby Carlisle,Consumer,United States,Jupiter,Florida,33458.0,South,OFF-AR-10002335,Office Supplies,Art,DIXON Oriole Pencils,2.064,1.0,0.2,0.1548,ERP,Pending,Urgent
5442.0,CA-2017-155929,9/9/2017,9/13/2017,Standard Class,AI-10855,Arianne Irving,Consumer,United States,Glendale,Arizona,85301.0,West,OFF-PA-10000859,Office Supplies,Paper,Unpadded Memo Slips,6.368,2.0,0.2,2.388,Legacy,,Urgent
5443.0,CA-2015-148712,4/17/2015,4/23/2015,Standard Class,JM-15535,Jessica Myrick,Consumer,United States,New York City,New York,10035.0,East,TEC-AC-10003198,Technology,Accessories,Enermax Acrylux Wireless Keyboard,99.6,1.0,0.0,36.852,ERP,Pending,Urgent
5444.0,CA-2015-148712,4/17/2015,4/23/2015,Standard Class,JM-15535,Jessica Myrick,Consumer,United States,New York City,New York,10035.0,East,OFF-BI-10001900,Office Supplies,Binders,"DXL Angle-View Binders with Locking Rings, Black",62.296,13.0,0.2,21.0249,ERP,Rejected,Duplicate?
5445.0,CA-2015-148712,4/17/2015,23/04/2015,Standard Class,JM-15535,Jessica Myrick,Consumer,United States,New York City,New York,10035.0,East,OFF-AR-10000614,OfficeSupply,Art,Barrel Sharpener,10.71,3.0,0.0,2.7846,CRM,Rejected,
5446.0,CA-2016-128307,7/25/2016,7/29/2016,Standard Class,BE-11335,Bill Eplett,Home Office,United States,Houston,Texas,77041.0,Central,OFF-EN-10003040,Office Supplies,Envelopes,Quality Park Security Envelopes,20.936,1.0,0.2,7.0659,CRM,Pending,Urgent
5447.0,US-2016-127425,8/26/2016,8/31/2016,Standard Class,DR-12880,Dan Reichenbach,Corporate,United States,New York City,New York,10035.0,East,TEC-PH-10003442,Technology,Phones,Samsung Replacement EH64AVFWE Premium Headset,33.0,6.0,0.0,8.25,ERP,Approved,
5448.0,US-2016-127425,8/26/2016,8/31/2016,Standard Class,DR-12880,dan reichenbach,Corporate,United States,New York City,NY,10035.0,East,TEC-AC-10002800,Technology,Accessories,Plantronics Audio 478 Stereo USB Headset,249.95,5.0,0.0,87.4825,CRM,Pending,Duplicate?
5449.0,US-2014-119081,9/12/2014,9/19/2014,Standard Class,TA-21385,Tom Ashbrook,Home Office,United States,Olathe,Kansas,66062.0,Central,OFF-SU-10000157,Office Supplies,Supplies,Compact Automatic Electric Letter Opener,357.93,3.0,0.0,7.1586,CRM,,
5450.0,US-2014-119081,9/12/2014,9/19/2014,Standard Class,TA-21385,Tom Ashbrook,Home Office,United States,Olathe,Kansas,66062.0,Central,TEC-AC-10001542,Technology,Accessories,SanDisk Cruzer 16 GB USB Flash Drive,57.4,5.0,0.0,10.906,Legacy,Pending,Check later
5451.0,US-2014-119081,12 Sep 2014,9/19/2014,Standard Class,TA-21385,Tom Ashbrook,Home Office,United States,Olathe,Kansas,66062.0,Central,OFF-BI-10004519,Office Supplies,Binders,GBC DocuBind P100 Manual Binding Machine,331.96,2.0,0.0,149.382,Manual Upload,Pending,Duplicate?
5452.0,US-2014-119081,9/12/2014,9/19/2014,Standard Class,TA-21385,Tom Ashbrook,Home Office,United States,Olathe,Kansas,66062.0,Central,FUR-FU-10003464,Furniture,Furnishings,"Seth Thomas 8 1/2"" Cubicle Clock",40.56,2.0,0.0,12.9792,Manual Upload,,Check later
5453.0,CA-2016-140613,7/22/2016,7/29/2016,Standard Class,KN-16705,Kristina Nunn,Home Office,United States,Sparks,Nevada,89431.0,West,OFF-SU-10004261,Office Supplies,Supplies,"Fiskars 8"" Scissors, 2/Pack",86.2,5.0,0.0,24.998,Legacy,Pending,Duplicate?
5454.0,US-2017-108700,5/19/2017,5/23/2017,Standard Class,PJ-18835,patrick jones,Corporate,United States,Rockford,Illinois,61107.0,Central,OFF-PA-10004733,Office Supplies,Paper,Things To Do Today Spiral Book,38.016,6.0,0.2,13.7808,CRM,Rejected,Duplicate?
5455.0,CA-2017-160962,4/28/2017,5/2/2017,Standard Class,MC-17605,Matt Connell,Corporate,United States,Philadelphia,Pennsylvania,19143.0,East,OFF-ST-10001325,Office Supplies,Storage,Sterilite Officeware Hinged File Box,8.384,1.0,0.2,0.7336,ERP,Pending,
5456.0,CA-2017-160962,4/28/2017,5/2/2017,Standard Class,MC-17605,Matt Connell,Corporate,United States,Philadelphia,Pennsylvania,19143.0,East,OFF-AR-10003056,Office Supplies,Art,Newell 341,6.848,2.0,0.2,0.7704,CRM,Approved,Duplicate?
5457.0,CA-2017-130631,12/29/2017,1/2/2018,Standard Class,BS-11755,Bruce Stewart,Consumer,United States,Edmonds,Washington,98026.0,West,OFF-FA-10000089,Office Supplies,Fasteners,Acco Glide Clips,19.6,5.0,0.0,9.604,ERP,,Duplicate?
5458.0,CA-2017-130631,12/29/2017,1/2/2018,Standard Class,BS-11755,Bruce Stewart,Consumer,United States,Edmonds,Washington,98026.0,West,FUR-FU-10004093,Furniture,Furnishings,Hand-Finished Solid Wood Document Frame,68.46,2.0,0.0,20.538,ERP,,Duplicate?
5459.0,CA-2017-116680,9/4/2017,9/6/2017,Second Class,PK-19075,Pete Kriz,Consumer,United States,San Francisco,California,94122.0,West,OFF-BI-10004022,Office Supplies,Binders,Acco Suede Grain Vinyl Round Ring Binder,13.344,6.0,0.2,4.3368,CRM,,Check later
5460.0,CA-2017-116680,9/4/2017,9/6/2017,Second Class,PK-19075,Pete Kriz,Consumer,United States,San Francisco,California,94122.0,West,FUR-TA-10001771,Furniture,Tables,"Bush Cubix Conference Tables, Fully Assembled",1478.272,8.0,0.2,92.392,ERP,Rejected,
5461.0,US-2014-107405,3/21/2014,3/25/2014,Standard Class,TS-21205,Thomas Seio,Corporate,United States,Asheville,North Carolina,28806.0,South,OFF-ST-10002301,Office Supplies,Storage,Tennsco Commercial Shelving,16.272,1.0,0.2,-3.8646,ERP,Pending,
5462.0,CA-2017-101574,9/28/2017,10/4/2017,Standard Class,BD-11725,Bruce Degenhardt,Consumer,United States,Los Angeles,California,90032.0,West,FUR-FU-10001706,Furniture,Furnishings,Longer-Life Soft White Bulbs,9.24,3.0,0.0,4.4352,Manual Upload,,
5463.0,CA-2014-146591,1/19/2014,1/20/2014,First Class,TS-21340,Toby Swindell,Consumer,United States,Scottsdale,Arizona,85254.0,West,OFF-BI-10003676,Office Supplies,Binders,"GBC Standard Recycled Report Covers, Clear Plastic Sheets",32.34,10.0,0.7,-23.716,Legacy,Rejected,Urgent
5464.0,CA-2014-146591,1/19/2014,1/20/2014,First Class,TS-21340,Toby Swindell,Consumer,United States,Scottsdale,Arizona,85254.0,West,OFF-PA-10000659,Office Supplies,Paper,"TOPS Carbonless Receipt Book, Four 2-3/4 x 7-1/4 Money Receipts per Page",56.064,4.0,0.2,19.6224,Manual Upload,Pending,
5465.0,CA-2014-146591,1/19/2014,1/20/2014,First Class,TS-21340,Toby Swindell,Consumer,United States,Scottsdale,Arizona,85254.0,West,OFF-EN-10002504,Office Supplies,Envelopes,"Tyvek  Top-Opening Peel & Seel Envelopes, Plain White",108.72,5.0,0.2,36.693,CRM,Pending,
5466.0,CA-2014-146591,1/19/2014,1/20/2014,First Class,TS-21340,Toby Swindell,Consumer,United States,Scottsdale,Arizona,85254.0,West,FUR-BO-10001972,Furniture,Bookcases,O'Sullivan 4-Shelf Bookcase in Odessa Pine,181.47,5.0,0.7,-320.597,CRM,Pending,Duplicate?
5467.0,CA-2014-107706,2/14/2014,2/19/2014,Second Class,ST-20530,Shui Tom,Consumer,United States,Houston,Texas,77095.0,Central,OFF-PA-10000466,Office Supplies,Paper,"Memo Book, 100 Message Capacity, 5 3/8 x 11",16.176,3.0,0.2,6.066,Legacy,Approved,Duplicate?
5468.0,CA-2016-122448,6/9/2016,6/14/2016,Standard Class,DB-13210,Dean Braden,Consumer,United States,San Francisco,California,94109.0,West,FUR-CH-10002774,Furniture,Chairs,"Global Deluxe Stacking Chair, Gray",122.352,3.0,0.2,13.7646,ERP,Rejected,
5469.0,CA-2014-132451,9/26/2014,9/27/2014,First Class,KF-16285,Karen Ferguson,Home Office,United States,San Diego,California,92105.0,West,FUR-CH-10000454,Furniture,Chairs,"Hon Deluxe Fabric Upholstered Stacking Chairs, Rounded Back",585.552,3.0,0.2,73.194,ERP,,
5470.0,CA-2014-132451,9/26/2014,9/27/2014,First Class,KF-16285,Karen Ferguson,Home Office,United States,San Diego,California,92105.0,West,OFF-PA-10004888,Office Supplies,Paper,Xerox 217,19.44,3.0,0.0,9.3312,CRM,Rejected,Urgent
5471.0,CA-2016-158547,5/30/2016,6/4/2016,Standard Class,JM-16195,Justin MacKendrick,Consumer,United States,Hamilton,Ohio,45011.0,East,OFF-AP-10003842,Office Supplies,Appliances,Euro-Pro Shark Turbo Vacuum,123.92,5.0,0.2,9.294,CRM,Pending,Check later
5472.0,CA-2017-116946,12/19/2017,12/23/2017,Standard Class,TS-21505,Tony Sayre,Consumer,United States,Parker,Colorado,80134.0,West,FUR-FU-10000320,Furniture,Furnishings,OIC Stacking Trays,13.36,5.0,0.2,4.008,Legacy,,Urgent
5473.0,CA-2017-116946,12/19/2017,12/23/2017,Standard Class,TS-21505,Tony Sayre,Consumer,United States,Parker,Colorado,80134.0,West,OFF-ST-10002554,Office Supplies,Storage,Tennsco Industrial Shelving,78.256,2.0,0.2,-17.6076,Legacy,,
5474.0,CA-2017-116946,12/19/2017,12/23/2017,Standard Class,TS-21505,Tony Sayre,Consumer,United States,Parker,Colorado,80134.0,West,FUR-BO-10000468,Furniture,Bookcases,O'Sullivan 2-Shelf Heavy-Duty Bookcases,102.018,7.0,0.7,-183.6324,ERP,Pending,
5475.0,CA-2017-121741,12/26/2017,12/26/2017,Same Day,YC-21895,Yoseph Carroll,Corporate,United States,Fremont,Nebraska,68025.0,Central,OFF-ST-10004459,Office Supplies,Storage,Tennsco Single-Tier Lockers,750.68,2.0,0.0,37.534,CRM,Pending,Check later
5476.0,CA-2017-169691,6/15/2017,6/18/2017,First Class,Dp-13240,Dean percer,Home Office,United States,Maple Grove,Minnesota,55369.0,Central,OFF-LA-10002312,Office Supplies,Labels,Avery 490,44.4,3.0,0.0,22.2,CRM,Rejected,Duplicate?
5477.0,CA-2017-169691,15 Jun 2017,6/18/2017,First Class,Dp-13240,Dean percer,Home Office,United States,Maple Grove,Minnesota,55369.0,Central,OFF-ST-10001291,Office Supplies,Storage,"Tenex Personal Self-Stacking Standard File Box, Black/Gray",84.55,5.0,0.0,22.8285,Legacy,Rejected,Check later
5478.0,CA-2017-169691,6/15/2017,6/18/2017,First Class,Dp-13240,Dean percer,Home Office,United States,Maple Grove,Minnesota,55369.0,Central,OFF-PA-10003022,Office Supplies,Paper,Xerox 1992,17.94,3.0,0.0,8.7906,Legacy,Rejected,Urgent
5479.0,CA-2016-121356,11/20/2016,11/24/2016,Standard Class,SJ-20500,Shirley Jackson,Consumer,United States,Newark,Delaware,19711.0,EAST,OFF-BI-10002133,Office Supplies,Binders,"Wilson Jones Elliptical Ring 3 1/2"" Capacity Binders, 800 sheets",128.4,3.0,0.0,62.916,ERP,Approved,
5480.0,CA-2014-101770,3/31/2014,4/4/2014,Standard Class,KB-16240,Karen Bern,Corporate,United States,Miami,Florida,33180.0,South,OFF-BI-10001097,Office Supplies,Binders,Avery Hole Reinforcements,1.869,1.0,0.7,-1.3083,ERP,,
5481.0,CA-2017-105487,10/8/2017,10/14/2017,Standard Class,CS-12250,Chris Selesnick,Corporate,United States,San Diego,California,92105.0,West,TEC-PH-10001336,Technology,Phones,Digium D40 VoIP phone,103.192,1.0,0.2,11.6091,ERP,,Urgent
5482.0,CA-2017-105487,10/8/2017,10/14/2017,Standard Class,CS-12250,Chris Selesnick,Corporate,United States,San Diego,CA,92105.0,West,TEC-AC-10002305,Technology,Accessories,KeyTronic E03601U1 - Keyboard - Beige,36.0,2.0,0.0,6.48,Legacy,Rejected,
5483.0,CA-2017-105487,10/8/2017,10/14/2017,Standard Class,CS-12250,Chris Selesnick,Corporate,United States,San Diego,California,92105.0,West,TEC-AC-10003610,Technology,Accessories,Logitech Illuminated - Keyboard,239.96,4.0,0.0,115.1808,CRM,Rejected,Urgent
5484.0,CA-2017-105487,10/8/2017,10/14/2017,Standard Class,CS-12250,Chris Selesnick,Corporate,United States,San Diego,California,92105.0,West,OFF-ST-10002301,Office Supplies,Storage,Tennsco Commercial Shelving,40.68,2.0,0.0,0.4068,CRM,Pending,Urgent
5485.0,CA-2017-148999,1/30/2017,2/4/2017,Standard Class,EB-13870,Emily Burns,Consumer,United States,Miami,Florida,33142.0,South,FUR-CH-10002044,Furniture,Chairs,"Office Star - Contemporary Task Swivel chair with 2-way adjustable arms, Plum",419.136,4.0,0.2,-68.1096,ERP,Approved,Urgent
5486.0,CA-2014-107573,12/12/2014,12/17/2014,Standard Class,PB-19150,Philip Brown,Consumer,United States,Miami,Florida,33178.0,South,OFF-EN-10001099,Office Supplies,Envelopes,Staple envelope,23.472,3.0,0.2,7.6284,ERP,Rejected,Check later
5487.0,CA-2015-156608,10/24/2015,10/29/2015,Standard Class,MT-18070,Michelle Tran,Home Office,United States,San Antonio,Texas,78207.0,Central,OFF-BI-10004140,Office Supplies,Binders,Avery Non-Stick Binders,3.592,4.0,0.8,-6.286,Manual Upload,Rejected,Duplicate?
5488.0,CA-2017-134495,4/1/2017,4/4/2017,Second Class,BF-11020,Barry Französisch,Corporate,United States,Jacksonville,Florida,32216.0,South,TEC-PH-10004897,Technology,Phones,Mediabridge Sport Armband iPhone 5s,99999.0,3.0,0.2,-5.6943,Manual Upload,Approved,Check later
5489.0,CA-2017-134495,4/1/2017,4/4/2017,Second Class,BF-11020,Barry Französisch,Corporate,United States,Jacksonville,Florida,32216.0,South,OFF-LA-10000262,Office Supplies,Labels,Avery 494,6.264,3.0,0.2,2.0358,Legacy,,
5490.0,CA-2017-134495,4/1/2017,4/4/2017,Second Class,BF-11020,Barry Französisch,Corporate,United States,Jacksonville,Florida,32216.0,South,OFF-AP-10002222,Office Supplies,Appliances,Staple holder,20.808,3.0,0.2,1.8207,Legacy,,Urgent
5491.0,CA-2017-134495,4/1/2017,4/4/2017,Second Class,BF-11020,Barry Französisch,Corporate,United States,Jacksonville,Florida,32216.0,South,FUR-CH-10003774,Furniture,Chairs,"Global Wood Trimmed Manager's Task Chair, Khaki",218.352,3.0,0.2,-19.1058,ERP,Approved,Check later
5492.0,CA-2017-164098,1/26/2017,1/27/2017,First Class,CG-12520,Claire Gute,Consumer,United States,Houston,Texas,77070.0,Central,OFF-ST-10000615,Office Supplies,Storage,"SimpliFile Personal File, Black Granite, 15w x 6-15/16d x 11-1/4h",18.16,2.0,0.2,1.816,ERP,Approved,Urgent
5493.0,CA-2014-105249,11/28/2014,11/28/2014,Same Day,DH-13675,Duane Huffman,Home Office,United States,San Francisco,California,94122.0,West,OFF-SU-10001225,Office Supplies,Supplies,Staple remover,7.36,2.0,0.0,0.1472,CRM,,Check later
5494.0,CA-2014-105249,11/28/2014,11/28/2014,Same Day,DH-13675,Duane Huffman,Home Office,United States,San Francisco,California,94122.0,West,OFF-LA-10002043,Office Supplies,Labels,Avery 489,41.4,4.0,0.0,19.872,CRM,,Duplicate?
5495.0,CA-2014-105249,11/28/2014,11/28/2014,Same Day,DH-13675,Duane Huffman,Home Office,United States,San Francisco,California,94122.0,West,FUR-BO-10000330,Furniture,Bookcases,"Sauder Camden County Barrister Bookcase, Planked Cherry Finish",411.332,4.0,0.15,-4.8392,ERP,Rejected,Duplicate?
5496.0,CA-2015-113523,9/4/2015,9/8/2015,Standard Class,SC-20440,Shaun Chance,Corporate,United States,Philadelphia,Pennsylvania,19140.0,East,OFF-BI-10001249,Office Supplies,Binders,Avery Heavy-Duty EZD View Binder with Locking Rings,7.656,4.0,0.7,-6.1248,Manual Upload,,Check later
5497.0,CA-2017-117821,6/12/2017,6/16/2017,Standard Class,HG-15025,Hunter Glantz,Consumer,United States,Marion,Ohio,43302.0,East,TEC-AC-10004469,Technology,Accessories,Microsoft Sculpt Comfort Mouse,63.92,2.0,0.2,19.176,Manual Upload,Approved,Urgent
5498.0,CA-2017-164378,7/15/2017,7/18/2017,Second Class,MM-18055,Michelle Moray,Consumer,United States,New York City,New York,10024.0,East,OFF-AR-10001177,Office Supplies,Art,Newell 349,6.56,2.0,0.0,1.9024,CRM,Rejected,
5499.0,CA-2017-164378,7/15/2017,7/18/2017,Second Class,MM-18055,Michelle Moray,Consumer,United States,New York City,New York,10024.0,East,OFF-LA-10000634,Office Supplies,Labels,Avery 509,7.83,3.0,0.0,3.6018,ERP,Rejected,Urgent
5500.0,CA-2017-164378,7/15/2017,7/18/2017,Second Class,MM-18055,Michelle Moray,Consumer,United States,New York City,New York,10024.0,East,TEC-AC-10004708,Technology,Accessories,Sony 32GB Class 10 Micro SDHC R40 Memory Card,41.9,2.0,0.0,8.799,Legacy,Pending,
5501.0,CA-2017-164378,7/15/2017,7/18/2017,Second Class,MM-18055,Michelle Moray,Consumer,United States,New York City,New York,10024.0,East,FUR-CH-10002084,Furniture,Chairs,Hon Mobius Operator's Chair,664.146,6.0,0.1,88.5528,CRM,,Check later
5502.0,CA-2017-164378,7/15/2017,7/18/2017,Second Class,MM-18055,Michelle Moray,Consumer,United States,New York City,New York,10024.0,East,OFF-PA-10004519,Office Supplies,Paper,Spiral Phone Message Books with Labels by Adams,8.96,2.0,0.0,4.3904,Legacy,Rejected,
5503.0,CA-2017-127782,11/2/2017,11/6/2017,Standard Class,TH-21115,Thea Hudgings,Corporate,United States,Philadelphia,Pennsylvania,19140.0,East,FUR-FU-10001847,Furniture,Furnishings,Eldon Image Series Black Desk Accessories,3.312,1.0,0.2,0.6624,ERP,Approved,Urgent
5504.0,CA-2017-127782,11/2/2017,11/6/2017,Standard Class,TH-21115,Thea Hudgings,Corporate,United States,Philadelphia,Pennsylvania,19140.0,East,OFF-AP-10001962,Office Supplies,Appliances,Black & Decker Filter for Double Action Dustbuster Cordless Vac BLDV7210,20.136,3.0,0.2,1.2585,Legacy,,Urgent
5505.0,CA-2017-127782,11/2/2017,11/6/2017,Standard Class,TH-21115,Thea Hudgings,Corporate,United States,Philadelphia,Pennsylvania,19140.0,East,OFF-EN-10003845,Office Supplies,Envelopes,Colored Envelopes,8.856,3.0,0.2,2.8782,CRM,Pending,
5506.0,CA-2017-127782,11/2/2017,11/6/2017,Standard Class,TH-21115,Thea Hudgings,Corporate,United States,Philadelphia,Pennsylvania,19140.0,East,TEC-PH-10001817,Technology,Phones,Wilson Electronics DB Pro Signal Booster,859.2,4.0,0.4,-186.16,Manual Upload,Rejected,Urgent
5507.0,US-2016-162026,10/8/2016,10/8/2016,Same Day,JE-15745,Joel Eaton,Consumer,United States,Los Angeles,California,90036.0,West,OFF-PA-10000167,Office Supplies,Paper,Xerox 1925,0.0,2.0,0.0,27.882,Manual Upload,Rejected,Check later
5508.0,CA-2016-150000,4/8/2016,4/14/2016,Standard Class,PG-18820,Patrick Gardner,Consumer,United States,Smyrna,Georgia,30080.0,South,OFF-EN-10002973,Office Supplies,Envelopes,Ampad #10 Peel & Seel Holiday Envelopes,17.92,4.0,0.0,8.6016,Manual Upload,,Duplicate?
5509.0,CA-2015-168529,10/8/2015,10/12/2015,Standard Class,MB-17305,Maria Bertelson,Consumer,United States,San Francisco,California,94122.0,West,FUR-FU-10001588,Furniture,Furnishings,"Deflect-o SuperTray Unbreakable Stackable Tray, Letter, Black",145.9,5.0,0.0,62.737,Manual Upload,,Urgent
5510.0,US-2017-152569,5/15/2017,5/20/2017,Standard Class,JD-16015,Joy Daniels,Consumer,United States,Chicago,Illinois,60653.0,Central,OFF-PA-10001736,Office Supplies,Paper,Xerox 1880,56.704,2.0,0.2,19.1376,CRM,Rejected,Duplicate?
5511.0,US-2017-152569,5/15/2017,5/20/2017,Standard Class,JD-16015,Joy Daniels,Consumer,United States,Chicago,Illinois,60653.0,Central,TEC-PH-10002185,Technology,Phones,QVS USB Car Charger 2-Port 2.1Amp for iPod/iPhone/iPad/iPad 2/iPad 3,11.12,2.0,0.2,3.475,CRM,Approved,Urgent
5512.0,US-2014-137680,2/24/2014,3/2/2014,Standard Class,JH-15430,Jennifer Halladay,Consumer,United States,Medford,Oregon,97504.0,West,OFF-PA-10000174,Office Supplies,Paper,"Message Book, Wirebound, Four 5 1/2"" X 4"" Forms/Pg., 200 Dupl. Sets/Book",32.896,4.0,0.2,11.1024,Legacy,Rejected,Urgent
5513.0,US-2014-137680,2/24/2014,3/2/2014,Standard Class,JH-15430,Jennifer Halladay,Consumer,United States,Medford,Oregon,97504.0,West,OFF-PA-10000069,Office Supplies,Paper,"TOPS 4 x 6 Fluorescent Color Memo Sheets, 500 Sheets per Pack",22.776,3.0,0.2,7.6869,CRM,,Urgent
5514.0,CA-2015-103177,5/30/2015,6/1/2015,First Class,EN-13780,Edward Nazzal,Consumer,United States,New York City,New York,10009.0,East,TEC-PH-10001795,Technology,Phones,RCA H5401RE1 DECT 6.0 4-Line Cordless Handset With Caller ID/Call Waiting,239.97,3.0,0.0,2.3997,Legacy,Approved,
5515.0,CA-2015-103177,5/30/2015,6/1/2015,First Class,EN-13780,Edward Nazzal,Consumer,United States,New York City,New York,10009.0,East,OFF-AP-10004540,Office Supplies,Appliances,"Eureka The Boss Lite 10-Amp Upright Vacuum, Blue",160.32,2.0,0.0,44.8896,Legacy,Rejected,Check later
5516.0,CA-2015-103177,5/30/2015,6/1/2015,First Class,EN-13780,Edward Nazzal,Consumer,United States,New York City,New York,10009.0,East,TEC-PH-10001527,Technology,Phones,Plantronics MX500i Earset,128.85,3.0,0.0,3.8655,Legacy,Approved,Urgent
5517.0,US-2016-138408,11/18/2016,11/21/2016,Second Class,KC-16255,Karen Carlisle,Corporate,United States,Huntsville,Alabama,35810.0,South,TEC-AC-10003870,Technology,Accessories,Logitech Z-906 Speaker sys - home theater - 5.1-CH,1319.96,4.0,0.0,527.984,Legacy,Approved,
5518.0,CA-2017-117667,12/4/2017,12/9/2017,Standard Class,MS-17980,Michael Stewart,Corporate,United States,Philadelphia,Pennsylvania,19134.0,East,FUR-CH-10004540,Furniture,Chairs,Global Chrome Stack Chair,239.96,10.0,0.3,-10.284,ERP,Approved,Check later
5519.0,CA-2017-117667,12/4/2017,12/9/2017,Standard Class,MS-17980,Michael Stewart,Corporate,United States,Philadelphia,Pennsylvania,19134.0,East,FUR-FU-10004093,Furniture,Furnishings,Hand-Finished Solid Wood Document Frame,54.768,2.0,0.2,6.846,CRM,Rejected,Duplicate?
5520.0,CA-2017-117667,12/4/2017,12/9/2017,Standard Class,MS-17980,Michael Stewart,Corporate,United States,Philadelphia,Pennsylvania,19134.0,East,OFF-AR-10000716,Office Supplies,Art,DIXON Ticonderoga Erasable Checking Pencils,13.392,3.0,0.2,3.1806,CRM,Rejected,
5521.0,CA-2017-117667,12/4/2017,12/9/2017,Standard Class,MS-17980,Michael Stewart,Corporate,United States,Philadelphia,Pennsylvania,19134.0,East,OFF-PA-10002709,Office Supplies,Paper,Xerox 1956,23.92,5.0,0.2,8.671,Manual Upload,Pending,
5522.0,CA-2017-117667,12/4/2017,12/9/2017,Standard Class,MS-17980,Michael Stewart,Corporate,United States,Philadelphia,Pennsylvania,19134.0,East,TEC-AC-10000580,Technology,Accessories,Logitech G13 Programmable Gameboard with LCD Display,255.968,4.0,0.2,-28.7964,Legacy,Pending,Check later
5523.0,CA-2016-110982,2016/06/05,6/7/2016,First Class,CK-12205,Chloris Kastensmidt,Consumer,United States,Santa Clara,California,95051.0,West,OFF-BI-10000829,Office Supplies,Binders,Avery Non-Stick Binders,21.552,6.0,0.2,7.0044,ERP,Rejected,
5524.0,CA-2016-110982,6/5/2016,6/7/2016,First Class,CK-12205,Chloris Kastensmidt,Consumer,United States,Santa Clara,California,95051.0,West,OFF-AP-10004859,Office Supplies,Appliances,Acco 6 Outlet Guardian Premium Surge Suppressor,58.24,4.0,0.0,15.7248,Manual Upload,Pending,Urgent
5525.0,CA-2016-147123,12/10/2016,12/12/2016,First Class,SJ-20125,Sanjit Jacobs,Home Office,United States,Long Beach,California,90805.0,West,OFF-PA-10000575,Office Supplies,Paper,"Wirebound Message Books, Four 2 3/4 x 5 White Forms per Page",80.28,12.0,0.0,36.9288,Manual Upload,Pending,Urgent
5526.0,CA-2017-154501,4/30/2017,5/5/2017,Standard Class,EA-14035,Erin Ashbrook,Corporate,United States,Los Angeles,California,90008.0,West,OFF-AR-10002804,Office Supplies,Art,Faber Castell Col-Erase Pencils,9.78,2.0,0.0,4.0098,CRM,Pending,Check later
5527.0,CA-2017-166933,4/24/2017,4/28/2017,Standard Class,MG-17890,Michael Granlund,Home Office,United States,Santa Barbara,California,93101.0,West,OFF-FA-10002676,Office Supplies,Fasteners,Colored Push Pins,1.81,1.0,0.0,0.6516,Manual Upload,Pending,Urgent
5528.0,CA-2015-142055,5/8/2015,5/10/2015,First Class,AB-10255,Alejandro Ballentine,Home Office,United States,New York City,New York,10009.0,East,OFF-PA-10003465,Office Supplies,Paper,Xerox 1912,37.94,2.0,0.0,18.2112,ERP,Pending,Check later
5529.0,CA-2015-137106,3/31/2015,4/4/2015,Standard Class,SC-20260,Scott Cohen,Corporate,United States,Jacksonville,Florida,32216.0,South,TEC-PH-10000011,Technology,Phones,PureGear Roll-On Screen Protector,79.96,5.0,0.2,27.986,Legacy,Approved,Urgent
5530.0,CA-2017-136609,8/6/2017,8/11/2017,Standard Class,TB-21355,Todd Boyes,Corporate,United States,Cedar Hill,Texas,75104.0,Central,OFF-PA-10004381,Office Supplies,Paper,14-7/8 x 11 Blue Bar Computer Printout Paper,115.296,3.0,0.2,40.3536,Manual Upload,Approved,
5531.0,CA-2017-160885,12/2/2017,12/6/2017,Standard Class,JK-16090,Juliana Krohn,Consumer,United States,Omaha,Nebraska,68104.0,Central,TEC-PH-10001795,Technology,Phones,ClearOne CHATAttach 160 - speaker phone,2479.96,4.0,0.0,743.988,Legacy,Approved,Urgent
5532.0,US-2016-167472,6/6/2016,6/7/2016,First Class,CK-12595,Clytie Kelty,Consumer,United States,Little Rock,Arkansas,72209.0,South,TEC-AC-10001109,Technology,Accessories,Logitech Trackman Marble Mouse,179.94,6.0,0.0,75.5748,Manual Upload,Pending,Check later
5533.0,US-2016-167472,6/6/2016,6/7/2016,First Class,CK-12595,Clytie Kelty,Consumer,United States,Little Rock,Arkansas,72209.0,South,TEC-AC-10003038,Technology,Accessories,Kingston Digital DataTraveler 16GB USB 2.0,26.85,3.0,0.0,5.1015,Manual Upload,,
5534.0,US-2016-167472,6/6/2016,6/7/2016,First Class,CK-12595,Clytie Kelty,Consumer,United States,Little Rock,Arkansas,72209.0,South,TEC-AC-10003174,Technology,Accessories,Plantronics S12 Corded Telephone Headset System,323.37,3.0,0.0,129.348,Manual Upload,Pending,
5535.0,US-2016-167472,6/6/2016,6/7/2016,First Class,CK-12595,Clytie Kelty,Consumer,United States,Little Rock,Arkansas,72209.0,South,OFF-PA-10000157,Office Supplies,Paper,Xerox 191,59.94,3.0,0.0,28.1718,Manual Upload,Pending,Duplicate?
5536.0,US-2016-167472,6/6/2016,6/7/2016,First Class,CK-12595,Clytie Kelty,Consumer,United States,Little Rock,Arkansas,72209.0,South,OFF-BI-10001721,Office Supplies,Binders,Trimflex Flexible Post Binders,64.14,3.0,0.0,30.7872,Legacy,Pending,Urgent
5537.0,US-2016-167472,6/6/2016,6/7/2016,First Class,CK-12595,Clytie Kelty,Consumer,United States,Little Rock,Arkansas,72209.0,South,OFF-BI-10000591,Office Supplies,Binders,Avery Binder Labels,11.67,3.0,0.0,5.6016,CRM,Rejected,Check later
5538.0,US-2016-167472,6/6/2016,6/7/2016,First Class,CK-12595,Clytie Kelty,Consumer,United States,Little Rock,Arkansas,72209.0,South,OFF-PA-10001534,Office Supplies,Paper,Xerox 230,12.96,2.0,0.0,6.2208,Legacy,,Duplicate?
5539.0,CA-2015-120551,4/13/2015,4/20/2015,Standard Class,SS-20590,Sonia Sunley,Consumer,United States,Norfolk,Nebraska,68701.0,Central,OFF-BI-10002071,Office Supplies,Binders,Fellowes Black Plastic Comb Bindings,17.43,3.0,0.0,8.0178,Legacy,Approved,Check later
5540.0,US-2017-150595,5/22/2017,5/26/2017,Standard Class,LE-16810,Laurel Elliston,Consumer,United States,Chicago,Illinois,60653.0,Central,FUR-CH-10000513,Furniture,Chairs,High-Back Leather Manager's Chair,181.986,2.0,0.3,-54.5958,CRM,Approved,
5541.0,US-2017-150595,5/22/2017,5/26/2017,Standard Class,LE-16810,Laurel Elliston,Consumer,United States,Chicago,Illinois,60653.0,Central,OFF-BI-10003274,Office Supplies,Binders,"Avery Durable Slant Ring Binders, No Labels",1.592,2.0,0.8,-2.6268,Manual Upload,,Check later
5542.0,US-2017-150595,5/22/2017,5/26/2017,Standard Class,LE-16810,Laurel Elliston,Consumer,United States,Chicago,Illinois,60653.0,Central,OFF-SU-10000381,Office Supplies,Supplies,Acme Forged Steel Scissors with Black Enamel Handles,22.344,3.0,0.2,2.5137,Legacy,,
5543.0,CA-2016-134936,12/19/2016,12/25/2016,Std Class,ES-14080,Erin Smith,Corporate,United States,Tucson,Arizona,85705.0,West,FUR-TA-10001086,Furniture,Tables,"SAFCO PlanMaster Boards, 60w x 37-1/2d, White Melamine",455.97,6.0,0.5,-218.8656,CRM,,Check later
5544.0,CA-2016-134936,12/19/2016,12/25/2016,Standard Class,ES-14080,Erin Smith,Corporate,United States,Tucson,Arizona,85705.0,West,OFF-BI-10000174,Office Supplies,Binders,"Wilson Jones Clip & Carry Folder Binder Tool for Ring Binders, Clear",10.44,6.0,0.7,-7.656,Manual Upload,Rejected,
5545.0,CA-2016-134936,12/19/2016,12/25/2016,Standard Class,ES-14080,Erin Smith,Corporate,United States,Tucson,Arizona,85705.0,West,OFF-BI-10002103,Office Supplies,Binders,"Cardinal Slant-D Ring Binder, Heavy Gauge Vinyl",5.214,2.0,0.7,-4.1712,Manual Upload,Rejected,Duplicate?
5546.0,CA-2017-102967,9/22/2017,9/26/2017,Standard Class,MG-17890,Michael Granlund,Home Office,United States,Concord,New Hampshire,3301.0,East,OFF-ST-10001590,Office Supplies,Storage,"Tenex Personal Project File with Scoop Front Design, Black",67.4,5.0,0.0,17.524,Legacy,Pending,Duplicate?
5547.0,CA-2017-151008,9/7/2017,9/8/2017,First Class,JM-16195,Justin MacKendrick,Consumer,United States,Draper,Utah,,West,FUR-FU-10002396,Furniture,Furnishings,"DAX Copper Panel Document Frame, 5 x 7 Size",25.16,2.0,0.0,10.5672,ERP,,
5548.0,CA-2017-151008,9/7/2017,9/8/2017,First Class,JM-16195,Justin MacKendrick,Consumer,United States,Draper,Utah,84020.0,West,TEC-PH-10002807,TECHNOLOGY,Phones,Motorla HX550 Universal Bluetooth Headset,126.56,4.0,0.2,47.46,ERP,Pending,
5549.0,CA-2014-159800,11/28/2014,12/1/2014,First Class,SG-20470,Sheri Gordon,Consumer,United States,San Francisco,California,94109.0,West,OFF-AP-10004859,Office Supplies,Appliances,Acco 6 Outlet Guardian Premium Surge Suppressor,43.68,3.0,0.0,11.7936,Manual Upload,Rejected,Check later
5550.0,CA-2014-159800,11/28/2014,12/1/2014,First Class,SG-20470,Sheri Gordon,Consumer,United States,San Francisco,California,94109.0,West,TEC-AC-10003447,Technology,Accessories,Micropad Numeric Keypads,139.93,7.0,0.0,34.9825,CRM,Rejected,
5551.0,US-2014-159618,11/12/2014,11/16/2014,Standard Class,DB-12970,Darren Budd,Corporate,United States,Houston,Texas,77036.0,Central,OFF-AR-10003183,Office Supplies,Art,Avery Fluorescent Highlighter Four-Color Set,2.672,1.0,0.2,0.334,Legacy,,
5552.0,US-2014-159618,11/12/2014,11/16/2014,Standard Class,DB-12970,Darren Budd,Corporate,United States,Houston,Texas,77036.0,Central,OFF-SU-10000432,Office Supplies,Supplies,Acco Side-Punched Conventional Columnar Pads,16.656,6.0,0.2,-3.123,Legacy,,Urgent
5553.0,US-2014-159618,11/12/2014,11/16/2014,Standard Class,DB-12970,Darren Budd,Corporate,United States,Houston,Texas,77036.0,Central,TEC-AC-10003832,Technology,Accessories,Imation 16GB Mini TravelDrive USB 2.0 Flash Drive,79.512,3.0,0.2,20.8719,Legacy,Rejected,Check later
5554.0,US-2014-159618,11/12/2014,11/16/2014,Standard Class,DB-12970,Darren Budd,Corporate,United States,Houston,Texas,77036.0,Central,OFF-PA-10004100,Office Supplies,Paper,Xerox 216,36.288,7.0,0.2,12.7008,ERP,,Duplicate?
5555.0,US-2014-159618,11/12/2014,11/16/2014,Standard Class,DB-12970,Darren Budd,Corporate,United States,Houston,Texas,77036.0,Central,FUR-BO-10004467,Furniture,Bookcases,Bestar Classic Bookcase,67.9932,1.0,0.32,-12.9987,CRM,,
5556.0,CA-2017-116113,10/2/2017,10/6/2017,Second Class,JW-15220,Jane Waco,Corporate,United States,Montgomery,Alabama,36116.0,South,FUR-FU-10002963,Furniture,Furnishings,"Master Caster Door Stop, Gray",10.16,2.0,0.0,3.4544,ERP,,
5557.0,CA-2015-125066,12/14/2015,12/18/2015,Standard Class,KD-16495,Keith Dawkins,Corporate,United States,Jackson,Mississippi,39212.0,South,FUR-FU-10003829,Furniture,Furnishings,Stackable Trays,6.16,2.0,0.0,1.9712,Legacy,,
5558.0,CA-2015-125066,12/14/2015,12/18/2015,Standard Class,KD-16495,Keith Dawkins,Corporate,United States,Jackson,Mississippi,39212.0,South,OFF-AR-10003582,Office Supplies,Art,"Boston Electric Pencil Sharpener, Model 1818, Charcoal Black",56.3,2.0,0.0,15.764,Legacy,Rejected,
5559.0,US-2015-114741,12/6/2015,12/10/2015,Standard Class,IL-15100,Ivan Liston,Consumer,United States,North Las Vegas,Nevada,89031.0,West,OFF-PA-10000048,Office Supplies,Paper,Xerox 20,6.48,1.0,0.0,3.1104,Manual Upload,,Check later
5560.0,US-2015-114741,12/6/2015,10/12/2015,Standard Class,IL-15100,Ivan Liston,Consumer,United States,North Las Vegas,Nevada,89031.0,West,OFF-ST-10000078,Office Supplies,Storage,Tennsco 6- and 18-Compartment Lockers,1325.85,5.0,0.0,238.653,Legacy,,Duplicate?
5561.0,US-2015-114741,12/6/2015,12/10/2015,Standard Class,IL-15100,Ivan Liston,Consumer,United States,North Las Vegas,Nevada,89031.0,West,OFF-LA-10004853,Office Supplies,Labels,Avery 483,14.94,3.0,0.0,6.8724,ERP,Pending,
5562.0,CA-2017-133263,3/31/2017,4/2/2017,Second Class,JE-15610,Jim Epp,Corporate,United States,Atlanta,Georgia,30318.0,South,OFF-BI-10001153,Office Supplies,Binders,Ibico Recycled Grain-Textured Covers,34.54,1.0,0.0,17.27,Legacy,Approved,Check later
5563.0,CA-2017-133263,3/31/2017,4/2/2017,Second Class,JE-15610,Jim Epp,Corporate,United States,Atlanta,Georgia,30318.0,South,TEC-CO-10001449,Technology,Copiers,Hewlett Packard LaserJet 3310 Copier,2999.95,5.0,0.0,1439.976,CRM,,Duplicate?
5564.0,CA-2017-133263,3/31/2017,4/2/2017,Second Class,JE-15610,Jim Epp,Corporate,United States,Atlanta,Georgia,30318.0,South,OFF-BI-10000474,Office Supplies,Binders,Avery Recycled Flexi-View Covers for Binding Systems,64.12,4.0,0.0,30.7776,CRM,,
5565.0,CA-2017-157966,3/13/2017,3/13/2017,Same Day,SU-20665,Stephanie Ulpright,Home Office,United States,Chicago,Illinois,60610.0,Central,OFF-AR-10000799,Office Supplies,Art,Col-Erase Pencils with Erasers,19.456,4.0,0.2,2.1888,ERP,Rejected,Check later
5566.0,CA-2017-157966,3/13/2017,3/13/2017,Same Day,SU-20665,Stephanie Ulpright,Home Office,United States,Chicago,Illinois,60610.0,Central,TEC-MA-10002109,Technology,Machines,"HP Officejet Pro 8600 e-All-In-One Printer, Copier, Scanner, Fax",209.986,2.0,0.3,8.9994,Manual Upload,,
5567.0,CA-2017-157966,3/13/2017,3/13/2017,Same Day,SU-20665,Stephanie Ulpright,Home Office,United States,Chicago,Illinois,60610.0,Central,OFF-AR-10003338,Office Supplies,Art,"Eberhard Faber 3 1/2"" Golf Pencils",29.76,5.0,0.2,1.86,Legacy,,Urgent
5568.0,CA-2017-157966,3/13/2017,3/13/2017,Same Day,SU-20665,Stephanie Ulpright,Home Office,United States,Chicago,Illinois,60610.0,Central,FUR-CH-10003606,Furniture,Chairs,SAFCO Folding Chair Trolley,89.768,1.0,0.3,-2.5648,CRM,,Check later
5569.0,CA-2017-157966,3/13/2017,3/13/2017,SameDay,SU-20665,Stephanie Ulpright,Home Office,United States,Chicago,Illinois,60610.0,Central,TEC-CO-10001449,Technology,Copiers,Hewlett Packard LaserJet 3310 Copier,959.984,2.0,0.2,335.9944,Manual Upload,Pending,
5570.0,CA-2017-157966,3/13/2017,3/13/2017,Same Day,SU-20665,Stephanie Ulpright,Home Office,United States,Chicago,Illinois,60610.0,Central,OFF-PA-10001934,Office Supplies,Paper,Xerox 1993,15.552,3.0,0.2,5.6376,ERP,Approved,Check later
5571.0,CA-2017-157966,3/13/2017,3/13/2017,Same Day,SU-20665,Stephanie Ulpright,Home Office,United States,Chicago,Illinois,60610.0,Central,TEC-PH-10001527,Technology,Phones,Plantronics MX500i Earset,34.36,1.0,0.2,-7.3015,CRM,,Check later
5572.0,CA-2014-151162,12/5/2014,12/9/2014,Standard Class,EA-14035,Erin Ashbrook,Corporate,United States,Columbus,Ohio,43229.0,East,OFF-PA-10001033,Office Supplies,Paper,Xerox 1893,98.376,3.0,0.2,35.6613,Manual Upload,Approved,Check later
5573.0,CA-2014-151162,12/5/2014,12/9/2014,Standard Class,EA-14035,Erin Ashbrook,Corporate,United States,Columbus,Ohio,43229.0,East,OFF-BI-10003719,Office Supplies,Binders,Large Capacity Hanging Post Binders,29.94,4.0,0.7,-23.952,Legacy,Pending,
5574.0,CA-2014-151162,12/5/2014,12/9/2014,Standard Class,EA-14035,Erin Ashbrook,Corporate,United States,Columbus,Ohio,43229.0,East,OFF-PA-10003036,Office Supplies,Paper,"Black Print Carbonless 8 1/2"" x 8 1/4"" Rapid Memo Book",17.472,3.0,0.2,5.6784,CRM,Rejected,Duplicate?
5575.0,CA-2014-151162,12/5/2014,12/9/2014,Standard Class,EA-14035,Erin Ashbrook,Corporate,United States,Columbus,Ohio,43229.0,East,TEC-PH-10001870,Technology,Phones,Lunatik TT5L-002 Taktik Strike Impact Protection System for iPhone 5,36.738,1.0,0.4,-9.1845,CRM,Pending,
5576.0,CA-2014-151162,12/5/2014,12/9/2014,Standard Class,EA-14035,Erin Ashbrook,Corporate,United States,Columbus,Ohio,43229.0,East,TEC-PH-10001809,Technology,Phones,Panasonic KX T7736-B Digital phone,179.94,2.0,0.4,-44.985,ERP,,
5577.0,CA-2016-136686,12/12/2016,12/16/2016,Standard Class,RF-19840,Roy Französisch,Consumer,United States,Pasadena,California,91104.0,West,FUR-FU-10004864,Furniture,Furnishings,"Howard Miller 14-1/2"" Diameter Chrome Round Wall Clock",383.64,6.0,0.0,122.7648,Legacy,Rejected,Duplicate?
5578.0,CA-2016-136686,12/12/2016,12/16/2016,Standard Class,RF-19840,Roy Französisch,Consumer,United States,Pasadena,California,91104.0,West,OFF-AP-10002350,Office Supplies,Appliances,Belkin F9H710-06 7 Outlet SurgeMaster Surge Protector,56.52,3.0,0.0,15.8256,Legacy,,Check later
5579.0,CA-2017-137498,9/9/2017,9/14/2017,Second Class,LC-17050,Liz Carlisle,Consumer,United States,L.A.,California,90004.0,West,OFF-AR-10003829,Office Supplies,Art,Newell 35,6.56,2.0,0.0,1.9024,CRM,Rejected,Urgent
5580.0,CA-2017-137498,9/9/2017,9/14/2017,Second Class,LC-17050,Liz Carlisle,Consumer,United States,Los Angeles,California,90004.0,West,FUR-CH-10003833,Furn,Chairs,Novimex Fabric Task Chair,243.92,5.0,0.2,-15.245,CRM,Pending,
5581.0,CA-2017-137498,9/9/2017,9/14/2017,Second Class,LC-17050,Liz Carlisle,Consumer,United States,Los Angeles,California,90004.0,West,OFF-PA-10000143,Office Supplies,Paper,Astroparche Fine Business Paper,47.52,9.0,0.0,22.8096,CRM,Approved,Urgent
5582.0,CA-2017-163818,10/4/2017,10/8/2017,Standard Class,PS-18970,Paul Stevenson,Home Office,United States,Clinton,Maryland,20735.0,East,FUR-FU-10000076,Furniture,Furnishings,24-Hour Round Wall Clock,19.98,1.0,0.0,8.5914,ERP,Pending,Duplicate?
5583.0,CA-2016-161158,5/9/2016,5/13/2016,Standard Class,PS-18970,Paul Stevenson,Home Office,United States,New York City,New York,10024.0,East,OFF-AR-10000462,Office Supplies,Art,Sanford Pocket Accent Highlighters,8.0,5.0,0.0,3.44,Manual Upload,,Duplicate?
5584.0,CA-2014-116673,12/15/2014,12/19/2014,Second Class,JO-15280,Jas O'Carroll,Consumer,United States,San Diego,California,92037.0,West,FUR-FU-10003829,furniture,Furnishings,Stackable Trays,6.16,2.0,0.0,1.9712,ERP,Approved,
5585.0,CA-2017-105333,11/30/2017,12/4/2017,Standard Class,VP-21730,Victor Preis,Home Office,United States,New York City,New York,10011.0,East,OFF-ST-10002182,Office Supplies,Storage,"Iris 3-Drawer Stacking Bin, Black",83.56,4.0,0.0,1.6712,ERP,Pending,Duplicate?
5586.0,CA-2017-105333,11/30/2017,12/4/2017,Standard Class,VP-21730,Victor Preis,Home Office,United States,New York City,New York,10011.0,East,TEC-PH-10001468,Technology,Phones,Panasonic Business Telephones KX-T7736,546.06,3.0,0.0,163.818,Legacy,Approved,
5587.0,CA-2017-105333,11/30/2017,12/4/2017,Standard Class,VP-21730,Victor Preis,Home Office,United States,New York City,New York,10011.0,East,OFF-ST-10001809,Office Supplies,Storage,Fellowes Officeware Wire Shelving,269.49,3.0,0.0,5.3898,Legacy,Rejected,Check later
5588.0,CA-2015-149993,3/19/2015,3/20/2015,First Class,GA-14725,Guy Armstrong,Consumer,United States,Lancaster,California,93534.0,West,OFF-FA-10001561,Office Supplies,Fasteners,Stockwell Push Pins,10.9,5.0,0.0,3.597,CRM,Approved,
5589.0,CA-2014-168158,7/19/2014,7/24/2014,Standard Class,EM-14140,Eugene Moren,Home Office,United States,Great Falls,Montana,59405.0,West,OFF-BI-10001759,Office Supplies,Binders,"Acco Pressboard Covers with Storage Hooks, 14 7/8"" x 11"", Dark Blue",6.096,2.0,0.2,2.2098,Manual Upload,Approved,
5590.0,CA-2016-115224,12/8/2016,12/11/2016,Second Class,DB-13615,Doug Bickford,Consumer,United States,San Francisco,California,94110.0,West,OFF-ST-10000615,Office Supplies,Storage,"SimpliFile Personal File, Black Granite, 15w x 6-15/16d x 11-1/4h",0.01,3.0,0.0,9.534,ERP,Rejected,
5591.0,CA-2016-115224,12/8/2016,12/11/2016,Second Class,DB-13615,Doug Bickford,Consumer,United States,San Francisco,California,94110.0,West,OFF-ST-10003816,Office Supplies,Storage,Fellowes High-Stak Drawer Files,352.38,2.0,0.0,81.0474,CRM,,
5592.0,CA-2014-164742,10/13/2014,10/18/2014,Second Class,ML-17395,Marina Lichtenstein,Corporate,United States,Lakewood,New Jersey,8701.0,East,FUR-CH-10002880,Furniture,Chairs,"Global High-Back Leather Tilter, Burgundy",245.98,2.0,0.0,27.0578,Legacy,Pending,
5593.0,CA-2014-164742,10/13/2014,10/18/2014,Second Class,ML-17395,Marina Lichtenstein,Corporate,United States,Lakewood,New Jersey,8701.0,East,OFF-BI-10004738,Office Supplies,Binders,Flexible Leather- Look Classic Collection Ring Binder,18.94,1.0,0.0,9.47,CRM,Approved,
5594.0,US-2017-108014,11/19/2017,11/25/2017,Standard Class,JH-15430,Jennifer Halladay,Consumer,United States,Cleveland,Ohio,44105.0,East,OFF-BI-10003984,Office Supplies,Binders,Lock-Up Easel 'Spel-Binder',59.913,7.0,0.7,-45.9333,CRM,,
5595.0,CA-2017-160325,9/24/2017,9/24/2017,Same Day,BP-11095,Bart Pistole,Corporate,United States,Lawrence,Massachusetts,1841.0,EAST,TEC-PH-10000984,Technology,Phones,Panasonic KX-TG9471B,391.98,2.0,0.0,109.7544,Manual Upload,Approved,Urgent
5596.0,CA-2017-160325,9/24/2017,9/24/2017,Same Day,BP-11095,Bart Pistole,Corporate,United States,Lawrence,Massachusetts,1841.0,East,TEC-PH-10001944,Technology,Phones,Wi-Ex zBoost YX540 Cellular Phone Signal Booster,437.85,3.0,0.0,131.355,CRM,Pending,Urgent
5597.0,CA-2015-159779,9/25/2015,9/29/2015,Standard Class,SB-20185,Sarah Brown,Consumer,United States,Concord,New Hampshire,3301.0,East,OFF-BI-10002735,Office Supplies,Binders,GBC Prestige Therm-A-Bind Covers,68.62,2.0,0.0,32.2514,Legacy,Rejected,
5598.0,CA-2017-151176,2/13/2017,2/20/2017,Standard Class,SV-20785,Stewart Visinsky,Consumer,United States,Baltimore,Maryland,21215.0,East,OFF-SU-10001165,Office Supplies,Supplies,Acme Elite Stainless Steel Scissors,25.02,3.0,0.0,6.5052,Legacy,,
5599.0,CA-2017-151176,2/13/2017,2/20/2017,Standard Class,SV-20785,Stewart Visinsky,Consumer,United States,Baltimore,Maryland,21215.0,East,OFF-AR-10000614,Office Supplies,Art,Barrel Sharpener,10.71,3.0,0.0,2.7846,CRM,,Duplicate?
5600.0,CA-2014-108903,10/3/2014,10/3/2014,Same Day,DO-13435,Denny Ordway,Consumer,United States,Columbus,Ohio,43229.0,East,OFF-AR-10004010,Office Supplies,Art,Hunt Boston Vacuum Mount KS Pencil Sharpener,55.984,2.0,0.2,4.1988,Manual Upload,Pending,
5601.0,CA-2014-108903,10/3/2014,10/3/2014,Same Day,DO-13435,Denny Ordway,Consumer,United States,Columbus,Ohio,43229.0,East,OFF-EN-10004030,Office Supplies,Envelopes,Convenience Packs of Business Envelopes,14.48,5.0,0.2,4.887,ERP,Approved,
5602.0,CA-2014-108903,10/3/2014,10/3/2014,Same Day,DO-13435,Denny Ordway,Consumer,United States,Columbus,Ohio,43229.0,East,TEC-AC-10003023,Technology,Accessories,Logitech G105 Gaming Keyboard,142.488,3.0,0.2,-3.5622,Manual Upload,Rejected,
5603.0,CA-2016-117919,8/27/2016,8/29/2016,Second Class,TB-21355,Todd Boyes,Corporate,United States,HOUSTN,Texas,77041.0,Central,OFF-ST-10003572,Office Supplies,Storage,Portfile Personal File Boxes,14.16,1.0,0.2,1.062,Manual Upload,,
5604.0,CA-2016-117919,8/27/2016,8/29/2016,Second Class,TB-21355,Todd Boyes,Corporate,United States,Houston,Texas,77041.0,Central,OFF-PA-10004353,Office Supplies,Paper,Southworth 25% Cotton Premium Laser Paper and Envelopes,79.92,5.0,0.2,27.972,Manual Upload,Rejected,
5605.0,CA-2015-142475,12/3/2015,12/7/2015,Standard Class,BS-11380,Bill Stewart,Corporate,United States,New York City,New York,10011.0,East,OFF-BI-10003718,Office Supplies,Binders,GBC Therma-A-Bind 250T Electric Binding System,590.352,6.0,0.2,206.6232,Legacy,Pending,Check later
5606.0,CA-2016-134516,9/20/2016,9/25/2016,Standard Class,FM-14215,Filia McAdams,Corporate,United States,Greensboro,North Carolina,27405.0,South,FUR-FU-10001546,Furniture,Furnishings,Dana Swing-Arm Lamps,17.088,2.0,0.2,1.068,Legacy,,Check later
5607.0,CA-2016-134516,9/20/2016,9/25/2016,Standard Class,FM-14215,Filia McAdams,Corporate,United States,Greensboro,North Carolina,27405.0,South,FUR-CH-10002880,Furniture,Chairs,"Global High-Back Leather Tilter, Burgundy",98.392,1.0,0.2,-11.0691,Manual Upload,,
5608.0,CA-2017-105193,3/25/2017,3/31/2017,Standard Class,JL-15835,John Lee,Consumer,United States,New York City,New York,10024.0,East,OFF-AR-10001547,Office Supplies,Art,Newell 311,11.05,5.0,0.0,2.9835,CRM,Rejected,
5609.0,CA-2015-168634,12/6/2015,12/11/2015,Standard Class,AF-10870,Art Ferguson,Consumer,United States,San Francisco,California,94109.0,West,OFF-AP-10001626,Office Supplies,Appliances,"Commercial WindTunnel Clean Air Upright Vacuum, Replacement Belts, Filtration Bags",7.78,2.0,0.0,2.0228,ERP,Pending,
5610.0,CA-2017-117198,8/31/2017,9/5/2017,Standard Class,BG-11035,Barry Gonzalez,Consumer,United States,Monroe,Louisiana,71203.0,South,TEC-AC-10003033,Technology,Accessories,Plantronics CS510 - Over-the-Head monaural Wireless Headset System,659.9,2.0,0.0,217.767,Legacy,,Urgent
5611.0,CA-2015-145828,10/5/2015,10/7/2015,First Class,MB-17305,Maria Bertelson,Consumer,United States,Cincinnati,Ohio,45231.0,East,TEC-AC-10002323,Technology,Accessories,SanDisk Ultra 32 GB MicroSDHC Class 10 Memory Card,53.04,3.0,0.2,-4.641,CRM,Rejected,
5612.0,CA-2017-121027,8/18/2017,8/22/2017,Standard Class,HW-14935,Helen Wasserman,Corporate,United States,Seattle,Washington,98105.0,West,TEC-AC-10002049,Technology,Accessories,Plantronics Savi W720 Multi-Device Wireless Headset System,843.9,2.0,0.0,371.316,Manual Upload,Rejected,Urgent
5613.0,CA-2017-121027,8/18/2017,8/22/2017,Standard Class,HW-14935,Helen Wasserman,Corporate,United States,Seattle,Washington,98105.0,West,TEC-AC-10002253,Technology,Accessories,Imation Bio 8GB USB Flash Drive Imation Corp,1496.16,9.0,0.0,224.424,ERP,,
5614.0,CA-2016-147431,2/2/2016,2/7/2016,Standard Class,AB-10105,Adrian Barton,Consumer,United States,New York City,New York,10011.0,East,OFF-ST-10003994,Office Supplies,Storage,"Belkin 19"" Center-Weighted Shelf, Gray",117.96,2.0,0.0,5.898,ERP,Rejected,Check later
5615.0,CA-2016-158001,8/23/2016,8/27/2016,Standard Class,JP-15460,Jennifer Patt,Corporate,United States,New York City,New York,10035.0,East,OFF-AR-10002399,Office Supplies,Art,"Dixon Prang Watercolor Pencils, 10-Color Set with Brush",21.3,5.0,0.0,8.733,Legacy,,Urgent
5616.0,CA-2016-158001,8/23/2016,8/27/2016,Standard Class,JP-15460,Jennifer Patt,Corporate,United States,New York City,New York,10035.0,East,OFF-AP-10002118,Office Supplies,Appliances,"1.7 Cubic Foot Compact ""Cube"" Office Refrigerators",1040.8,5.0,0.0,281.016,Legacy,,
5617.0,CA-2016-158001,8/23/2016,8/27/2016,Standard Class,JP-15460,Jennifer Patt,Corporate,United States,New York City,New York,10035.0,East,OFF-AR-10001954,Office Supplies,Art,Newell 331,29.34,6.0,0.0,7.9218,Manual Upload,Rejected,Duplicate?
5618.0,CA-2017-125745,6/30/2017,7/4/2017,Standard Class,DV-13045,Darrin Van Huff,Corporate,United States,Memphis,Tennessee,38109.0,South,FUR-FU-10001591,Furniture,Furnishings,Advantus Panel Wall Certificate Holder - 8.5x11,19.52,2.0,0.2,5.368,Legacy,Approved,
5619.0,CA-2015-101154,9/18/2015,9/21/2015,First Class,CM-12190,Charlotte Melton,Consumer,United States,San Diego,California,92105.0,West,OFF-ST-10004186,Office Supplies,Storage,"Stur-D-Stor Shelving, Vertical 5-Shelf: 72""H x 36""W x 18 1/2""D",443.92,4.0,0.0,8.8784,CRM,Approved,Check later
5620.0,US-2016-124163,9/25/2016,9/30/2016,Standard Class,SC-20695,Steve Chapman,Corporate,United States,La Crosse,Wisconsin,54601.0,Central,TEC-AC-10001908,Technology,Accessories,Logitech Wireless Headset h800,499.95,5.0,0.0,174.9825,CRM,,Duplicate?
5621.0,US-2016-124163,9/25/2016,9/30/2016,Standard Class,SC-20695,Steve Chapman,Corporate,United States,La Crosse,Wisconsin,54601.0,Central,OFF-AR-10000817,Office Supplies,Art,Manco Dry-Lighter Erasable Highlighter,3.04,1.0,0.0,1.0336,ERP,Rejected,Check later
5622.0,US-2016-124163,9/25/2016,9/30/2016,Standard Class,SC-20695,Steve Chapman,Corporate,United States,La Crosse,Wisconsin,54601.0,Central,FUR-CH-10004218,Furniture,Chairs,"Global Fabric Manager's Chair, Dark Gray",201.96,2.0,0.0,50.49,CRM,Rejected,
5623.0,US-2016-124163,9/25/2016,9/30/2016,Standard Class,SC-20695,Steve Chapman,Corporate,United States,La Crosse,Wisconsin,54601.0,Central,FUR-FU-10000755,Furniture,Furnishings,Eldon Expressions Mahogany Wood Desk Collection,68.64,11.0,0.0,17.16,Manual Upload,,Urgent
5624.0,CA-2016-121748,10/24/2016,10/28/2016,Second Class,VW-21775,Victoria Wilson,Corporate,United States,Los Angeles,California,90032.0,West,TEC-AC-10003063,Technology,Accessories,Micro Innovations USB RF Wireless Keyboard with Mouse,100.0,4.0,0.0,21.0,Legacy,Rejected,Urgent
5625.0,CA-2016-121748,10/24/2016,10/28/2016,Second Class,VW-21775,Victoria Wilson,Corporate,United States,Los Angeles,California,90032.0,West,TEC-AC-10002637,Technology,Accessories,Logitech VX Revolution Cordless Laser Mouse for Notebooks (Black),359.98,2.0,0.0,21.5988,Manual Upload,Pending,Duplicate?
5626.0,CA-2014-126683,9/29/2014,10/1/2014,Second Class,PP-18955,Paul Prost,Home Office,United States,Seattle,Washington,98115.0,West,FUR-FU-10001706,Furniture,Furnishings,Longer-Life Soft White Bulbs,6.16,2.0,0.0,2.9568,ERP,Approved,Urgent
5627.0,CA-2014-126683,9/29/2014,10/1/2014,Second Class,PP-18955,Paul Prost,Home Office,United States,Seattle,Washington,98115.0,West,FUR-TA-10002958,Furniture,Tables,"Bevis Oval Conference Table, Walnut",2348.82,9.0,0.0,399.2994,Legacy,Pending,Urgent
5628.0,CA-2017-148810,6/26/2017,7/1/2017,Standard Class,DR-12880,Dan Reichenbach,Corporate,United States,Miami,Florida,33180.0,South,OFF-LA-10004689,Office Supplies,Labels,Avery 512,13.872,6.0,0.2,4.6818,Manual Upload,Pending,
5629.0,CA-2017-148810,6/26/2017,7/1/2017,Standard Class,DR-12880,Dan Reichenbach,Corporate,United States,Miami,Florida,33180.0,South,FUR-CH-10001545,Furniture,Chairs,Hon Comfortask Task/Swivel Chairs,273.552,3.0,0.2,-13.6776,Legacy,Approved,Check later
5630.0,US-2016-146066,8/21/2016,8/23/2016,Second Class,RB-19465,Rick Bensley,Home Office,United States,Philadelphia,Pennsylvania,19143.0,East,FUR-TA-10002530,Furniture,Tables,"Iceberg OfficeWorks 42"" Round Tables",815.292,9.0,0.4,-339.705,Manual Upload,Approved,
5631.0,CA-2014-127614,2/11/2014,2/15/2014,Standard Class,NF-18385,Natalie Fritzler,Consumer,United States,Chesapeake,Virginia,23320.0,South,TEC-AC-10001432,Technology,Accessories,Enermax Aurora Lite Keyboard,234.45,3.0,0.0,103.158,Manual Upload,Approved,
5632.0,CA-2014-127614,2/11/2014,2/15/2014,Standard Class,NF-18385,Natalie Fritzler,Consumer,United States,Chesapeake,Virginia,23320.0,South,FUR-TA-10003715,Furniture,Tables,Hon 2111 Invitation Series Corner Table,1256.22,6.0,0.0,75.3732,ERP,Approved,Urgent
5633.0,CA-2014-127614,2/11/2014,2/15/2014,Standard Class,NF-18385,Natalie Fritzler,Consumer,United States,Chesapeake,Virginia,23320.0,South,OFF-BI-10003291,Office Supplies,Binders,Wilson Jones Leather-Like Binders with DublLock Round Rings,17.46,2.0,0.0,8.2062,CRM,Approved,
5634.0,CA-2016-101742,9/23/2016,9/28/2016,Second Class,CR-12580,Clay Rozendal,Home Office,United States,New York City,New York,10009.0,East,OFF-BI-10004187,Office Supplies,Binders,3-ring staple pack,10.528,7.0,0.2,3.6848,CRM,Rejected,
5635.0,CA-2015-134943,2015/12/05,12/6/2015,First Class,SU-20665,Stephanie Ulpright,Home Office,United States,Ann Arbor,Michigan,48104.0,Central,OFF-BI-10000666,Office Supplies,Binders,Surelock Post Binders,152.8,5.0,0.0,76.4,Manual Upload,Pending,Duplicate?
5636.0,CA-2017-123022,9/3/2017,9/8/2017,Standard Class,SC-20050,Sample Company A,Home Office,United States,La Mesa,California,91941.0,West,OFF-BI-10002225,Office Supplies,Binders,"Square Ring Data Binders, Rigid 75 Pt. Covers, 11"" x 14-7/8""",82.56,5.0,0.2,28.896,Legacy,Pending,Check later
5637.0,CA-2017-123022,9/3/2017,9/8/2017,Standard Class,SC-20050,Sample Company A,Home Office,United States,La Mesa,California,91941.0,West,TEC-AC-10000474,Technology,Accessories,Kensington Expert Mouse Optical USB Trackball for PC or Mac,284.97,3.0,0.0,85.491,CRM,Approved,Duplicate?
5638.0,CA-2017-113208,3/26/2017,4/2/2017,Standard Class,ML-18040,Michelle Lonsdale,Corporate,United States,Dearborn,Michigan,48126.0,Central,FUR-FU-10004245,Furniture,Furnishings,"Career Cubicle Clock, 8 1/4"", Black",60.84,3.0,0.0,23.1192,CRM,,Duplicate?
5639.0,CA-2014-154893,12/21/2014,12/27/2014,Standard Class,GM-14440,Gary McGarr,Consumer,United States,San Diego,California,92024.0,West,FUR-CH-10004287,Furniture,Chairs,SAFCO Arco Folding Chair,1325.76,6.0,0.2,149.148,ERP,Rejected,Urgent
5640.0,CA-2014-154893,12/21/2014,12/27/2014,Standard Class,GM-14440,Gary McGarr,Consumer,United States,San Diego,Calif.,92024.0,West,FUR-CH-10000595,Furniture,Chairs,Safco Contoured Stacking Chairs,572.16,3.0,0.2,35.76,ERP,Pending,
5641.0,CA-2014-147900,9/23/2014,9/28/2014,Standard Class,JK-15640,Jim Kriz,Home Office,United States,Lakewood,Ohio,44107.0,East,OFF-PA-10003063,Office Supplies,Paper,EcoTones Memo Sheets,28.8,9.0,0.2,10.08,Legacy,Approved,
5642.0,CA-2017-106355,4/2/2017,4/5/2017,First Class,AT-10435,Alyssa Tate,Home Office,United States,Meriden,Connecticut,6450.0,East,OFF-AR-10000246,Office Supplies,Art,Newell 318,11.12,4.0,0.0,2.8912,Legacy,,
5643.0,CA-2016-127985,4/1/2016,4/5/2016,Second Class,DB-12910,Daniel Byrd,Home Office,United States,Columbus,Georgia,31907.0,South,FUR-FU-10003274,Furniture,Furnishings,Regeneration Desk Collection,7.04,4.0,0.0,3.0976,CRM,Rejected,Duplicate?
5644.0,CA-2015-166604,5/15/2015,5/20/2015,Second Class,AH-10690,Anna Häberlin,Corporate,United States,Roswell,Georgia,30076.0,South,OFF-EN-10004147,Office Supplies,Envelopes,Wausau Papers Astrobrights Colored Envelopes,17.94,3.0,0.0,8.7906,Manual Upload,Pending,
5645.0,CA-2017-120719,3/23/2017,3/26/2017,First Class,SJ-20125,Sanjit Jacobs,Home Office,United States,Seattle,Washington,98105.0,West,OFF-BI-10002103,Office Supplies,Binders,"Cardinal Slant-D Ring Binder, Heavy Gauge Vinyl",34.76,5.0,0.2,11.297,CRM,Pending,Urgent
5646.0,CA-2017-127117,4/14/2017,4/19/2017,Standard Class,HM-14860,Harry Marie,Corporate,United States,Morristown,New Jersey,7960.0,East,FUR-FU-10004018,Furniture,Furnishings,Tensor Computer Mounted Lamp,74.45,5.0,0.0,20.1015,CRM,Rejected,
5647.0,CA-2015-104241,04-01-2015,1/9/2015,Standard Class,AG-10495,Andrew Gjertsen,Corporate,United States,Alexandria,Virginia,22304.0,South,FUR-FU-10001473,Furniture,Furnishings,DAX Wood Document Frame,192.22,14.0,0.0,69.1992,ERP,,Check later
5648.0,CA-2017-168179,11/2/2017,11/7/2017,Standard Class,JB-16000,Joy Bell-,Consumer,United States,Salt Lake City,Utah,84106.0,West,OFF-PA-10001800,Office Supplies,Paper,Xerox 220,19.44,3.0,0.0,9.3312,Manual Upload,,Duplicate?
5649.0,CA-2017-142342,7/17/2017,7/19/2017,Second Class,AJ-10795,Anthony Johnson,Corporate,United States,Apple Valley,California,92307.0,West,OFF-PA-10004609,Office Supplies,Paper,Xerox 221,32.4,5.0,0.0,15.552,Manual Upload,Approved,
5650.0,CA-2017-142342,7/17/2017,7/19/2017,Second Class,AJ-10795,Anthony Johnson,Corporate,United States,Apple Valley,California,92307.0,West,OFF-EN-10002592,Office Supplies,Envelopes,"Peel & Seel Recycled Catalog Envelopes, Brown",57.9,5.0,0.0,28.95,Legacy,,Check later
5651.0,CA-2017-142342,7/17/2017,7/19/2017,Second Class,AJ-10795,Anthony Johnson,Corporate,United States,Apple Valley,California,92307.0,West,OFF-ST-10002957,Office Supplies,Storage,Sterilite Show Offs Storage Containers,10.56,2.0,0.0,0.0,Legacy,Rejected,
5652.0,CA-2017-142342,7/17/2017,7/19/2017,Second Class,AJ-10795,Anthony Johnson,Corporate,United States,Apple Valley,California,92307.0,West,FUR-BO-10002613,Furniture,Bookcases,"Atlantic Metals Mobile 4-Shelf Bookcases, Custom Colors",1194.165,5.0,0.15,210.735,Legacy,Approved,
5653.0,CA-2017-109099,10/6/2017,10/11/2017,Standard Class,MM-18280,Muhammed MacIntyre,corporate,United States,New York City,New York,10009.0,East,OFF-PA-10001033,Office Supplies,Paper,Xerox 1893,40.99,1.0,0.0,20.0851,Manual Upload,,Check later
5654.0,US-2014-134187,11/4/2014,11/11/2014,Standard Class,TH-21235,Tiffany House,Corporate,United States,Long Beach,California,90805.0,West,OFF-AR-10000940,Office Supplies,Art,Newell 343,2.94,1.0,0.0,0.7938,Manual Upload,,Urgent
5655.0,CA-2016-145261,12/18/2016,12/21/2016,First Class,AH-10120,Adrian Hane,Home Office,United States,Salem,Oregon,97301.0,West,OFF-BI-10001670,Office Supplies,Binders,Vinyl Sectional Post Binders,45.24,4.0,0.7,-30.16,Legacy,Rejected,
5656.0,CA-2016-145261,12/18/2016,12/21/2016,First Class,AH-10120,Adrian Hane,Home Office,United States,Salem,Oregon,97301.0,West,OFF-AR-10004078,Office Supplies,Art,Newell 312,18.688,4.0,0.2,2.336,CRM,Approved,
5657.0,CA-2016-145261,12/18/2016,12/21/2016,First Class,AH-10120,Adrian Hane,Home Office,United States,Salem,Oregon,97301.0,West,OFF-PA-10003036,Office Supplies,Paper,"Black Print Carbonless 8 1/2"" x 8 1/4"" Rapid Memo Book",11.648,2.0,0.2,3.7856,ERP,Pending,Urgent
5658.0,CA-2016-145261,12/18/2016,12/21/2016,First Class,AH-10120,Adrian Hane,Home Office,United States,Salem,Oregon,97301.0,West,TEC-AC-10000991,Technology,Accessories,Sony Micro Vault Click 8 GB USB 2.0 Flash Drive,112.776,3.0,0.2,-8.4582,Legacy,,
5659.0,CA-2016-145261,12/18/2016,12/21/2016,First Class,AH-10120,Adrian Hane,Home Office,United States,Salem,Oregon,97301.0,West,FUR-TA-10002530,Furniture,Tables,"Iceberg OfficeWorks 42"" Round Tables",377.45,5.0,0.5,-264.215,Manual Upload,Rejected,
5660.0,CA-2016-145261,12/18/2016,12/21/2016,First Class,AH-10120,Adrian Hane,Home Office,United States,Salem,Oregon,97301.0,West,OFF-LA-10000407,Office Supplies,Labels,Avery White Multi-Purpose Labels,15.936,4.0,0.2,5.1792,ERP,Rejected,Check later
5661.0,CA-2016-145261,12/18/2016,12/21/2016,First Class,AH-10120,Adrian Hane,Home Office,United States,Salem,Oregon,97301.0,West,TEC-PH-10004833,Technology,Phones,Macally Suction Cup Mount,28.68,3.0,0.2,-7.17,Legacy,Approved,
5662.0,CA-2016-108875,9/24/2016,10/1/2016,Standard Class,CL-12700,Craig Leslie,Home Office,United States,Aurora,Colorado,80013.0,West,FUR-FU-10002671,Furniture,Furnishings,Electrix 20W Halogen Replacement Bulb for Zoom-In Desk Lamp,21.44,2.0,0.2,7.504,CRM,Approved,
5663.0,CA-2016-108875,24 Sep 2016,10/1/2016,Standard Class,CL-12700,Craig Leslie,Home Office,United States,Aurora,Colorado,80013.0,West,OFF-ST-10001370,Office Supplies,Storage,Sensible Storage WireTech Storage Systems,511.056,9.0,0.2,-95.823,Legacy,Rejected,Check later
5664.0,CA-2016-141957,21-07-2016,7/21/2016,Same Day,JG-15310,Jason Gross,Corporate,United States,Newark,Ohio,43055.0,East,OFF-AR-10000914,Office Supplies,Art,Boston 16765 Mini Stand Up Battery Pencil Sharpener,18.656,2.0,0.2,1.3992,Manual Upload,,Check later
5665.0,CA-2016-141957,7/21/2016,7/21/2016,Same Day,JG-15310,Jason Gross,Corporate,United States,Newark,Ohio,43055.0,East,OFF-BI-10001116,Office Supplies,Binders,"Wilson Jones 1"" Hanging DublLock Ring Binders",11.088,7.0,0.7,-8.1312,ERP,Approved,
5666.0,CA-2016-141957,7/21/2016,7/21/2016,Same Day,JG-15310,Jason Gross,Corporate,United States,Newark,Ohio,43055.0,East,OFF-ST-10002276,Office Supplies,Storage,Safco Steel Mobile File Cart,66.688,1.0,0.2,4.168,ERP,Pending,
5667.0,CA-2016-141957,7/21/2016,7/21/2016,Same Day,JG-15310,Jason Gross,Corporate,United States,Newark,Ohio,43055.0,East,OFF-ST-10004340,Office Supplies,Storage,"Fellowes Mobile File Cart, Black",99.488,2.0,0.2,8.7052,Legacy,Approved,Duplicate?
5668.0,CA-2016-142405,6/11/2016,6/15/2016,Standard Class,SE-20110,Sanjit Engle,Consumer,United States,Seattle,Washington,98103.0,West,OFF-LA-10004093,Office Supplies,Labels,Avery 486,14.62,2.0,0.0,6.8714,Manual Upload,Approved,
5669.0,CA-2016-142405,11 Jun 2016,6/15/2016,Standard Class,SE-20110,Sanjit Engle,Consumer,United States,Seattle,Washington,98103.0,West,OFF-BI-10004728,Office Supplies,Binders,Wilson Jones Turn Tabs Binder Tool for Ring Binders,53.984,14.0,0.2,17.5448,ERP,Approved,Urgent
5670.0,CA-2016-142405,6/11/2016,6/15/2016,Standard Class,SE-20110,Sanjit Engle,Consumer,United States,Seattle,Washington,98103.0,West,TEC-AC-10003095,Technology,Accessories,Logitech G35 7.1-Channel Surround Sound Headset,389.97,3.0,0.0,132.5898,CRM,,Duplicate?
5671.0,CA-2015-141012,6/9/2015,6/11/2015,Second Class,TG-21640,Trudy Glocke,Consumer,United States,Pocatello,Idaho,83201.0,West,FUR-FU-10003192,Furniture,Furnishings,Luxo Adjustable Task Clamp Lamp,355.36,4.0,0.0,92.3936,Manual Upload,Pending,Urgent
5672.0,CA-2015-141012,6/9/2015,6/11/2015,Second Class,TG-21640,Trudy Glocke,Consumer,United States,Pocatello,Idaho,83201.0,West,TEC-PH-10004522,Technology,Phones,Dexim XPower Skin Super-Thin Power Case for iPhone 5 - Black,140.376,3.0,0.2,8.7735,Legacy,Pending,Check later
5673.0,CA-2017-127922,10/27/2017,11/3/2017,Standard Class,SH-19975,Sally Hughsby,Corporate,United States,Dallas,Texas,75081.0,Central,OFF-EN-10003068,Office Supplies,Envelopes,#6 3/4 Gummed Flap White Envelopes,15.84,2.0,0.2,5.544,CRM,Pending,Check later
5674.0,CA-2017-127922,10/27/2017,11/3/2017,Standard Class,SH-19975,Sally Hughsby,Corporate,United States,Dallas,texas,75081.0,Central,OFF-PA-10001204,Office Supplies,Paper,Xerox 1972,8.448,2.0,0.2,2.64,Legacy,Rejected,Duplicate?
5675.0,CA-2016-146318,1/22/2016,1/27/2016,Standard Class,MC-17275,Marc Crier,Consumer,United States,Seattle,Washington,98105.0,West,OFF-PA-10003953,Office Supplies,Paper,Xerox 218,12.96,2.0,0.0,6.2208,Manual Upload,Approved,Urgent
5676.0,CA-2014-135993,5/28/2014,6/2/2014,Standard Class,PJ-18835,Patrick Jones,Corporate,United States,Seattle,Washington,98115.0,West,TEC-PH-10001552,Technology,Phones,I Need's 3d Hello Kitty Hybrid Silicone Case Cover for HTC One X 4g with 3d Hello Kitty Stylus Pen Green/pink,57.408,6.0,0.2,-9999.0,CRM,Pending,Duplicate?
5677.0,CA-2014-135993,5/28/2014,6/2/2014,Standard Class,PJ-18835,Patrick Jones,Corporate,United States,Seattle,Washington,98115.0,West,TEC-AC-10004877,Technology,Accessories,Imation 30456 USB Flash Drive 8GB,27.6,4.0,0.0,2.208,Manual Upload,Approved,
5678.0,CA-2014-126802,12/29/2014,1/5/2015,Standard Class,ZC-21910,Zuschuss Carroll,Consumer,United States,Chicago,Illinois,60610.0,Central,FUR-FU-10000193,Furniture,Furnishings,Tenex Chairmats For Use with Hard Floors,38.976,3.0,0.6,-50.6688,ERP,,Urgent
5679.0,CA-2016-143924,7/28/2016,8/3/2016,Standard Class,SC-20680,Steve Carroll,Home Office,United States,Holland,Michigan,49423.0,Central,OFF-FA-10000735,Office Supplies,Fasteners,Staples,20.44,7.0,0.0,9.198,Legacy,,Urgent
5680.0,CA-2016-143924,7/28/2016,8/3/2016,Standard Class,SC-20680,Steve Carroll,Home Office,United States,Holland,Michigan,49423.0,Central,OFF-PA-10002120,Office Supplies,Paper,Xerox 1889,109.92,2.0,0.0,53.8608,Legacy,Rejected,Urgent
5681.0,CA-2016-141551,9/24/2016,9/30/2016,Standard Class,BP-11230,Benjamin Patterson,Consumer,United States,Broken Arrow,Oklahoma,74012.0,Central,OFF-BI-10001249,Office Supplies,Binders,Avery Heavy-Duty EZD View Binder with Locking Rings,0.0,1.0,0.0,2.9348,CRM,Approved,
5682.0,CA-2016-141551,9/24/2016,9/30/2016,Standard Class,BP-11230,Benjamin Patterson,Consumer,United States,Broken Arrow,Oklahoma,74012.0,Central,OFF-PA-10001569,Office Supplies,Paper,Xerox 232,6.48,1.0,0.0,3.1104,Legacy,Rejected,Urgent
5683.0,CA-2014-164315,4/2/2014,4/8/2014,Standard Class,RD-19585,Rob Dowd,Consumer,United States,Athens,Georgia,30605.0,South,OFF-PA-10004248,Office Supplies,Paper,Xerox 1990,15.84,3.0,0.0,7.128,Manual Upload,Approved,Duplicate?
5684.0,CA-2014-164315,4/2/2014,4/8/2014,Standard Class,RD-19585,Rob Dowd,Consumer,United States,Athens,Georgia,30605.0,South,TEC-PH-10001128,Technology,Phones,Motorola Droid Maxx,1049.93,7.0,0.0,293.9804,CRM,Pending,
5685.0,CA-2014-164315,4/2/2014,4/8/2014,Standard Class,RD-19585,Rob Dowd,Consumer,United States,Athens,Georgia,30605.0,South,OFF-AP-10003842,Office Supplies,Appliances,Euro-Pro Shark Turbo Vacuum,154.9,5.0,0.0,40.274,CRM,Pending,Check later
5686.0,CA-2015-131072,11/5/2015,11/5/2015,Same Day,KL-16645,Ken Lonsdale,Consumer,United States,Seattle,Washington,98105.0,West,OFF-BI-10002794,Office Supplies,Binders,"Avery Trapezoid Ring Binder, 3"" Capacity, Black, 1040 sheets",98.352,3.0,0.2,35.6526,ERP,Rejected,Duplicate?
5687.0,CA-2014-131541,7/28/2014,7/28/2014,Same Day,CK-12205,Chloris Kastensmidt ,Consumer,United States,Apopka,Florida,32712.0,South,OFF-FA-10000621,Office Supplies,Fasteners,"OIC Colored Binder Clips, Assorted Sizes",14.32,5.0,0.2,5.191,ERP,Pending,Duplicate?
5688.0,CA-2014-131541,7/28/2014,7/28/2014,Same Day,CK-12205,Chloris Kastensmidt,Consumer,United States,Apopka,Florida,32712.0,South,FUR-FU-10003623,Furniture,Furnishings,"DataProducts Ampli Magnifier Task Lamp, Black,",129.888,6.0,0.2,12.9888,CRM,Pending,Urgent
5689.0,CA-2014-131541,7/28/2014,7/28/2014,Same Day,CK-12205,Chloris Kastensmidt,Consumer,United States,Apopka,Florida,32712.0,South,OFF-EN-10000781,Office Supplies,Envelopes,"#10- 4 1/8"" x 9 1/2"" Recycled Envelopes",48.944,7.0,0.2,16.5186,Manual Upload,Rejected,Check later
5690.0,CA-2015-119550,12/26/2015,12/31/2015,Standard Class,RB-19705,Roger Barcio,Home Office,United States,Houston,Texas,77070.0,Central,FUR-CH-10002044,Furniture,Chairs,"Office Star - Contemporary Task Swivel chair with 2-way adjustable arms, Plum",275.058,3.0,0.3,-90.3762,ERP,,Duplicate?
5691.0,US-2015-138093,12/10/2015,12/16/2015,Standard Class,KM-16225,Kalyca Meade,Corporate,United States,Baltimore,Maryland,21215.0,East,OFF-AR-10000817,Office Supplies,Art,Manco Dry-Lighter Erasable Highlighter,27.36,9.0,0.0,9.3024,Legacy,Rejected,
5692.0,US-2015-138093,12/10/2015,12/16/2015,Standard Class,KM-16225,Kalyca Meade,Corporate,United States,Baltimore,Maryland,21215.0,East,OFF-PA-10001509,Office Supplies,Paper,"Recycled Desk Saver Line ""While You Were Out"" Book, 5 1/2"" X 4""",44.75,5.0,0.0,20.585,Legacy,Approved,Urgent
5693.0,US-2015-138093,12/10/2015,12/16/2015,Standard Class,KM-16225,Kalyca Meade,Corporate,United States,Baltimore,Maryland,21215.0,East,TEC-PH-10004667,Technology,Phones,Cisco 8x8 Inc. 6753i IP Business Phone System,134.99,1.0,0.0,36.4473,CRM,Approved,Urgent
5694.0,US-2015-138093,12/10/2015,12/16/2015,Standard Class,KM-16225,Kalyca Meade,Corporate,United States,Baltimore,Maryland,21215.0,East,OFF-PA-10000143,Office Supplies,Paper,Astroparche Fine Business Paper,26.4,5.0,0.0,12.672,ERP,Approved,Check later
5695.0,US-2015-138093,12/10/2015,12/16/2015,Standard Class,KM-16225,Kalyca Meade,Corporate,United States,Baltimore,Maryland,21215.0,East,FUR-CH-10000785,Furniture,Chairs,Global Ergonomic Managers Chair,542.94,3.0,0.0,141.1644,Legacy,Rejected,Urgent
5696.0,CA-2016-126165,5/5/2016,5/7/2016,Second Class,AH-10465,Amy Hunt,Consumer,United States,San Francisco,California,94109.0,West,FUR-TA-10001676,Furniture,Tables,Hon 61000 Series Interactive Training Tables,71.088,2.0,0.2,-1.7772,CRM,Approved,Check later
5697.0,CA-2017-126123,10/14/2017,10/18/2017,Standard Class,AG-10765,Anthony Garverick,Home Office,United States,Chicago,Illinois,60623.0,Central,OFF-BI-10000309,Office Supplies,Binders,"GBC Twin Loop Wire Binding Elements, 9/16"" Spine, Black",27.396,9.0,0.8,-42.4638,ERP,Pending,
5698.0,CA-2017-126123,10/14/2017,10/18/2017,Standard Class,AG-10765,Anthony Garverick,Home Office,United States,Chicago,Illinois,60623.0,Central,OFF-BI-10004224,Office Supplies,Binders,Catalog Binders with Expanding Posts,13.456,1.0,0.8,-23.548,Legacy,,
5699.0,CA-2016-143441,11/5/2016,11/5/2016,Same Day,EB-14170,Evan Bailliet,Consumer,United States,Laredo,Texas,78041.0,Central,OFF-LA-10002312,Office Supplies,Labels,Avery 490,11.84,1.0,0.2,4.44,Legacy,Approved,
5700.0,CA-2017-148320,11/3/2017,11/8/2017,Standard Class,PG-18895,Paul Gonzalez,Consumer,United States,San Francisco,California,94109.0,West,OFF-PA-10003022,Office Supplies,Paper,Xerox 1992,35.88,6.0,0.0,17.5812,CRM,Pending,Urgent
5701.0,CA-2016-125661,11/24/2016,11/26/2016,First Class,CA-12055,Cathy Armstrong,Home Office,United States,Cleveland,Ohio,44105.0,East,OFF-EN-10001532,Office Supplies,Envelopes,Brown Kraft Recycled Envelopes,40.752,3.0,0.2,15.282,Legacy,,
5702.0,CA-2016-125661,11/24/2016,11/26/2016,First Class,CA-12055,Cathy Armstrong,Home Office,United States,Cleveland,Ohio,44105.0,East,TEC-AC-10004855,Technology,Accessories,V7 USB Numeric Keypad,139.96,5.0,0.2,-22.7435,ERP,Pending,Duplicate?
5703.0,US-2014-123519,12/14/2014,12/21/2014,Standard Class,SS-20875,Sung Shariari,Consumer,United States,Marion,Ohio,43302.0,East,OFF-AR-10003829,Office Supplies,Art,Newell 35,2.624,1.0,0.2,0.2952,ERP,Approved,Duplicate?
5704.0,US-2014-123519,12/14/2014,12/21/2014,Standard Class,SS-20875,Sung Shariari,Consumer,United States,Marion,Ohio,43302.0,East,FUR-TA-10002645,Furniture,Tables,Hon Rectangular Conference Tables,136.53,1.0,0.4,-52.3365,Legacy,,Urgent
5705.0,US-2014-123519,12/14/2014,12/21/2014,Standard Class,SS-20875,Sung Shariari,Consumer,United States,Marion,Ohio,43302.0,East,TEC-AC-10003033,Technology,Accessories,Plantronics CS510 - Over-the-Head monaural Wireless Headset System,263.96,1.0,0.2,42.8935,CRM,,Duplicate?
5706.0,CA-2014-155593,11/3/2014,11/8/2014,Standard Class,RP-19390,Resi Pölking,Consumer,United States,Fairfield,Connecticut,6824.0,East,OFF-SU-10002522,Office Supplies,Supplies,Acme Kleen Earth Office Shears,11.64,3.0,0.0,3.3756,Legacy,Pending,Duplicate?
5707.0,CA-2017-136000,9/22/2017,9/25/2017,Second Class,SC-20440,Shaun Chance,Corporate,United States,New York City,New York,10009.0,East,OFF-BI-10004828,Office Supplies,Binders,GBC Poly Designer Binding Covers,40.176,3.0,0.2,14.5638,Legacy,,Duplicate?
5708.0,US-2015-160857,5/8/2015,5/15/2015,Standard Class,NW-18400,Natalie Webber,Consumer,United States,New York City,New York,10024.0,East,FUR-FU-10001095,Furniture,Furnishings,DAX Black Cherry Wood-Tone Poster Frame,79.44,3.0,0.0,30.1872,Manual Upload,Rejected,
5709.0,US-2015-160857,5/8/2015,5/15/2015,Standard Class,NW-18400,Natalie Webber,Consumer,United States,New York City,New York,10024.0,East,OFF-SU-10000157,Office Supplies,Supplies,Compact Automatic Electric Letter Opener,357.93,3.0,0.0,7.1586,ERP,Rejected,
5710.0,US-2015-160857,5/8/2015,5/15/2015,Standard Class,NW-18400,Natalie Webber,Consumer,United States,New York City,NY,10024.0,East,FUR-CH-10002647,Furniture,Chairs,"Situations Contoured Folding Chairs, 4/Set",127.764,2.0,0.1,21.294,Legacy,,Urgent
5711.0,US-2015-160857,5/8/2015,5/15/2015,Standard Class,NW-18400,Natalie Webber,Consumer,United States,New York City,New York,10024.0,East,TEC-CO-10004115,Technology,Copiers,Sharp AL-1530CS Digital Copier,2799.944,7.0,0.2,1014.9797,CRM,Approved,Urgent
5712.0,US-2015-160857,5/8/2015,5/15/2015,Standard Class,NW-18400,Natalie Webber,Consumer,United States,new york city,New York,10024.0,East,OFF-PA-10003363,Office Supplies,Paper,Xerox 204,19.44,3.0,0.0,9.3312,ERP,,
5713.0,CA-2017-115805,7/31/2017,7/31/2017,Same Day,KW-16435,Katrina Willman,Consumer,United States,Chicago,Illinois,60653.0,Central,TEC-PH-10003092,Technology,Phones,Motorola L804,36.792,1.0,0.2,4.1391,Manual Upload,Rejected,Duplicate?
5714.0,US-2014-143707,3/1/2014,3/5/2014,Standard Class,HR-14770,Hallie Redmond,Home Office,United States,New York City,New York,10035.0,East,TEC-PH-10003655,Technology,Phones,Sannysis Cute Owl Design Soft Skin Case Cover for Samsung Galaxy S4,5.94,3.0,0.0,1.6038,Manual Upload,Approved,
5715.0,CA-2017-116939,9/25/2017,9/29/2017,Standard Class,AG-10900,Arthur Gainer,Consumer,United States,Richmond,Virginia,23223.0,South,OFF-ST-10001476,Office Supplies,Storage,Steel Personal Filing/Posting Tote,177.55,5.0,0.0,47.9385,CRM,Pending,
5716.0,CA-2015-124107,10/9/2015,10/12/2015,Second Class,BM-11650,Brian Moss,Corporate,United States,Ann Arbor,Michigan,48104.0,Central,TEC-AC-10002049,Technology,Accessories,Logitech G19 Programmable Gaming Keyboard,619.95,5.0,0.0,111.591,Manual Upload,Rejected,Urgent
5717.0,CA-2015-124107,10/9/2015,10/12/2015,Second Class,BM-11650,Brian Moss,Corporate,United States,Ann Arbor,Michigan,48104.0,Central,TEC-PH-10003875,Technology,Phones,KLD Oscar II Style Snap-on Ultra Thin Side Flip Synthetic Leather Cover Case for HTC One HTC M7,29.16,3.0,0.0,8.4564,CRM,,Urgent
5718.0,CA-2015-124107,10/9/2015,10/12/2015,Second Class,BM-11650,Brian Moss,Corporate,United States,Ann Arbor,Michigan,48104.0,Central,OFF-EN-10003286,Office Supplies,Envelopes,Staple envelope,57.96,7.0,0.0,27.2412,Legacy,,Duplicate?
5719.0,CA-2015-124107,10/9/2015,10/12/2015,Second Class,BM-11650,Brian Moss,Corporate,United States,Ann Arbor,Michigan,48104.0,Central,OFF-AP-10003971,office supplies,Appliances,Belkin 6 Outlet Metallic Surge Strip,29.403,3.0,0.1,5.2272,CRM,Rejected,Duplicate?
5720.0,CA-2017-126550,3/29/2017,4/2/2017,Second Class,RD-19720,Roger Demir,Consumer,United States,Lafayette,Indiana,47905.0,Central,OFF-ST-10001031,Office Supplies,Storage,Adjustable Personal File Tote,81.4,5.0,0.0,21.164,ERP,Rejected,Check later
5721.0,CA-2015-138674,11/14/2015,11/17/2015,First Class,KB-16585,Ken Black,Corporate,United States,Springfield,Oregon,97477.0,West,OFF-FA-10000304,Office Supplies,Fasteners,Advantus Push Pins,8.72,5.0,0.2,2.289,Manual Upload,Approved,Check later
5722.0,CA-2015-138674,11/14/2015,11/17/2015,First Class,KB-16585,Ken Black,Corporate,United States,Springfield,Oregon,97477.0,West,TEC-AC-10000358,Technology,Accessories,Imation Secure Drive + Hardware Encrypted USB flash drive - 16 GB,91.176,3.0,0.2,4.5588,Legacy,,Urgent
5723.0,CA-2015-138674,11/14/2015,11/17/2015,First Class,KB-16585,Ken Black,Corporate,United States,Springfield,Oregon,97477.0,West,TEC-AC-10002800,Technology,Accessories,Plantronics Audio 478 Stereo USB Headset,159.968,4.0,0.2,29.994,Legacy,Rejected,Urgent
5724.0,CA-2016-165820,9/26/2016,9/30/2016,Standard Class,DW-13585,Dorothy Wardle,Corporate,United States,San Francisco,California,94109.0,West,OFF-PA-10004735,Office Supplies,Paper,Xerox 1905,12.96,2.0,0.0,6.2208,ERP,Approved,Urgent
5725.0,CA-2014-103191,9/22/2014,9/27/2014,Standard Class,VG-21805,Vivek Grady,Corporate,United States,Chicago,Illinois,60653.0,Central,OFF-ST-10002574,Office Supplies,Storage,"SAFCO Commercial Wire Shelving, Black",331.536,3.0,0.2,-82.884,ERP,,
5726.0,CA-2015-103933,9/25/2015,9/27/2015,First Class,DR-12880,Dan Reichenbach,Corporate,United States,New York City,New York,10011.0,East,TEC-AC-10004171,Technology,Accessories,Razer Kraken 7.1 Surround Sound Over Ear USB Gaming Headset,899.91,9.0,0.0,395.9604,Manual Upload,,
5727.0,CA-2015-110548,5/4/2015,5/8/2015,Standard Class,AH-10690,Anna Häberlin,Corporate,United States,Houston,Texas,77095.0,Central,TEC-PH-10002922,Technology,Phones,ShoreTel ShorePhone IP 230 VoIP phone,946.344,7.0,0.2,118.293,CRM,Rejected,Check later
5728.0,CA-2017-117324,12/8/2017,12/13/2017,Standard Class,JP-15520,Jeremy Pistek,Consumer,United States,Madison,Wisconsin,53711.0,Central,TEC-AC-10003023,Technology,Accessories,Logitech G105 Gaming Keyboard,178.11,3.0,0.0,32.0598,ERP,Approved,Urgent
5729.0,CA-2017-117324,12/8/2017,12/13/2017,Standard Class,JP-15520,Jeremy Pistek,Consumer,United States,Madison,Wisconsin,53711.0,Central,OFF-AP-10003590,Office Supplies,Appliances,Hoover WindTunnel Plus Canister Vacuum,1089.75,3.0,0.0,305.13,CRM,,Duplicate?
5730.0,CA-2017-117324,12/8/2017,12/13/2017,Standard Class,JP-15520,Jeremy Pistek,Consumer,United States,Madison,Wisconsin,53711.0,Central,OFF-LA-10003510,Office Supplies,Labels,"Avery 4027 File Folder Labels for Dot Matrix Printers, 5000 Labels per Box, White",61.06,2.0,0.0,28.0876,ERP,Rejected,Duplicate?
5731.0,CA-2017-117324,12/8/2017,12/13/2017,Standard Class,JP-15520,Jeremy Pistek,Consumer,United States,Madison,Wisconsin,53711.0,Central,FUR-BO-10003159,Furniture,Bookcases,"Sauder Camden County Collection Libraries, Planked Cherry Finish",459.92,4.0,0.0,41.3928,Legacy,Approved,Check later
5732.0,CA-2017-117324,12/8/2017,12/13/2017,Standard Class,JP-15520,Jeremy Pistek,Consumer,United States,Madison,Wisconsin,53711.0,Central,OFF-PA-10002713,Office Supplies,Paper,"Adams Phone Message Book, 200 Message Capacity, 8 1/16 x 11",27.52,4.0,0.0,12.6592,Manual Upload,Pending,
5733.0,CA-2017-143574,6/29/2017,7/2/2017,First Class,DR-12880,Dan Reichenbach,Corporate,United States,Milford,Connecticut,6460.0,East,FUR-BO-10002598,Furniture,Bookcases,"Hon Metal Bookcases, Putty",638.82,9.0,0.0,185.2578,ERP,Pending,Check later
5734.0,CA-2017-143574,6/29/2017,7/2/2017,First Class,DR-12880,Dan Reichenbach,Corporate,United States,Milford,Connecticut,6460.0,East,OFF-SU-10002537,Office Supplies,Supplies,Acme Box Cutter Scissors,30.69,3.0,0.0,7.9794,CRM,Pending,
5735.0,CA-2017-143574,6/29/2017,7/2/2017,First Class,DR-12880,Dan Reichenbach,Corporate,United States,Milford,Connecticut,6460.0,East,FUR-FU-10003976,Furniture,Furnishings,"DAX Executive Solid Wood Document Frame, Desktop or Hang, Mahogany, 5 x 7",25.16,2.0,0.0,8.5544,Manual Upload,Approved,Duplicate?
5736.0,CA-2014-111773,6/29/2014,7/3/2014,Standard Class,JK-15625,Jim Karlsson,Consumer,United States,New York City,New York,10024.0,East,OFF-BI-10000174,Office Supplies,Binders,"Wilson Jones Clip & Carry Folder Binder Tool for Ring Binders, Clear",13.92,3.0,0.2,4.872,ERP,Approved,Duplicate?
5737.0,CA-2014-148614,1/20/2014,1/25/2014,Standard Class,MV-17485,Mark Van Huff,Consumer,United States,Los Angeles,California,90049.0,West,OFF-PA-10002893,Office Supplies,Paper,"Wirebound Service Call Books, 5 1/2"" x 4""",19.36,2.0,0.0,9.2928,Legacy,Pending,
5738.0,CA-2014-148614,1/20/2014,1/25/2014,Standard Class,MV-17485,Mark Van Huff,Consumer,United States,Los Angeles,California,90049.0,West,FUR-FU-10003194,Furniture,Furnishings,"Eldon Expressions Desk Accessory, Wood Pencil Holder, Oak",19.3,2.0,0.0,5.79,Legacy,Rejected,Duplicate?
5739.0,CA-2017-156139,12/31/2016,1/6/2017,Standard Class,BP-11155,Becky Pak,Consumer,United States,San Francisco,California,94109.0,West,OFF-BI-10004233,Office Supplies,Binders,"GBC Pre-Punched Binding Paper, Plastic, White, 8-1/2"" x 11""",38.376,3.0,0.2,13.4316,Legacy,Pending,Check later
5740.0,US-2017-147886,3/28/2017,3/31/2017,First Class,DH-13075,Dave Hallsten,Corporate,United States,Fairfield,California,94533.0,West,OFF-PA-10000232,Office Supplies,Paper,Xerox 1975,12.96,2.0,0.0,6.3504,ERP,,
5741.0,US-2017-147886,3/28/2017,3/31/2017,First Class,DH-13075,Dave Hallsten,Corporate,United States,Fairfield,California,94533.0,West,FUR-FU-10001095,Furniture,Furnishings,DAX Black Cherry Wood-Tone Poster Frame,26.48,1.0,0.0,10.0624,Legacy,Approved,
5742.0,US-2017-147886,3/28/2017,3/31/2017,First Class,DH-13075,Dave Hallsten,Corporate,United States,Fairfield,California,94533.0,West,TEC-MA-10004679,Technology,Machines,StarTech.com 10/100 VDSL2 Ethernet Extender Kit,532.72,2.0,0.2,53.272,ERP,Approved,Urgent
5743.0,US-2017-147886,3/28/2017,3/31/2017,First Class,DH-13075,Dave Hallsten,Corporate,United States,Fairfield,Calif.,94533.0,West,OFF-PA-10003651,Office Supplies,Paper,Xerox 1968,26.72,4.0,0.0,12.8256,CRM,Approved,
5744.0,US-2017-147886,3/28/2017,3/31/2017,First Class,DH-13075,Dave Hallsten,Corporate,United States,Fairfield,California,94533.0,West,OFF-PA-10000743,Office Supplies,Paper,Xerox 1977,20.04,3.0,0.0,9.6192,ERP,,
5745.0,US-2017-147886,3/28/2017,3/31/2017,First Class,DH-13075,Dave Hallsten,Corporate,United States,Fairfield,California,94533.0,West,OFF-ST-10002743,Office Supplies,Storage,SAFCO Boltless Steel Shelving,795.48,7.0,0.0,7.9548,CRM,Rejected,
5746.0,US-2017-147886,3/28/2017,3/31/2017,First Class,DH-13075,Dave Hallsten,Corporate,United States,Fairfield,California,94533.0,West,FUR-FU-10003829,Furniture,Furnishings,Stackable Trays,21.56,7.0,0.0,6.8992,Legacy,,Check later
5747.0,CA-2016-113733,12/8/2016,12/12/2016,Standard Class,LH-16900,Lena Hernandez,Consumer,United States,Greenville,North Carolina,27834.0,South,TEC-PH-10002496,Technology,Phones,Cisco SPA301,249.584,2.0,0.2,31.198,CRM,Pending,Check later
5748.0,CA-2016-113733,12/8/2016,12/12/2016,Standard Class,LH-16900,Lena Hernandez,Consumer,United States,Greenville,North Carolina,27834.0,South,TEC-AC-10002473,Technology,Accessories,Maxell 4.7GB DVD-R,68.112,3.0,0.2,17.8794,CRM,Rejected,Check later
5749.0,CA-2016-113733,12/8/2016,12/12/2016,Standard Class,LH-16900,Lena Hernandez,Consumer,United States,Greenville,North Carolina,27834.0,South,TEC-AC-10004877,Technology,Accessories,Imation 30456 USB Flash Drive 8GB,16.56,3.0,0.2,-2.484,Manual Upload,,Duplicate?
5750.0,CA-2017-104913,11/18/2017,11/22/2017,Standard Class,DK-13090,Dave Kipp,Consumer,United States,Long Beach,New York,11561.0,East,TEC-PH-10000923,Technology,Phones,"Belkin SportFit Armband For iPhone 5s/5c, Fuchsia",74.95,5.0,0.0,36.7255,Manual Upload,Approved,
5751.0,CA-2014-145800,5/30/2014,6/5/2014,Standard Class,SS-20410,Shahid Shariari,Consumer,United States,Buffalo Grove,Illinois,60089.0,Central,FUR-TA-10001539,Furniture,Tables,Chromcraft Rectangular Conference Tables,355.455,3.0,0.5,-184.8366,ERP,Approved,Duplicate?
5752.0,CA-2016-125850,1/22/2016,1/28/2016,Standard Class,FP-14320,Frank Preis,Consumer,United States,San Diego,California,92037.0,West,OFF-LA-10003498,Office Supplies,Labels,Avery 475,44.4,3.0,0.0,22.2,Manual Upload,Rejected,Duplicate?
5753.0,CA-2016-125850,1/22/2016,1/28/2016,Standard Class,FP-14320,Frank Preis,Consumer,United States,San Diego,California,92037.0,West,OFF-LA-10004484,Office Supplies,Labels,Avery 476,20.65,5.0,0.0,9.499,Legacy,,Urgent
5754.0,CA-2016-118514,2/3/2016,2/10/2016,Standard Class,LC-17050,Liz Carlisle,Consumer,United States,Richmond,Kentucky,40475.0,South,FUR-CH-10000015,Furniture,Chairs,Hon Multipurpose Stacking Arm Chairs,866.4,4.0,0.0,225.264,Legacy,Rejected,Duplicate?
5755.0,CA-2015-150749,3/29/2015,4/3/2015,Second Class,AS-10240,Alan Shonely,Consumer,United States,Springfield,Virginia,22153.0,South,OFF-AR-10003732,Office Supplies,Art,Newell 333,5.56,2.0,0.0,1.4456,Manual Upload,,
5756.0,CA-2014-163748,10/14/2014,10/18/2014,Standard Class,HG-15025,Hunter Glantz,Consumer,United States,Fort Worth,Texas,76106.0,Central,OFF-AP-10004052,Office Supplies,Appliances,"Hoover Replacement Belts For Soft Guard & Commercial Ltweight Upright Vacs, 2/Pk",3.16,4.0,0.8,-8.532,Legacy,Rejected,Duplicate?
5757.0,CA-2014-163748,10/14/2014,10/18/2014,Standard Class,HG-15025,Hunter Glantz,Consumer,United States,Fort Worth,Texas,76106.0,Central,TEC-CO-10002095,Technology,Copiers,Hewlett Packard 610 Color Digital Copier / Printer,1999.96,5.0,0.2,624.9875,CRM,,
5758.0,CA-2015-119634,8/11/2015,8/16/2015,Standard Class,BW-11065,Barry Weirich,Consumer,United States,Raleigh,North Carolina,27604.0,South,FUR-FU-10004270,Furniture,Furnishings,"Executive Impressions 13"" Clairmont Wall Clock",46.152,3.0,0.2,12.1149,Legacy,,Check later
5759.0,CA-2015-149300,11/22/2015,11/23/2015,First Class,BH-11710,Brosina Hoffman,Consumer,United States,Hialeah,Florida,33012.0,South,TEC-MA-10000423,TECHNOLOGY,Machines,Texas Instruments TI-34 Scientific Calculator,32.985,3.0,0.5,-1.9791,Manual Upload,Approved,
5760.0,US-2016-111528,12/30/2016,12/30/2016,Same Day,JP-16135,Julie Prescott,Home Office,United States,Los Angeles,California,90032.0,West,OFF-ST-10001526,Office Supplies,Storage,Iceberg Mobile Mega Data/Printer Cart ,481.32,4.0,0.0,125.1432,CRM,,Urgent
5761.0,US-2016-111528,12/30/2016,12/30/2016,Same Day,JP-16135,Julie Prescott,Home Office,United States,Los Angeles,California,90032.0,West,OFF-BI-10002194,Office Supplies,Binders,Cardinal Hold-It CD Pocket,6.384,1.0,0.2,2.1546,CRM,Rejected,
5762.0,CA-2017-158169,8/12/2017,8/15/2017,First Class,JM-16195,Justin MacKendrick,Consumer,United States,Lake Forest,California,92630.0,West,OFF-AP-10000828,Office Supplies,Appliances,Avanti 4.4 Cu. Ft. Refrigerator,-500.0,3.0,0.0,152.0232,CRM,Rejected,Duplicate?
5763.0,CA-2017-158169,8/12/2017,8/15/2017,First Class,JM-16195,Justin MacKendrick,Consumer,United States,Lake Forest,California,92630.0,West,FUR-FU-10001473,Furniture,Furnishings,DAX Wood Document Frame,54.92,4.0,0.0,19.7712,Legacy,Pending,Urgent
5764.0,CA-2015-162047,11/3/2015,11/5/2015,First Class,FH-14365,Fred Hopkins,Corporate,United States,Long Beach,New York,11561.0,East,FUR-CH-10004983,Furniture,Chairs,Office Star - Mid Back Dual function Ergonomic High Back Chair with 2-Way Adjustable Arms,1448.82,10.0,0.1,209.274,Manual Upload,Rejected,Duplicate?
5765.0,CA-2015-117772,9/10/2015,9/12/2015,Second Class,MC-17575,Matt Collins,Consumer,United States,Seattle,Washington,98103.0,West,OFF-ST-10003994,Office Supplies,Storage,"Belkin 19"" Center-Weighted Shelf, Gray",353.88,6.0,0.0,17.694,ERP,,Urgent
5766.0,US-2014-126340,11/8/2014,11/14/2014,Standard Class,EB-13870,Emily Burns,Consumer,United States,Redding,California,96003.0,West,TEC-PH-10004447,Technology,Phones,Toshiba IPT2010-SD IP Telephone,333.576,3.0,0.2,25.0182,CRM,Rejected,Check later
5767.0,CA-2016-149685,10/8/2016,10/15/2016,Standard Class,PM-19135,Peter McVee,Home Office,United States,San Antonio,Texas,78207.0,Central,OFF-LA-10004545,Office Supplies,Labels,Avery 50,60.144,6.0,0.2,20.2986,ERP,Approved,Urgent
5768.0,CA-2017-126396,9/8/2017,9/12/2017,Second Class,AR-10345,Alex Russell,Corporate,United States,Houston,Texas,77070.0,Central ,TEC-AC-10003116,Technology,Accessories,Memorex Froggy Flash Drive 8 GB,85.2,6.0,0.2,20.235,ERP,Approved,Duplicate?
5769.0,CA-2015-154900,2/25/2015,3/1/2015,Standard Class,SS-20875,Sung Shariari,Consumer,United States,Leominster,Massachusetts,1453.0,East,OFF-LA-10001641,Office Supplies,Labels,Avery 518,3.15,1.0,0.0,1.512,CRM,,Check later
5770.0,CA-2015-154900,2/25/2015,3/1/2015,Standard Class,SS-20875,Sung Shariari,Consumer,United States,Leominster,Massachusetts,1453.0,East,OFF-PA-10002377,Office Supplies,Paper,"Adams Telephone Message Book W/Dividers/Space For Phone Numbers, 5 1/4""X8 1/2"", 200/Messages",22.72,4.0,0.0,10.224,ERP,Pending,Urgent
5771.0,CA-2015-103835,9/24/2015,9/28/2015,Standard Class,SC-20440,Shaun Chance,Corporate,United States,Los Angeles,California,90032.0,West,FUR-FU-10000010,Furniture,Furnishings,"DAX Value U-Channel Document Frames, Easel Back",14.91,3.0,0.0,4.6221,CRM,Pending,
5772.0,CA-2015-103835,9/24/2015,9/28/2015,Standard Class,SC-20440,Shaun Chance,Corporate,United States,Los Angeles,California,90032.0,West,OFF-AP-10002651,Office Supplies,Appliances,Hoover Upright Vacuum With Dirt Cup,1158.12,4.0,0.0,335.8548,CRM,Pending,
5773.0,CA-2015-158939,11/26/2015,12/1/2015,Standard Class,EA-14035,Erin Ashbrook,Corporate,United States,Springfield,Missouri,65807.0,Central,TEC-CO-10002313,Technology,Copiers,Canon PC1080F Personal Copier,599.99,1.0,0.0,233.9961,CRM,Approved,Check later
5774.0,CA-2016-117408,8/31/2016,9/6/2016,Standard Class,TP-21130,Theone Pippenger,Consumer,United States,Waco,Texas,76706.0,Central,OFF-ST-10001580,Office Supplies,Storage,Super Decoflex Portable Personal File,23.968,2.0,0.2,2.3968,CRM,Pending,
5775.0,CA-2016-142398,4/12/2016,4/16/2016,Standard Class,BP-11290,Beth Paige,Consumer,United States,Los Angeles,California,90036.0,West,FUR-CH-10001545,Furniture,Chairs,Hon Comfortask Task/Swivel Chairs,638.288,7.0,0.2,-31.9144,ERP,Approved,Urgent
5776.0,CA-2016-142398,4/12/2016,4/16/2016,Standard Class,BP-11290,Beth Paige,Consumer,United States,Los Angeles,California,90036.0,West,OFF-BI-10004826,Office Supplies,Binders,JM Magazine Binder,13.208,1.0,0.2,4.6228,Manual Upload,,
5777.0,CA-2016-105277,12/4/2016,12/8/2016,Standard Class,LM-17065,Liz MacKendrick,Consumer,United States,Auburn,New York,13021.0,East,OFF-BI-10000301,Office Supplies,Binders,GBC Instant Report Kit,15.528,3.0,0.2,5.823,Manual Upload,Approved,Urgent
5778.0,CA-2016-112060,12/4/2016,12/9/2016,Standard Class,KT-16465,Kean Takahito,Consumer,United States,San Francisco,California,94109.0,West,OFF-PA-10000994,Office Supplies,Paper,Xerox 1915,104.85,1.0,0.0,50.328,CRM,,
5779.0,CA-2014-105270,11/11/2014,11/18/2014,Standard Class,AP-10915,Arthur Prichep,Consumer,United States,Los Angeles,California,90008.0,West,OFF-AR-10003156,Office Supplies,Art,50 Colored Long Pencils,30.48,3.0,0.0,7.9248,CRM,Pending,Urgent
5780.0,CA-2014-105270,11/11/2014,11/18/2014,Standard Class,AP-10915,Arthur Prichep,Consumer,United States,Los Angeles,California,90008.0,WEST,FUR-CH-10000988,Furn,Chairs,Hon Olson Stacker Stools,112.648,1.0,0.2,11.2648,CRM,Pending,Check later
5781.0,US-2015-159513,4/2/2015,4/9/2015,Standard Class,JD-15790,John Dryer,Consumer,United States,Los Angeles,California,90049.0,West,TEC-MA-10003329,Technology,Machines,"Vtech AT&T CL2940 Corded Speakerphone, Black",71.976,3.0,0.2,24.2919,Manual Upload,,Check later
5782.0,CA-2015-155586,12/12/2015,12/16/2015,Second Class,XP-21865,Xylona Preis,Consumer,United States,Chico,California,95928.0,West,OFF-AR-10001547,Office Supplies,Art,Newell 311,2.21,1.0,0.0,0.5967,Manual Upload,Pending,
5783.0,CA-2015-155586,12/12/2015,12/16/2015,Second Class,XP-21865,Xylona Preis,Consumer,United States,Chico,California,95928.0,West,OFF-EN-10003072,Office Supplies,Envelopes,Peel & Seel Envelopes,15.52,4.0,0.0,7.4496,Manual Upload,,
5784.0,CA-2015-155586,12/12/2015,12/16/2015,Second Class,XP-21865,Xylona Preis,Consumer,United States,Chico,California,95928.0,West,OFF-PA-10000726,Office Supplies,Paper,"Black Print Carbonless Snap-Off Rapid Letter, 8 1/2"" x 7""",36.44,4.0,0.0,16.398,Manual Upload,,Duplicate?
5785.0,CA-2017-141117,10/2/2017,10/8/2017,Standard Class,JK-16090,Juliana Krohn,Consumer,United States,Springfield,Oregon,97477.0,West,FUR-BO-10001972,Furniture,Bookcases,O'Sullivan 4-Shelf Bookcase in Odessa Pine,217.764,6.0,0.7,-384.7164,ERP,,
5786.0,CA-2017-141117,10/2/2017,10/8/2017,Standard Class,JK-16090,Juliana Krohn,Consumer,United States,Springfield,Oregon,97477.0,West,OFF-SU-10004664,Office Supplies,Supplies,Acme Softgrip Scissors,39.072,6.0,0.2,4.3956,ERP,Pending,
5787.0,CA-2017-141117,10/2/2017,10/8/2017,Standard Class,JK-16090,Juliana Krohn,Consumer,United States,Springfield,Oregon,97477.0,West,OFF-BI-10003676,Office Supplies,Binders,"GBC Standard Recycled Report Covers, Clear Plastic Sheets",22.638,7.0,0.7,-16.6012,CRM,,Duplicate?
5788.0,CA-2017-141117,10/2/2017,10/8/2017,Standard Class,JK-16090,Juliana Krohn,Consumer,United States,Springfield,Oregon,97477.0,West,OFF-AR-10003727,Office Supplies,Art,Berol Giant Pencil Sharpener,95.144,7.0,0.2,10.7037,CRM,Rejected,Check later
5789.0,CA-2017-115070,4/10/2017,4/14/2017,Second Class,MG-18205,Mitch Gastineau,Corporate,United States,Jacksonville,Florida,32216.0,South,FUR-FU-10003829,Furniture,Furnishings,Stackable Trays,12.32,5.0,0.2,1.848,Legacy,Rejected,
5790.0,CA-2017-115070,4/10/2017,4/14/2017,Second Class,MG-18205,Mitch Gastineau,Corporate,United States,Jacksonville,Florida,32216.0,South,OFF-BI-10003712,Office Supplies,Binders,"Acco Pressboard Covers with Storage Hooks, 14 7/8"" x 11"", Light Blue",4.419,3.0,0.7,-3.0933,ERP,Pending,Urgent
5791.0,CA-2017-140186,9/29/2017,10/2/2017,First Class,PG-18820,Patrick Gardner,Consumer,United States,Bakersfield,California,93309.0,West,OFF-FA-10002280,Office Supplies,Fasteners,Advantus Plastic Paper Clips,35.0,7.0,0.0,16.8,Manual Upload,,
5792.0,CA-2017-140186,9/29/2017,10/2/2017,First Class,PG-18820,Patrick Gardner,Consumer,United States,Bakersfield,California,93309.0,West,FUR-CH-10002961,Furniture,Chairs,"Leather Task Chair, Black",72.784,1.0,0.2,0.0,Manual Upload,Pending,
5793.0,CA-2017-140186,9/29/2017,10/2/2017,First Class,PG-18820,Patrick Gardner,Consumer,United States,Bakersfield,California,93309.0,West,OFF-AP-10002578,Office Supplies,Appliances,"Fellowes Premier Superior Surge Suppressor, 10-Outlet, With Phone and Remote",97.84,2.0,0.0,25.4384,Legacy,,
5794.0,CA-2017-140186,9/29/2017,10/2/2017,First Class,PG-18820,Patrick Gardner,Consumer,United States,Bakersfield,California,93309.0,West,FUR-FU-10004848,Furniture,Furnishings,"Howard Miller 13-3/4"" Diameter Brushed Chrome Round Wall Clock",51.75,1.0,0.0,15.525,Manual Upload,Approved,Urgent
5795.0,CA-2017-140186,9/29/2017,10/2/2017,First Class,PG-18820,Patrick Gardner,Consumer,United States,Bakersfield,California,,West,OFF-BI-10003364,Office Supplies,Binders,Binding Machine Supplies,46.672,2.0,0.2,16.3352,CRM,Approved,
5796.0,CA-2014-124856,9/29/2014,10/3/2014,Second Class,LD-17005,Lisa DeCherney,Consumer,United States,New York City,New York,10011.0,East,OFF-ST-10002615,Office Supplies,Storage,"Dual Level, Single-Width Filing Carts",1395.54,9.0,0.0,362.8404,Legacy,Rejected,Check later
5797.0,CA-2014-124856,9/29/2014,10/3/2014,Second Class,LD-17005,Lisa DeCherney,Consumer,United States,New York City,New York,10011.0,East,FUR-FU-10000521,Furniture,Furnishings,"Seth Thomas 14"" Putty-Colored Wall Clock",117.36,4.0,0.0,36.3816,ERP,,Duplicate?
5798.0,CA-2014-124856,9/29/2014,10/3/2014,Second Class,LD-17005,Lisa DeCherney,Consumer,United States,New York City,New York,10011.0,East,OFF-LA-10000121,Office Supplies,Labels,Avery 48,18.9,3.0,0.0,8.694,Legacy,Pending,Urgent
5799.0,CA-2014-124856,9/29/2014,10/3/2014,Second Class,LD-17005,Lisa DeCherney,Consumer,United States,New York City,New York,10011.0,East,OFF-PA-10001289,Office Supplies,Paper,White Computer Printout Paper by Universal,77.52,2.0,0.0,37.9848,CRM,Approved,Check later
5800.0,CA-2014-166716,8/20/2014,8/25/2014,Second Class,CR-12730,Craig Reiter,Consumer,United States,Chicago,Illinois,60610.0,Central,FUR-CH-10004495,Furniture,Chairs,"Global Leather and Oak Executive Chair, Black",421.372,2.0,0.3,-6.0196,Legacy,Approved,
5801.0,CA-2014-123225,7/11/2014,7/14/2014,First Class,MN-17935,Michael Nguyen,Consumer,United States,El Paso,Texas,79907.0,Central,TEC-PH-10000895,Technology,Phones,Polycom VVX 310 VoIP phone,575.968,4.0,0.2,43.1976,CRM,Rejected,
5802.0,CA-2014-123225,7/11/2014,7/14/2014,First Class,MN-17935,Michael Nguyen,Consumer,United States,El Paso,Texas,79907.0,Central,OFF-PA-10000552,Office Supplies,Paper,Xerox 200,10.368,2.0,0.2,3.6288,CRM,,Urgent
5803.0,CA-2015-163440,3/22/2015,3/24/2015,First Class,RD-19900,Ruben Dartt,Consumer,United States,Thousand Oaks,California,91360.0,West,TEC-PH-10000376,Technology,Phones,Square Credit Card Reader,15.984,2.0,0.2,1.1988,Manual Upload,Rejected,Check later
5804.0,US-2017-106796,5/12/2017,5/19/2017,Standard Class,JP-16135,Julie Prescott,Home Office,United States,Springfield,Ohio,45503.0,East,OFF-AR-10003504,Office Supplies,Art,Newell 347,10.272,3.0,0.2,1.1556,ERP,Rejected,
5805.0,CA-2017-113873,11/13/2017,11/19/2017,Standard Class,KE-16420,Katrina Edelman,Corporate,United States,Dallas,Texas,75220.0,Central,OFF-ST-10000943,Office Supplies,Storage,Eldon ProFile File 'N Store Portable File Tub Letter/Legal Size Black,61.792,4.0,0.2,6.1792,Legacy,Rejected,
5806.0,CA-2017-113873,11/13/2017,11/19/2017,Standard Class,KE-16420,Katrina Edelman,Corporate,United States,Dallas,Texas,75220.0,Central,FUR-BO-10003441,Furniture,Bookcases,"Bush Westfield Collection Bookcases, Fully Assembled",205.9992,3.0,0.32,-27.2646,Manual Upload,,Check later
5807.0,CA-2016-149783,9/4/2016,9/7/2016,Second Class,DL-13315,Delfina Latchford,Consumer,United States,Knoxville,Tennessee,37918.0,South,OFF-PA-10002195,Office Supplies,Paper,"RSVP Cards & Envelopes, Blank White, 8-1/2"" X 11"", 24 Cards/25 Envelopes/Set",12.192,3.0,0.2,4.1148,CRM,,
5808.0,CA-2016-149783,04 Sep 2016,9/7/2016,Second Class,DL-13315,Delfina Latchford,Consumer,United States,Knoxville,Tennessee,37918.0,South,OFF-AP-10001205,Office Supplies,Appliances,Belkin 5 Outlet SurgeMaster Power Centers,87.168,2.0,0.2,8.7168,Legacy,Approved,
5809.0,CA-2016-149783,9/4/2016,9/7/2016,Second Class,DL-13315,Delfina Latchford,Consumer,United States,Knoxville,Tennessee,37918.0,South,OFF-AR-10002987,Office Supplies,Art,Prismacolor Color Pencil Set,31.744,2.0,0.2,8.3328,Legacy,Pending,Urgent
5810.0,CA-2016-125017,2/6/2016,2/11/2016,Standard Class,KB-16240,Karen Bern,Corporate,United States,Chattanooga,Tennessee,37421.0,South,FUR-FU-10000723,Furniture,Furnishings,"Deflect-o EconoMat Studded, No Bevel Mat for Low Pile Carpeting",132.224,4.0,0.2,-18.1808,Legacy,Approved,
5811.0,US-2015-163279,3/22/2015,3/26/2015,Standard Class,JD-16150,Justin Deggeller,Corporate,United States,San Diego,California,92037.0,West,OFF-PA-10003127,Office Supplies,Paper,Easy-staple paper,105.52,4.0,0.0,48.5392,ERP,,Duplicate?
5812.0,US-2015-163279,3/22/2015,3/26/2015,Standard Class,JD-16150,Justin Deggeller,Corporate,United States,San Diego,California,92037.0,West,FUR-FU-10000747,Furniture,Furnishings,Tenex B1-RE Series Chair Mats for Low Pile Carpets,91.96,2.0,0.0,15.6332,Legacy,Pending,Duplicate?
5813.0,US-2015-163279,3/22/2015,3/26/2015,Standard Class,JD-16150,Justin Deggeller,Corporate,United States,San Diego,California,92037.0,West,TEC-PH-10001795,Technology,Phones,ClearOne CHATAttach 160 - speaker phone,1487.976,3.0,0.2,185.997,Manual Upload,Rejected,
5814.0,CA-2015-150196,7/2/2015,7/3/2015,First Class,SR-20740,Steven Roelle,Home Office,United States,New York City,New York,10024.0,East,OFF-PA-10003797,Office Supplies,Paper,Xerox 209,19.44,3.0,0.0,9.3312,CRM,,Duplicate?
5815.0,US-2015-106495,6/15/2015,6/17/2015,First Class,AC-10450,Amy Cox,Consumer,United States,Tampa,Florida,33614.0,South,TEC-AC-10002718,Technology,Accessories,Belkin Standard 104 key USB Keyboard,11.672,1.0,0.2,-0.7295,ERP,,Duplicate?
5816.0,CA-2014-124730,11/26/2014,11/26/2014,Same Day,LS-17245,Lynn Smith,Consumer,United States,Utica,New York,13501.0,East,TEC-PH-10002170,Technology,Phones,ClearSounds CSC500 Amplified Spirit Phone Corded phone,279.96,4.0,0.0,78.3888,CRM,Pending,
5817.0,CA-2014-124730,11/26/2014,11/26/2014,Same Day,LS-17245,Lynn Smith,Consumer,United States,Utica,New York,13501.0,East,OFF-BI-10001078,Office Supplies,Binders,"Acco PRESSTEX Data Binder with Storage Hooks, Dark Blue, 14 7/8"" X 11""",12.912,3.0,0.2,4.6806,Manual Upload,Approved,Urgent
5818.0,CA-2014-124730,11/26/2014,11/26/2014,Same Day,LS-17245,Lynn Smith,Consumer,United States,Utica,New York,13501.0,East,OFF-BI-10001031,Office Supplies,Binders,Pressboard Data Binders by Wilson Jones,17.088,4.0,0.2,5.7672,ERP,,Duplicate?
5819.0,CA-2014-124730,11/26/2014,11/26/2014,Same Day,LS-17245,Lynn Smith,Consumer,United States,Utica,New York,13501.0,East,OFF-LA-10001158,Office Supplies,Labels,"Avery Address/Shipping Labels for Typewriters, 4"" x 2""",93.15,9.0,0.0,44.712,Manual Upload,Rejected,Urgent
5820.0,CA-2014-124730,11/26/2014,11/26/2014,Same Day,LS-17245,Lynn Smith,Consumer,United States,Utica,New York,13501.0,East,OFF-LA-10001613,Office Supplies,Labels,Avery File Folder Labels,11.52,4.0,0.0,5.6448,Legacy,Approved,Check later
5821.0,CA-2017-117632,5/12/2017,5/18/2017,Standard Class,CS-12175,Charles Sheldon,Corporate,United States,San Francisco,California,94122.0,West,OFF-SU-10000157,Office Supplies,Supplies,Compact Automatic Electric Letter Opener,238.62,2.0,0.0,4.7724,Legacy,Pending,Urgent
5822.0,CA-2017-117632,05/12/2017,5/18/2017,Standard Class,CS-12175,Charles Sheldon,Corporate,United States,San Francisco,California,94122.0,West,OFF-AP-10004868,Office Supplies,Appliances,Hoover Commercial Soft Guard Upright Vacuum And Disposable Filtration Bags,7.77,1.0,0.0,2.0979,ERP,Approved,Duplicate?
5823.0,CA-2017-117632,5/12/2017,5/18/2017,Standard Class,CS-12175,Charles Sheldon,Corporate,United States,San Francisco,California,94122.0,West,FUR-TA-10001520,Furniture,Tables,"Lesro Sheffield Collection Coffee Table, End Table, Center Table, Corner Table",285.48,5.0,0.2,-10.7055,Legacy,Pending,
5824.0,CA-2017-117632,5/12/2017,5/18/2017,Standard Class,CS-12175,Charles Sheldon,Corporate,United States,San Francisco,California,94122.0,West,OFF-BI-10001900,Office Supplies,Binders,"DXL Angle-View Binders with Locking Rings, Black",19.168,4.0,0.2,6.4692,Legacy,Approved,
5825.0,CA-2014-115056,5/2/2014,02/05/2014,Same Day,AR-10510,Andrew Roberts,Consumer,United States,Columbus,Ohio,43229.0,East,OFF-AP-10003971,Office Supplies,Appliances,Belkin 6 Outlet Metallic Surge Strip,26.136,3.0,0.2,1.9602,ERP,Rejected,Duplicate?
5826.0,CA-2017-161067,9/3/2017,9/6/2017,Second Class,KB-16405,Katrina Bavinger,Home Office,United States,New York City,New York,10035.0,EAST,OFF-PA-10000418,Office Supplies,Paper,Xerox 189,419.4,4.0,0.0,201.312,CRM,Pending,
5827.0,CA-2017-161067,9/3/2017,9/6/2017,Second Class,KB-16405,Katrina Bavinger,Home Office,United States,New York City,New York,10035.0,East,FUR-CH-10004626,Furniture,Chairs,Office Star Flex Back Scooter Chair with Aluminum Finish Frame,90.801,1.0,0.1,14.1246,Legacy,Rejected,Duplicate?
5828.0,CA-2017-161067,9/3/2017,9/6/2017,Second Class,KB-16405,Katrina Bavinger,Home Office,United States,New York City,New York,10035.0,East,FUR-CH-10004860,Furniture,Chairs,Global Low Back Tilter Chair,181.764,2.0,0.1,-8.0784,ERP,Pending,
5829.0,CA-2017-161067,9/3/2017,9/6/2017,Second Class,KB-16405,Katrina Bavinger,Home Office,United States,New York City,New York,10035.0,East,OFF-AR-10003251,Office Supplies,Art,Prang Drawing Pencil Set,5.56,2.0,0.0,2.224,ERP,Rejected,Duplicate?
5830.0,CA-2016-122063,12/3/2016,12/7/2016,Standard Class,MM-17920,Michael Moore,Consumer,United States,Richmond,Indiana,47374.0,Central,FUR-TA-10004575,Furniture,Tables,Hon 5100 Series Wood Tables,581.96,2.0,0.0,104.7528,Manual Upload,Approved,
5831.0,CA-2016-122063,12/3/2016,12/7/2016,Standard Class,MM-17920,Michael Moore,Consumer,United States,Richmond,Indiana,47374.0,Central,FUR-CH-10004754,Furniture,Chairs,"Global Stack Chair with Arms, Black",29.98,1.0,0.0,8.0946,CRM,,
5832.0,CA-2015-111206,7/18/2015,7/22/2015,Standard Class,RF-19735,Roland Fjeld,Consumer,United States,San Diego,California,92105.0,West,TEC-AC-10003095,Technology,Accessories,Logitech G35 7.1-Channel Surround Sound Headset,519.96,4.0,0.0,176.7864,Manual Upload,,Urgent
5833.0,CA-2016-142895,7/21/2016,7/26/2016,Standard Class,BP-11290,Beth Paige,Consumer,United States,Concord,North Carolina,28027.0,South,OFF-LA-10000262,Office Supplies,Labels,Avery 494,6.264,3.0,0.2,2.0358,Legacy,,Check later
5834.0,CA-2016-142895,7/21/2016,7/26/2016,Standard Class,BP-11290,Beth Paige,Consumer,United States,Concord,North Carolina,28027.0,South,FUR-CH-10002961,Furniture,Chairs,"Leather Task Chair, Black",363.92,5.0,0.2,0.0,CRM,,
5835.0,CA-2015-101868,6/9/2015,6/16/2015,Standard Class,MJ-17740,Max Jones,Consumer,United States,Miami,Florida,33178.0,South,OFF-BI-10003876,Office Supplies,Binders,"Green Canvas Binder for 8-1/2"" x 14"" Sheets",64.2,5.0,0.7,-42.8,CRM,Rejected,Urgent
5836.0,CA-2015-101868,6/9/2015,6/16/2015,Standard Class,MJ-17740,Max Jones,Consumer,United States,Miami,Florida,33178.0,South,OFF-BI-10002133,Office Supplies,Binders,"Wilson Jones Elliptical Ring 3 1/2"" Capacity Binders, 800 sheets",38.52,3.0,0.7,0.0,Legacy,Approved,
5837.0,CA-2015-101868,6/9/2015,6/16/2015,Standard Class,MJ-17740,Max Jones,Consumer,United States,Miami,Florida,33178.0,South,TEC-AC-10004396,Technology,Accessories,Logitech Keyboard K120,72.6,5.0,0.2,-8.1675,ERP,,Urgent
5838.0,CA-2017-133207,11/27/2017,12/3/2017,Standard Class,DO-13645,Doug O'Connell,Consumer,United States,Los Angeles,California,90036.0,West,TEC-PH-10004100,Technology,Phones,Griffin GC17055 Auxiliary Audio Cable,57.568,4.0,0.2,5.7568,CRM,Approved,Check later
5839.0,CA-2015-132948,3/27/2015,4/3/2015,Standard Class,MV-17485,Mark Van Huff,Consumer,United States,Seattle,Washington,98115.0,West,OFF-ST-10000636,Office Supplies,Storage,Rogers Profile Extra Capacity Storage Tub,83.7,5.0,0.0,3.348,Manual Upload,Approved,
5840.0,CA-2015-134992,9/22/2015,9/26/2015,Second Class,MG-17875,Michael Grace,Home Office,United States,Arlington,Virginia,22204.0,South,OFF-PA-10001972,Office Supplies,Paper,Xerox 214,32.4,5.0,0.0,15.552,ERP,Approved,Urgent
5841.0,CA-2015-134992,9/22/2015,9/26/2015,Second Class,MG-17875,Michael Grace,Home Office,United States,Arlington,Virginia,22204.0,South,FUR-FU-10002554,Furniture,Furnishings,"Westinghouse Floor Lamp with Metal Mesh Shade, Black",47.98,2.0,0.0,11.0354,ERP,,Check later
5842.0,CA-2015-126725,11/17/2015,11/21/2015,Standard Class,BS-11665,Brian Stugart,Consumer,United States,San Diego,California,92105.0,West,TEC-PH-10003174,Technology,Phones,RCA ViSYS 25825 Wireless digital phone,415.968,4.0,0.2,51.996,Manual Upload,Rejected,
5843.0,CA-2015-126725,11/17/2015,11/21/2015,Standard Class,BS-11665,Brian Stugart,Consumer,United States,San Diego,California,92105.0,West,OFF-ST-10001418,Office Supplies,Storage,Carina Media Storage Towers in Natural & Black,304.9,5.0,0.0,6.098,Manual Upload,,
5844.0,CA-2015-126725,11/17/2015,11/21/2015,Standard Class,BS-11665,Brian Stugart,Consumer,United States,San Diego,California,92105.0,West,FUR-FU-10002813,Furniture,Furnishings,"DAX Contemporary Wood Frame with Silver Metal Mat, Desktop, 11 x 14 Size",80.96,4.0,0.0,29.1456,CRM,Rejected,Urgent
5845.0,CA-2015-126725,11/17/2015,11/21/2015,Standard Class,BS-11665,Brian Stugart,Consumer,United States,San Diego,California,92105.0,West,OFF-ST-10000129,Office Supplies,Storage,Fellowes Recycled Storage Drawers,0.0,7.0,0.0,54.4047,Manual Upload,Pending,Check later
5846.0,CA-2015-126725,11/17/2015,11/21/2015,Standard Class,BS-11665,Brian Stugart,Consumer,United States,San Diego,California,92105.0,West,OFF-PA-10001639,Office Supplies,Paper,Xerox 203,32.4,5.0,0.0,15.552,ERP,,Check later
5847.0,CA-2015-126725,11/17/2015,11/21/2015,Standard Class,BS-11665,Brian Stugart,Consumer,United States,San Diego,California,92105.0,West,FUR-CH-10001708,Furniture,Chairs,Office Star - Contemporary Swivel Chair with Padded Adjustable Arms and Flex Back,225.568,2.0,0.2,2.8196,ERP,,Duplicate?
5848.0,CA-2015-126725,11/17/2015,11/21/2015,Standard Class,BS-11665,Brian Stugart,Consumer,United States,San Diego,California,92105.0,West,FUR-FU-10001591,Furniture,Furnishings,Advantus Panel Wall Certificate Holder - 8.5x11,36.6,3.0,0.0,15.372,CRM,Rejected,Urgent
5849.0,CA-2015-121783,11/10/2015,11/14/2015,Standard Class,PO-19180,Philisse Overcash,Home Office,United States,Roseville,Minnesota,55113.0,Central,OFF-AP-10003849,Office Supplies,Appliances,Hoover Shoulder Vac Commercial Portable Vacuum,715.64,2.0,0.0,178.91,Manual Upload,Approved,
5850.0,CA-2015-121783,11/10/2015,11/14/2015,Standard Class,PO-19180,Philisse Overcash,Home Office,United States,Roseville,Minnesota,55113.0,Central,OFF-ST-10000078,Office Supplies,Storage,Tennsco 6- and 18-Compartment Lockers,795.51,3.0,0.0,143.1918,Manual Upload,Pending,Urgent
5851.0,CA-2015-121783,11/10/2015,11/14/2015,Standard Class,PO-19180,Philisse Overcash,Home Office,United States,Roseville,Minnesota,55113.0,Central,TEC-CO-10001571,Technology,Copiers,Sharp 1540cs Digital Laser Copier,549.99,1.0,0.0,274.995,ERP,Rejected,Check later
5852.0,CA-2015-121783,11/10/2015,11/14/2015,Standard Class,PO-19180,Philisse Overcash,Home Office,United States,Roseville,Minnesota,55113.0,Central,OFF-BI-10001658,Office Supplies,Binders,GBC Standard Therm-A-Bind Covers,74.76,3.0,0.0,34.3896,Manual Upload,,Check later
5853.0,CA-2015-121783,11/10/2015,11/14/2015,Standard Class,PO-19180,Philisse Overcash,Home Office,United States,Roseville,Minnesota,55113.0,Central,FUR-FU-10004351,Furniture,Furnishings,Staple-based wall hangings,29.22,3.0,0.0,12.8568,CRM,Approved,
5854.0,US-2014-138835,9/10/2014,9/14/2014,Standard Class,DA-13450,Dianna Arnett,Home Office,United States,Virginia Beach,Virginia,23464.0,South,OFF-BI-10003314,Office Supplies,Binders,Tuff Stuff Recycled Round Ring Binders,9.64,2.0,0.0,4.7236,ERP,Approved,
5855.0,CA-2015-112214,8/5/2015,8/11/2015,Standard Class,AH-10690,Anna Häberlin,Corporate,United States,Dallas,Texas,75220.0,Central,OFF-ST-10001505,Office Supplies,Storage,"Perma STOR-ALL Hanging File Box, 13 1/8""W x 12 1/4""D x 10 1/2""H",33.488,7.0,0.2,-1.2558,Manual Upload,Rejected,Duplicate?
5856.0,CA-2015-112214,8/5/2015,8/11/2015,Standard Class,AH-10690,Anna Häberlin,Corporate,United States,Dallas,Texas,75220.0,Central,OFF-SU-10003567,Office Supplies,Supplies,Stiletto Hand Letter Openers,23.04,3.0,0.2,-4.896,ERP,Pending,Duplicate?
5857.0,CA-2015-112214,8/5/2015,8/11/2015,Standard Class,AH-10690,Anna Häberlin,Corporate,United States,Dallas,Texas,75220.0,Central,OFF-BI-10002982,Office Supplies,Binders,Avery Self-Adhesive Photo Pockets for Polaroid Photos,1.362,1.0,0.8,-2.1792,CRM,Pending,Duplicate?
5858.0,CA-2015-112214,8/5/2015,8/11/2015,Standard Class,AH-10690,Anna Häberlin,Corporate,United States,Dallas,Texas,75220.0,Central,FUR-FU-10002364,Furniture,Furnishings,"Eldon Expressions Wood Desk Accessories, Oak",14.76,5.0,0.6,-11.439,Legacy,Approved,
5859.0,US-2017-153255,9/3/2017,9/7/2017,Second Class,JK-15730,Joe Kamberova,Consumer,United States,Concord,California,94521.0,West,FUR-BO-10004218,Furniture,Bookcases,"Bush Heritage Pine Collection 5-Shelf Bookcase, Albany Pine Finish, *Special Order",239.666,2.0,0.15,14.098,Legacy,Pending,Urgent
5860.0,CA-2015-108119,11/1/2015,11/8/2015,Standard Class,MS-17530,MaryBeth Skach,Consumer,United States,Conway,Arkansas,72032.0,South,FUR-TA-10002530,Furniture,Tables,"Iceberg OfficeWorks 42"" Round Tables",301.96,2.0,0.0,45.294,Legacy,,Urgent
5861.0,CA-2015-157434,4/29/2015,5/4/2015,Second Class,JK-15640,Jim Kriz,Home Office,United States,Philadelphia,Pennsylvania,19120.0,East,OFF-PA-10001526,Office Supplies,Paper,Xerox 1949,7.968,2.0,0.2,2.8884,ERP,Approved,
5862.0,CA-2016-101525,5/1/2016,5/4/2016,Second Class,CM-12235,Chris McAfee,Consumer,United States,Little Rock,Arkansas,72209.0,South,OFF-PA-10001497,Office Supplies,Paper,Xerox 1914,109.92,2.0,0.0,53.8608,Legacy,Rejected,Urgent
5863.0,CA-2016-101525,5/1/2016,5/4/2016,Second Class,CM-12235,Chris McAfee,Consumer,United States,Little Rock,Arkansas,72209.0,South,OFF-PA-10003936,Office Supplies,Paper,Xerox 1994,19.44,3.0,0.0,9.3312,Legacy,,Urgent
5864.0,CA-2016-101525,5/1/2016,5/4/2016,Second Class,CM-12235,Chris McAfee,Consumer,United States,Little Rock,Arkansas,72209.0,South,OFF-AR-10000716,Office Supplies,Art,DIXON Ticonderoga Erasable Checking Pencils,11.16,2.0,0.0,4.3524,ERP,,
5865.0,US-2014-117968,8/5/2014,8/7/2014,Second Class,RS-19420,Ricardo Sperren,Corporate,United States,Meriden,Connecticut,6450.0,East,OFF-AP-10002765,Office Supplies,Appliances,Fellowes Advanced Computer Series Surge Protectors,79.47,3.0,0.0,22.2516,ERP,Approved,Urgent
5866.0,US-2014-117968,8/5/2014,8/7/2014,Second Class,RS-19420,Ricardo Sperren,Corporate,United States,Meriden,Connecticut,6450.0,East,OFF-AR-10004165,Office Supplies,Art,"Binney & Smith inkTank Erasable Pocket Highlighter, Chisel Tip, Yellow",4.56,2.0,0.0,2.0064,ERP,Approved,Duplicate?
5867.0,US-2014-117968,8/5/2014,8/7/2014,Second Class,RS-19420,Ricardo Sperren,Corporate,United States,Meriden,Connecticut,6450.0,East,FUR-CH-10002335,Furniture,Chairs,Hon GuestStacker Chair,1133.35,5.0,0.0,294.671,ERP,Rejected,Urgent
5868.0,CA-2016-158211,1/4/2016,1/8/2016,Standard Class,BP-11185,Ben Peterman,Corporate,United States,Philadelphia,Pennsylvania,19143.0,East,OFF-AR-10004078,Office Supplies,Art,Newell 312,4.672,1.0,0.2,0.584,Legacy,,Duplicate?
5869.0,CA-2016-158211,1/4/2016,1/8/2016,Standard Class,BP-11185,Ben Peterman,Corporate,United States,Philadelphia,Pennsylvania,19143.0,East,OFF-BI-10002026,Office Supplies,Binders,Avery Arch Ring Binders,104.58,6.0,0.7,-80.178,Legacy,Approved,Urgent
5870.0,CA-2016-152247,11/7/2016,11/12/2016,Standard Class,MA-17995,Michelle Arnett,Home Office,United States,Cheyenne,Wyoming,82001.0,West,FUR-CH-10001215,Furniture,Chairs,Global Troy Executive Leather Low-Back Tilter,1603.136,4.0,0.2,100.196,CRM,Approved,
5871.0,CA-2016-128223,6/14/2016,6/14/2016,Same Day,EB-13705,Ed Braxton,Corporate,United States,Anaheim,California,92804.0,West,FUR-TA-10001771,Furniture,Tables,"Bush Cubix Conference Tables, Fully Assembled",1293.488,7.0,0.2,80.843,Manual Upload,Rejected,Urgent
5872.0,CA-2016-154235,9/24/2016,9/28/2016,Standard Class,RD-19900,Ruben Dartt,Consumer,United States,Bloomington,Indiana,47401.0,Central,FUR-FU-10004006,Furniture,Furnishings,"Deflect-o DuraMat Lighweight, Studded, Beveled Mat for Low Pile Carpeting",127.95,3.0,0.0,21.7515,ERP,Rejected,Check later
5873.0,CA-2017-129910,3/30/2017,4/3/2017,Standard Class,ME-17320,Maria Etezadi,Home Office,United States,Columbus,Georgia,31907.0,South,OFF-ST-10003282,Office Supplies,Storage,"Advantus 10-Drawer Portable Organizer, Chrome Metal Frame, Smoke Drawers",59.76,1.0,0.0,16.7328,Legacy,Approved,
5874.0,CA-2017-133095,6/4/2017,6/4/2017,Same Day,EH-14005,Erica Hernandez,Home Office,United States,Jonesboro,Arkansas,72401.0,South,OFF-BI-10002353,Office Supplies,Binders,GBC VeloBind Cover Sets,108.08,7.0,0.0,54.04,CRM,Approved,Duplicate?
5875.0,CA-2017-133095,6/4/2017,6/4/2017,Same Day,EH-14005,Erica Hernandez,Home Office,United States,Jonesboro,Arkansas,72401.0,South,OFF-BI-10004141,Office Supplies,Binders,Insertable Tab Indexes For Data Binders,9.54,3.0,0.0,4.3884,Legacy,Approved,Duplicate?
5876.0,CA-2015-130554,4/7/2015,4/9/2015,First Class,FM-14290,Frank Merwin,Home Office,United States,Philadelphia,Pennsylvania,19140.0,East,OFF-AR-10001954,Office Supplies,Art,Newell 331,11.736,3.0,0.2,1.0269,Legacy,,
5877.0,CA-2014-152443,21 May 2014,5/26/2014,Standard Class,FG-14260,Frank Gastineau,Home Office,United States,Lawrence,Massachusetts,1841.0,East,OFF-BI-10001071,Office Supplies,Binders,GBC ProClick Punch Binding System,447.86,7.0,0.0,219.4514,Manual Upload,,
5878.0,CA-2014-152443,5/21/2014,5/26/2014,Standard Class,FG-14260,Frank Gastineau,Home Office,United States,Lawrence,Massachusetts,1841.0,East,OFF-PA-10003022,Office Supplies,Paper,Xerox 1992,17.94,3.0,0.0,8.7906,ERP,Pending,Check later
5879.0,CA-2014-152443,5/21/2014,5/26/2014,Standard Class,FG-14260,Frank Gastineau,Home Office,United States,Lawrence,Massachusetts,1841.0,East,OFF-AP-10001293,Office Supplies,Appliances,Belkin 8 Outlet Surge Protector,245.88,6.0,0.0,68.8464,Legacy,,
5880.0,CA-2016-133319,9/5/2016,9/11/2016,Standard Class,MV-17485,Mark Van Huff,Consumer,United States,New York City,New York,10011.0,East,OFF-PA-10001815,Office Supplies,Paper,Xerox 1885,192.16,4.0,0.0,92.2368,Legacy,Rejected,Urgent
5881.0,CA-2016-133935,9/18/2016,9/22/2016,Standard Class,JW-15220,Jane Waco,Corporate,United States,San Diego,California,92105.0,West ,FUR-CH-10001215,Furniture,Chairs,Global Troy Executive Leather Low-Back Tilter,801.568,2.0,0.2,50.098,CRM,Approved,Urgent
5882.0,CA-2016-133935,9/18/2016,9/22/2016,Standard Class,JW-15220,Jane Waco,Corporate,United States,San Diego,California,92105.0,West,OFF-PA-10000100,Office Supplies,Paper,Xerox 1945,368.91,9.0,0.0,180.7659,CRM,,
5883.0,CA-2016-133935,9/18/2016,9/22/2016,Standard Class,JW-15220,Jane Waco,Corporate,United States,San Diego,California,92105.0,West,FUR-CH-10002880,Furniture,Chairs,"Global High-Back Leather Tilter, Burgundy",885.528,9.0,0.2,-99.6219,Manual Upload,Approved,
5884.0,CA-2016-136301,3/13/2016,3/15/2016,Second Class,EH-13765,Edward Hooks,Corporate,United States,San Francisco,California,94109.0,West,FUR-FU-10004712,Furniture,Furnishings,"Westinghouse Mesh Shade Clip-On Gooseneck Lamp, Black",28.28,2.0,0.0,7.3528,CRM,,
5885.0,CA-2016-136301,3/13/2016,3/15/2016,Second Class,EH-13765,Edward Hooks,Corporate,United States,San Francisco,California,94109.0,West,OFF-SU-10000151,Office Supplies,Supplies,High Speed Automatic Electric Letter Opener,4912.59,3.0,0.0,196.5036,Legacy,,Urgent
5886.0,US-2014-109456,10/16/2014,10/17/2014,Same Day,LS-17245,Lynn Smith,Consumer,United States,San Francisco,California,94110.0,West,OFF-BI-10000136,Office Supplies,Binders,Avery Non-Stick Heavy Duty View Round Locking Ring Binders,14.352,3.0,0.2,5.0232,Legacy,Pending,Duplicate?
5887.0,US-2014-109456,10/16/2014,10/17/2014,Same Day,LS-17245,Lynn Smith,Consumer,United States,San Francisco,California,94110.0,West,TEC-AC-10003610,Technology,Accessories,Logitech Illuminated - Keyboard,179.97,3.0,0.0,86.3856,Manual Upload,,Urgent
5888.0,CA-2017-151596,10/8/2017,10/11/2017,First Class,BP-11050,Barry Pond,Corporate,United States,Cranston,Rhode Island,2920.0,East,OFF-ST-10001837,Office Supplies,Storage,"SAFCO Mobile Desk Side File, Wire Frame",42.76,1.0,0.0,11.1176,ERP,Pending,
5889.0,CA-2015-147879,5/7/2015,5/12/2015,Standard Class,CC-12220,Chris Cortes,Consumer,United States,Owensboro,Kentucky,42301.0,South,OFF-PA-10001952,Office Supplies,Paper,Xerox 1902,45.68,2.0,0.0,21.0128,Legacy,,
5890.0,CA-2016-166625,4/14/2016,4/17/2016,First Class,JM-15580,Jill Matthias,Consumer,United States,Baltimore,Maryland,21215.0,East,OFF-BI-10002414,Office Supplies,Binders,GBC ProClick Spines for 32-Hole Punch,25.06,2.0,0.0,11.7782,Legacy,Rejected,
5891.0,CA-2016-146157,11/21/2016,11/26/2016,Standard Class,RD-19720,Roger Demir,Consumer,United States,Chicago,Illinois,60610.0,Central,OFF-PA-10001790,Office Supplies,Paper,Xerox 1910,38.432,1.0,0.2,13.4512,Manual Upload,Pending,
5892.0,CA-2016-146157,11/21/2016,11/26/2016,Standard Class,RD-19720,Roger Demir,Consumer,United States,Chicago,Illinois,60610.0,Central,OFF-ST-10001590,Office Supplies,Storage,"Tenex Personal Project File with Scoop Front Design, Black",21.568,2.0,0.2,1.6176,Manual Upload,Approved,Urgent
5893.0,CA-2016-146157,11/21/2016,11/26/2016,Standard Class,RD-19720,Roger Demir,Consumer,United States,Chicago,Illinois,60610.0,Central,TEC-AC-10003657,Technology,Accessories,Lenovo 17-Key USB Numeric Keypad,81.576,3.0,0.2,2.0394,Manual Upload,Approved,Check later
5894.0,CA-2017-159954,9/10/2017,9/14/2017,Standard Class,SS-20410,Shahid Shariari,Consumer,United States,Atlanta,Georgia,30318.0,South,OFF-BI-10004876,Office Supplies,Binders,Wilson Jones Suede Grain Vinyl Binders,2.78,1.0,0.0,1.3622,ERP,Approved,
5895.0,CA-2017-100825,09-09-2017,9/14/2017,Standard Class,KD-16495,Keith Dawkins,Corporate,United States,Los Angeles,California,90036.0,West,OFF-ST-10003123,Office Supplies,Storage,Fellowes Bases and Tops For Staxonsteel/High-Stak Systems,99.87,3.0,0.0,23.9688,ERP,Rejected,
5896.0,CA-2014-168305,11/1/2014,11/8/2014,Standard Class,PL-18925,Paul Lucas,Home Office,United States,Los Angeles,California,90049.0,West,OFF-LA-10003498,Office Supplies,Labels,Avery 475,44.4,3.0,0.0,22.2,CRM,Approved,
5897.0,CA-2014-168305,11/1/2014,11/8/2014,Standard Class,PL-18925,Paul Lucas,Home Office,United States,Los Angeles,California,90049.0,West,OFF-PA-10004947,Office Supplies,Paper,Easy-staple paper,21.4,5.0,0.0,9.63,ERP,Pending,Duplicate?
5898.0,CA-2016-167682,4/3/2016,4/9/2016,Standard Class,ZD-21925,Zuschuss Donatelli,Consumer,United States,Richmond,Indiana,47374.0,Central,FUR-FU-10003799,Furniture,Furnishings,"Seth Thomas 13 1/2"" Wall Clock",71.12,4.0,0.0,22.0472,CRM,,Check later
5899.0,CA-2016-167682,4/3/2016,4/9/2016,Standard Class,ZD-21925,Zuschuss Donatelli,Consumer,United States,Richmond,Indiana,47374.0,Central,TEC-PH-10000673,Technology,Phones,Plantronics Voyager Pro HD - Bluetooth Headset,259.96,4.0,0.0,124.7808,Legacy,Approved,Duplicate?
5900.0,CA-2017-108000,1/12/2017,1/16/2017,Standard Class,LS-16945,Linda Southworth,Corporate,United States,San Francisco,California,94110.0,West,OFF-EN-10002621,Office Supplies,Envelopes,Staple envelope,9.78,1.0,0.0,4.89,Manual Upload,Approved,Duplicate?
5901.0,CA-2015-146465,11/20/2015,24/11/2015,Standard Class,PB-18805,Patrick Bzostek,Home Office,United States,San Francisco,California,94122.0,West,OFF-BI-10004528,Office Supplies,Binders,Cardinal Poly Pocket Divider Pockets for Ring Binders,24.192,9.0,0.2,7.56,CRM,Rejected,
5902.0,CA-2016-159639,11/27/2016,12/2/2016,Standard Class,PC-18745,Pamela Coakley,corporate,United States,Westfield,New Jersey,7090.0,East,FUR-FU-10001889,Furniture,Furnishings,Ultra Door Pull Handle,31.56,3.0,0.0,10.4148,Manual Upload,,Duplicate?
5903.0,US-2017-153948,11/6/2017,11/6/2017,Same Day,FM-14290,Frank Merwin,Home Office,United States,San Francisco,California,94122.0,West,OFF-PA-10000157,Office Supplies,Paper,Xerox 191,59.94,3.0,0.0,28.1718,ERP,Pending,Urgent
5904.0,US-2017-153948,11/6/2017,11/6/2017,Same Day,FM-14290,Frank Merwin,Home Office,United States,San Francisco,California,94122.0,west,OFF-PA-10002764,Office Supplies,Paper,Easy-staple paper,45.36,4.0,0.0,22.2264,Manual Upload,,
5905.0,US-2017-153948,11/6/2017,11/6/2017,Same Day,FM-14290,Frank Merwin,Home Office,United States,San Francisco,California,94122.0,West,OFF-PA-10000143,Office Supplies,Paper,Astroparche Fine Business Paper,26.4,5.0,1.5,12.672,ERP,Approved,
5906.0,US-2017-153948,11/6/2017,2017-11-06,Same Day,FM-14290,Frank Merwin,Home Office,United States,San Francisco,California,94122.0,West,OFF-LA-10000414,Office Supplies,Labels,Avery 503,41.4,4.0,0.0,19.872,CRM,Pending,Duplicate?
5907.0,US-2017-153948,11/6/2017,11/6/2017,Same Day,FM-14290,Frank Merwin,Home Office,United States,San Francisco,California,94122.0,West,TEC-AC-10003441,Technology,Accessories,Kingston Digital DataTraveler 32GB USB 2.0,16.95,1.0,0.0,1.017,ERP,Approved,
5908.0,US-2016-113985,12/2/2016,12/7/2016,Standard Class,KD-16495,Keith Dawkins,Corporate,United States,San Jose,California,95123.0,West,OFF-BI-10002353,Office Supplies,Binders,GBC VeloBind Cover Sets,24.704,2.0,0.2,9.264,Manual Upload,Pending,
5909.0,US-2016-113985,12/2/2016,12/7/2016,Standard Class,KD-16495,Keith Dawkins,Corporate,United States,San Jose,California,95123.0,West,OFF-AP-10001303,Office Supplies,Appliances,"Holmes Cool Mist Humidifier for the Whole House with 8-Gallon Output per Day, Extended Life Filter",59.7,3.0,0.0,26.865,ERP,Approved,Check later
5910.0,US-2016-113985,12/2/2016,12/7/2016,Standard Class,KD-16495,Keith Dawkins,Corporate,United States,San Jose,California,95123.0,West,FUR-FU-10003026,Furniture,Furnishings,"Eldon Regeneration Recycled Desk Accessories, Black",14.52,3.0,0.0,5.6628,ERP,Rejected,Urgent
5911.0,US-2016-113985,12/2/2016,12/7/2016,Standard Class,KD-16495,Keith Dawkins,Corporate,United States,San Jose,California,95123.0,West,OFF-BI-10000632,Office Supplies,Binders,Satellite Sectional Post Binders,104.184,3.0,0.2,33.8598,ERP,Approved,
5912.0,CA-2016-155383,12/17/2016,12/22/2016,Standard Class,SC-20680,Steve Carroll,Home Office,United States,Seattle,Washington,98115.0,West,OFF-ST-10001328,Office Supplies,Storage,"Personal Filing Tote with Lid, Black/Gray",46.53,3.0,0.0,13.0284,Manual Upload,Rejected,
5913.0,CA-2014-120432,8/24/2014,8/26/2014,Second Class,DW-13585,Dorothy Wardle,Corporate,United States,Owensboro,Kentucky,42301.0,South,OFF-SU-10004661,Office Supplies,Supplies,Acme Titanium Bonded Scissors,25.5,3.0,0.0,6.63,Legacy,Approved,
5914.0,US-2015-126977,9/17/2015,9/23/2015,Standard Class,PF-19120,Peter Fuller,Consumer,United States,New York City,New York,10035.0,East,OFF-ST-10000617,Office Supplies,Storage,Woodgrain Magazine Files by Perma,14.9,5.0,0.0,1.043,ERP,,
5915.0,US-2015-126977,9/17/2015,9/23/2015,Standard Class,PF-19120,Peter Fuller,Consumer,United States,New York City,New York,10035.0,East,OFF-LA-10002762,Office Supplies,Labels,Avery 485,87.71,7.0,0.0,41.2237,Legacy,Approved,Urgent
5916.0,US-2015-126977,9/17/2015,9/23/2015,Standard Class,PF-19120,Peter Fuller,Consumer,United States,New York City,New York,10035.0,East,FUR-CH-10001973,Furniture,Chairs,Office Star Flex Back Scooter Chair with White Frame,199.764,2.0,0.1,8.8784,ERP,Approved,Duplicate?
5917.0,US-2015-126977,9/17/2015,9/23/2015,Standard Class,PF-19120,Peter Fuller,Consumer,United States,New York City,New York,10035.0,East,OFF-ST-10003058,Office Supplies,Storage,Eldon Mobile Mega Data Cart  Mega Stackable  Add-On Trays,94.6,4.0,0.0,27.434,CRM,,Check later
5918.0,US-2015-126977,9/17/2015,9/23/2015,Standard Class,PF-19120,Peter Fuller,Consumer,United States,New York City,New York,10035.0,East,FUR-BO-10004834,Furniture,Bookcases,"Riverside Palais Royal Lawyers Bookcase, Royale Cherry Finish",4228.704,6.0,0.2,158.5764,CRM,Rejected,Check later
5919.0,US-2015-126977,9/17/2015,9/23/2015,Standard Class,PF-19120,Peter Fuller,Consumer,United States,New York City,New York,10035.0,East,FUR-BO-10002213,Furniture,Bookcases,DMI Eclipse Executive Suite Bookcases,2003.92,5.0,0.2,-25.049,Legacy,,Urgent
5920.0,US-2015-126977,9/17/2015,9/23/2015,Standard Class,PF-19120,Peter Fuller,Consumer,United States,New York City,New York,10035.0,East,TEC-PH-10002170,Technology,Phones,ClearSounds CSC500 Amplified Spirit Phone Corded phone,209.97,3.0,0.0,58.7916,CRM,Rejected,
5921.0,US-2015-126977,9/17/2015,9/23/2015,Standard Class,PF-19120,PeterFuller,Consumer,United States,New York City,New York,10035.0,East,TEC-AC-10003033,Technology,Accessories,Plantronics CS510 - Over-the-Head monaural Wireless Headset System,659.9,2.0,0.0,217.767,CRM,Rejected,Urgent
5922.0,US-2015-126977,9/17/2015,9/23/2015,Standard Class,PF-19120,Peter Fuller,Consumer,United States,New York City,New York,10035.0,East,OFF-PA-10004071,Office Supplies,Paper,"Eaton Premium Continuous-Feed Paper, 25% Cotton, Letter Size, White, 1000 Shts/Box",110.96,2.0,0.0,53.2608,ERP,,Urgent
5923.0,US-2015-126977,9/17/2015,9/23/2015,standard class,PF-19120,Peter Fuller,Consumer,United States,New York City,New York,10035.0,East,TEC-PH-10000169,Technology,Phones,ARKON Windshield Dashboard Air Vent Car Mount Holder,67.8,4.0,0.0,1.356,Manual Upload,Rejected,Check later
5924.0,CA-2016-130288,11/26/2016,11/30/2016,Second Class,DK-13225,Dean Katz,Corporate,United States,New York City,New York,10011.0,East,FUR-TA-10002958,Furniture,Tables,"Bevis Oval Conference Table, Walnut",313.176,2.0,0.4,-120.0508,Manual Upload,,Check later
5925.0,CA-2017-146458,11/19/2017,11/22/2017,Second Class,RB-19435,Richard Bierner,Consumer,United States,Springfield,Virginia,22153.0,South,OFF-AR-10001177,Office Supplies,Art,Newell 349,22.96,7.0,0.0,6.6584,Legacy,Pending,
5926.0,CA-2017-150420,6/3/2017,6/8/2017,Standard Class,GD-14590,Giulietta Dortch,Corporate,United States,Bellingham,Washington,98226.0,West,TEC-AC-10004975,Technology,Accessories,Plantronics Audio 995 Wireless Stereo Headset,1099.5,10.0,0.0,362.835,CRM,,
5927.0,US-2014-118997,4/8/2014,4/12/2014,Standard Class,RA-19885,Ruben Ausman,Corporate,United States,Decatur,Alabama,35601.0,South,FUR-TA-10001086,Furniture,Tables,"SAFCO PlanMaster Boards, 60w x 37-1/2d, White Melamine",1215.92,8.0,0.0,316.1392,ERP,Rejected,
5928.0,CA-2014-114314,10/11/2014,10/15/2014,Standard Class,DB-13555,Dorothy Badders,Corporate,United States,Fayetteville,Arkansas,72701.0,South,OFF-LA-10000240,Office Supplies,Labels,Self-Adhesive Address Labels for Typewriters by Universal,7.31,1.0,0.0,3.4357,CRM,Approved,Check later
5929.0,CA-2014-114314,10/11/2014,10/15/2014,Standard Class,DB-13555,Dorothy Badders,Corporate,United States,Fayetteville,Arkansas,72701.0,South,FUR-FU-10002107,Furniture,Furnishings,Eldon Pizzaz Desk Accessories,8.92,4.0,0.0,3.9248,Manual Upload,Approved,
5930.0,US-2017-169551,7/7/2017,7/9/2017,First Class,RL-19615,Rob Lucas,Consumer,United States,Philadelphia,Pennsylvania,19120.0,East,FUR-BO-10001519,Furniture,Bookcases,O'Sullivan 3-Shelf Heavy-Duty Bookcases,87.21,3.0,0.5,-45.3492,Legacy,,
5931.0,US-2017-169551,7/7/2017,7/9/2017,First Class,RL-19615,Rob Lucas,Consumer,United States,Philadelphia,Pennsylvania,19120.0,East,OFF-PA-10004100,Office Supplies,Paper,Xerox 216,15.552,3.0,0.2,5.4432,Legacy,Rejected,Duplicate?
5932.0,US-2017-169551,7/7/2017,7/9/2017,First Class,RL-19615,Rob Lucas,Consumer,United States,Philadelphia,Pennsylvania,19120.0,East,TEC-PH-10001363,Technology,Phones,Apple iPhone 5S,683.988,2.0,0.4,-113.998,Legacy,Approved,
5933.0,US-2017-169551,7/7/2017,7/9/2017,First Class,RL-19615,Rob Lucas,Consumer,United States,Philadelphia,Pennsylvania,19120.0,East,OFF-ST-10004835,Office Supplies,Storage,Plastic Stacking Crates & Casters,13.392,3.0,0.2,1.0044,CRM,Approved,Urgent
5934.0,US-2017-169551,7/7/2017,7/9/2017,First Class,RL-19615,Rob Lucas,Consumer,United States,Philadelphia,Pennsylvania,19120.0,East,TEC-AC-10002018,Technology,Accessories,AmazonBasics 3-Button USB Wired Mouse,16.776,3.0,0.2,4.8231,Manual Upload,,Urgent
5935.0,US-2017-169551,7/7/2017,7/9/2017,First Class,RL-19615,Rob Lucas,Consumer,United States,Philadelphia,Pennsylvania,19120.0,East,TEC-AC-10003033,Technology,Accessories,Plantronics CS510 - Over-the-Head monaural Wireless Headset System,527.92,2.0,0.2,85.787,CRM,,
5936.0,CA-2016-103107,7/4/2016,7/4/2016,Same Day,RB-19465,Rick Bensley,Home Office,United States,Seattle,Washington,98103.0,West,FUR-FU-10000221,Furniture,Furnishings,"Master Caster Door Stop, Brown",25.4,5.0,0.0,8.636,Manual Upload,Pending,Duplicate?
5937.0,CA-2016-103107,7/4/2016,7/4/2016,Same Day,RB-19465,Rick Bensley,Home Office,United States,Seattle,Washington,98103.0,West,TEC-PH-10001198,Technology,Phones,Avaya 4621SW VoIP phone,177.48,3.0,0.2,19.9665,Manual Upload,Rejected,
5938.0,CA-2016-103107,7/4/2016,7/4/2016,Same Day,RB-19465,Rick Bensley,Home Office,United States,Seattle,Washington,98103.0,West,TEC-PH-10002564,Technology,Phones,OtterBox Defender Series Case - Samsung Galaxy S4,71.976,3.0,0.2,8.997,ERP,Rejected,Check later
5939.0,CA-2017-122077,5/19/2017,5/25/2017,Standard Class,JF-15295,Jason Fortune-,Consumer,United States,Plano,Texas,75023.0,Central,TEC-PH-10003811,Technology,Phones,Jabra Supreme Plus Driver Edition Headset,95.992,1.0,0.2,9.5992,Legacy,,
5940.0,CA-2017-122077,5/19/2017,5/25/2017,Standard Class,JF-15295,Jason Fortune-,Consumer,United States,Plano,Texas,75023.0,Central,OFF-LA-10004178,OfficeSupply,Labels,Avery 491,13.216,4.0,0.2,4.2952,Legacy,,Check later
5941.0,CA-2017-112431,10/12/2017,10/14/2017,Second Class,RW-19690,Robert Waldorf,Consumer,United States,Los Angeles,California,90049.0,West,TEC-AC-10001465,Technology,Accessories,SanDisk Cruzer 64 GB USB Flash Drive,435.84,12.0,0.0,130.752,CRM,Pending,
5942.0,CA-2017-112431,10/12/2017,10/14/2017,Second Class,RW-19690,Robert Waldorf,Consumer,United States,Los Angeles,California,90049.0,West,OFF-AR-10000940,Office Supplies,Art,Newell 343,5.88,2.0,0.0,1.5876,ERP,Approved,Duplicate?
5943.0,CA-2016-151092,8/6/2016,8/13/2016,Standard Class,VG-21790,Vivek Gonzalez,Consumer,United States,Los Angeles,California,90032.0,West,TEC-PH-10001700,Technology,Phones,Panasonic KX-TG6844B Expandable Digital Cordless Telephone,211.168,4.0,0.2,18.4772,ERP,,
5944.0,CA-2014-104178,8/25/2014,8/29/2014,Standard Class,JM-15265,Janet Molinari,Corporate,United States,Los Angeles,California,90036.0,West,FUR-FU-10000771,Furniture,Furnishings,"Eldon 200 Class Desk Accessories, Smoke",6.28,1.0,0.0,2.6376,Manual Upload,Approved,Urgent
5945.0,CA-2014-104178,8/25/2014,8/29/2014,Standard Class,JM-15265,Janet Molinari,Corporate,United States,Los Angeles,California,90036.0,West,TEC-AC-10002399,Technology,Accessories,SanDisk Cruzer 32 GB USB Flash Drive,95.1,5.0,0.0,30.432,Legacy,Approved,Duplicate?
5946.0,CA-2014-104178,8/25/2014,8/29/2014,Standard Class,JM-15265,Janet Molinari,Corporate,United States,Los Angeles,California,90036.0,West,OFF-PA-10004983,Office Supplies,Paper,Xerox 23,25.92,4.0,0.0,12.4416,Legacy,Pending,Check later
5947.0,CA-2014-104178,8/25/2014,8/29/2014,Standard Class,JM-15265,Janet Molinari,Corporate,United States,Los Angeles,California,90036.0,West,OFF-ST-10004258,Office Supplies,Storage,Portable Personal File Box,48.84,4.0,0.0,13.1868,CRM,Rejected,Urgent
5948.0,CA-2015-115924,9/14/2015,9/18/2015,Second Class,BE-11455,Brad Eason,Home Office,United States,Des Moines,Iowa,50315.0,Central,OFF-BI-10004040,Office Supplies,Binders,Wilson Jones Impact Binders,25.9,5.0,0.0,12.691,ERP,Approved,
5949.0,CA-2017-161046,3/5/2017,3/5/2017,Same Day,CB-12535,Claudia Bergmann,Corporate,United States,Southaven,Mississippi,38671.0,South,OFF-EN-10003862,Office Supplies,Envelopes,Laser & Ink Jet Business Envelopes,42.68,4.0,0.0,19.6328,CRM,Pending,
5950.0,CA-2017-161046,3/5/2017,3/5/2017,Same Day,CB-12535,Claudia Bergmann,Corporate,United States,Southaven,Mississippi,38671.0,South,TEC-AC-10004571,Technology,Accessories,Logitech G700s Rechargeable Gaming Mouse,299.97,3.0,0.0,125.9874,Legacy,Pending,Check later
5951.0,CA-2017-161046,3/5/2017,3/5/2017,Same Day,CB-12535,Claudia Bergmann,Corporate,United States,Southaven,Mississippi,38671.0,South,OFF-AP-10000891,Office Supplies,Appliances,Kensington 7 Outlet MasterPiece HOMEOFFICE Power Control Center,262.24,2.0,0.0,78.672,CRM,Approved,
5952.0,CA-2017-161046,3/5/2017,3/5/2017,Same Day,CB-12535,Claudia Bergmann,Corporate,United States,Southaven,Mississippi,38671.0,South,OFF-BI-10002026,Office Supplies,Binders,Ibico Recycled Linen-Style Covers,234.36,6.0,0.0,112.4928,CRM,Rejected,
5953.0,US-2017-141698,4/15/2017,4/21/2017,Standard Class,SD-20485,Shirley Daniels,Home Office,United States,Houston,Texas,77041.0,Central,OFF-PA-10001826,Office Supplies,Paper,Xerox 207,20.736,4.0,0.2,7.2576,CRM,Approved,Duplicate?
5954.0,US-2014-105151,3/30/2014,31/03/2014,First Class,SG-20890,Susan Gilcrest,Corporate,United States,New York City,New York,10009.0,East,OFF-AR-10001231,Office Supplies,Art,"Sanford EarthWrite Recycled Pencils, Medium Soft, #2",10.5,5.0,0.0,2.94,ERP,Rejected,
5955.0,CA-2014-155796,11/11/2014,11/15/2014,Second Class,TS-21430,Tom Stivers,Corporate,United States,Reading,Pennsylvania,19601.0,East,FUR-FU-10000409,Furniture,Furnishings,"GE 4 Foot Flourescent Tube, 40 Watt",23.968,2.0,0.2,7.7896,Manual Upload,Rejected,Urgent
5956.0,CA-2014-155796,11/11/2014,11/15/2014,Second Class,TS-21430,Tom Stivers,Corporate,United States,Reading,Pennsylvania,19601.0,East,FUR-BO-10002545,Furniture,Bookcases,"Atlantic Metals Mobile 3-Shelf Bookcases, Custom Colors",521.96,4.0,0.5,-250.5408,Legacy,Rejected,Duplicate?
5957.0,CA-2016-127138,3/12/2016,3/15/2016,Second Class,DK-13225,Dean Katz,Corporate,United States,San Francisco,California,94109.0,West,OFF-ST-10002756,Office Supplies,Storage,"Tennsco Stur-D-Stor Boltless Shelving, 5 Shelves, 24"" Deep, Sand",676.55,5.0,0.0,6.7655,CRM,Rejected,Duplicate?
5958.0,CA-2016-127138,3/12/2016,3/15/2016,Second Class,DK-13225,Dean Katz,Corporate,United States,San Francisco,California,94109.0,West,OFF-AP-10003842,Office Supplies,Appliances,Euro-Pro Shark Turbo Vacuum,154.9,5.0,0.0,40.274,Manual Upload,Rejected,Check later
5959.0,CA-2016-127138,3/12/2016,3/15/2016,second class,DK-13225,Dean Katz,Corporate,United States,San Francisco,California,94109.0,West,OFF-EN-10004459,Office Supplies,Envelopes,Security-Tint Envelopes,30.56,4.0,0.0,14.9744,Legacy,Approved,Urgent
5960.0,CA-2016-127138,3/12/2016,3/15/2016,Second Class,DK-13225,Dean Katz,Corporate,United States,San Francisco,California,94109.0,West,FUR-CH-10003746,Furniture,Chairs,Hon 4070 Series Pagoda Round Back Stacking Chairs,770.352,3.0,0.2,77.0352,Manual Upload,Approved,Duplicate?
5961.0,CA-2017-150602,2/9/2017,2/14/2017,Second Class,ML-17395,Marina Lichtenstein,Corporate,United States,Los Angeles,California,90045.0,West,FUR-FU-10003142,Furniture,Furnishings,"Master Big Foot Doorstop, Beige",21.12,4.0,0.0,6.5472,ERP,Rejected,Urgent
5962.0,CA-2014-140732,11/11/2014,11/13/2014,Second Class,MA-17560,Matt Abelman,Home Office,United States,los angeles ,California,90004.0,West,TEC-PH-10001425,Technology,Phones,Mophie Juice Pack Helium for iPhone,575.928,9.0,0.2,57.5928,Legacy,Pending,
5963.0,CA-2014-140732,11/11/2014,11/13/2014,Second Class,MA-17560,Matt Abelman,Home Office,United States,Los Angeles,California,90004.0,West,OFF-AP-10001626,Office Supplies,Appliances,"Commercial WindTunnel Clean Air Upright Vacuum, Replacement Belts, Filtration Bags",7.78,2.0,0.0,2.0228,Manual Upload,Approved,Duplicate?
5964.0,CA-2014-140732,11/11/2014,11/13/2014,Second Class,MA-17560,Matt Abelman,Home Office,United States,Los Angeles,California,90004.0,West,OFF-PA-10003625,Office Supplies,Paper,Xerox 1979,123.92,4.0,0.0,55.764,Manual Upload,,
5965.0,CA-2017-119011,8/20/2017,8/25/2017,Standard Class,LR-17035,Lisa Ryan,Corporate,United States,San Francisco,California,94109.0,West,OFF-SU-10004768,Office Supplies,Supplies,Acme Kleencut Forged Steel Scissors,17.22,3.0,0.0,5.166,ERP,Approved,Duplicate?
5966.0,CA-2017-119011,8/20/2017,8/25/2017,Standard Class,LR-17035,Lisa Ryan,Corporate,United States,San Francisco,California,94109.0,West,OFF-ST-10000777,Office Supplies,Storage,"Companion Letter/Legal File, Black",0.01,6.0,0.0,63.4368,Manual Upload,,
5967.0,CA-2017-119011,8/20/2017,8/25/2017,Standard Class,LR-17035,Lisa Ryan,Corporate,United States,San Francisco,California,94109.0,West,TEC-PH-10003171,Technology,Phones,Plantronics Encore H101 Dual Earpieces Headset,107.88,3.0,0.2,10.788,Legacy,,Duplicate?
5968.0,CA-2016-166912,1/15/2016,2016-01-17,First Class,BE-11335,Bill Eplett,Home Office,United States,New York City,New York,10009.0,East,OFF-PA-10001033,Office Supplies,Paper,Xerox 1893,81.98,2.0,0.0,40.1702,ERP,Approved,Check later
5969.0,CA-2014-141726,7/20/2014,7/22/2014,First Class,CC-12145,Charles Crestani,Consumer,United States,San Diego,California,92105.0,West,OFF-PA-10000418,Office Supplies,Paper,Xerox 189,104.85,1.0,0.0,50.328,Manual Upload,Rejected,
5970.0,CA-2014-141726,7/20/2014,7/22/2014,First Class,CC-12145,Charles Crestani,Consumer,United States,San Diego,California,92105.0,West,OFF-BI-10001982,Office Supplies,Binders,Wilson Jones Custom Binder Spines & Labels,8.704,2.0,0.2,3.1552,Legacy,Pending,Duplicate?
5971.0,CA-2014-141726,7/20/2014,7/22/2014,First Class,CC-12145,Charles Crestani,Consumer,United States,San Diego,California,92105.0,West,OFF-PA-10002230,Office Supplies,Paper,Xerox 1897,19.92,4.0,0.0,9.7608,ERP,Approved,
5972.0,CA-2014-141726,7/20/2014,7/22/2014,First Class,CC-12145,Charles Crestani,Consumer,United States,San Diego,California,92105.0,West,FUR-FU-10003577,Furniture,Furnishings,Nu-Dell Leatherette Frames,43.02,3.0,0.0,15.4872,Legacy,Rejected,
5973.0,CA-2017-115105,2/6/2017,2/11/2017,Standard Class,BD-11770,Bryan Davis,Consumer,United States,new york city,New York,10024.0,East,FUR-BO-10001811,Furniture,Bookcases,"Atlantic Metals Mobile 5-Shelf Bookcases, Custom Colors",240.784,1.0,0.2,30.098,ERP,Approved,
5974.0,CA-2015-143980,12/25/2015,12/29/2015,Standard Class,JK-15640,Jim Kriz,Home Office,United States,New York City,New York,10011.0,East,OFF-AP-10003779,Office Supplies,Appliances,Kensington 7 Outlet MasterPiece Power Center with Fax/Phone Line Protection,414.96,2.0,0.0,124.488,Manual Upload,Approved,
5975.0,CA-2016-135636,10/8/2016,10/13/2016,Standard Class,DB-13615,Doug Bickford,Consumer,United States,Charlotte,North Carolina,28205.0,South,OFF-ST-10000676,Office Supplies,Storage,Fellowes Econo/Stor Drawers,387.72,5.0,0.2,-67.851,Manual Upload,Pending,Check later
5976.0,CA-2017-102155,7/13/2017,7/17/2017,Standard Class,RR-19525,Rick Reed,Corporate,United States,Overland Park,Kansas,66212.0,Central,OFF-ST-10001496,Office Supplies,Storage,Standard Rollaway File with Lock,360.38,2.0,0.0,93.6988,Manual Upload,Pending,Check later
5977.0,CA-2017-102155,7/13/2017,7/17/2017,Standard Class,RR-19525,Rick Reed,Corporate,United States,Overland Park,Kansas,66212.0,Central,OFF-PA-10003673,Office Supplies,Paper,Strathmore Photo Mount Cards,13.56,2.0,0.0,6.2376,Manual Upload,Rejected,Check later
5978.0,CA-2017-116953,4/24/2017,4/25/2017,First Class,SV-20935,Susan Vittorini,Consumer,United States,Mesa,Arizona,85204.0,West,TEC-PH-10004614,Technology,Phones,AT&T 841000 Phone,552.0,10.0,0.2,34.5,Manual Upload,Rejected,Urgent
5979.0,CA-2014-117765,9/7/2014,9/13/2014,Standard Class,RB-19465,Rick Bensley,Home Office,United States,Tulsa,Oklahoma,74133.0,Central,FUR-TA-10001039,Furniture,Tables,KI Adjustable-Height Table,429.9,5.0,0.0,111.774,ERP,Approved,Duplicate?
5980.0,CA-2014-117765,9/7/2014,9/13/2014,Standard Class,RB-19465,Rick Bensley,Home Office,United States,Tulsa,Oklahoma,74133.0,Central,OFF-BI-10000474,Office Supplies,Binders,Avery Recycled Flexi-View Covers for Binding Systems,32.06,2.0,0.0,15.3888,ERP,Rejected,Urgent
5981.0,CA-2014-117765,9/7/2014,9/13/2014,Standard Class,RB-19465,Rick Bensley,Home Office,United States,Tulsa,Oklahoma,74133.0,Central,FUR-CH-10004698,Furniture,Chairs,"Padded Folding Chairs, Black, 4/Carton",161.96,2.0,0.0,45.3488,CRM,Pending,Urgent
5982.0,CA-2014-117765,9/7/2014,9/13/2014,Standard Class,RB-19465,Rick Bensley,Home Office,United States,Tulsa,Oklahoma,74133.0,Central,OFF-ST-10003327,Office Supplies,Storage,Akro-Mils 12-Gallon Tote,19.86,2.0,0.0,5.7594,Manual Upload,Approved,
5983.0,CA-2016-114895,11/21/2016,11/28/2016,Standard Class,MV-18190,Mike Vittorini,Consumer,United States,New York City,New York,10035.0,East,OFF-PA-10000232,Office Supplies,Paper,Xerox 1975,12.96,2.0,0.0,6.3504,Manual Upload,Approved,Urgent
5984.0,CA-2017-112984,9/16/2017,9/18/2017,Second Class,EH-14185,Evan Henry,Consumer,United States,Philadelphia,Pennsylvania,19143.0,East,OFF-PA-10003657,office_supplies,Paper,Xerox 1927,20.544,6.0,0.2,6.42,Manual Upload,Approved,Check later
5985.0,CA-2016-163776,7/19/2016,7/25/2016,Standard Class,JS-16030,Joy Smith,Consumer,United States,Hattiesburg,Mississippi,39401.0,South,FUR-FU-10001185,Furniture,Furnishings,"Advantus Employee of the Month Certificate Frame, 11 x 13-1/2",185.58,6.0,0.0,76.0878,Manual Upload,,
5986.0,CA-2016-163776,7/19/2016,7/25/2016,Standard Class,JS-16030,Joy Smith,Consumer,United States,Hattiesburg,Mississippi,39401.0,South,OFF-BI-10003007,Office Supplies,Binders,"Premium Transparent Presentation Covers, No Pattern/Clear, 8 1/2"" x 11""",77.56,2.0,0.0,35.6776,ERP,Approved,Check later
5987.0,CA-2016-163776,7/19/2016,7/25/2016,Standard Class,JS-16030,Joy Smith,Consumer,United States,Hattiesburg,Mississippi,39401.0,South,OFF-ST-10002485,Office Supplies,Storage,Rogers Deluxe File Chest,87.92,4.0,0.0,0.8792,Legacy,Rejected,
5988.0,CA-2016-163776,7/19/2016,7/25/2016,Standard Class,JS-16030,Joy Smith,Consumer,United States,Hattiesburg,Mississippi,39401.0,South,OFF-PA-10001033,Office Supplies,Paper,Xerox 1893,245.94,6.0,0.0,120.5106,Manual Upload,Approved,
5989.0,CA-2016-163776,7/19/2016,7/25/2016,Standard Class,JS-16030,Joy Smith,Consumer,United States,Hattiesburg,Mississippi,39401.0,South,OFF-BI-10000404,Office Supplies,Binders,Avery Printable Repositionable Plastic Tabs,8.6,1.0,0.0,4.042,ERP,,Urgent
5990.0,CA-2016-163776,2016/07/19,7/25/2016,Standard Class,JS-16030,Joy Smith,Consumer,United States,Hattiesburg,Mississippi,39401.0,South,FUR-BO-10003546,Furniture,Bookcases,Hon 4-Shelf Metal Bookcases,504.9,5.0,0.0,126.225,ERP,Approved,Urgent
5991.0,US-2017-163300,9/15/2017,9/21/2017,Standard Class,ES-14020,Erica Smith,Consumer,United States,Los Angeles,California,90049.0,West,OFF-BI-10004390,Office Supplies,Binders,GBC DocuBind 200 Manual Binding Machine,2357.488,7.0,0.2,884.058,Legacy,Pending,Check later
5992.0,US-2017-163300,9/15/2017,9/21/2017,Standard Class,ES-14020,Erica Smith,Consumer,United States,Los Angeles,California,90049.0,West,TEC-PH-10001700,Technology,Phones,Panasonic KX-TG6844B Expandable Digital Cordless Telephone,369.544,7.0,0.2,32.3351,CRM,Rejected,
5993.0,US-2017-163300,9/15/2017,9/21/2017,Standard Class,ES-14020,Erica Smith,Consumer,United States,Los Angeles,California,90049.0,West,FUR-CH-10003396,Furniture,Chairs,Global Deluxe Steno Chair,184.752,3.0,0.2,-20.7846,Manual Upload,,Urgent
5994.0,CA-2016-162187,12/11/2016,12/11/2016,Same Day,NS-18640,Noel Staavos,Corporate,United States,Columbus,Ohio,43229.0,East,OFF-ST-10001558,Office Supplies,Storage,Acco Perma 4000 Stacking Storage Drawers,64.96,5.0,0.2,-4.06,ERP,Approved,Urgent
5995.0,CA-2016-162187,12/11/2016,12/11/2016,Same Day,NS-18640,Noel Staavos,Corporate,United States,Columbus,Ohio,43229.0,East,OFF-SU-10004782,Office Supplies,Supplies,"Elite 5"" Scissors",13.52,2.0,2.0,1.69,Manual Upload,Approved,Duplicate?
5996.0,CA-2016-162187,12/11/2016,12/11/2016,Same Day,NS-18640,Noel Staavos,Corporate,United States,Columbus,Ohio,43229.0,East,FUR-CH-10003298,Furniture,Chairs,"Office Star - Contemporary Task Swivel chair with Loop Arms, Charcoal",458.43,5.0,0.3,-137.529,Manual Upload,,Check later
5997.0,CA-2016-162187,12/11/2016,12/11/2016,Same Day,NS-18640,Noel Staavos,Corporate,United States,Columbus,Ohio,43229.0,East,OFF-AP-10000576,Office Supplies,Appliances,"Belkin 325VA UPS Surge Protector, 6'",387.136,4.0,0.2,24.196,CRM,Pending,Check later
5998.0,CA-2016-162187,12/11/2016,12/11/2016,Same Day,NS-18640,Noel Staavos,Corporate,United States,Columbus,Ohio,43229.0,East,FUR-TA-10003008,Furniture,Tables,"Lesro Round Back Collection Coffee Table, End Table",328.59,3.0,0.4,-147.8655,ERP,Approved,Duplicate?
5999.0,US-2014-112991,12/10/2014,12/14/2014,Standard Class,SH-19975,Sally Hughsby,Corporate,United States,Caldwell,Idaho,83605.0,West,FUR-CH-10001708,Furniture,Chairs,Office Star - Contemporary Swivel Chair with Padded Adjustable Arms and Flex Back,338.352,3.0,0.2,4.2294,Manual Upload,,
6000.0,US-2014-112991,12/10/2014,12/14/2014,Standard Class,SH-19975,Sally Hughsby,Corporate,United States,Caldwell,Idaho,83605.0,West,OFF-PA-10000019,Office Supplies,Paper,Xerox 1931,25.92,4.0,0.0,12.4416,CRM,,Duplicate?
6001.0,US-2014-112991,12/10/2014,12/14/2014,Standard Class,SH-19975,Sally Hughsby,Corporate,United States,Caldwell,Idaho,83605.0,West,OFF-PA-10002222,Office Supplies,Paper,"Xerox Color Copier Paper, 11"" x 17"", Ream",91.36,4.0,0.0,42.0256,ERP,Approved,
6002.0,CA-2014-124079,12/13/2014,12/17/2014,Standard Class,RF-19345,Randy Ferguson,Corporate,United States,Phoenix,Arizona,85023.0,West,FUR-FU-10002553,Furniture,Furnishings,"Electrix Incandescent Magnifying Lamp, Black",87.96,3.0,0.2,7.6965,ERP,Approved,
6003.0,CA-2014-124079,12/13/2014,12/17/2014,Standard Class,RF-19345,Randy Ferguson,Corporate,United States,Phoenix,Arizona,85023.0,West,OFF-BI-10002103,Office Supplies,Binders,"Cardinal Slant-D Ring Binder, Heavy Gauge Vinyl",5.214,2.0,0.7,-4.1712,Legacy,Pending,
6004.0,US-2017-146878,9/21/2017,9/27/2017,Standard Class,DL-12865,Dan Lawera,Consumer,United States,Miami,Florida,33142.0,South,OFF-BI-10002794,Office Supplies,Binders,"Avery Trapezoid Ring Binder, 3"" Capacity, Black, 1040 sheets",-500.0,1.0,0.7,-8.6058,ERP,,
6005.0,CA-2017-107244,9/7/2017,9/11/2017,Standard Class,AG-10390,Allen Goldenen,Consumer,United States,Los Angeles,California,90004.0,West,FUR-FU-10002597,Furniture,Furnishings,"C-Line Magnetic Cubicle Keepers, Clear Polypropylene",19.76,4.0,0.0,8.2992,Legacy,Rejected,
6006.0,CA-2015-100657,11/2/2015,11/7/2015,Standard Class,SW-20245,Scot Wooten,Consumer,United States,Troy,New York,12180.0,East,FUR-CH-10003535,Furniture,Chairs,"Global Armless Task Chair, Royal Blue",109.764,2.0,0.1,8.5372,CRM,,
6007.0,CA-2017-129581,12/11/2017,12/18/2017,Standard Class,KN-16390,Katherine Nockton,Corporate,United States,New Bedford,Massachusetts,2740.0,East,TEC-PH-10001527,Technology,Phones,Plantronics MX500i Earset,128.85,3.0,0.0,3.8655,ERP,,
6008.0,CA-2017-129028,4/1/2017,4/3/2017,First Class,GB-14530,George Bell,Corporate,United States,Florence,South Carolina,29501.0,South,FUR-FU-10004006,Furniture,Furnishings,"Deflect-o DuraMat Lighweight, Studded, Beveled Mat for Low Pile Carpeting",127.95,3.0,0.0,21.7515,ERP,,Urgent
6009.0,CA-2015-135580,12/30/2015,1/3/2016,Standard Class,CL-12565,Clay Ludtke,Consumer,United States,Los Angeles,California,90049.0,West,OFF-PA-10000595,Office Supplies,Paper,Xerox 1929,68.52,3.0,0.0,31.5192,CRM,Approved,Duplicate?
6010.0,CA-2015-135580,12/30/2015,1/3/2016,Standard Class,CL-12565,Clay Ludtke,Consumer,United States,Los Angeles,California,90049.0,West,OFF-ST-10000798,Office Supplies,Storage,2300 Heavy-Duty Transfer File Systems by Perma,74.94,3.0,0.0,14.2386,CRM,Pending,
6011.0,CA-2015-135580,12/30/2015,1/3/2016,Standard Class,CL-12565,Clay Ludtke,Consumer,United States,Los Angeles,California,90049.0,West,TEC-MA-10004002,Technology,Machines,Zebra GX420t Direct Thermal/Thermal Transfer Printer,2548.56,6.0,0.2,286.713,CRM,Rejected,Urgent
6012.0,CA-2015-135580,12/30/2015,1/3/2016,Standard Class,CL-12565,Clay Ludtke,Consumer,United States,Los Angeles,California,90049.0,West,OFF-EN-10003296,Office Supplies,Envelopes,Tyvek Side-Opening Peel & Seel Expanding Envelopes,271.44,3.0,0.0,122.148,Manual Upload,Rejected,Check later
6013.0,CA-2015-135580,12/30/2015,1/3/2016,Standard Class,CL-12565,Clay Ludtke,Consumer,United States,Los Angeles,California,90049.0,West,TEC-PH-10004345,Technology,Phones,Cisco SPA 502G IP Phone,287.88,3.0,0.2,35.985,Manual Upload,Rejected,
6014.0,CA-2016-159016,3/10/2016,3/11/2016,First Class,KF-16285,Karen Ferguson,Home Office,United States,Los Angeles,California,90008.0,West,OFF-PA-10004405,Office Supplies,Paper,Rediform Voice Mail Log Books,14.9,5.0,0.0,7.152,ERP,,Urgent
6015.0,CA-2016-159016,3/10/2016,3/11/2016,First Class,KF-16285,Karen Ferguson,Home Office,United States,Los Angeles,California,90008.0,West,TEC-PH-10002885,tech,Phones,Apple iPhone 5,4158.912,8.0,0.2,363.9048,ERP,,
6016.0,CA-2014-102652,4/6/2014,4/12/2014,Standard Class,AY-10555,Andy Yotov,Corporate,United States,Los Angeles,California,90049.0,West,FUR-FU-10000747,Furniture,Furnishings,Tenex B1-RE Series Chair Mats for Low Pile Carpets,91.96,2.0,0.0,15.6332,ERP,Approved,
6017.0,CA-2014-102652,4/6/2014,4/12/2014,Standard Class,AY-10555,Andy Yotov,Corporate,United States,Los Angeles,California,90049.0,West,FUR-FU-10001918,Furniture,Furnishings,C-Line Cubicle Keepers Polyproplyene Holder With Velcro Backings,33.11,7.0,0.0,12.9129,ERP,,Urgent
6018.0,CA-2014-102652,4/6/2014,4/12/2014,Standard Class,AY-10555,Andy Yotov,Corporate,United States,Los Angeles,California,90049.0,West,OFF-PA-10003309,Office Supplies,Paper,Xerox 211,19.44,3.0,0.0,9.3312,ERP,Pending,Check later
6019.0,CA-2014-102652,4/6/2014,4/12/2014,Standard Class,AY-10555,Andy Yotov,Corporate,United States,Los Angeles,California,90049.0,West,OFF-PA-10001977,Office Supplies,Paper,Xerox 194,55.48,1.0,0.0,26.6304,Legacy,Approved,Duplicate?
6020.0,CA-2014-152422,10/5/2014,10/10/2014,Second Class,BD-11635,Brian Derr,Consumer,United States,Columbus,Ohio,43229.0,East,OFF-AP-10002892,Office Supplies,Appliances,Belkin F5C206VTEL 6 Outlet Surge,91.92,5.0,0.2,11.49,ERP,Approved,
6021.0,US-2016-156692,8/13/2016,8/13/2016,Same Day,HG-15025,Hunter Glantz,Consumer,United States,Kenner,Louisiana,70065.0,South,OFF-AP-10002222,Office Supplies,Appliances,Staple holder,17.34,2.0,0.0,4.6818,CRM,Rejected,Duplicate?
6022.0,US-2016-156692,8/13/2016,8/13/2016,Same Day,HG-15025,Hunter Glantz,Consumer,United States,Kenner,Louisiana,70065.0,South,TEC-AC-10000158,Technology,Accessories,Sony 64GB Class 10 Micro SDHC R40 Memory Card,71.98,2.0,0.0,15.1158,Manual Upload,Pending,Duplicate?
6023.0,CA-2014-130869,11/17/2014,11/21/2014,Standard Class,CB-12025,Cassandra Brandow,Consumer,United States,Cedar Hill,Texas,75104.0,Central,OFF-EN-10002600,Office Supplies,Envelopes,"Redi-Strip #10 Envelopes, 4 1/8 x 9 1/2",7.08,3.0,0.2,2.478,Manual Upload,,
6024.0,US-2017-128832,4/24/2017,4/27/2017,First Class,LS-16945,Linda Southworth,Corporate,United States,Providence,Rhode Island,2908.0,East,TEC-AC-10004855,Technology,Accessories,V7 USB Numeric Keypad,69.98,2.0,0.0,4.8986,ERP,Pending,
6025.0,CA-2017-139717,8/24/2017,8/26/2017,Second Class,DM-13015,Darrin Martin,Consumer,United States,Lancaster,Ohio,43130.0,East,OFF-AP-10000938,Office Supplies,Appliances,Avanti 1.7 Cu. Ft. Refrigerator,646.272,8.0,0.2,64.6272,Manual Upload,Pending,
6026.0,CA-2017-139717,8/24/2017,8/26/2017,Second Class,DM-13015,Darrin Martin,Consumer,United States,Lancaster,Ohio,43130.0,East,OFF-PA-10002195,Office Supplies,Paper,Xerox 1966,10.368,2.0,0.2,3.7584,Legacy,Pending,
6027.0,CA-2017-136007,2/23/2017,3/2/2017,Standard Class,AC-10615,Ann Chong,Corporate,United States,Seattle,Washington,98115.0,West,OFF-FA-10002701,Office Supplies,Fasteners,Alliance Rubber Bands,8.4,5.0,0.0,0.336,CRM,,
6028.0,CA-2017-136007,2/23/2017,3/2/2017,Standard Class,AC-10615,Ann Chong,Corporate,United States,Seattle,Washington,98115.0,West,TEC-PH-10003589,Technology,Phones,invisibleSHIELD by ZAGG Smudge-Free Screen Protector,71.96,5.0,0.2,25.186,ERP,Rejected,Check later
6029.0,CA-2016-157364,11/19/2016,11/21/2016,First Class,LT-17110,Liz Thompson,Consumer,United States,Jacksonville,North Carolina,28540.0,South,OFF-AR-10003752,Office Supplies,Art,Deluxe Chalkboard Eraser Cleaner,18.48,2.0,0.2,6.006,Legacy,,Duplicate?
6030.0,US-2016-112970,11/14/2016,11/15/2016,First Class,TB-21250,Tim Brockman,Consumer,United States,Los Angeles,California,90049.0,West,OFF-AR-10003829,Office Supplies,Art,Newell 35,9.84,3.0,0.0,2.8536,Manual Upload,Approved,Duplicate?
6031.0,US-2017-152492,07/06/2017,7/6/2017,Same Day,AH-10585,Angele Hood,Consumer,United States,Miami,Florida,33142.0,South,FUR-CH-10000155,Furniture,Chairs,Global Comet Stacking Armless Chair,239.24,1.0,0.2,23.924,Legacy,Rejected,
6032.0,CA-2016-101168,12/25/2016,1/1/2017,Standard Class,SS-20140,Saphhira Shifley,Corporate,United States,Nashua,New Hampshire,3060.0,East,FUR-FU-10003142,Furniture,Furnishings,"Master Big Foot Doorstop, Beige",21.12,4.0,0.0,6.5472,ERP,Approved,Check later
6033.0,CA-2017-104010,4/23/2017,4/25/2017,First Class,TD-20995,Tamara Dahlen,Consumer,United States,New York City,New York,10011.0,East,OFF-SU-10001218,Office Supplies,Supplies,Fiskars Softgrip Scissors,54.9,5.0,0.0,15.372,ERP,Pending,Urgent
6034.0,CA-2015-130253,12/14/2015,12/18/2015,Standard Class,PP-18955,Paul Prost,Home Office,United States,Los Angeles,California,90036.0,West,FUR-FU-10002963,Furniture ,Furnishings,"Master Caster Door Stop, Gray",15.24,3.0,0.0,5.1816,Legacy,Rejected,
6035.0,US-2015-155369,4/19/2015,4/25/2015,Standard Class,PG-18820,Patrick Gardner,Consumer,United States,Carrollton,Texas,75007.0,Central,OFF-AP-10002578,Office Supplies,Appliances,"Fellowes Premier Superior Surge Suppressor, 10-Outlet, With Phone and Remote",19.568,2.0,0.8,-52.8336,Manual Upload,Pending,
6036.0,US-2015-155369,4/19/2015,4/25/2015,Standard Class,PG-18820,Patrick Gardner,Consumer,United States,Carrollton,Texas,75007.0,Central,OFF-BI-10003925,Office Supplies,Binders,Fellowes PB300 Plastic Comb Binding Machine,310.392,4.0,0.8,-512.1468,Manual Upload,,Check later
6037.0,CA-2016-131205,9/4/2016,9/8/2016,Standard Class,AA-10645,Anna Andreadi,Consumer,United States,Georgetown,Kentucky,40324.0,South,FUR-FU-10003347,Furniture,Furnishings,Coloredge Poster Frame,42.6,3.0,0.0,16.614,Legacy,Pending,
6038.0,CA-2016-131205,9/4/2016,9/8/2016,Standard Class,AA-10645,Anna Andreadi,Consumer,United States,Georgetown,Kentucky,40324.0,South,OFF-BI-10000315,Office Supplies,Binders,Poly Designer Cover & Back,113.94,6.0,0.0,54.6912,ERP,Pending,Check later
6039.0,CA-2016-131205,9/4/2016,9/8/2016,Standard Class,AA-10645,Anna Andreadi,Consumer,United States,Georgetown,Kentucky,40324.0,South,OFF-ST-10002583,Office Supplies,Storage,Fellowes Neat Ideas Storage Cubes,129.92,4.0,0.0,5.1968,ERP,Rejected,
6040.0,CA-2016-131205,9/4/2016,9/8/2016,Standard Class,AA-10645,Anna Andreadi,Consumer,United States,Georgetown,Kentucky,40324.0,South,OFF-AR-10003469,Office Supplies,Art,Nontoxic Chalk,5.28,3.0,0.0,2.5344,ERP,,Duplicate?
6041.0,CA-2017-122364,9/24/2017,9/29/2017,Standard Class,FA-14230,Frank Atkinson,Corporate,United States,Los angeles,California,90008.0,West,TEC-PH-10001817,Technology,Phones,Wilson Electronics DB Pro Signal Booster,859.2,3.0,0.2,75.18,ERP,Rejected,Urgent
6042.0,CA-2017-122364,9/24/2017,9/29/2017,Standard Class,FA-14230,Frank Atkinson,Corporate,United States,Los Angeles,California,90008.0,West,TEC-MA-10001031,Technology,Machines,Socket Bluetooth Cordless Hand Scanner (CHS),506.28,3.0,0.2,177.198,Legacy,Approved,
6043.0,CA-2016-117912,2/4/2016,2/8/2016,Standard Class,TB-21520,Tracy Blumstein,Consumer ,United States,Sierra Vista,Arizona,85635.0,West,FUR-FU-10002088,Furniture,Furnishings,Nu-Dell Float Frame 11 x 14 1/2,14.368,2.0,0.2,3.9512,ERP,Rejected,Check later
6044.0,CA-2017-145702,5/19/2017,5/24/2017,Second Class,AH-10075,Adam Hart,Corporate,United States,Knoxville,Tennessee,37918.0,South,FUR-CH-10001482,Furniture,Chairs,Office Star - Mesh Screen back chair with Vinyl seat,314.352,3.0,0.2,-35.3646,Manual Upload,Approved,
6045.0,CA-2017-145702,5/19/2017,5/24/2017,Second Class,AH-10075,Adam Hart,Corporate,United States,Knoxville,Tennessee,37918.0,South,OFF-PA-10001526,Office Supplies,Paper,Xerox 1949,27.888,7.0,0.2,10.1094,CRM,Approved,
6046.0,CA-2015-113215,9/3/2015,9/8/2015,Standard Class,CP-12085,Cathy Prescott,Corporate,United States,Tucson,Arizona,85705.0,West,FUR-FU-10002937,Furniture,Furnishings,"GE 48"" Fluorescent Tube, Cool White Energy Saver, 34 Watts, 30/Box",238.152,3.0,0.2,89.307,Manual Upload,Rejected,Duplicate?
6047.0,CA-2016-154662,6/9/2016,6/16/2016,Standard Class,BF-11215,Benjamin Farhat,Home Office,United States,Minneapolis,Minnesota,55407.0,Central,FUR-TA-10001771,Furniture,Tables,"Bush Cubix Conference Tables, Fully Assembled",692.94,3.0,0.0,173.235,CRM,Approved,
6048.0,CA-2015-105571,11/7/2015,11/11/2015,Standard Class,CP-12340,Christine Phan,Corporate,United States,Miami,Florida,33142.0,South,OFF-BI-10003305,Office Supplies,Binders,Avery Hanging File Binders,16.146,9.0,0.7,-12.9168,Manual Upload,,Urgent
6049.0,CA-2015-105571,11/7/2015,11/11/2015,Standard Class,CP-12340,Christine Phan,Corporate,United States,Miami,Florida,33142.0,South,OFF-BI-10001359,Office Supplies,Binders,GBC DocuBind TL300 Electric Binding System,1345.485,5.0,0.7,-1031.5385,Legacy,,
6050.0,CA-2016-152765,6/15/2016,6/18/2016,First Class,LS-17245,Lynn Smith,Consumer,United States,Houston,Texas,77036.0,Central,OFF-PA-10000483,Office Supplies,Paper,Xerox 19,173.488,7.0,0.2,54.215,CRM,Pending,
6051.0,CA-2015-153878,4/25/2015,4/30/2015,Standard Class,TS-21655,Trudy Schmidt,Consumer,United States,Milwaukee,Wisconsin,53209.0,Central,OFF-AR-10000658,Office Supplies,Art,Newell 324,57.75,5.0,0.0,16.17,ERP,,Urgent
6052.0,CA-2015-153878,4/25/2015,4/30/2015,Standard Class,TS-21655,Trudy Schmidt,Consumer,United States,Milwaukee,Wisconsin,53209.0,Central,OFF-AP-10001205,Office Supplies,Appliances,Belkin 5 Outlet SurgeMaster Power Centers,272.4,5.0,0.0,76.272,ERP,Pending,
6053.0,CA-2016-124016,9/23/2016,9/26/2016,Second Class,JS-15940,Joni Sundaresam,Home Office,United States,Lancaster,Ohio,43130.0,East,OFF-PA-10002586,Office Supplies,Paper,Xerox 1970,11.952,3.0,0.2,4.0338,ERP,Rejected,Check later
6054.0,CA-2016-124016,9/23/2016,9/26/2016,Second Class,JS-15940,Joni Sundaresam,Home Office,United States,Lancaster,Ohio,43130.0,East,FUR-FU-10004963,Furniture,Furnishings,"Eldon 400 Class Desk Accessories, Black Carbon",28.0,4.0,0.2,7.7,Legacy,Rejected,Urgent
6055.0,CA-2016-124016,9/23/2016,9/26/2016,Second Class,JS-15940,Joni Sundaresam,Home Office,United States,Lancaster,Ohio,43130.0,East,OFF-BI-10002071,Office Supplies,Binders,Fellowes Black Plastic Comb Bindings,12.201,7.0,0.7,-9.7608,Manual Upload,,
6056.0,CA-2016-113551,8/18/2016,8/20/2016,First Class,NF-18385,Natalie Fritzler,Consumer,United States,Edinburg,Texas,78539.0,Central,OFF-BI-10001617,Office Supplies,Binders,GBC Wire Binding Combs,2.068,1.0,0.8,-3.4122,Manual Upload,Approved,Duplicate?
6057.0,CA-2016-113551,8/18/2016,8/20/2016,First Class,NF-18385,Natalie Fritzler,Consumer,United States,Edinburg,Texas,78539.0,Central,OFF-PA-10004665,Office Supplies,Paper,Advantus Motivational Note Cards,83.84,8.0,0.2,30.392,Legacy,Rejected,Duplicate?
6058.0,CA-2014-107524,3/2/2014,3/8/2014,Standard Class,KN-16705,Kristina Nunn,Home Office,United States,New York City,New York,10009.0,East,OFF-EN-10001990,Office Supplies,Envelopes,Staple envelope,11.36,2.0,0.0,5.3392,CRM,,Duplicate?
6059.0,CA-2014-107524,3/2/2014,3/8/2014,Standard Class,KN-16705,Kristina Nunn,Home Office,United States,New York City,New York,10009.0,East,OFF-PA-10000587,Office Supplies,Paper,"Array Parchment Paper, Assorted Colors",36.4,5.0,0.0,17.472,ERP,,Check later
6060.0,CA-2014-138072,12/30/2014,1/3/2015,Standard Class,GA-14725,Guy Armstrong,Consumer,United States,Philadelphia,Pennsylvania,19120.0,East,TEC-AC-10004859,Technology,Accessories,"Maxell Pro 80 Minute CD-R, 10/Pack",27.968,2.0,0.2,6.992,CRM,Approved,Check later
6061.0,CA-2015-134201,4/10/2015,4/16/2015,Standard Class,EH-14125,Eugene Hildebrand,Home Office,United States,Rochester,New York,14609.0,East,OFF-ST-10001476,Office Supplies,Storage,Steel Personal Filing/Posting Tote,142.04,4.0,0.0,38.3508,CRM,Rejected,Check later
6062.0,CA-2015-134201,4/10/2015,4/16/2015,Standard Class,EH-14125,Eugene Hildebrand,Home Office,United States,Rochester,New York,14609.0,East,OFF-AR-10002804,Office Supplies,Art,Faber Castell Col-Erase Pencils,14.67,3.0,0.0,6.0147,ERP,,Check later
6063.0,CA-2015-111780,12/25/2015,12/30/2015,Second Class,RA-19285,Ralph Arnett,Consumer,United States,San Diego,California,92037.0,West,TEC-CO-10004202,Technology,Copiers,Brother DCP1000 Digital 3 in 1 Multifunction Machine,1199.96,5.0,0.2,224.9925,Legacy,Approved,
6064.0,CA-2015-111780,12/25/2015,12/30/2015,Second Class,RA-19285,Ralph Arnett,Consumer,United States,San Diego,California,92037.0,West,OFF-PA-10001307,Office Supplies,Paper,"Important Message Pads, 50 4-1/4 x 5-1/2 Forms per Pad",12.6,3.0,0.0,6.174,CRM,Rejected,
6065.0,CA-2015-111780,12/25/2015,12/30/2015,Second Class,RA-19285,Ralph Arnett,Consumer,United States,San Diego,California,92037.0,West,OFF-PA-10001667,Office Supplies,Paper,Great White Multi-Use Recycled Paper (20Lb. and 84 Bright),17.94,3.0,0.0,8.073,Manual Upload,Pending,Urgent
6066.0,CA-2015-119942,4/5/2015,4/7/2015,First Class,TT-21070,Ted Trevino,Consumer,United States,Philadelphia,Pennsylvania,19120.0,East,OFF-LA-10001569,Office Supplies,Labels,Avery 499,23.904,6.0,0.2,7.7688,Legacy,,Urgent
6067.0,CA-2015-151547,1/17/2015,1/23/2015,Standard Class,AH-10465,Amy Hunt,Consumer,United States,Bartlett,Tennessee,38134.0,South,OFF-SU-10000898,Office Supplies,Supplies,"Acme Hot Forged Carbon Steel Scissors with Nickel-Plated Handles, 3 7/8"" Cut, 8""L",88.96,8.0,0.2,10.008,Manual Upload,Pending,Check later
6068.0,CA-2017-166695,5/20/2017,5/24/2017,Standard Class,CC-12430,Chuck Clark,Home Office,United States,Lakewood,California,90712.0,West,FUR-CH-10000225,Furniture,Chairs,"Global Geo Office Task Chair, Gray",518.272,8.0,0.2,-97.176,ERP,Approved,
6069.0,CA-2017-166695,5/20/2017,5/24/2017,Standard Class,CC-12430,Chuck Clark,Home Office,United States,Lakewood,California,90712.0,West,FUR-FU-10002191,Furniture,Furnishings,G.E. Halogen Desk Lamp Bulbs,6.98,1.0,0.0,3.3504,Manual Upload,Pending,
6070.0,CA-2017-166695,5/20/2017,5/24/2017,Standard Class,CC-12430,Chuck Clark,Home Office,United States,Lakewood,California,00000,West,TEC-MA-10003176,Technology,Machines,Okidata B400 Printer,343.2,1.0,0.2,38.61,CRM,,Duplicate?
6071.0,CA-2017-167542,8/13/2017,8/20/2017,Standard Class,KD-16495,Keith Dawkins,Corporate,United States,Philadelphia,Pennsylvania,19120.0,East,OFF-LA-10004093,Office Supplies,Labels,Avery 486,17.544,3.0,0.2,5.9211,ERP,Rejected,Urgent
6072.0,CA-2015-120901,12/31/2015,1/4/2016,Standard Class,BG-11035,Barry Gonzalez,Consumer,United States,Austin,Texas,78745.0,Central,OFF-ST-10000025,Office Supplies,Storage,Fellowes Stor/Drawer Steel Plus Storage Drawers,152.688,2.0,0.2,-26.7204,ERP,,Check later
6073.0,CA-2015-120901,12/31/2015,1/4/2016,Standard Class,BG-11035,Barry Gonzalez,Consumer,United States,Austin,Texas,78745.0,Central,OFF-FA-10001561,Office Supplies,Fasteners,Stockwell Push Pins,3.488,2.0,0.2,0.5668,Legacy,,
6074.0,CA-2015-120901,12/31/2015,1/4/2016,Standard Class,BG-11035,Barry Gonzalez,Consumer,United States,Austin,Texas,78745.0,Central,OFF-SU-10001225,Office Supplies,Supplies,Staple remover,5.888,2.0,0.2,-1.3248,Legacy,Approved,Duplicate?
6075.0,CA-2017-121398,12/25/2017,12/29/2017,Standard Class,FH-14365,Fred Hopkins,Corporate,United States,Los Angeles,California,90008.0,West,OFF-BI-10001718,Office Supplies,Binders,GBC DocuBind P50 Personal Binding Machine,153.552,3.0,0.2,51.8238,Manual Upload,Rejected,
6076.0,CA-2017-121398,12/25/2017,12/29/2017,Standard Class,FH-14365,Fred Hopkins,Corporate,United States,Los Angeles,California,90008.0,West,OFF-ST-10002756,Office Supplies,Storage,"Tennsco Stur-D-Stor Boltless Shelving, 5 Shelves, 24"" Deep, Sand",270.62,2.0,0.0,2.7062,Manual Upload,Approved,
6077.0,CA-2016-151561,9/1/2016,9/7/2016,Standard Class,PG-18820,Patrick Gardner,Consumer,United States,New York City,New York,10011.0,East,TEC-AC-10001432,Technology,Accessories,Enermax Aurora Lite Keyboard,468.9,6.0,0.0,206.316,CRM,Approved,Check later
6078.0,CA-2016-151561,9/1/2016,9/7/2016,Standard Class,PG-18820,Patrick Gardner,Consumer,United States,New York City,New York,10011.0,East,TEC-AC-10003399,Technology,Accessories,Memorex Mini Travel Drive 64 GB USB 2.0 Flash Drive,72.48,2.0,0.0,30.4416,CRM,Rejected,Duplicate?
6079.0,CA-2016-151561,9/1/2016,9/7/2016,Standard Class,PG-18820,Patrick Gardner,Consumer,United States,New York City,New York,10011.0,East,OFF-SU-10001574,Office Supplies,Supplies,Acme Value Line Scissors,10.95,3.0,0.0,3.285,ERP,Approved,Urgent
6080.0,CA-2016-151561,9/1/2016,9/7/2016,Standard Class,PG-18820,Patrick Gardner,Consumer,United States,New York City,New York,10011.0,East,FUR-FU-10004864,Furniture,Furnishings,"Howard Miller 14-1/2"" Diameter Chrome Round Wall Clock",191.82,3.0,0.0,61.3824,ERP,,
6081.0,CA-2017-154676,8/5/2017,8/8/2017,First Class,NZ-18565,Nick Zandusky,Home Office,United States,Houston,Texas,77070.0,Central,OFF-ST-10001172,Office Supplies,Storage,"Tennsco Lockers, Sand",151.056,9.0,0.2,7.5528,Manual Upload,Rejected,Check later
6082.0,US-2014-165589,2/18/2014,2/18/2014,Same Day,TB-21595,Troy Blackwell,Consumer,United States,Lubbock,Texas,79424.0,Central,FUR-FU-10002396,Furniture,Furnishings,"DAX Copper Panel Document Frame, 5 x 7 Size",25.16,5.0,0.6,-11.322,Legacy,Rejected,Duplicate?
6083.0,US-2016-132577,11/22/2016,11/27/2016,Standard Class,JE-15475,Jeremy Ellison,Consumer,United States,Houston,Texas,77095.0,Central,OFF-BI-10004040,Office Supplies,Binders,Wilson Jones Impact Binders,6.216,6.0,0.8,-9.6348,CRM,,
6084.0,US-2016-132577,11/22/2016,11/27/2016,Standard Class,JE-15475,Jeremy Ellison,Consumer,United States,Houston,Texas,77095.0,Central,OFF-AR-10003481,Office Supplies,Art,Newell 348,23.616,9.0,0.2,2.6568,Legacy,Approved,
6085.0,US-2016-132577,11/22/2016,11/27/2016,Standard Class,JE-15475,Jeremy Ellison,Consumer,United States,Houston,Texas,77095.0,Central,TEC-AC-10000387,Technology,Accessories,KeyTronic KT800P2 - Keyboard - Black,24.032,2.0,0.2,-0.6008,Legacy,,Urgent
6086.0,US-2016-132577,11/22/2016,11/27/2016,Standard Class,JE-15475,Jeremy Ellison,Consumer,United States,Houston,Texas,77095.0,Central,OFF-LA-10000262,Office Supplies,Labels,Avery 494,2.088,1.0,0.2,0.6786,ERP,Approved,Urgent
6087.0,US-2016-132577,11/22/2016,11/27/2016,Standard Class,JE-15475,Jeremy Ellison,Consumer,United States,Houston,Texas,77095.0,Central,OFF-BI-10003196,Office Supplies,Binders,Accohide Poly Flexible Ring Binders,4.488,6.0,0.8,-6.732,ERP,,
6088.0,CA-2015-114048,12/14/2015,12/18/2015,Standard Class,EH-13945,Eric Hoffmann,Consumer,United States,Costa Mesa,California,92627.0,West,FUR-FU-10004351,Furniture,Furnishings,Staple-based wall hangings,29.22,3.0,0.0,12.8568,Manual Upload,Rejected,Check later
6089.0,CA-2015-137281,6/13/2015,6/17/2015,Standard Class,BF-10975,Barbara Fisher,Corporate,United States,Roswell,Georgia,30076.0,South,OFF-PA-10001870,Office Supplies,Paper,Xerox 202,6.48,1.0,0.0,3.1104,CRM,Approved,Check later
6090.0,US-2017-162068,12/28/2017,12/31/2017,Second Class,PC-18745,Pamela Coakley,Corporate,United States,Loveland,Colorado,80538.0,West,OFF-BI-10002813,Office Supplies,Binders,Avery Reinforcements for Hole-Punch Pages,1.188,2.0,0.7,-0.99,ERP,,Urgent
6091.0,CA-2017-100111,9/20/2017,9/26/2017,Standard Class,SV-20365,Seth Vernon,Consumer,United States,New York City,New York,10035.0,East,FUR-CH-10003846,Furniture,Chairs,Hon Valutask Swivel Chairs,272.646,3.0,0.1,18.1764,ERP,Rejected,Duplicate?
6092.0,CA-2017-100111,9/20/2017,9/26/2017,Standard Class,SV-20365,Seth Vernon,Consumer,United States,New York City,New York,10035.0,East,TEC-AC-10002647,Technology,Accessories,"Logitech Wireless Boombox Speaker - portable - wireless, wired",212.8,2.0,0.0,95.76,Legacy,Pending,
6093.0,CA-2017-100111,9/20/2017,9/26/2017,Standard Class,SV-20365,Seth Vernon,Consumer,United States,New York City,New York,10035.0,East,OFF-PA-10000807,Office Supplies,Paper,"TOPS ""Important Message"" Pads, Canary, 4-1/4 x 5-1/2, 50 Sheets per Pad",38.52,9.0,0.0,18.1044,ERP,Rejected,Check later
6094.0,CA-2017-100111,9/20/2017,9/26/2017,Standard Class,SV-20365,Seth Vernon,Consumer,United States,New York City,New York,10035.0,East,TEC-AC-10001465,Technology,Accessories,SanDisk Cruzer 64 GB USB Flash Drive,72.64,2.0,0.0,21.792,Legacy,Pending,Duplicate?
6095.0,CA-2017-100111,9/20/2017,9/26/2017,Standard Class,SV-20365,Seth Vernon,Consumer,United States,New York City,New York,10035.0,East,OFF-ST-10000615,Office Supplies,Storage,"SimpliFile Personal File, Black Granite, 15w x 6-15/16d x 11-1/4h",45.4,4.0,0.0,12.712,ERP,Approved,Urgent
6096.0,CA-2017-100111,9/20/2017,9/26/2017,Standard Class,SV-20365,Seth Vernon,Consumer,United States,New York City,New York,10035.0,East,OFF-PA-10002713,Office Supplies,Paper,"Adams Phone Message Book, 200 Message Capacity, 8 1/16 x 11",13.76,2.0,0.0,6.3296,Legacy,Pending,
6097.0,CA-2017-100111,9/20/2017,9/26/2017,Standard Class,SV-20365,Seth Vernon,Consumer,United States,New York City,New York,10035.0,East,FUR-CH-10003061,Furniture,Chairs,"Global Leather Task Chair, Black",80.991,1.0,0.1,8.0991,ERP,Approved,
6098.0,CA-2017-100111,9/20/2017,9/26/2017,Standard Class,SV-20365,Seth Vernon,Consumer,United States,New York City,New York,10035.0,East,OFF-BI-10000343,Office Supplies,Binders,"Pressboard Covers with Storage Hooks, 9 1/2"" x 11"", Light Blue",11.784,3.0,0.2,3.9771,Manual Upload,Rejected,
6099.0,CA-2017-100111,9/20/2017,9/26/2017,Standard Class,SV-20365,Seth Vernon,Consumer,United States,New York City,New York,10035.0,East,OFF-FA-10000304,Office Supplies,Fasteners,Advantus Push Pins,4.36,2.0,0.0,1.7876,Legacy,Pending,
6100.0,CA-2017-100111,9/20/2017,9/26/2017,Standard Class,SV-20365,Seth Vernon,Consumer,United States,New York City,New York,10035.0,East,FUR-CH-10004086,Furniture,Chairs,Hon 4070 Series Pagoda Armless Upholstered Stacking Chairs,2888.127,11.0,0.1,-9999.0,Manual Upload,Approved,Urgent
6101.0,CA-2017-100111,9/20/2017,9/26/2017,Standard Class,SV-20365,Seth Vernon,Consumer,United States,New York City,New York,10035.0,East,TEC-PH-10002885,Technology,Phones,Apple iPhone 5,1299.66,2.0,0.0,350.9082,Legacy,Pending,
6102.0,CA-2017-100111,9/20/2017,9/26/2017,Standard Class,SV-20365,Seth Vernon,Consumer,United States,New York City,New York,10035.0,East,FUR-CH-10001215,Furniture,Chairs,Global Troy Executive Leather Low-Back Tilter,2254.41,5.0,0.1,375.735,ERP,,
6103.0,CA-2017-100111,9/20/2017,9/26/2017,Standard Class,SV-20365,Seth Vernon,Consumer,United States,New York City,New York,10035.0,East,TEC-PH-10000215,Technology,Phones,Plantronics Cordless Phone Headset with In-line Volume - M214C,104.85,3.0,0.0,28.3095,Manual Upload,Pending,
6104.0,CA-2017-100111,9/20/2017,9/26/2017,Standard Class,SV-20365,Seth Vernon,Consumer,United States,New York City,New York,10035.0,East,TEC-AC-10001998,Technology,Accessories,Logitech LS21 Speaker System - PC Multimedia - 2.1-CH - Wired,59.97,3.0,0.0,20.3898,Legacy,Approved,
6105.0,US-2017-132381,8/22/2017,8/24/2017,First Class,Dp-13240,Dean percer,Home Office,United States,Philadelphia,Pennsylvania,19143.0,East,FUR-TA-10002356,Furniture,Tables,Bevis Boat-Shaped Conference Table,314.532,2.0,0.4,-83.8752,Manual Upload,,
6106.0,CA-2015-147011,6/18/2015,6/22/2015,Standard Class,HR-14830,Harold Ryan,Corporate,United States,Miami,Florida,33178.0,South,OFF-AR-10002399,Office Supplies,Art,"Dixon Prang Watercolor Pencils, 10-Color Set with Brush",13.632,4.0,0.2,3.5784,Manual Upload,Rejected,Check later
6107.0,CA-2014-120852,12/20/2014,12/25/2014,Standard Class,WB-21850,William Brown,Consumer,United States,Grand Prairie,Texas,75051.0,Central,OFF-AP-10001563,Office Supplies,Appliances,Belkin Premiere Surge Master II 8-outlet surge protector,19.432,2.0,0.8,-49.5516,CRM,Pending,Urgent
6108.0,CA-2014-120852,12/20/2014,12/25/2014,Standard Class,WB-21850,William Brown,Consumer,United States,Grand Prairie,Texas,75051.0,Central,TEC-AC-10004510,Technology,Accessories,Logitech Desktop MK120 Mouse and keyboard Combo,65.44,5.0,0.2,-8.18,CRM,,Urgent
6109.0,CA-2016-150007,9/11/2016,9/16/2016,Standard Class,AS-10090,Adam Shillingsburg,Consumer,United States,Chicago,Illinois,60653.0,Central,OFF-LA-10001982,Office Supplies,Labels,Smead Alpha-Z Color-Coded Name Labels First Letter Starter Set,6.0,2.0,0.2,2.1,CRM,Rejected,Urgent
6110.0,CA-2016-150007,9/11/2016,9/16/2016,Standard Class,AS-10090,Adam Shillingsburg,Consumer,United States,Chicago,Illinois,00000,Central,OFF-BI-10004141,Office Supplies,Binders,Insertable Tab Indexes For Data Binders,1.908,3.0,0.8,-3.2436,CRM,,
6111.0,CA-2016-124590,11/12/2016,11/16/2016,standard class,SP-20920,Susan Pistek,Consumer,United States,Parma,Ohio,44134.0,East,FUR-CH-10004495,Furniture,Chairs,"Global Leather and Oak Executive Chair, Black",1474.802,7.0,0.3,-21.0686,Legacy,Approved,
6112.0,CA-2016-124590,11/12/2016,11/16/2016,Standard Class,SP-20920,Susan Pistek,Consumer,United States,Parma,Ohio,44134.0,East,OFF-AP-10002311,Office Supplies,Appliances,"Holmes Replacement Filter for HEPA Air Cleaner, Very Large Room, HEPA Filter",110.096,2.0,0.2,33.0288,Legacy,Rejected,
6113.0,CA-2016-124590,11/12/2016,11/16/2016,Standard Class,SP-20920,Susan Pistek,Consumer,United States,Parma,Ohio,44134.0,East,OFF-FA-10000585,Office Supplies,Fasteners,OIC Bulk Pack Metal Binder Clips,16.752,6.0,0.2,5.4444,Legacy,,Duplicate?
6114.0,CA-2016-124590,11/12/2016,11/16/2016,Standard Class,SP-20920,Susan Pistek,Consumer,United States,Parma,Ohio,44134.0,East,FUR-CH-10000454,Furniture,Chairs,"Hon Deluxe Fabric Upholstered Stacking Chairs, Rounded Back",1537.074,9.0,0.3,0.0,Legacy,Pending,
6115.0,CA-2016-124590,11/12/2016,11/16/2016,Standard Class,SP-20920,Susan Pistek,Consumer,United States,Parma,Ohio,44134.0,East,FUR-CH-10003746,Furniture,Chairs,Hon 4070 Series Pagoda Round Back Stacking Chairs,449.372,2.0,0.3,-12.8392,ERP,Pending,Urgent
6116.0,CA-2016-133802,3/14/2016,3/20/2016,Standard Class,SP-20650,Stephanie Phelps,Corporate,United States,Redwood City,California,94061.0,West,OFF-BI-10003291,Office Supplies,Binders,Wilson Jones Leather-Like Binders with DublLock Round Rings,41.904,6.0,0.2,14.1426,Manual Upload,Rejected,
6117.0,US-2016-113677,11/13/2016,11/19/2016,Standard Class,CM-12655,Corinna Mitchell,Home Office,United States,New York City,New York,10011.0,East,TEC-PH-10002114,Technology,Phones,Xiaomi Mi3,2279.96,4.0,0.0,592.7896,ERP,,Urgent
6118.0,US-2016-113677,11/13/2016,11/19/2016,Standard Class,CM-12655,Corinna Mitchell,Home Office,United States,New York City,New York,10011.0,East,OFF-LA-10001569,Office Supplies,Labels,Avery 499,14.94,3.0,0.0,6.8724,Legacy,,
6119.0,CA-2017-143378,9/19/2017,9/25/2017,Standard Class,JR-16210,Justin Ritter,Corporate,United States,Springfield,Oregon,97477.0,West,TEC-PH-10001425,Technology,Phones,Mophie Juice Pack Helium for iPhone,191.976,3.0,0.2,19.1976,Manual Upload,,
6120.0,CA-2017-143378,9/19/2017,9/25/2017,Standard Class,JR-16210,Justin Ritter,Corporate,United States,Springfield,Oregon,97477.0,West,OFF-AR-10001915,Office Supplies,Art,Peel-Off China Markers,23.832,3.0,0.2,6.5538,ERP,Approved,
6121.0,CA-2017-143378,9/19/2017,9/25/2017,Standard Class,JR-16210,Justin Ritter,Corporate,United States,Springfield,Oregon,97477.0,West ,FUR-FU-10004864,Furniture,Furnishings,"Howard Miller 14-1/2"" Diameter Chrome Round Wall Clock",409.216,8.0,0.2,61.3824,Legacy,Pending,Check later
6122.0,CA-2017-143378,9/19/2017,9/25/2017,Standard Class,JR-16210,Justin Ritter,Corporate,United States,Springfield,Oregon,97477.0,West,FUR-BO-10001972,Furniture,Bookcases,O'Sullivan 4-Shelf Bookcase in Odessa Pine,72.588,2.0,0.7,-128.2388,Legacy,,Check later
6123.0,CA-2017-152660,12/4/2017,12/9/2017,Standard Class,CB-12415,Christy Brittain,Consumer,United States,Chicago,Illinois,60610.0,Central,OFF-ST-10000532,Office Supplies,Storage,Advantus Rolling Drawer Organizers,61.568,2.0,0.2,4.6176,Legacy,,Check later
6124.0,CA-2015-142139,8/31/2015,9/5/2015,Standard Class,SD-20485,Shirley Daniels,Home Office,United States,Bedford,Texas,UNKNOWN,Central,OFF-PA-10003883,Office Supplies,Paper,"Message Book, Phone, Wirebound Standard Line Memo, 2 3/4"" X 5""",20.96,4.0,0.2,6.812,Legacy,Approved,Duplicate?
6125.0,CA-2017-145772,6/3/2017,6/7/2017,Standard Class,SS-20140,Saphhira Shifley,Corporate,United States,Los Angeles,California,90036.0,West,TEC-AC-10003038,Technology,Accessories,Kingston Digital DataTraveler 16GB USB 2.0,44.75,5.0,0.0,8.5025,CRM,Rejected,Check later
6126.0,CA-2017-145772,6/3/2017,6/7/2017,Standard Class,SS-20140,Saphhira Shifley,Corporate,United States,Los Angeles,California,90036.0,West,OFF-PA-10001593,Office Supplies,Paper,Xerox 1947,11.96,2.0,0.0,5.382,ERP,Rejected,Urgent
6127.0,CA-2017-145772,6/3/2017,6/7/2017,Standard Class,SS-20140,Saphhira Shifley,Corporate,United States,Los Angeles,California,90036.0,West,OFF-BI-10002049,Office Supplies,Binders,UniKeep View Case Binders,3.912,1.0,0.2,1.2714,ERP,Pending,Duplicate?
6128.0,CA-2016-124100,31-03-2016,4/6/2016,Standard Class,EH-13990,Erica Hackney,Consumer,United States,New York City,New York,10009.0,East,FUR-CH-10003817,Furniture,Chairs,"Global Value Steno Chair, Gray",327.996,6.0,0.1,54.666,CRM,Rejected,Check later
6129.0,US-2014-158400,10/25/2014,10/28/2014,First Class,AH-10030,Aaron Hawkins,Corporate,United States,San Francisco,California,94109.0,West,OFF-BI-10002353,Office Supplies,Binders,GBC VeloBind Cover Sets,49.408,4.0,0.2,18.528,Manual Upload,Approved,
6130.0,CA-2017-162033,3/26/2017,4/2/2017,Standard Class,EM-14200,Evan Minnotte,Home Office,United States,Virginia Beach,Virginia,23464.0,South,TEC-AC-10003116,Technology,Accessories,Memorex Froggy Flash Drive 8 GB,53.25,3.0,0.0,20.7675,Legacy,,Duplicate?
6131.0,CA-2017-162033,3/26/2017,4/2/2017,Standard Class,EM-14200,Evan Minnotte,Home Office,United States,Virginia Beach,Virginia,23464.0,South,OFF-FA-10003021,Office Supplies,Fasteners,Staples,3.76,2.0,0.0,1.316,Manual Upload,Pending,
6132.0,CA-2014-163447,12/27/2014,12/31/2014,Standard Class,TB-21190,Thomas Brumley,Home Office,United States,New York City,New York,10011.0,East,FUR-CH-10004477,Furniture,Chairs,"Global Push Button Manager's Chair, Indigo",767.214,14.0,0.1,161.9674,Legacy,,Urgent
6133.0,CA-2017-145737,9/15/2017,9/20/2017,Standard Class,AB-10165,Alan Barnes,Consumer,United States,Lebanon,Tennessee,37087.0,South,OFF-PA-10001033,Office Supplies,Paper,Xerox 1893,163.96,5.0,0.2,59.4355,Legacy,Rejected,
6134.0,CA-2016-148096,8/16/2016,8/19/2016,First Class,AO-10810,Anthony O'Donnell,Corporate,United States,Los Angeles,California,90045.0,West,FUR-TA-10004152,Furniture,Tables,"Barricks 18"" x 48"" Non-Folding Utility Table with Bottom Storage Shelf",161.28,2.0,0.2,12.096,CRM,Rejected,Duplicate?
6135.0,CA-2016-146766,11/4/2016,11/4/2016,Same Day,TT-21220,Thomas Thornton,Consumer,United States,Chula Vista,California,91911.0,West,OFF-AR-10002135,Office Supplies,Art,Boston Heavy-Duty Trimline Electric Pencil Sharpeners,192.8,4.0,0.0,55.912,ERP,Approved,Duplicate?
6136.0,CA-2015-105613,10/18/2015,10/22/2015,Standard Class,KN-16705,Kristina Nunn,Home Office,United States,Mcallen,Texas,78501.0,Central,TEC-AC-10000521,Technology,Accessories,"Verbatim Slim CD and DVD Storage Cases, 50/Pack",27.696,3.0,0.2,3.462,CRM,Approved,
6137.0,CA-2015-105613,10/18/2015,10/22/2015,Standard Class,KN-16705,Kristina Nunn,Home Office,United States,Mcallen,Texas,78501.0,Central,OFF-AP-10000026,Office Supplies,Appliances,Tripp Lite Isotel 6 Outlet Surge Protector with Fax/Modem Protection,73.164,6.0,0.8,-186.5682,ERP,,Urgent
6138.0,US-2016-142251,10/31/2016,11/4/2016,Second Class,FO-14305,Frank Olsen,Consumer,United States,Hollywood,Florida,33021.0,South,OFF-PA-10002986,Office Supplies,Paper,Xerox 1898,32.064,6.0,0.2,11.2224,CRM,Approved,
6139.0,CA-2014-131247,3/30/2014,4/4/2014,Standard Class,GA-14725,Guy Armstrong,Consumer,United States,San Francisco,California,94110.0,West,FUR-BO-10001337,Furniture,Bookcases,O'Sullivan Living Dimensions 2-Shelf Bookcases,205.666,2.0,0.15,-12.098,CRM,,Check later
6140.0,US-2015-113593,4/18/2015,4/20/2015,First Class,NC-18415,Nathan Cano,Consumer,United States,Santa Maria,california,93454.0,West,OFF-ST-10000532,Office Supplies,Storage,Advantus Rolling Drawer Organizers,115.44,3.0,0.0,30.0144,Manual Upload,Rejected,Urgent
6141.0,CA-2017-121083,7/9/2017,7/15/2017,Standard Class,JF-15190,Jamie Frazer,Consumer,United States,Manchester,Connecticut,6040.0,East,OFF-PA-10001497,Office Supplies,Paper,Xerox 1914,274.8,5.0,0.0,134.652,CRM,Rejected,Duplicate?
6142.0,CA-2017-121083,7/9/2017,15/07/2017,Standard Class,JF-15190,Jamie Frazer,Consumer,United States,Manchester,Connecticut,6040.0,East,OFF-ST-10002554,Office Supplies,Storage,Tennsco Industrial Shelving,195.64,4.0,0.0,3.9128,Legacy,Rejected,
6143.0,CA-2017-121083,7/9/2017,7/15/2017,Standard Class,JF-15190,Jamie Frazer,Consumer,United States,Manchester,Connecticut,6040.0,East,TEC-PH-10001336,Technology,Phones,Digium D40 VoIP phone,257.98,2.0,0.0,74.8142,Manual Upload,Pending,
6144.0,CA-2017-121083,7/9/2017,7/15/2017,Standard Class,JF-15190,Jamie Frazer,Consumer,United States,Manchester,Connecticut,6040.0,East,OFF-AR-10002987,Office Supplies,Art,Prismacolor Color Pencil Set,119.04,6.0,0.0,48.8064,ERP,,Urgent
6145.0,CA-2017-151190,6/27/2017,7/1/2017,Standard Class,GT-14710,Greg Tran,Consumer,United States,Omaha,Nebraska,68104.0,Central,OFF-PA-10000575,Office Supplies,Paper,"Wirebound Message Books, Four 2 3/4 x 5 White Forms per Page",20.07,3.0,0.0,9.2322,ERP,,Duplicate?
6146.0,CA-2014-133543,12/22/2014,12/26/2014,Standard Class,KM-16660,Khloe Miller,Consumer,United States,San Jose,California,95123.0,West,OFF-AR-10003394,Office Supplies,Art,Newell 332,11.76,4.0,0.0,3.1752,ERP,Approved,Duplicate?
6147.0,CA-2017-105130,11/21/2017,11/25/2017,Standard Class,PJ-18835,Patrick Jones,Corporate,United States,San Francisco,California,94122.0,West,OFF-AR-10003394,Office Supplies,Art,Newell 332,11.76,4.0,0.0,3.1752,Manual Upload,Approved,Urgent
6148.0,CA-2017-105130,11/21/2017,11/25/2017,Standard Class,PJ-18835,Patrick Jones,Corporate,United States,San Francisco,California,94122.0,West,OFF-BI-10001191,Office Supplies,Binders,Canvas Sectional Post Binders,40.736,2.0,0.2,14.7668,CRM,Approved,Urgent
6149.0,CA-2016-161928,6/27/2016,6/29/2016,Second Class,AC-10660,Anna Chung,Consumer,United States,San Francisco,California,94109.0,West,TEC-PH-10003484,Technology,Phones,Ooma Telo VoIP Home Phone System,201.584,2.0,0.2,12.599,ERP,Rejected,
6150.0,CA-2017-101322,12/28/2017,12/31/2017,First Class,JG-15310,Jason Gross,Corporate,United States,Long Beach,California,90805.0,West,FUR-CH-10003968,Furniture,Chairs,Novimex Turbo Task Chair,340.704,6.0,0.2,-34.0704,Legacy,Pending,Urgent
6151.0,US-2016-106600,4/8/2016,4/11/2016,First Class,RM-19375,Raymond Messe,Consumer,United States,Columbus,Georgia,31907.0,South,FUR-BO-10001608,Furniture,Bookcases,"Hon Metal Bookcases, Black",354.9,5.0,0.0,88.725,Legacy,Pending,Duplicate?
6152.0,CA-2014-111871,3/18/2014,3/21/2014,Second Class,EK-13795,Eileen Kiefer,Home Office,United States,San Francisco,California,94110.0,West,FUR-BO-10004218,Furniture,Bookcases,"Bush Heritage Pine Collection 5-Shelf Bookcase, Albany Pine Finish, *Special Order",1198.33,10.0,0.15,70.49,Legacy,Approved,Urgent
6153.0,CA-2017-139437,7/3/2017,7/8/2017,Standard Class,RD-19585,Rob Dowd,Consumer,United States,Los Angeles,California,90004.0,West,OFF-ST-10002485,Office Supplies,Storage,Rogers Deluxe File Chest,87.92,4.0,0.0,0.8792,Legacy,Rejected,
6154.0,CA-2017-151484,4/20/2017,4/23/2017,First Class,CV-12805,Cynthia Voltz,Corporate,United States,Philadelphia,Pennsylvania,19120.0,East,FUR-FU-10001876,Furniture,Furnishings,"Computer Room Manger, 14""",51.968,2.0,0.2,10.3936,Manual Upload,,Urgent
6155.0,CA-2017-151484,4/20/2017,4/23/2017,First Class,CV-12805,Cynthia Voltz,Corporate,United States,Philadelphia,Pennsylvania,19120.0,East,OFF-ST-10002370,Office Supplies,Storage,"Sortfiler Multipurpose Personal File Organizer, Black",51.336,3.0,0.2,5.7753,CRM,Rejected,Duplicate?
6156.0,CA-2017-151484,20 Apr 2017,4/23/2017,First Class,CV-12805,Cynthia Voltz,Corporate,United States,Philadelphia,Pennsylvania,19120.0,East,OFF-ST-10000142,Office Supplies,Storage,Deluxe Rollaway Locking File with Drawer,332.704,1.0,0.2,33.2704,ERP,Approved,
6157.0,CA-2017-151484,4/20/2017,4/23/2017,First Class,CV-12805,Cynthia Voltz,Corporate,United States,Philadelphia,Pennsylvania,19120.0,East,FUR-FU-10004671,Furniture,Furnishings,"Executive Impressions 12"" Wall Clock",42.408,3.0,0.2,9.5418,ERP,Rejected,Urgent
6158.0,CA-2016-104150,8/3/2016,8/5/2016,Second Class,AG-10330,Alex Grayson,Consumer,United States,Tulsa,Oklahoma,74133.0,Central,OFF-EN-10002504,Office Supplies,Envelopes,"Tyvek  Top-Opening Peel & Seel Envelopes, Plain White",81.54,3.0,0.0,38.3238,CRM,Pending,Urgent
6159.0,CA-2016-104150,8/3/2016,8/5/2016,Second Class,AG-10330,Alex Grayson,Consumer,United States,Tulsa,Oklahoma,74133.0,Central,TEC-AC-10004803,Technology,Accessories,Sony Micro Vault Click 4 GB USB 2.0 Flash Drive,167.28,12.0,0.0,23.4192,ERP,,Duplicate?
6160.0,CA-2016-161025,12/3/2016,12/9/2016,Standard Class,GM-14440,Gary McGarr,Consumer,United States,Los Angeles,California,90049.0,West,OFF-ST-10001932,Office Supplies,Storage,Fellowes Staxonsteel Drawer Files,772.68,4.0,0.0,108.1752,Manual Upload,Approved,Duplicate?
6161.0,CA-2014-103989,3/19/2014,3/21/2014,First Class,MC-17605,matt connell,Corporate,United States,Lakeland,Florida,33801.0,South,TEC-PH-10004667,Technology,Phones,Cisco 8x8 Inc. 6753i IP Business Phone System,323.976,3.0,0.2,28.3479,Legacy,Rejected,Duplicate?
6162.0,CA-2014-103989,3/19/2014,3/21/2014,First Class,MC-17605,Matt Connell,Corporate,United States,Lakeland,Florida,33801.0,South,OFF-LA-10000443,Office Supplies,Labels,Avery 501,11.808,4.0,0.2,3.9852,CRM,Rejected,
6163.0,CA-2014-103989,3/19/2014,3/21/2014,First Class,MC-17605,Matt Connell,Corporate,United States,Lakeland,Florida,33801.0,South,OFF-ST-10000918,Office Supplies,Storage,Crate-A-Files,26.16,3.0,0.2,1.962,ERP,Rejected,Duplicate?
6164.0,CA-2014-103989,3/19/2014,3/21/2014,1st Class,MC-17605,Matt Connell,Corporate,United States,Lakeland,Florida,33801.0,South,OFF-BI-10001196,Office Supplies,Binders,"Avery Flip-Chart Easel Binder, Black",33.57,5.0,0.7,-25.737,Manual Upload,,Duplicate?
6165.0,CA-2014-103989,3/19/2014,3/21/2014,First Class,MC-17605,Matt Connell,Corporate,United States,Lakeland,Florida,33801.0,South,FUR-FU-10003981,Furniture,Furnishings,Eldon Wave Desk Accessories,4.992,3.0,0.2,1.3728,ERP,Pending,Urgent
6166.0,CA-2014-103989,3/19/2014,3/21/2014,First Class,MC-17605,Matt Connell,Corporate,United States,Lakeland,Florida,33801.0,South,FUR-FU-10002508,Furniture,Furnishings,Document Clip Frames,20.016,3.0,0.2,5.5044,Legacy,,
6167.0,CA-2014-103989,3/19/2014,3/21/2014,First Class,MC-17605,Matt Connell,Corporate,United States,Lakeland,Florida,33801.0,South,TEC-AC-10002647,Technology,Accessories,"Logitech Wireless Boombox Speaker - portable - wireless, wired",170.24,2.0,0.2,53.2,ERP,,Duplicate?
6168.0,CA-2015-142433,4/20/2015,4/25/2015,Standard Class,ES-14020,Erica Smith,Consumer,United States,Houston,Texas,77036.0,Central,OFF-PA-10002377,Office Supplies,Paper,Xerox 1916,117.456,3.0,0.2,44.046,CRM,Approved,Urgent
6169.0,CA-2015-132815,9/19/2015,9/22/2015,Second Class,RW-19540,Rick Wilson,Corporate,United States,Los Angeles,California,90008.0,West,OFF-PA-10004530,Office Supplies,Paper,Personal Creations Ink Jet Cards and Labels,22.96,2.0,0.0,11.2504,CRM,,
6170.0,CA-2014-101266,8/27/2014,8/30/2014,Second Class,MM-17920,Michael Moore,Consumer,United States,Springfield,Virginia,22153.0,South,OFF-PA-10002986,Office Supplies,Paper,Xerox 1898,13.36,2.0,0.0,6.4128,CRM,Pending,
6171.0,CA-2016-141523,12/19/2016,12/24/2016,Second Class,MH-17440,Mark Haberlin,Corporate,United States,New York City,New York,10035.0,East,OFF-BI-10000948,Office Supplies,Binders,"GBC Laser Imprintable Binding System Covers, Desert Sand",34.248,3.0,0.2,11.5587,ERP,,Urgent
6172.0,CA-2016-141523,12/19/2016,12/24/2016,Second Class,MH-17440,Mark Haberlin,Corporate,United States,New York City,new york,10035.0,East,OFF-AR-10001545,Office Supplies,Art,Newell 326,3.52,2.0,0.0,1.0208,CRM,,Check later
6173.0,US-2014-106299,8/2/2014,8/8/2014,Standard Class,NZ-18565,Nick Zandusky,Home Office,United States,Springfield,Missouri,65807.0,Central,OFF-BI-10001758,Office Supplies,Binders,Wilson Jones 14 Line Acrylic Coated Pressboard Data Binders,26.7,5.0,0.0,12.549,CRM,Pending,
6174.0,US-2014-106299,8/2/2014,8/8/2014,Standard Class,NZ-18565,Nick Zandusky,Home Office,United States,Springfield,Missouri,65807.0,Central,TEC-AC-10003237,Technology,Accessories,Memorex Micro Travel Drive 4 GB,21.2,2.0,0.0,9.116,ERP,Rejected,Urgent
6175.0,US-2014-106299,8/2/2014,8/8/2014,Standard Class,NZ-18565,Nick Zandusky,Home Office,United States,Springfield,Missouri,65807.0,Central,OFF-ST-10002011,Office Supplies,Storage,Smead Adjustable Mobile File Trolley with Lockable Top,838.38,2.0,0.0,226.3626,Legacy,Rejected,Check later
6176.0,CA-2015-158421,9/21/2015,9/26/2015,Standard Class,GB-14575,Giulietta Baptist,Consumer,United States,Columbia,South Carolina,29203.0,South,FUR-CH-10000309,Furniture,Chairs,Global Comet Stacking Arm Chair,1690.04,4.0,0.0,422.51,CRM,Approved,
6177.0,CA-2015-158421,9/21/2015,9/26/2015,Standard Class,GB-14575,Giulietta Baptist,Consumer,United States,Columbia,South Carolina,29203.0,South,OFF-ST-10002444,Office Supplies,Storage,Recycled Eldon Regeneration Jumbo File,85.96,7.0,0.0,24.0688,Legacy,Approved,Duplicate?
6178.0,CA-2015-158421,9/21/2015,9/26/2015,Standard Class,GB-14575,Giulietta Baptist,Consumer,United States,Columbia,South Carolina,29203.0,South,OFF-EN-10001453,Office Supplies,Envelopes,"Tyvek Interoffice Envelopes, 9 1/2"" x 12 1/2"", 100/Box",121.96,2.0,0.0,57.3212,CRM,,
6179.0,CA-2015-158421,9/21/2015,9/26/2015,Standard Class,GB-14575,Giulietta Baptist,Consumer,United States,Columbia,South Carolina,29203.0,South,OFF-PA-10001801,Office Supplies,Paper,Xerox 193,23.92,4.0,0.0,11.7208,Legacy,Approved,Duplicate?
6180.0,CA-2015-158421,9/21/2015,9/26/2015,Standard Class,GB-14575,Giulietta Baptist,Consumer,United States,Columbia,South Carolina,29203.0,South,OFF-ST-10000563,Office Supplies,Storage,Fellowes Bankers Box Stor/Drawer Steel Plus,63.96,2.0,0.0,6.396,Manual Upload,Approved,Check later
6181.0,CA-2015-158421,9/21/2015,9/26/2015,Standard Class,GB-14575,Giulietta Baptist,Consumer,United States,Columbia,South Carolina,29203.0,South,TEC-PH-10000369,Technology,Phones,HTC One Mini,629.95,5.0,0.0,176.386,ERP,Rejected,
6182.0,CA-2015-158421,9/21/2015,9/26/2015,Standard Class,GB-14575,Giulietta Baptist,Consumer,United States,Columbia,South Carolina,29203.0,South,TEC-PH-10002538,Technology,Phones,Grandstream GXP1160 VoIP phone,113.73,3.0,0.0,32.9817,ERP,Approved,
6183.0,CA-2015-158421,9/21/2015,9/26/2015,Standard Class,GB-14575,Giulietta Baptist,Consumer,United States,Columbia,South Carolina,29203.0,South,OFF-BI-10000050,Office Supplies,Binders,"Angle-D Binders with Locking Rings, Label Holders",14.6,2.0,0.0,6.862,Manual Upload,,Check later
6184.0,CA-2015-158421,9/21/2015,9/26/2015,Standard Class,GB-14575,Giulietta Baptist,Consumer,United States,Columbia,South Carolina,29203.0,South,OFF-ST-10004186,Office Supplies,Storage,"Stur-D-Stor Shelving, Vertical 5-Shelf: 72""H x 36""W x 18 1/2""D",887.84,8.0,0.0,17.7568,Legacy,Pending,
6185.0,CA-2016-143609,12/11/2016,12/13/2016,First Class,DB-13270,Deborah Brumfield,Home Office,United States,Portland,Oregon,97206.0,West,FUR-CH-10004218,furniture,Chairs,"Global Fabric Manager's Chair, Dark Gray",403.92,5.0,0.2,25.245,Legacy,Pending,Urgent
6186.0,CA-2015-138331,8/7/2015,8/12/2015,Standard Class,JK-15625,Jim Karlsson,Consumer,United States,Philadelphia,Pennsylvania,19120.0,East,OFF-AR-10002952,Office Supplies,Art,Stanley Contemporary Battery Pencil Sharpeners,106.8,10.0,0.2,10.68,Legacy,Pending,
6187.0,CA-2015-138954,11/15/2015,11/17/2015,First Class,MH-17785,Maya Herman,Corporate,United States,New York City,New York,10035.0,East,OFF-ST-10003058,Office Supplies,Storage,Eldon Mobile Mega Data Cart  Mega Stackable  Add-On Trays,70.95,3.0,0.0,20.5755,Manual Upload,,Duplicate?
6188.0,CA-2015-138954,11/15/2015,11/17/2015,First Class,MH-17785,Maya Herman,Corporate,United States,New York City,New York,10035.0,East,OFF-BI-10003963,Office Supplies,Binders,Cardinal Holdit Data Disk Pockets,34.944,6.0,0.2,11.7936,Legacy,Pending,
6189.0,CA-2015-138954,11/15/2015,11/17/2015,First Class,MH-17785,Maya Herman,Corporate,United States,New York City,New York,10035.0,East,OFF-AR-10001955,Office Supplies,Art,Newell 319,119.04,6.0,0.0,35.712,Manual Upload,,Urgent
6190.0,CA-2017-157903,4/4/2017,4/8/2017,Standard Class,AM-10705,Anne McFarland,Consumer,United States,Des Plaines,Illinois,60016.0,Central,TEC-PH-10004345,Technology,Phones,Cisco SPA 502G IP Phone,383.84,4.0,0.2,47.98,ERP,,
6191.0,CA-2016-157259,12/24/2016,12/28/2016,Standard Class,JM-15535,Jessica Myrick,Consumer,United States,New York City,New York,10035.0,East,FUR-FU-10003192,Furniture,Furnishings,Luxo Adjustable Task Clamp Lamp,799.56,9.0,0.0,207.8856,CRM,Pending,Duplicate?
6192.0,CA-2017-107986,12/13/2017,12/13/2017,Same Day,MW-18220,Mitch Webber,Consumer,United States,Seattle,Washington,98103.0,West,OFF-ST-10001325,Office Supplies,Storage,Sterilite Officeware Hinged File Box,31.44,3.0,0.0,8.4888,ERP,,Check later
6193.0,CA-2017-104927,12/22/2017,12/26/2017,Standard Class,AG-10330,Alex Grayson,Consumer,United States,HOUSTN,Texas,77095.0,Central,OFF-PA-10000019,Office Supplies,Paper,Xerox 1931,25.92,5.0,0.2,9.072,ERP,Pending,Check later
6194.0,CA-2017-104927,12/22/2017,12/26/2017,Standard Class,AG-10330,Alex Grayson,Consumer,United States,Houston,Texas,77095.0,Central,OFF-BI-10003429,Office Supplies,Binders,"Cardinal HOLDit! Binder Insert Strips,Extra Strips",6.33,5.0,0.8,-9.8115,ERP,Approved,Duplicate?
6195.0,CA-2017-104927,12/22/2017,12/26/2017,Standard Class,AG-10330,Alex Grayson,Consumer,United States,Houston,Texas,77095.0,central,OFF-PA-10000176,Office Supplies,Paper,Xerox 1887,75.88,5.0,0.2,26.558,Legacy,Pending,
6196.0,CA-2017-113453,10/21/2017,10/28/2017,Standard Class,CM-12160,Charles McCrossin,Consumer,United States,Philadelphia,Pennsylvania,19143.0,East,TEC-PH-10004165,Technology,Phones,Mitel MiVoice 5330e IP Phone,329.988,2.0,0.4,-76.9972,Legacy,Rejected,Urgent
6197.0,CA-2017-113453,10/21/2017,10/28/2017,Standard Class,CM-12160,Charles McCrossin,Consumer,United States,Philadelphia,Pennsylvania,19143.0,East,OFF-ST-10000352,Office Supplies,Storage,Acco Perma 2700 Stacking Storage Drawers,71.376,3.0,0.2,-4.461,Legacy,Pending,
6198.0,CA-2015-149909,11/13/2015,11/17/2015,Standard Class,RA-19915,Russell Applegate,Consumer,United States,Columbus,Indiana,47201.0,Central,OFF-PA-10000726,Office Supplies,Paper,"Black Print Carbonless Snap-Off Rapid Letter, 8 1/2"" x 7""",63.77,7.0,0.0,28.6965,Manual Upload,Pending,
6199.0,CA-2015-149909,11/13/2015,11/17/2015,Standard Class,RA-19915,Russell Applegate,Consumer,United States,Columbus,Indiana,47201.0,Central,TEC-PH-10001536,Technology,Phones,Spigen Samsung Galaxy S5 Case Wallet,50.97,3.0,0.0,13.2522,Legacy,Rejected,
6200.0,CA-2015-149909,11/13/2015,11/17/2015,Standard Class,RA-19915,Russell Applegate,Consumer,United States,Columbus,Indiana,47201.0,Central,OFF-PA-10001790,Office Supplies,Paper,Xerox 1910,96.08,2.0,0.0,46.1184,CRM,Pending,Duplicate?
6201.0,CA-2015-146675,4/16/2015,4/20/2015,Standard Class,SB-20185,Sarah Brown,Consumer,United States,Evanston,Illinois,60201.0,Central,TEC-CO-10001766,Technology,Copiers,Canon PC940 Copier,1439.968,4.0,0.2,485.9892,ERP,Approved,
6202.0,CA-2015-146675,4/16/2015,4/20/2015,Standard Class,SB-20185,Sarah Brown,Consumer,United States,Evanston,Illinois,60201.0,Central,TEC-AC-10004396,Technology,Accessories,Logitech Keyboard K120,43.56,3.0,0.2,-4.9005,Manual Upload,,Duplicate?
6203.0,CA-2016-118332,12/16/2016,12/23/2016,Standard Class,PK-19075,Pete Kriz,Consumer,United States,Apple Valley,California,92307.0,West,FUR-CH-10001708,Furniture,Chairs,Office Star - Contemporary Swivel Chair with Padded Adjustable Arms and Flex Back,563.92,5.0,0.2,7.049,Legacy,Pending,Urgent
6204.0,CA-2016-133669,10/21/2016,10/27/2016,Standard Class,SV-20935,Susan Vittorini,Consumer,United States,Columbus,Ohio,43229.0,East,TEC-PH-10001305,Technology,Phones,Panasonic KX TS208W Corded phone,235.152,8.0,0.4,-47.0304,Legacy,,Duplicate?
6205.0,CA-2017-145660,12/1/2017,12/3/2017,First Class,MG-17650,Matthew Grinstein,Home Office,United States,Marion,Ohio,43302.0,East,FUR-FU-10002885,Furniture,Furnishings,Magna Visual Magnetic Picture Hangers,7.712,2.0,0.2,1.7352,Manual Upload,Pending,
6206.0,CA-2016-133697,10/20/2016,10/24/2016,Second Class,CM-12445,Chuck Magee,Consumer,United States,Houston,Texas,77095.0,Central,OFF-PA-10000726,Office Supplies,Paper,"Black Print Carbonless Snap-Off Rapid Letter, 8 1/2"" x 7""",51.016,7.0,0.2,15.9425,Legacy,Approved,
6207.0,CA-2016-133697,10/20/2016,10/24/2016,Second Class,CM-12445,Chuck Magee,Consumer,United States,Houston,Texas,77095.0,Central,OFF-FA-10003112,Office Supplies,Fasteners,Staples,25.248,4.0,0.2,7.89,Manual Upload,,Duplicate?
6208.0,CA-2016-133697,10/20/2016,10/24/2016,Second Class,CM-12445,Chuck Magee,Consumer,United States,Houston,Texas,77095.0,Central,FUR-CH-10002372,Furniture,Chairs,Office Star - Ergonomically Designed Knee Chair,56.686,1.0,0.3,-14.5764,Legacy,,
6209.0,CA-2017-148138,9/29/2017,10/3/2017,Standard Class,ME-18010,Michelle Ellison,Corporate,United States,Marion,Ohio,43302.0,East,OFF-ST-10000563,Office Supplies,Storage,Fellowes Bankers Box Stor/Drawer Steel Plus,51.168,2.0,0.2,-6.396,Legacy,Pending,Duplicate?
6210.0,CA-2017-119809,8/18/2017,8/25/2017,Standard Class,YS-21880,Yana Sorensen,Corporate,United States,Seattle,Washington,98103.0,West,OFF-BI-10003925,Office Supplies,Binders,Fellowes PB300 Plastic Comb Binding Machine,2793.528,9.0,0.2,942.8157,Manual Upload,Pending,Urgent
6211.0,CA-2017-119809,8/18/2017,8/25/2017,Standard Class,YS-21880,Yana Sorensen,Corporate,United States,Seattle,Washington,98103.0,West,OFF-ST-10003306,Office Supplies,Storage,Letter Size Cart,1000.02,7.0,0.0,290.0058,CRM,Approved,Duplicate?
6212.0,CA-2017-119809,8/18/2017,8/25/2017,Standard Class,YS-21880,Yana Sorensen,Corporate,United States,Seattle,Washington,98103.0,West,FUR-FU-10001475,Furniture,Furnishings,"Contract Clock, 14"", Brown",65.94,3.0,0.0,22.4196,CRM,Rejected,
6213.0,CA-2017-149944,11/12/2017,11/16/2017,Second Class,MB-17305,Maria Bertelson,CONSUMER,United States,Longview,Washington,98632.0,West,OFF-FA-10003495,Office Supplies,Fasteners,Staples,18.24,3.0,0.0,9.12,Manual Upload,Pending,Duplicate?
6214.0,CA-2017-149944,11/12/2017,11/16/2017,Second Class,MB-17305,Maria Bertelson,Consumer,United States,Longview,Washington,98632.0,West,OFF-AP-10004708,Office Supplies,Appliances,Fellowes Superior 10 Outlet Split Surge Protector,76.12,2.0,0.0,22.0748,Legacy,Pending,Check later
6215.0,CA-2014-128538,10/11/2014,10/15/2014,Standard Class,AS-10240,Alan Shonely,Consumer,United States,Redondo Beach,California,90278.0,West,OFF-EN-10001219,Office Supplies,Envelopes,"#10- 4 1/8"" x 9 1/2"" Security-Tint Envelopes",7.64,1.0,0.0,3.7436,Legacy,Approved,Duplicate?
6216.0,CA-2015-161711,11/28/2015,12/3/2015,Standard Class,MC-17425,Mark Cousins,Corporate,United States,New York City,New York,10035.0,East,FUR-FU-10000087,Furniture,Furnishings,"Executive Impressions 14"" Two-Color Numerals Wall Clock",68.16,3.0,0.0,27.9456,ERP,Rejected,
6217.0,CA-2015-161711,11/28/2015,12/3/2015,Standard Class,MC-17425,Mark Cousins,Corporate,United States,New York City,New York,10035.0,East,OFF-EN-10001539,Office Supplies,Envelopes,Staple envelope,62.24,8.0,0.0,29.2528,Legacy,Pending,
6218.0,US-2015-129553,7/27/2015,8/2/2015,Standard Class,PG-18820,Patrick Gardner,Consumer,United States,Louisville,Kentucky,40214.0,SOUTH,TEC-PH-10004897,Technology,Phones,Mediabridge Sport Armband iPhone 5s,29.97,3.0,0.0,0.2997,CRM,Approved,Check later
6219.0,CA-2016-160220,10/20/2016,10/26/2016,Standard Class,JS-16030,Joy Smith,Consumer,United States,Trenton,Michigan,48183.0,Central,TEC-PH-10001300,Technology,Phones,"iKross Bluetooth Portable Keyboard + Cell Phone Stand Holder + Brush for Apple iPhone 5S 5C 5, 4S 4",125.7,6.0,0.0,35.196,Legacy,,
6220.0,CA-2016-160220,10/20/2016,10/26/2016,Standard Class,JS-16030,Joy Smith,Consumer,United States,Trenton,Michigan,48183.0,Central,TEC-PH-10001557,Technology,Phones,Pyle PMP37LED,191.98,2.0,0.0,51.8346,CRM,,Urgent
6221.0,CA-2016-160220,10/20/2016,10/26/2016,Standard Class,JS-16030,Joy Smith,Consumer,United States,Trenton,Michigan,48183.0,Central,OFF-ST-10000617,Office Supplies,Storage,Woodgrain Magazine Files by Perma,20.86,7.0,0.0,1.4602,ERP,,
6222.0,US-2017-157224,9/14/2017,9/18/2017,Second Class,JB-16000,Joy Bell-,Consumer,United States,Los Angeles,California,90045.0,West,OFF-LA-10000121,Office Supplies,Labels,Avery 48,56.7,9.0,0.0,26.082,ERP,Rejected,Check later
6223.0,CA-2017-140627,12/23/2017,12/27/2017,Standard Class,DK-12985,Darren Koutras,Consumer,United States,Hendersonville,Tennessee,37075.0,South,FUR-FU-10000087,Furniture,Furnishings,"Executive Impressions 14"" Two-Color Numerals Wall Clock",72.704,4.0,0.2,19.0848,CRM,Rejected,Urgent
6224.0,CA-2017-140627,12/23/2017,12/27/2017,Standard Class,DK-12985,Darren Koutras,Consumer,United States,Hendersonville,Tennessee,37075.0,South,OFF-AR-10000422,Office Supplies,Art,Pencil and Crayon Sharpener,12.264,7.0,0.2,1.0731,ERP,Pending,Duplicate?
6225.0,CA-2017-140627,12/23/2017,12/27/2017,Standard Class,DK-12985,Darren Koutras,Consumer,United States,Hendersonville,Tennessee,37075.0,South,OFF-ST-10004123,Office Supplies,Storage,Safco Industrial Wire Shelving System,218.352,3.0,0.2,-54.588,ERP,Approved,Urgent
6226.0,CA-2015-133445,10/5/2015,10/9/2015,Standard Class,JF-15490,Jeremy Farry,Consumer,United States,Portland,Oregon,97206.0,West,FUR-BO-10003660,Furniture,Bookcases,"Bush Cubix Collection Bookcases, Fully Assembled",66.294,1.0,0.7,-103.8606,Legacy,Approved,
6227.0,CA-2015-133445,10/5/2015,10/9/2015,Standard Class,JF-15490,Jeremy Farry,Consumer,United States,Portland,Oregon,97206.0,West,FUR-CH-10000422,Furniture,Chairs,Global Highback Leather Tilter in Burgundy,291.168,4.0,0.2,-14.5584,Legacy,Approved,Urgent
6228.0,CA-2014-148782,11/2/2014,11/7/2014,Standard Class,PO-18850,Patrick O'Brill,Consumer,United States,Irving,Texas,75061.0,Central,TEC-PH-10002923,Technology,Phones,"Logitech B530 USB Headset - headset - Full size, Binaural",88.776,3.0,0.2,7.7679,Manual Upload,Pending,Check later
6229.0,CA-2016-148208,1/22/2016,1/27/2016,Standard Class,BT-11530,Bradley Talbott,Home Office,United States,Cleveland,Ohio,44105.0,East,TEC-PH-10004093,Technology,Phones,Panasonic Kx-TS550,110.376,4.0,0.4,-20.2356,ERP,,Urgent
6230.0,CA-2016-148208,1/22/2016,1/27/2016,Standard Class,BT-11530,Bradley Talbott,Home Office,United States,Cleveland,Ohio,44105.0,East,TEC-AC-10000171,Technology,Accessories,"Verbatim 25 GB 6x Blu-ray Single Layer Recordable Disc, 25/Pack",55.176,3.0,0.2,15.8631,CRM,,Duplicate?
6231.0,CA-2017-127656,7/11/2017,7/17/2017,Standard Class,NW-18400,Natalie Webber,Consumer,United States,Waterloo,Iowa,50701.0,Central,OFF-AR-10001166,Office Supplies,Art,Staples in misc. colors,30.32,4.0,0.0,11.8248,CRM,Pending,Check later
6232.0,US-2017-142188,9/11/2017,9/11/2017,Same Day,JF-15415,Jennifer Ferguson,Consumer,United States,Seattle,Washington,98105.0,West,FUR-CH-10003199,Furniture,Chairs,Office Star - Contemporary Task Swivel Chair,177.568,2.0,0.2,8.8784,Manual Upload,,
6233.0,US-2017-142188,9/11/2017,9/11/2017,Same Day,JF-15415,Jennifer Ferguson,Consumer,United States,Seattle,Washington,98105.0,West,OFF-PA-10002005,Office Supplies,Paper,Xerox 225,19.44,3.0,0.0,9.3312,Manual Upload,Rejected,
6234.0,US-2017-142188,9/11/2017,9/11/2017,Same Day,JF-15415,Jennifer Ferguson,Consumer,United States,Seattle,Washington,98105.0,West,OFF-PA-10004101,Office Supplies,Paper,Xerox 1894,71.28,11.0,0.0,34.2144,Manual Upload,,Check later
6235.0,US-2017-142188,9/11/2017,9/11/2017,Same Day,JF-15415,Jennifer Ferguson,Consumer,United States,Seattle,Washington,98105.0,West,OFF-BI-10004600,Office Supplies,Binders,Ibico Ibimaster 300 Manual Binding System,1471.96,5.0,0.2,459.9875,Legacy,Pending,
6236.0,US-2017-142188,9/11/2017,9/11/2017,Same Day,JF-15415,Jennifer Ferguson,Consumer,United States,seatle,Washington,98105.0,West,TEC-PH-10000127,Technology,Phones,iOttie XL Car Mount,79.96,5.0,0.2,-17.991,Manual Upload,,Check later
6237.0,CA-2016-144400,2/23/2016,2/27/2016,Standard Class,AC-10420,Alyssa Crouse,Corporate,United States,Philadelphia,Pennsylvania,19120.0,East,OFF-EN-10004386,Office Supplies,Envelopes,"Recycled Interoffice Envelopes with String and Button Closure, 10 x 13",57.576,3.0,0.2,21.591,ERP,Pending,Check later
6238.0,US-2016-155180,1/22/2016,1/29/2016,Standard Class,TB-21280,Toby Braunhardt,Consumer,United States,New York City,New York,10009.0,East,OFF-BI-10004506,Office Supplies,Binders,Wilson Jones data.warehouse D-Ring Binders with DublLock,26.336,4.0,0.2,9.2176,ERP,Pending,
6239.0,CA-2015-134075,12/12/2015,12/16/2015,Standard Class,HA-14905,Helen Abelman,Consumer,United States,San Jose,California,95123.0,West,FUR-FU-10004597,Furniture,Furnishings,Eldon Cleatmat Chair Mats for Medium Pile Carpets,166.5,3.0,0.0,21.645,Legacy,Pending,Urgent
6240.0,CA-2015-134075,12/12/2015,12/16/2015,Standard Class,HA-14905,Helen Abelman,Consumer,United States,San Jose,California,95123.0,West,OFF-ST-10001496,Office Supplies,Storage,Standard Rollaway File with Lock,360.38,2.0,0.0,93.6988,Legacy,,Urgent
6241.0,US-2016-131912,10/29/2016,11/1/2016,Second Class,LH-17155,Logan Haushalter,Consumer,United States,Los Angeles,California,90008.0,West,OFF-BI-10004236,Office Supplies,Binders,"XtraLife ClearVue Slant-D Ring Binder, White, 3""",11.744,1.0,0.2,3.8168,CRM,,
6242.0,CA-2017-141572,5/28/2017,5/31/2017,Second Class,LO-17170,Lori Olson,Corporate,United States,Concord,New Hampshire,3301.0,East,FUR-FU-10001185,Furniture,Furnishings,"Advantus Employee of the Month Certificate Frame, 11 x 13-1/2",247.44,8.0,0.0,101.4504,Legacy,Approved,
6243.0,CA-2014-134621,12/21/2014,12/28/2014,Standard Class,DP-13390,Dennis Pardue,Home Office,United States,Columbia,Tennessee,38401.0,South,OFF-BI-10000977,Office Supplies,Binders,Ibico Plastic Spiral Binding Combs,18.24,2.0,0.7,-14.592,Legacy,Pending,Check later
6244.0,CA-2016-165561,11/24/2016,11/28/2016,Standard Class,CR-12580,Clay Rozendal,Home Office,United States,Bellevue,Washington,98006.0,West,OFF-SU-10004782,Office Supplies,Supplies,"Elite 5"" Scissors",25.35,3.0,0.0,7.605,Legacy,Approved,
6245.0,CA-2015-112305,11/20/2015,11/25/2015,Standard Class,KB-16405,Katrina Bavinger,Home Office,United States,Seattle,Washington,98105.0,West,OFF-AR-10002067,Office Supplies,Art,Newell 334,119.04,6.0,0.0,30.9504,CRM,Rejected,Check later
6246.0,CA-2015-112305,11/20/2015,11/25/2015,Standard Class,KB-16405,Katrina Bavinger,Home Office,United States,Seattle,Washington,98105.0,West,FUR-FU-10002364,Furniture,Furnishings,"Eldon Expressions Wood Desk Accessories, Oak",22.14,3.0,0.0,6.4206,CRM,Pending,Urgent
6247.0,CA-2015-112305,11/20/2015,11/25/2015,Standard Class,KB-16405,Katrina Bavinger,Home Office,United States,Seattle,Washington,98105.0,West,TEC-AC-10002018,Technology,Accessories,AmazonBasics 3-Button USB Wired Mouse,13.98,2.0,0.0,6.0114,Manual Upload,,Urgent
6248.0,CA-2017-121580,5/29/2017,6/4/2017,Standard Class,ML-17410,Maris LaWare,Consumer,United States,Columbus,Indiana,47201.0,CENTRAL,OFF-BI-10000632,Office Supplies,Binders,Satellite Sectional Post Binders,43.41,1.0,0.0,19.9686,Manual Upload,Pending,Check later
6249.0,CA-2017-121580,5/29/2017,6/4/2017,Standard Class,ML-17410,Maris LaWare,Consumer,United States,Columbus,Indiana,47201.0,Central,FUR-FU-10003981,Furniture,Furnishings,Eldon Wave Desk Accessories,6.24,3.0,0.0,2.6208,Legacy,Pending,Urgent
6250.0,CA-2017-121580,5/29/2017,6/4/2017,Standard Class,ML-17410,Maris LaWare,Consumer,United States,Columbus,Indiana,47201.0,Central,OFF-AP-10001564,Office Supplies,Appliances,Hoover Commercial Lightweight Upright Vacuum with E-Z Empty Dirt Cup,465.16,2.0,0.0,120.9416,Manual Upload,Approved,Check later
6251.0,CA-2017-121580,5/29/2017,6/4/2017,Standard Class,ML-17410,Maris LaWare,Consumer,United States,Columbus,Indiana,47201.0,Central,OFF-PA-10004082,Office Supplies,Paper,"Adams Telephone Message Book w/Frequently-Called Numbers Space, 400 Messages per Book",7.98,1.0,0.0,3.99,CRM,Approved,
6252.0,CA-2014-101147,12/2/2014,12/4/2014,First Class,MC-17575,Matt Collins,Consumer,United States,Chicago,Illinois,60623.0,Central,OFF-AP-10004249,Office Supplies,Appliances,Staple holder,2.394,1.0,0.8,-6.3441,Manual Upload,Rejected,Duplicate?
6253.0,CA-2014-165806,4/7/2014,4/7/2014,Same Day,VM-21685,Valerie Mitchum,Home Office,United States,Marietta,Georgia,30062.0,South,OFF-PA-10003441,Office Supplies,Paper,Xerox 226,58.32,9.0,0.0,27.9936,CRM,Approved,Check later
6254.0,CA-2014-165806,4/7/2014,4/7/2014,Same Day,VM-21685,Valerie Mitchum,Home Office,United States,Marietta,Georgia,30062.0,South,TEC-PH-10004922,tech,Phones,RCA Visys Integrated PBX 8-Line Router,200.97,3.0,0.0,50.2425,Manual Upload,Pending,Check later
6255.0,CA-2015-151624,9/8/2015,9/14/2015,Standard Class,VW-21775,Victoria Wilson,Corporate,United States,Montgomery,Alabama,36116.0,South,FUR-FU-10001731,Furniture,Furnishings,Acrylic Self-Standing Desk Frames,21.36,8.0,0.0,8.1168,Manual Upload,Pending,Check later
6256.0,CA-2017-139444,9/9/2017,9/15/2017,standard class,GK-14620,Grace Kelly,Corporate,United States,Plano,Texas,75023.0,Central,OFF-LA-10000134,Office Supplies,Labels,Avery 511,9.856,4.0,0.2,3.4496,Manual Upload,Approved,
6257.0,CA-2015-133977,9/6/2015,9/8/2015,Second Class,AT-10435,Alyssa Tate,Home Office,United States,Tamarac,Florida,33319.0,South,OFF-BI-10003166,Office Supplies,Binders,GBC Plasticlear Binding Covers,3.444,1.0,0.7,-2.5256,ERP,Rejected,Urgent
6258.0,CA-2017-141425,11/2/2017,11/6/2017,Second Class,AR-10825,Anthony Rawles,Corporate,United States,Columbus,Ohio,43229.0,East,OFF-SU-10000646,Office Supplies,Supplies,Premier Automatic Letter Opener,384.592,2.0,0.2,-81.7258,Manual Upload,,
6259.0,CA-2015-133536,3/28/2015,3/30/2015,Second Class,JH-15820,John Huston,Consumer,United States,New York City,New York,10009.0,East,OFF-EN-10004459,Office Supplies,Envelopes,Security-Tint Envelopes,22.92,3.0,0.0,11.2308,ERP,,
6260.0,CA-2015-150441,8/13/2015,8/17/2015,Second Class,RA-19285,Ralph Arnett,Consumer,United States,Richmond,Indiana,47374.0,Central,OFF-BI-10003529,Office Supplies,Binders,Avery Round Ring Poly Binders,11.36,4.0,0.0,5.5664,Legacy,Approved,
6261.0,CA-2015-162607,5/12/2015,5/18/2015,Standard Class,RO-19780,Rose O'Brian,Consumer,United States,SEATTLE,Washington,98115.0,West,OFF-BI-10002949,Office Supplies,Binders,Prestige Round Ring Binders,14.592,3.0,0.2,4.9248,CRM,Pending,
6262.0,CA-2017-103506,7/23/2017,7/27/2017,Standard Class,LR-17035,Lisa Ryan,Corporate,United States,Long Beach,New York,11561.0,East,OFF-LA-10001158,Office Supplies,Labels,"Avery Address/Shipping Labels for Typewriters, 4"" x 2""",41.4,4.0,0.0,19.872,Manual Upload,Pending,Urgent
6263.0,CA-2016-132479,9/24/2016,9/26/2016,First Class,MK-17905,Michael Kennedy,Corporate,United States,Rockford,Illinois,61107.0,Central,OFF-BI-10004584,Office Supplies,Binders,GBC ProClick 150 Presentation Binding System,442.372,7.0,0.8,-729.9138,CRM,,
6264.0,CA-2017-160724,5/5/2017,5/10/2017,Standard Class,YS-21880,Yana Sorensen,Corporate,United States,Columbus,Georgia,31907.0,South,OFF-BI-10004965,Office Supplies,Binders,Ibico Covers for Plastic or Wire Binding Elements,34.5,3.0,0.0,15.525,Legacy,Approved,Urgent
6265.0,US-2016-115952,10/6/2016,10/6/2016,Same Day,JH-15910,Jonathan Howell,Consumer,United States,Tulsa,Oklahoma,74133.0,Central,OFF-BI-10004654,Office Supplies,Binders,Avery Binding System Hidden Tab Executive Style Index Sets,28.85,5.0,0.0,14.425,CRM,Approved,
6266.0,CA-2014-146731,11/3/2014,11/8/2014,Standard Class,AT-10735,Annie Thurman,Consumer,United States,Nashville,Tennessee,37211.0,South,OFF-PA-10000141,Office Supplies,Paper,"Ampad Evidence Wirebond Steno Books, 6"" x 9""",3.488,2.0,0.2,1.1772,ERP,Rejected,Duplicate?
6267.0,CA-2014-146731,11/3/2014,11/8/2014,Standard Class,AT-10735,Annie Thurman,Consumer,United States,Nashville,Tennessee,37211.0,South,OFF-PA-10001019,Office Supplies,Paper,Xerox 1884,143.856,9.0,0.2,48.5514,Manual Upload,Approved,
6268.0,CA-2015-115392,10/1/2015,10/4/2015,Second Class,RM-19675,Robert Marley,Home Office,United States,Cambridge,Massachusetts,2138.0,East,TEC-PH-10002496,Technology,Phones,Cisco SPA301,311.98,2.0,0.0,93.594,Legacy,Pending,
6269.0,CA-2015-115392,10/1/2015,10/4/2015,Second Class,RM-19675,Robert Marley,Home Office,United States,Cambridge,Massachusetts,2138.0,East,OFF-BI-10000829,Office Supplies,Binders,Avery Non-Stick Binders,22.45,5.0,0.0,10.327,CRM,Approved,Urgent
6270.0,CA-2017-102379,12/2/2017,12/6/2017,Standard Class,BB-11545,Brenda Bowman,Corporate,United States,Oakland,California,94601.0,West,TEC-PH-10001448,Technology,Phones,Anker Astro 15000mAh USB Portable Charger,39.992,1.0,0.2,-7.9984,Legacy,Rejected,
6271.0,CA-2017-102379,12/2/2017,12/6/2017,Standard Class,BB-11545,Brenda Bowman,Corporate,United States,Oakland,California,94601.0,West,FUR-CH-10004983,Furniture,Chairs,Office Star - Mid Back Dual function Ergonomic High Back Chair with 2-Way Adjustable Arms,1159.056,9.0,0.2,43.4646,Legacy,,
6272.0,CA-2017-102379,12/2/2017,12/6/2017,Standard Class,BB-11545,Brenda Bowman,Corporate,United States,Oakland,California,94601.0,West,OFF-AR-10004022,Office Supplies,Art,Panasonic KP-380BK Classic Electric Pencil Sharpener,179.9,5.0,0.0,44.975,Manual Upload,Pending,
6273.0,CA-2017-149706,12/11/2017,12/12/2017,First Class,AS-10285,Alejandro Savely,Corporate,United States,Palatine,Illinois,60067.0,Central,TEC-AC-10001284,Technology,Accessories,Enermax Briskie RF Wireless Keyboard and Mouse Combo,116.312,7.0,0.2,23.2624,Manual Upload,Pending,Check later
6274.0,US-2016-139087,7/17/2016,7/22/2016,Second Class,DK-13375,Dennis Kane,Consumer,United States,Seattle,Washington,98105.0,West,FUR-FU-10001847,Furniture,Furnishings,Eldon Image Series Black Desk Accessories,12.42,3.0,0.0,4.4712,CRM,Rejected,Duplicate?
6275.0,US-2016-139087,7/17/2016,7/22/2016,Second Class,DK-13375,Dennis Kane,Consumer,United States,Seattle,Washington,98105.0,West,TEC-AC-10004595,Technology,Accessories,First Data TMFD35 PIN Pad,428.4,3.0,0.0,89.964,Legacy,Approved,Duplicate?
6276.0,US-2016-139087,7/17/2016,7/22/2016,Second Class,DK-13375,Dennis Kane,Consumer,United States,Seattle,Washington,98105.0,West,FUR-FU-10004164,Furniture,Furnishings,"Eldon 300 Class Desk Accessories, Black",24.75,5.0,0.0,10.89,Legacy,Pending,Duplicate?
6277.0,US-2016-139087,7/17/2016,7/22/2016,Second Class,DK-13375,Dennis Kane,Consumer,United States,Seattle,Washington,98105.0,West,OFF-LA-10001074,Office Supplies,Labels,Round Specialty Laser Printer Labels,87.71,7.0,0.0,41.2237,CRM,Approved,
6278.0,US-2016-139087,7/17/2016,7/22/2016,Second Class,DK-13375,Dennis Kane,Consumer,United States,Seattle,Washington,98105.0,West,OFF-ST-10000604,Office Supplies,Storage,Home/Office Personal File Carts,69.52,2.0,0.0,17.38,Manual Upload,Pending,
6279.0,US-2016-139087,7/17/2016,7/22/2016,Second Class,DK-13375,Dennis Kane,Consumer,United States,Seattle,Washington,98105.0,West,TEC-PH-10000148,Technology,Phones,Cyber Acoustics AC-202b Speech Recognition Stereo Headset,20.784,2.0,0.2,-4.6764,CRM,Pending,
6280.0,US-2016-139087,7/17/2016,7/22/2016,Second Class,DK-13375,Dennis Kane,consumer,United States,Seattle,Washington,98105.0,West,OFF-BI-10000042,Office Supplies,Binders,"Pressboard Data Binder, Crimson, 12"" X 8 1/2""",12.816,3.0,0.2,4.1652,Manual Upload,Pending,Check later
6281.0,CA-2017-152226,5/12/2017,5/16/2017,Standard Class,JH-15910,Jonathan Howell,Consumer,United States,Cincinnati,Ohio,45231.0,East,OFF-LA-10000443,Office Supplies,Labels,Avery 501,5.904,2.0,0.2,1.9926,Legacy,Approved,Check later
6282.0,CA-2015-116484,11/20/2015,11/26/2015,Standard Class,JK-15205,Jamie Kunitz,Consumer,United States,Marion,Ohio,43302.0,East,FUR-FU-10002874,Furniture,Furnishings,Ultra Commercial Grade Dual Valve Door Closer,63.824,2.0,0.2,9.5736,Manual Upload,,
6283.0,CA-2015-116484,11/20/2015,11/26/2015,Standard Class,JK-15205,Jamie Kunitz,Consumer,United States,Marion,Ohio,43302.0,East,OFF-ST-10003994,OfficeSupply,Storage,"Belkin 19"" Center-Weighted Shelf, Gray",141.552,3.0,0.2,-26.541,ERP,Approved,Urgent
6284.0,CA-2016-100944,9/24/2016,9/28/2016,Standard Class,EH-13765,Edward Hooks,Corporate,United States,Los Angeles,California,90049.0,West,OFF-EN-10001453,Office Supplies,Envelopes,"Tyvek Interoffice Envelopes, 9 1/2"" x 12 1/2"", 100/Box",304.9,5.0,0.0,143.303,Manual Upload,Rejected,Urgent
6285.0,CA-2016-100944,9/24/2016,9/28/2016,Standard Class,EH-13765,Edward Hooks,Corporate,United States,Los Angeles,California,90049.0,West,FUR-CH-10000988,Furniture,Chairs,Hon Olson Stacker Stools,563.24,5.0,0.2,56.324,CRM,Approved,Urgent
6286.0,CA-2016-125080,10/21/2016,10/26/2016,Standard Class,VW-21775,Victoria Wilson,Corporate,United States,Lakewood,Ohio,44107.0,East,FUR-TA-10003238,Furniture,Tables,"Chromcraft Bull-Nose Wood 48"" x 96"" Rectangular Conference Tables",661.176,2.0,0.4,-231.4116,Manual Upload,,
6287.0,CA-2016-121020,10/24/2016,10/31/2016,Standard Class,CG-12040,Catherine Glotzbach,Home Office,United States,Lebanon,Tennessee,37087.0,South,TEC-PH-10001061,Technology,Phones,Apple iPhone 5C,239.976,3.0,0.2,17.9982,ERP,Rejected,Urgent
6288.0,CA-2014-100090,7/8/2014,7/12/2014,Standard Class,EB-13705,Ed Braxton,Corporate,United States,San Francisco,California,94122.0,West,FUR-TA-10003715,Furniture,Tables,Hon 2111 Invitation Series Corner Table,502.488,3.0,0.2,-87.9354,ERP,Pending,
6289.0,CA-2014-100090,7/8/2014,7/12/2014,Standard Class,EB-13705,Ed Braxton,Corporate,United States,San Francisco,California,94122.0,West,OFF-BI-10001597,Office Supplies,Binders,"Wilson Jones Ledger-Size, Piano-Hinge Binder, 2"", Blue",196.704,6.0,0.2,68.8464,CRM,,Check later
6290.0,US-2015-139675,3/13/2015,3/18/2015,Second Class,NF-18595,Nicole Fjeld,Home Office,United States,Chico,California,95928.0,West,FUR-CH-10004063,Furniture,Chairs,Global Deluxe High-Back Manager's Chair,915.136,4.0,0.2,102.9528,Manual Upload,Rejected,
6291.0,US-2015-139675,3/13/2015,3/18/2015,Second Class,NF-18595,Nicole Fjeld,Home Office,United States,Chico,California,95928.0,West,FUR-FU-10001979,Furniture,Furnishings,Dana Halogen Swing-Arm Architect Lamp,327.76,8.0,0.0,91.7728,ERP,Approved,Check later
6292.0,CA-2017-143756,12/2/2017,12/5/2017,First Class,ME-17725,Max Engle,Consumer,United States,Salem,Virginia,24153.0,South,FUR-CH-10001854,Furniture,Chairs,Office Star - Professional Matrix Back Chair with 2-to-1 Synchro Tilt and Mesh Fabric Seat,701.96,2.0,0.0,168.4704,CRM,Approved,Check later
6293.0,CA-2015-151253,4/22/2015,4/26/2015,Standard Class,AZ-10750,Annie Zypern,Consumer,United States,Los Angeles,California,90008.0,West,TEC-PH-10002923,Technology,Phones,"Logitech B530 USB Headset - headset - Full size, Binaural",88.776,3.0,0.2,7.7679,Manual Upload,Pending,Check later
6294.0,CA-2015-151253,4/22/2015,4/26/2015,Standard Class,AZ-10750,Annie Zypern,Consumer,United States,Los Angeles,California,90008.0,West,OFF-AR-10004691,Office Supplies,Art,Boston 1730 StandUp Electric Pencil Sharpener,64.14,3.0,0.0,16.6764,Legacy,Pending,Check later
6295.0,CA-2014-141152,9/16/2014,9/19/2014,First Class,RF-19345,Randy Ferguson,Corporate,United States,New York City,New York,10024.0,East,OFF-BI-10002931,Office Supplies,Binders,"Avery Trapezoid Extra Heavy Duty 4"" Binders",33.552,1.0,0.2,12.582,Manual Upload,Approved,
6296.0,CA-2014-141313,12/28/2014,1/1/2015,Standard Class,AJ-10780,Anthony Jacobs,Corporate,United States,Beverly,Massachusetts,1915.0,East,OFF-AP-10002651,Office Supplies,Appliances,Hoover Upright Vacuum With Dirt Cup,1737.18,6.0,0.0,503.7822,CRM,,
6297.0,CA-2014-141313,12/28/2014,1/1/2015,Standard Class,AJ-10780,Anthony Jacobs,Corporate,United States,Beverly,Massachusetts,1915.0,East,OFF-ST-10000689,Office Supplies,Storage,"Fellowes Strictly Business Drawer File, Letter/Legal Size",704.25,5.0,0.0,84.51,Legacy,Approved,
6298.0,CA-2014-141313,12/28/2014,1/1/2015,Standard Class,AJ-10780,Anthony Jacobs,Corporate,United States,Beverly,Massachusetts,1915.0,East,OFF-PA-10003302,Office Supplies,Paper,Xerox 1906,141.76,4.0,0.0,66.6272,Manual Upload,Rejected,Urgent
6299.0,CA-2014-169852,10/21/2014,10/26/2014,Standard Class,SF-20965,Sylvia Foulston,Corporate,United States,San Diego,California,92024.0,West,OFF-BI-10001460,Office Supplies,Binders,Plastic Binding Combs,36.36,3.0,0.2,12.2715,ERP,,
6300.0,CA-2017-107314,11/30/2017,12/3/2017,First Class,MZ-17335,MariaZettner,Home Office,United States,San Francisco,California,94109.0,West,FUR-FU-10003489,Furniture,Furnishings,Contemporary Borderless Frame,25.83,3.0,0.0,9.5571,Manual Upload,,
6301.0,US-2014-161305,6/6/2014,6/12/2014,Standard Class,SB-20170,Sarah Bern,Consumer,United States,Chicago,Illinois,60623.0,Central,OFF-BI-10002794,Office Supplies,Binders,"Avery Trapezoid Ring Binder, 3"" Capacity, Black, 1040 sheets",24.588,3.0,0.8,-38.1114,CRM,,Duplicate?
6302.0,US-2014-161305,6/6/2014,6/12/2014,Standard Class,SB-20170,Sarah Bern,Consumer,United States,Chicago,Illinois,60623.0,Central,OFF-EN-10000461,Office Supplies,Envelopes,"#10- 4 1/8"" x 9 1/2"" Recycled Envelopes",13.984,2.0,0.2,4.7196,CRM,Approved,
6303.0,CA-2017-166919,11/23/2017,11/27/2017,Standard Class,AH-10210,Alan Hwang,Consumer,United States,Dallas,texas,75220.0,Central,TEC-PH-10001305,Technology,Phones,Panasonic KX TS208W Corded phone,195.96,5.0,0.2,19.596,Manual Upload,Pending,Urgent
6304.0,CA-2017-162712,6/18/2017,6/20/2017,Second Class,NK-18490,Neil Knudson,Home Office,United States,Corpus Christi,Texas,78415.0,Central,OFF-PA-10000167,Office Supplies,Paper,Xerox 1925,74.352,3.0,0.2,23.235,Legacy,Pending,
6305.0,CA-2017-107552,5/5/2017,5/5/2017,Same Day,AI-10855,Arianne Irving,Consumer,United States,New york city,New York,10035.0,East,OFF-PA-10002947,Office Supplies,Paper,Xerox 1923,6.68,1.0,0.0,3.2064,Manual Upload,,Duplicate?
6306.0,CA-2016-163328,11/4/2016,11/6/2016,Second Class,TP-21565,Tracy Poddar,Corporate,United States,Eugene,Oregon,97405.0,West,OFF-SU-10002301,Office Supplies,Supplies,Serrated Blade or Curved Handle Hand Letter Openers,17.584,7.0,0.2,-4.1762,Manual Upload,Rejected,
6307.0,CA-2016-163328,11/4/2016,11/6/2016,Second Class,TP-21565,Tracy Poddar,Corporate,United States,Eugene,Oregon,ABCDE,West,FUR-CH-10003298,Furniture,Chairs,"Office Star - Contemporary Task Swivel chair with Loop Arms, Charcoal",104.784,1.0,0.2,-14.4078,ERP,,Duplicate?
6308.0,CA-2016-163328,11/4/2016,11/6/2016,Second Class,TP-21565,Tracy Poddar,Corporate,United States,Eugene,Oregon,97405.0,West,OFF-PA-10004353,Office Supplies,Paper,Southworth 25% Cotton Premium Laser Paper and Envelopes,47.952,3.0,0.2,16.7832,CRM,,Check later
6309.0,CA-2016-163328,11/4/2016,11/6/2016,Second Class,TP-21565,Tracy Poddar,Corporate,United States,Eugene,Oregon,97405.0,West,FUR-CH-10000229,Furniture,Chairs,Global Enterprise Series Seating High-Back Swivel/Tilt Chairs,650.352,3.0,0.2,-97.5528,Legacy,Rejected,Urgent
6310.0,CA-2016-163328,11/4/2016,11/6/2016,Second Class,TP-21565,Tracy Poddar,Corporate,United States,Eugene,Oregon,97405.0,West,OFF-LA-10003930,Office Supplies,Labels,"Dot Matrix Printer Tape Reel Labels, White, 5000/Box",629.184,8.0,0.2,228.0792,Manual Upload,Pending,Duplicate?
6311.0,CA-2016-163328,11/4/2016,11/6/2016,Second Class,TP-21565,Tracy Poddar,Corporate,United States,Eugene,Oregon,97405.0,West,OFF-PA-10000176,Office Supplies,Paper,Xerox 1887,15.176,1.0,0.2,5.3116,Legacy,Pending,
6312.0,CA-2014-112837,9/11/2014,9/16/2014,Standard Class,LW-17125,Liz Willingham,Consumer,United States,Oxnard,California,93030.0,West,FUR-FU-10004006,Furniture,Furnishings,"Deflect-o DuraMat Lighweight, Studded, Beveled Mat for Low Pile Carpeting",127.95,3.0,0.0,21.7515,Manual Upload,Rejected,
6313.0,CA-2017-120019,2/16/2017,2/21/2017,Standard Class,NG-18355,Nat Gilpin,Corporate,United States,Fairfield,Connecticut,6824.0,East,OFF-ST-10001932,Office Supplies,Storage,Fellowes Staxonsteel Drawer Files,579.51,3.0,0.0,81.1314,Legacy,Pending,
6314.0,CA-2017-120019,2/16/2017,2/21/2017,Standard Class,NG-18355,Nat Gilpin,Corporate,United States,Fairfield,Connecticut,6824.0,East,TEC-PH-10000923,Technology,Phones,"Belkin SportFit Armband For iPhone 5s/5c, Fuchsia",14.99,1.0,0.0,7.3451,Manual Upload,Pending,Check later
6315.0,CA-2014-100762,11/24/2014,11/29/2014,Standard Class,NG-18355,Nat Gilpin,Corporate,United States,Jackson,Michigan,49201.0,Central,OFF-AR-10000380,Office Supplies,Art,"Hunt PowerHouse Electric Pencil Sharpener, Blue",151.92,4.0,0.0,45.576,Legacy,,Duplicate?
6316.0,CA-2014-100762,11/24/2014,11/29/2014,Standard Class,NG-18355,Nat Gilpin,Corporate,United States,Jackson,Michigan,49201.0,Central,OFF-LA-10003930,Office Supplies,Labels,"Dot Matrix Printer Tape Reel Labels, White, 5000/Box",196.62,2.0,0.0,96.3438,Manual Upload,Rejected,
6317.0,CA-2014-100762,11/24/2014,11/29/2014,Standard Class,NG-18355,Nat Gilpin,Corporate,United States,Jackson,Michigan,49201.0,Central,OFF-PA-10001815,Office Supplies,Paper,Xerox 1885,144.12,3.0,0.0,69.1776,Legacy,Approved,
6318.0,CA-2014-100762,11/24/2014,11/29/2014,Standard Class,NG-18355,Nat Gilpin,Corporate,United States,Jackson,Michigan,49201.0,Central,OFF-PA-10004082,Office Supplies,Paper,"Adams Telephone Message Book w/Frequently-Called Numbers Space, 400 Messages per Book",15.96,2.0,0.0,7.98,ERP,Rejected,Urgent
6319.0,CA-2017-161459,11/25/2017,11/29/2017,Second Class,EB-13750,Edward Becker,Corporate,United States,Laguna Niguel,California,92677.0,West,TEC-PH-10004071,Technology,Phones,PayAnywhere Card Reader,39.96,5.0,0.2,3.4965,ERP,Pending,Urgent
6320.0,CA-2017-161459,11/25/2017,11/29/2017,Second Class,EB-13750,Edward Becker,Corporate,United States,Laguna Niguel,California,92677.0,West,OFF-PA-10002377,Office Supplies,Paper,"Adams Telephone Message Book W/Dividers/Space For Phone Numbers, 5 1/4""X8 1/2"", 200/Messages",34.08,6.0,0.0,15.336,Legacy,Approved,Duplicate?
6321.0,CA-2017-160017,9/28/2017,10/2/2017,Standard Class,SP-20860,Sung Pak,Corporate,United States,Jacksonville,Florida,32216.0,South,OFF-PA-10001800,Office Supplies,Paper,Xerox 220,10.368,2.0,0.2,3.6288,CRM,Approved,
6322.0,CA-2014-123316,10/13/2014,10/17/2014,Standard Class,SP-20545,Sibella Parks,Corporate,United States,Mount Vernon,New York,10550.0,East,OFF-BI-10002764,Office Supplies,Binders,Recycled Pressboard Report Cover with Reinforced Top Hinge,7.752,3.0,0.2,2.8101,ERP,Approved,
6323.0,CA-2014-141299,6/3/2014,6/7/2014,Second Class,RB-19795,Ross Baird,Home Office,United States,Midland,Michigan,48640.0,Central,OFF-EN-10004459,Office Supplies,Envelopes,Security-Tint Envelopes,15.28,2.0,0.0,7.4872,Legacy,,Urgent
6324.0,CA-2014-104402,6/17/2014,6/23/2014,Standard Class,DB-13660,Duane Benoit,Consumer,United States,Newark,Delaware,19711.0,East,TEC-MA-10000423,Technology,Machines,Texas Instruments TI-34 Scientific Calculator,65.97,3.0,0.0,31.0059,ERP,Rejected,Urgent
6325.0,CA-2015-110289,10/29/2015,11/2/2015,Standard Class,NB-18655,Nona Balk,Corporate,United States,San Francisco,California,94109.0,West,OFF-PA-10002986,Office Supplies,Paper,Xerox 1898,33.4,5.0,0.0,16.032,ERP,Pending,Duplicate?
6326.0,CA-2015-110289,10/29/2015,11/2/2015,Standard Class,NB-18655,Nona Balk,Corporate,United States,San Francisco,California,94109.0,West,OFF-EN-10001434,Office Supplies,Envelopes,"Strathmore #10 Envelopes, Ultimate White",210.84,4.0,0.0,103.3116,ERP,Approved,
6327.0,CA-2014-167927,1/20/2014,1/26/2014,Standard Class,XP-21865,Xylona Preis,Consumer,United States,Westland,Michigan,48185.0,Central,OFF-ST-10000760,Office Supplies,Storage,Eldon Fold 'N Roll Cart System,13.98,1.0,0.0,4.0542,Legacy,,Check later
6328.0,CA-2014-167927,1/20/2014,1/26/2014,Standard Class,XP-21865,Xylona Preis,Consumer,United States,Westland,Michigan,48185.0,Central,FUR-FU-10002918,furniture,Furnishings,Eldon ClusterMat Chair Mat with Cordless Antistatic Protection,272.94,3.0,0.0,30.0234,ERP,,Urgent
6329.0,CA-2014-167927,1/20/2014,1/26/2014,Standard Class,XP-21865,Xylona Preis,Consumer,United States,Westland,Michigan,48185.0,Central,OFF-BI-10000605,Office Supplies,Binders,"Acco Pressboard Covers with Storage Hooks, 9 1/2"" x 11"", Executive Red",19.05,5.0,0.0,8.9535,Legacy,Rejected,
6330.0,CA-2014-167927,1/20/2014,1/26/2014,Standard Class,XP-21865,Xylona Preis,Consumer,United States,Westland,Michigan,48185.0,Central,OFF-AP-10002311,Office Supplies,Appliances,"Holmes Replacement Filter for HEPA Air Cleaner, Very Large Room, HEPA Filter",247.716,4.0,0.1,93.5816,Manual Upload,Approved,
6331.0,CA-2014-167927,1/20/2014,1/26/2014,Standard Class,XP-21865,Xylona Preis,Consumer,United States,Westland,Michigan,48185.0,Central,OFF-ST-10003123,Office Supplies,Storage,Fellowes Bases and Tops For Staxonsteel/High-Stak Systems,66.58,2.0,0.0,15.9792,ERP,,
6332.0,CA-2014-167927,1/20/2014,1/26/2014,Standard Class,XP-21865,Xylona Preis,Consumer,United States,Westland,Michigan,48185.0,Central,OFF-AR-10004456,Office Supplies,Art,Panasonic KP-4ABK Battery-Operated Pencil Sharpener,43.92,3.0,0.0,12.7368,Manual Upload,Approved,Urgent
6333.0,CA-2014-167927,1/20/2014,1/26/2014,Standard Class,XP-21865,Xylona Preis,Consumer,United States,Westland,Michigan,48185.0,Central,FUR-FU-10002268,Furniture,Furnishings,Ultra Door Push Plate,14.73,3.0,0.0,4.8609,Legacy,Pending,
6334.0,CA-2014-167927,1/20/2014,1/26/2014,Standard Class,XP-21865,Xylona Preis,Consumer,United States,Westland,Michigan,48185.0,Central,OFF-BI-10004364,Office Supplies,Binders,Storex Dura Pro Binders,29.7,5.0,0.0,13.365,CRM,Pending,
6335.0,CA-2014-133305,7/11/2014,7/15/2014,Standard Class,MH-17455,Mark Hamilton,Consumer,United States,New York City,New York,10011.0,East,OFF-PA-10001970,Office Supplies,Paper,Xerox 1881,49.12,4.0,0.0,23.0864,Legacy,Rejected,Urgent
6336.0,CA-2014-133305,7/11/2014,7/15/2014,Standard Class,MH-17455,Mark Hamilton,Consumer,United States,New York City,New York,10011.0,East,OFF-BI-10002954,Office Supplies,Binders,Newell 3-Hole Punched Plastic Slotted Magazine Holders for Binders,18.28,5.0,0.2,6.398,Manual Upload,,Urgent
6337.0,CA-2016-165995,08/30/2016,9/6/2016,Standard Class,BG-11740,Bruce Geld,Consumer,United States,Los Angeles,California,90008.0,West,FUR-FU-10000672,Furniture,Furnishings,"Executive Impressions 10"" Spectator Wall Clock",47.04,4.0,0.0,15.9936,CRM,Pending,Urgent
6338.0,CA-2016-165995,8/30/2016,9/6/2016,Standard Class,BG-11740,Bruce Geld,Consumer,United States,Los Angeles,California,90008.0,West,TEC-PH-10004908,Technology,Phones,Panasonic KX TS3282W Corded phone,339.96,5.0,0.2,42.495,Manual Upload,Pending,
6339.0,CA-2017-143112,10/5/2017,10/9/2017,Standard Class,TS-21370,Todd Sumrall,Corporate,United States,New York City,New York,10035.0,East,TEC-PH-10003095,Technology,Phones,Samsung HM1900 Bluetooth Headset,87.8,4.0,0.0,43.9,CRM,,Check later
6340.0,CA-2017-143112,10/5/2017,10/9/2017,Standard Class,TS-21370,Todd Sumrall,Corporate,United States,New York City,New York,10035.0,East,FUR-CH-10002880,Furniture,Chairs,"Global High-Back Leather Tilter, Burgundy",221.382,2.0,0.1,2.4598,Manual Upload,,
6341.0,CA-2017-143112,10/5/2017,10/9/2017,Standard Class,TS-21370,Todd Sumrall,Corporate,United States,New York City,New York,10035.0,East,TEC-MA-10001047,Technology,Machines,"3D Systems Cube Printer, 2nd Generation, Magenta",5199.96,4.0,0.0,1351.9896,CRM,Rejected,
6342.0,US-2017-105830,12/31/2016,1/2/2017,First Class,DB-13660,Duane Benoit,Consumer,United States,Lancaster,Ohio,43130.0,East,OFF-ST-10002554,Office Supplies,Storage,Tennsco Industrial Shelving,156.512,4.0,0.2,-35.2152,Manual Upload,Approved,Check later
6343.0,CA-2015-146255,3/7/2015,3/10/2015,First Class,EM-14140,Eugene Moren,Home Office,United States,Newark,Delaware,19711.0,East,TEC-AC-10004469,Technology,Accessories,Microsoft Sculpt Comfort Mouse,119.85,3.0,0.0,52.734,Legacy,Pending,
6344.0,CA-2015-146255,3/7/2015,3/10/2015,First Class,EM-14140,Eugene Moren,Home Office,United States,Newark,Delaware,19711.0,East,OFF-BI-10000309,Office Supplies,Binders,"GBC Twin Loop Wire Binding Elements, 9/16"" Spine, Black",30.44,2.0,0.0,14.9156,Legacy,Approved,
6345.0,CA-2015-146255,3/7/2015,3/10/2015,First Class,EM-14140,Eugene Moren,Home Office,United States,Newark,Delaware,19711.0,East,OFF-BI-10001765,Office Supplies,Binders,Wilson Jones Heavy-Duty Casebound Ring Binders with Metal Hinges,69.28,2.0,0.0,33.2544,Legacy,Rejected,
6346.0,CA-2015-146255,3/7/2015,3/10/2015,First Class,EM-14140,Eugene Moren,Home Office,United States,Newark,Delaware,19711.0,East ,TEC-PH-10001619,Technology,Phones,LG G3,587.97,3.0,0.0,170.5113,ERP,Pending,Urgent
6347.0,CA-2017-104822,10/20/2017,10/20/2017,Same Day,RB-19465,Rick Bensley,Home Office,United States,New York City,New York,10024.0,East,OFF-LA-10002034,Office Supplies,Labels,Avery 478,24.55,5.0,0.0,12.0295,ERP,,Duplicate?
6348.0,CA-2015-104486,5/1/2015,5/6/2015,Standard Class,PO-18850,Patrick O'Brill,Consumer,United States,San Francisco,California,94109.0,West,OFF-BI-10000309,Office Supplies,Binders,"GBC Twin Loop Wire Binding Elements, 9/16"" Spine, Black",12.176,1.0,0.2,4.4138,Manual Upload,Rejected,
6349.0,CA-2015-104486,5/1/2015,5/6/2015,Standard Class,PO-18850,Patrick O'Brill,Consumer,United States,San Francisco,California,94109.0,West,OFF-ST-10000876,Office Supplies,Storage,Eldon Simplefile Box Office,37.32,3.0,0.0,10.4496,Legacy,,
6350.0,CA-2015-104486,5/1/2015,5/6/2015,Standard Class,PO-18850,Patrick O'Brill,Consumer,United States,San Francisco,California,94109.0,West,OFF-SU-10002573,Office Supplies,Supplies,"Acme 10"" Easy Grip Assistive Scissors",35.06,2.0,0.0,10.518,Legacy,Rejected,
6351.0,CA-2017-161557,9/3/2017,9/8/2017,Standard Class,AG-10900,Arthur Gainer,Consumer,United States,Dallas,Texas,75217.0,Central,FUR-FU-10004622,Furniture,Furnishings,Eldon Advantage Foldable Chair Mats for Low Pile Carpets,108.4,5.0,0.6,-105.69,ERP,Pending,
6352.0,CA-2017-161130,11/3/2017,11/8/2017,Standard Class,BF-11275,Beth Fritzler,Corporate,United States,Miami,Florida,33178.0,South,TEC-PH-10002549,Technology,Phones,Polycom SoundPoint IP 450 VoIP phone,361.376,2.0,0.2,27.1032,Legacy,Rejected,
6353.0,US-2015-161347,9/13/2015,9/19/2015,Standard Class,HG-14845,Harry Greene,Consumer,United States,Philadelphia,Pennsylvania,19120.0,East,OFF-BI-10004209,Office Supplies,Binders,"Fellowes Twister Kit, Gray/Clear, 3/pkg",2.412,1.0,0.7,-2.01,Legacy,Rejected,Duplicate?
6354.0,US-2015-109015,9/6/2015,9/12/2015,Standard Class,BS-11590,Brendan Sweed,Corporate,United States,New York City,New York,10011.0,East,OFF-AP-10001962,Office Supplies,Appliances,Black & Decker Filter for Double Action Dustbuster Cordless Vac BLDV7210,8.39,1.0,0.0,2.0975,Manual Upload,Rejected,Check later
6355.0,US-2015-109015,9/6/2015,9/12/2015,Standard Class,BS-11590,Brendan Sweed,Corporate,United States,New York City,New York,10011.0,East,TEC-PH-10002922,Technology,Phones,ShoreTel ShorePhone IP 230 VoIP phone,337.98,2.0,0.0,101.394,ERP,Pending,Check later
6356.0,CA-2014-110611,10/6/2014,10/13/2014,Standard Class,JD-16015,Joy Daniels,Consumer,United States,Philadelphia,Pennsylvania,19120.0,East,OFF-ST-10000642,Office Supplies,Storage,"Tennsco Lockers, Gray",83.92,5.0,0.2,-13.637,CRM,,
6357.0,CA-2017-139080,1/23/2017,1/28/2017,Standard Class,CS-12250,Chris Selesnick,CORP,United States,seatle,Washington,98103.0,West,OFF-BI-10001757,Office Supplies,Binders,Pressboard Hanging Data Binders for Unburst Sheets,19.68,5.0,0.2,6.888,ERP,Rejected,
6358.0,CA-2017-139080,1/23/2017,1/28/2017,Standard Class,CS-12250,Chris Selesnick,Corporate,United States,Seattle,Washington,98103.0,West,OFF-PA-10004621,Office Supplies,Paper,Xerox 212,25.92,4.0,0.0,12.4416,ERP,Pending,
6359.0,CA-2017-139080,1/23/2017,1/28/2017,Standard Class,CS-12250,Chris Selesnick,Corporate,United States,Seattle,Washington,98103.0,West,OFF-PA-10002262,Office Supplies,Paper,Xerox 192,6.48,1.0,0.0,3.1104,CRM,Pending,
6360.0,CA-2017-139080,1/23/2017,1/28/2017,Standard Class,CS-12250,Chris Selesnick,Corporate,United States,Seattle,Washington,98103.0,West,TEC-PH-10004100,Technology,Phones,Griffin GC17055 Auxiliary Audio Cable,86.352,6.0,0.2,8.6352,CRM,Rejected,
6361.0,CA-2015-115693,12/10/2015,12/15/2015,Standard Class,FC-14245,Frank Carlisle,Home Office,United States,Los Angeles,California,90032.0,West,OFF-AR-10003582,Office Supplies,Art,"Boston Electric Pencil Sharpener, Model 1818, Charcoal Black",56.3,2.0,0.0,15.764,CRM,,Urgent
6362.0,US-2014-107993,11/25/2014,11/30/2014,Standard Class,SE-20110,Sanjit Engle,Consumer,United States,Springfield,Oregon,97477.0,West,OFF-AR-10003179,Office Supplies,Art,Dixon Ticonderoga Core-Lock Colored Pencils,51.016,7.0,0.2,8.2901,ERP,Rejected,Check later
6363.0,CA-2017-110443,11/21/2017,11/25/2017,Standard Class,CK-12205,Chloris Kastensmidt,Consumer,United States,Renton,Washington,98059.0,West,OFF-BI-10001670,Office Supplies,Binders,Vinyl Sectional Post Binders,150.8,5.0,0.2,56.55,Manual Upload,Approved,
6364.0,CA-2017-110443,11/21/2017,11/25/2017,Standard Class,CK-12205,Chloris Kastensmidt,Consumer,United States,Renton,Washington,98059.0,West,TEC-MA-10002073,Technology,Machines,"3D Systems Cube Printer, 2nd Generation, White",1039.992,1.0,0.2,103.9992,Manual Upload,Pending,Check later
6365.0,CA-2017-110443,11/21/2017,11/25/2017,Standard Class,CK-12205,Chloris Kastensmidt,Consumer,United States,Renton,Washington,98059.0,West,OFF-PA-10003797,Office Supplies,Paper,Xerox 209,51.84,8.0,0.0,24.8832,Legacy,Approved,Check later
6366.0,CA-2017-144848,4/4/2017,4/5/2017,First Class,DS-13030,Darrin Sayre,Home Office,United States,New York City,New York,10009.0,East,TEC-PH-10004006,Technology,Phones,Panasonic KX - TS880B Telephone,41.22,1.0,0.0,11.1294,ERP,Rejected,Urgent
6367.0,CA-2017-144848,4/4/2017,4/5/2017,First Class,DS-13030,Darrin Sayre,Home Office,United States,New York City,New York,10009.0,East,OFF-SU-10000646,Office Supplies,Supplies,Premier Automatic Letter Opener,240.37,1.0,0.0,7.2111,Legacy,Pending,Duplicate?
6368.0,CA-2017-144848,4/4/2017,4/5/2017,First Class,DS-13030,Darrin Sayre,Home Office,United States,New York City,New York,10009.0,East,TEC-PH-10002262,Technology,Phones,LG Electronics Tone+ HBS-730 Bluetooth Headset,119.02,2.0,0.0,33.3256,Legacy,Pending,
6369.0,US-2017-147998,5/19/2017,5/24/2017,Standard Class,SA-20830,Sue Ann Reed,Consumer,United States,San Jose,California,95123.0,West,OFF-BI-10002082,Office Supplies,Binders,GBC Twin Loop Wire Binding Elements,133.12,5.0,0.2,49.92,Manual Upload,Approved,
6370.0,CA-2016-103919,10/3/2016,10/7/2016,Standard Class,TP-21565,Tracy Poddar,Corporate,United States,Grand Prairie,Texas,75051.0,Central,FUR-FU-10001756,Furniture,Furnishings,"Eldon Expressions Desk Accessory, Wood Photo Frame, Mahogany",38.08,5.0,0.6,-29.512,CRM,,Check later
6371.0,CA-2016-113425,11/21/2016,11/21/2016,Same Day,JK-16120,Julie Kriz,Home Office,United States,New York City,New York,10009.0,East,FUR-BO-10002598,Furniture,Bookcases,"Hon Metal Bookcases, Putty",113.568,2.0,0.2,12.7764,CRM,Rejected,Check later
6372.0,CA-2017-143035,10/3/2017,10/5/2017,Second Class,CC-12430,Chuck Clark,Home Office,United States,New York City,New York,10009.0,East,FUR-FU-10001934,Furniture,Furnishings,Magnifier Swing Arm Lamp,83.92,4.0,0.0,21.8192,Manual Upload,Pending,Duplicate?
6373.0,CA-2017-143035,10/3/2017,10/5/2017,Second Class,CC-12430,Chuck Clark,Home Office,United States,New York City,New York,10009.0,East,OFF-AR-10001130,Office Supplies,Art,"Quartet Alpha White Chalk, 12/Pack",6.63,3.0,0.0,3.1161,CRM,Rejected,
6374.0,CA-2017-143035,10/3/2017,10/5/2017,Second Class,CC-12430,Chuck Clark,Home Office,United States,New York City,New York,10009.0,East,TEC-AC-10002049,Technology,Accessories,Logitech G19 Programmable Gaming Keyboard,371.97,3.0,0.0,66.9546,Legacy,,Urgent
6375.0,CA-2014-107811,4/29/2014,5/3/2014,Standard Class,LA-16780,LAURA ARMSTRONG,Corporate,United States,Memphis,Tennessee,38109.0,South,FUR-CH-10001394,Furniture,Chairs,Global Leather Executive Chair,561.584,2.0,0.2,70.198,CRM,,Urgent
6376.0,CA-2014-107811,4/29/2014,5/3/2014,Standard Class,LA-16780,Laura Armstrong,Corporate,United States,Memphis,Tennessee,38109.0,South,OFF-ST-10000798,Office Supplies,Storage,2300 Heavy-Duty Transfer File Systems by Perma,99.92,5.0,0.2,-1.249,CRM,Rejected,
6377.0,CA-2016-163216,10/7/2016,10/10/2016,First Class,AW-10930,Arthur Wiediger,Home Office,United States,Philadelphia,Pennsylvania,19143.0,East,OFF-LA-10000134,Office Supplies,Labels,Avery 511,4.928,2.0,0.2,1.7248,Manual Upload,Rejected,Urgent
6378.0,US-2016-116442,12/15/2016,12/22/2016,Standard Class,BP-11230,Benjamin Patterson,Consumer ,United States,Los Angeles,California,90004.0,West,FUR-FU-10002364,Furniture,Furnishings,"Eldon Expressions Wood Desk Accessories, Oak",14.76,2.0,0.0,4.2804,ERP,Pending,
6379.0,CA-2017-150623,4/10/2017,4/14/2017,Standard Class,DB-13360,Dennis Bolton,Home Office,United States,Waterbury,Connecticut,6708.0,East,TEC-AC-10004571,Technology,Accessories,Logitech G700s Rechargeable Gaming Mouse,99.99,1.0,0.0,41.9958,CRM,,Check later
6380.0,CA-2017-150623,4/10/2017,4/14/2017,Standard Class,DB-13360,Dennis Bolton,Home Office,United States,Waterbury,Connecticut,6708.0,East,OFF-ST-10003692,Office Supplies,Storage,Recycled Steel Personal File for Hanging File Folders,286.15,5.0,0.0,71.5375,CRM,,
6381.0,US-2014-163797,4/8/2014,4/13/2014,Standard Class,PC-19000,Pauline Chand,Home Office,United States,Chandler,Arizona,85224.0,West,OFF-FA-10001883,Office Supplies,Fasteners,"Alliance Super-Size Bands, Assorted Sizes",49.792,8.0,0.2,-11.8256,ERP,Rejected,Duplicate?
6382.0,CA-2016-127236,3/29/2016,4/2/2016,Standard Class,TB-21595,Troy Blackwell,Consumer,United States,Springfield,Ohio,45503.0,East ,FUR-BO-10004015,Furniture,Bookcases,"Bush Andora Bookcase, Maple/Graphite Gray Finish",299.975,5.0,0.5,-167.986,ERP,Pending,Urgent
6383.0,CA-2016-127236,3/29/2016,4/2/2016,Standard Class,TB-21595,Troy Blackwell,Consumer,United States,Springfield,Ohio,45503.0,East,TEC-PH-10000141,Technology,Phones,Clearsounds A400,158.376,4.0,0.4,-36.9544,CRM,Approved,
6384.0,US-2017-104661,1/15/2017,1/18/2017,First Class,TB-21250,Tim Brockman,Consumer,United States,Austin,Texas,78745.0,Central,OFF-BI-10001597,Office Supplies,Binders,"Wilson Jones Ledger-Size, Piano-Hinge Binder, 2"", Blue",32.784,4.0,0.8,-52.4544,Legacy,Approved,Urgent
6385.0,US-2017-104661,1/15/2017,1/18/2017,First Class,TB-21250,Tim Brockman,Consumer,United States,Austin,Texas,78745.0,Central,TEC-AC-10003628,Technology,Accessories,Logitech 910-002974 M325 Wireless Mouse for Web Scrolling,47.984,2.0,0.2,14.3952,ERP,Pending,Duplicate?
6386.0,US-2017-104661,1/15/2017,1/18/2017,First Class,TB-21250,Tim Brockman,Consumer,United States,Austin,Texas,78745.0,Central,TEC-AC-10002331,Technology,Accessories,"Maxell 74 Minute CDR, 10/Pack",62.592,8.0,0.2,13.3008,Legacy,Approved,Duplicate?
6387.0,US-2017-104661,1/15/2017,1/18/2017,First Class,TB-21250,Tim Brockman,Consumer,United States,Austin,Texas,78745.0,Central,OFF-BI-10001098,Office Supplies,Binders,Acco D-Ring Binder w/DublLock,4.276,1.0,0.8,-6.6278,ERP,Rejected,Check later
6388.0,CA-2014-134103,01/30/2014,2/4/2014,Standard Class,MV-18190,Mike Vittorini,Consumer,United States,Detroit,Michigan,48234.0,Central,OFF-PA-10001204,Office Supplies,Paper,Xerox 1972,10.56,2.0,0.0,4.752,CRM,Rejected,
6389.0,CA-2014-134103,1/30/2014,2/4/2014,Standard Class,MV-18190,Mike Vittorini,Consumer,United States,Detroit,Michigan,48234.0,Central,OFF-ST-10000991,Office Supplies,Storage,Space Solutions HD Industrial Steel Shelving.,229.94,2.0,0.0,6.8982,Legacy,Rejected,
6390.0,CA-2015-147529,2/7/2015,2/11/2015,Standard Class,DK-12835,Damala Kotsonis,Corporate,United States,Springfield,Virginia,22153.0,South,OFF-EN-10000056,Office Supplies,Envelopes,Cameo Buff Policy Envelopes,311.15,5.0,0.0,146.2405,Manual Upload,Pending,
6391.0,CA-2015-147529,2/7/2015,2/11/2015,Standard Class,DK-12835,Damala Kotsonis,Corporate,United States,Springfield,Virginia,22153.0,South,OFF-PA-10003349,Office Supplies,Paper,Xerox 1957,12.96,2.0,0.0,6.3504,Manual Upload,Pending,
6392.0,CA-2016-129126,12/14/2016,12/19/2016,Standard Class,PK-19075,Pete Kriz,Consumer,United States,New York City,New York,10011.0,East,OFF-PA-10001471,Office Supplies,Paper,Strathmore Photo Frame Cards,14.62,2.0,0.0,6.7252,CRM,Rejected,Urgent
6393.0,CA-2016-129126,12/14/2016,12/19/2016,Standard Class,PK-19075,Pete Kriz,Consumer,United States,New York City,New York,10011.0,East,OFF-LA-10003190,Office Supplies,Labels,Avery 474,5.76,2.0,0.0,2.8224,ERP,Rejected,
6394.0,CA-2016-129126,12/14/2016,12/19/2016,Standard Class,PK-19075,Pete Kriz,Consumer,United States,New York City,New York,10011.0,East,OFF-FA-10000621,Office Supplies,Fasteners,"OIC Colored Binder Clips, Assorted Sizes",21.48,6.0,0.0,10.5252,Manual Upload,Pending,Urgent
6395.0,CA-2016-129126,12/14/2016,12/19/2016,Standard Class,PK-19075,Pete Kriz,Consumer,United States,New York City,New York,10011.0,East,FUR-FU-10002937,Furniture,Furnishings,"GE 48"" Fluorescent Tube, Cool White Energy Saver, 34 Watts, 30/Box",396.92,4.0,0.0,198.46,Legacy,Rejected,Duplicate?
6396.0,CA-2016-129126,12/14/2016,12/19/2016,Standard Class,PK-19075,Pete Kriz,Consumer,United States,New York City,New York,10011.0,East,OFF-ST-10004507,Office Supplies,Storage,Advantus Rolling Storage Box,17.15,1.0,0.0,4.6305,ERP,Approved,Check later
6397.0,CA-2016-129126,12/14/2016,12/19/2016,Standard Class,PK-19075,Pete Kriz,Consumer,United States,New York City,New York,10011.0,East,OFF-BI-10000279,Office Supplies,Binders,"Acco Recycled 2"" Capacity Laser Printer Hanging Data Binders",23.12,2.0,0.2,7.803,ERP,Approved,Duplicate?
6398.0,CA-2017-131632,10/31/2017,11/4/2017,Standard Class,AH-10120,Adrian Hane,Home Office,United States,Dallas,Texas,75217.0,Central,OFF-AR-10003651,OfficeSupply,Art,Newell 350,5.248,2.0,0.2,0.5904,Legacy,Rejected,Duplicate?
6399.0,CA-2017-151981,8/6/2017,8/12/2017,Standard Class,GM-14455,Gary Mitchum,Home Office,United States,Concord,New Hampshire,3301.0,East,TEC-PH-10003601,Technology,Phones,"Ativa D5772 2-Line 5.8GHz Digital Expandable Corded/Cordless Phone System with Answering & Caller ID/Call Waiting, Black/Silver",824.95,5.0,0.0,247.485,Manual Upload,Approved,Duplicate?
6400.0,CA-2017-151981,8/6/2017,8/12/2017,Standard Class,GM-14455,Gary Mitchum,Home Office,United States,Concord,New Hampshire,3301.0,East,OFF-LA-10002195,Office Supplies,Labels,Avery 481,24.64,8.0,0.0,11.8272,Manual Upload,Pending,
6401.0,CA-2017-151981,8/6/2017,8/12/2017,Standard Class,GM-14455,Gary Mitchum,Home Office,United States,Concord,New Hampshire,3301.0,East,OFF-AR-10000380,Office Supplies,Art,"Hunt PowerHouse Electric Pencil Sharpener, Blue",227.88,6.0,0.0,68.364,Legacy,Rejected,
6402.0,CA-2017-125472,5/30/2017,5/31/2017,First Class,BD-11725,Bruce Degenhardt,Consumer,United States,Lafayette,Louisiana,70506.0,South,FUR-BO-10000330,Furniture,Bookcases,"Sauder Camden County Barrister Bookcase, Planked Cherry Finish",241.96,2.0,0.0,33.8744,Legacy,Approved,Duplicate?
6403.0,CA-2017-125472,5/30/2017,5/31/2017,First Class,BD-11725,Bruce Degenhardt,Consumer,United States,Lafayette,Louisiana,70506.0,South,OFF-BI-10000591,Office Supplies,Binders,Avery Binder Labels,3.89,1.0,0.0,1.8672,Legacy,Pending,Duplicate?
6404.0,CA-2017-125472,5/30/2017,5/31/2017,First Class,BD-11725,Bruce Degenhardt,Consumer,United States,Lafayette,Louisiana,70506.0,South,FUR-FU-10001731,Furniture,Furnishings,Acrylic Self-Standing Desk Frames,8.01,3.0,0.0,3.0438,Legacy,Approved,
6405.0,CA-2015-156328,11/30/2015,12/5/2015,Standard Class,RM-19375,Raymond Messe,Consumer,United States,Raleigh,North Carolina,27604.0,South,TEC-PH-10001198,Technology,Phones,Avaya 4621SW VoIP phone,177.48,3.0,0.2,19.9665,Legacy,,
6406.0,CA-2017-154074,8/31/2017,9/2/2017,Second Class,BW-11110,Bart Watters,Corporate,United States,Spokane,Washington,99207.0,West,FUR-CH-10002331,Furniture,Chairs,Hon 4700 Series Mobuis Mid-Back Task Chairs with Adjustable Arms,569.568,2.0,0.2,7.1196,CRM,Pending,Check later
6407.0,CA-2017-154074,8/31/2017,9/2/2017,Second Class,BW-11110,Bart Watters,Corporate,United States,Spokane,Washington,99207.0,West,OFF-ST-10002370,Office Supplies,Storage,"Sortfiler Multipurpose Personal File Organizer, Black",149.73,7.0,0.0,43.4217,ERP,Pending,Urgent
6408.0,CA-2017-161774,5/14/2017,5/15/2017,First Class,GT-14710,Greg Tran,Consumer,United States,Houston,Texas,77041.0,Central,FUR-CH-10003981,Furniture,Chairs,Global Commerce Series Low-Back Swivel/Tilt Chairs,899.43,5.0,0.3,-12.849,CRM,Approved,Urgent
6409.0,CA-2017-161774,5/14/2017,5/15/2017,First Class,GT-14710,Greg Tran,Consumer,United States,Houston,Texas,77041.0,Central,OFF-AR-10001446,Office Supplies,Art,Newell 309,46.2,5.0,0.2,5.775,Legacy,Approved,
6410.0,CA-2017-161774,5/14/2017,5/15/2017,First Class,GT-14710,Greg Tran,Consumer,United States,Houston,Texas,77041.0,Central,OFF-PA-10000300,Office Supplies,Paper,Xerox 1936,47.952,3.0,0.2,16.1838,Manual Upload,,Duplicate?
6411.0,CA-2017-161774,5/14/2017,5/15/2017,First Class,GT-14710,Greg Tran,Consumer,United States,Houston,Texas,77041.0,Central,TEC-PH-10004071,Technology,Phones,PayAnywhere Card Reader,7.992,1.0,0.2,0.6993,Legacy,Approved,Duplicate?
6412.0,CA-2017-161774,5/14/2017,5/15/2017,First Class,GT-14710,Greg Tran,Consumer,United States,Houston,Texas,77041.0,Central,OFF-PA-10003134,Office Supplies,Paper,Xerox 1937,76.864,2.0,0.2,26.9024,Legacy,Pending,Check later
6413.0,CA-2017-151211,8/17/2017,8/23/2017,standard class,AH-10120,Adrian Hane,Home Office,United States,Louisville,Kentucky,40214.0,South,OFF-BI-10002735,Office Supplies,Binders,GBC Prestige Therm-A-Bind Covers,102.93,3.0,0.0,48.3771,Manual Upload,Pending,
6414.0,CA-2017-151211,8/17/2017,8/23/2017,Standard Class,AH-10120,Adrian Hane,Home Office,United States,Louisville,Kentucky,40214.0,South,TEC-AC-10004510,Technology,Accessories,Logitech Desktop MK120 Mouse and keyboard Combo,98.16,6.0,0.0,9.816,Manual Upload,,
6415.0,CA-2017-142671,11/10/2017,11/14/2017,Second Class,DR-12940,Daniel Raglin,Home Office,United States,Hollywood,Florida,33021.0,South,OFF-BI-10004099,Office Supplies,Binders,GBC VeloBinder Strips,11.52,5.0,0.7,-7.68,CRM,,Check later
6416.0,CA-2017-144750,8/21/2017,8/21/2017,Same Day,DL-13495,Dionis Lloyd,Corporate,United States,Chandler,Arizona,85224.0,West,OFF-PA-10003395,Office Supplies,Paper,Xerox 1941,83.88,1.0,0.2,29.358,Manual Upload,Pending,
6417.0,CA-2016-111976,3/8/2016,3/12/2016,Standard Class,BD-11620,Brian DeCherney,Consumer,United States,Philadelphia,Pennsylvania,19120.0,East,TEC-PH-10002890,Technology,Phones,AT&T 17929 Lendline Telephone,108.576,4.0,0.4,-25.3344,Manual Upload,Rejected,Urgent
6418.0,CA-2016-111976,3/8/2016,3/12/2016,Standard Class,BD-11620,Brian DeCherney,Consumer,United States,Philadelphia,Pennsylvania,19120.0,East,OFF-FA-10004968,Office Supplies,Fasteners,Rubber Band Ball,5.984,2.0,0.2,-1.3464,ERP,Pending,
6419.0,CA-2016-140130,10/31/2016,11/5/2016,Standard Class,HW-14935,Helen Wasserman,Corporate,United States,Tulsa,Oklahoma,74133.0,Central,OFF-SU-10001218,Office Supplies,Supplies,Fiskars Softgrip Scissors,21.96,2.0,0.0,6.1488,Legacy,,
6420.0,CA-2016-140130,10/31/2016,11/5/2016,Standard Class,HW-14935,Helen Wasserman,Corporate,United States,Tulsa,Oklahoma,74133.0,Central,FUR-CH-10002084,Furniture,Chairs,Hon Mobius Operator's Chair,368.97,3.0,0.0,81.1734,ERP,,Urgent
6421.0,CA-2016-140130,10/31/2016,11/5/2016,Standard Class,HW-14935,Helen Wasserman,Corporate,United States,Tulsa,Oklahoma,74133.0,Central,OFF-AR-10004269,Office Supplies,Art,Newell 31,12.39,3.0,0.0,3.4692,Manual Upload,Approved,Urgent
6422.0,CA-2016-140130,10/31/2016,11/5/2016,Standard Class,HW-14935,Helen Wasserman,Corporate,United States,Tulsa,Oklahoma,74133.0,Central,OFF-ST-10001128,Office Supplies,Storage,"Carina Mini System Audio Rack, Model AR050B",332.94,3.0,0.0,9.9882,Manual Upload,Rejected,
6423.0,CA-2014-159121,7/26/2014,8/1/2014,Standard Class,JO-15145,Jack O'Briant,Corporate,United States,Draper,Utah,84020.0,West,TEC-AC-10002006,Technology,Accessories,Memorex Micro Travel Drive 16 GB,111.93,7.0,0.0,34.6983,Legacy,,Check later
6424.0,CA-2015-149650,10/24/2015,10/27/2015,First Class,RD-19660,Robert Dilbeck,Home Office,United States,Oakland,California,94601.0,West,FUR-CH-10003956,Furniture,Chairs,Novimex High-Tech Fabric Mesh Task Chair,454.272,8.0,0.2,-73.8192,CRM,Pending,
6425.0,CA-2017-115777,19-08-2017,8/24/2017,Standard Class,DO-13645,Doug O'Connell,Consumer,United States,Lawrence,Massachusetts,1841.0,East,OFF-PA-10000552,Office Supplies,Paper,Xerox 200,19.44,3.0,0.0,9.3312,Legacy,,Urgent
6426.0,CA-2016-143714,5/23/2016,5/27/2016,Standard Class,CC-12370,Christopher Conant,Consumer,United States,Philadelphia,Pennsylvania,19120.0,East,TEC-CO-10004722,Technology,Copiers,Canon imageCLASS 2200 Advanced Copier,8399.976,4.0,0.4,1119.9968,ERP,Rejected,Check later
6427.0,CA-2016-143714,5/23/2016,5/27/2016,Standard Class,CC-12370,Christopher Conant,Consumer,United States,Philadelphia,Pennsylvania,19120.0,East,OFF-BI-10004308,Office Supplies,Binders,Avery Legal 4-Ring Binder,6.294,1.0,0.7,-4.196,Manual Upload,Rejected,Duplicate?
6428.0,CA-2016-143714,5/23/2016,5/27/2016,Standard Class,CC-12370,Christopher Conant,Consumer,United States,Philadelphia,Pennsylvania,19120.0,East,OFF-PA-10000029,Office Supplies,Paper,Xerox 224,10.368,2.0,0.2,3.6288,Manual Upload,,Duplicate?
6429.0,CA-2016-143714,5/23/2016,5/27/2016,Standard Class,CC-12370,Christopher Conant,Consumer,United States,Philadelphia,Pennsylvania,19120.0,East,TEC-PH-10004080,Technology,Phones,Avaya 5410 Digital phone,122.382,3.0,0.4,-24.4764,CRM,,Duplicate?
6430.0,CA-2014-165764,11/3/2014,11/7/2014,Standard Class,SH-20395,Shahid Hopkins,Consumer,United States,Jacksonville,North Carolina,28540.0,South,OFF-ST-10001558,Office Supplies,Storage,Acco Perma 4000 Stacking Storage Drawers,25.984,2.0,0.2,-1.624,CRM,Rejected,
6431.0,CA-2014-165764,11/3/2014,11/7/2014,Standard Class,SH-20395,Shahid Hopkins,Consumer,United States,Jacksonville,North Carolina,28540.0,South,FUR-TA-10001768,Furniture,Tables,Hon Racetrack Conference Tables,945.036,6.0,0.4,-299.2614,CRM,,Urgent
6432.0,CA-2014-165764,11/3/2014,11/7/2014,Standard Class,SH-20395,Shahid Hopkins,Consumer,United States,Jacksonville,North Carolina,28540.0,South,OFF-BI-10002982,Office Supplies,Binders,Avery Self-Adhesive Photo Pockets for Polaroid Photos,14.301,7.0,0.7,-10.4874,CRM,Pending,
6433.0,CA-2014-165764,11/3/2014,11/7/2014,Standard Class,SH-20395,Shahid Hopkins,Consumer,United States,Jacksonville,North Carolina,28540.0,South,FUR-FU-10001468,Furniture,Furnishings,Tenex Antistatic Computer Chair Mats,410.352,3.0,0.2,-51.294,ERP,Pending,
6434.0,CA-2015-121405,3/30/2015,4/4/2015,Standard Class,FC-14335,Fred Chung,Corporate,United States,Chicago,Illinois,60610.0,Central,OFF-PA-10001838,Office Supplies,Paper,"Adams Telephone Message Book W/Dividers/Space For Phone Numbers, 5 1/4""X8 1/2"", 300/Messages",23.52,5.0,0.2,8.526,Legacy,Approved,
6435.0,CA-2015-121405,3/30/2015,2015-04-04,Standard Class,FC-14335,Fred Chung,Corporate,United States,Chicago,Illinois,60610.0,Central,TEC-PH-10002890,Technology,Phones,AT&T 17929 Lendline Telephone,180.96,5.0,0.2,13.572,CRM,Pending,
6436.0,US-2017-116897,5/27/2017,5/29/2017,First Class,JG-15160,James Galang,Consumer,United States,Pocatello,Idaho,83201.0,West,FUR-FU-10004963,Furniture,Furnishings,"Eldon 400 Class Desk Accessories, Black Carbon",35.0,4.0,0.0,14.7,Manual Upload,Approved,Urgent
6437.0,US-2017-116897,5/27/2017,5/29/2017,First Class,JG-15160,James Galang,Consumer,United States,Pocatello,Idaho,83201.0,West,OFF-ST-10000025,Office Supplies,Storage,Fellowes Stor/Drawer Steel Plus Storage Drawers,477.15,5.0,0.0,28.629,Legacy,Approved,Check later
6438.0,US-2017-116897,5/27/2017,5/29/2017,First Class,JG-15160,James Galang,Consumer,United States,Pocatello,Idaho,83201.0,West,TEC-PH-10004389,Technology,Phones,Nokia Lumia 925,302.376,3.0,0.2,22.6782,Legacy,Rejected,Check later
6439.0,US-2017-113992,12/14/2017,12/19/2017,Standard Class,LC-16885,Lena Creighton,Consumer,United States,Plano,Texas,75023.0,Central,FUR-TA-10000577,Furniture,Tables,Bretford CR4500 Series Slim Rectangular Table,974.988,4.0,0.3,-97.4988,Manual Upload,Rejected,
6440.0,CA-2014-166891,10/4/2014,10/6/2014,First Class,CC-12220,Chris Cortes,Consumer,United States,New York City,New York,10024.0,East,FUR-CH-10003298,Furniture,Chairs,"Office Star - Contemporary Task Swivel chair with Loop Arms, Charcoal",589.41,5.0,0.1,-6.549,Legacy,Rejected,Urgent
6441.0,CA-2016-101161,10/13/2016,10/20/2016,Standard Class,BW-11110,Bart Watters,Corporate,United States,New York City,New York,10024.0,East,OFF-AR-10001860,Office Supplies,Art,BIC Liqua Brite Liner,34.7,5.0,0.0,12.492,ERP,,Duplicate?
6442.0,CA-2016-101161,10/13/2016,10/20/2016,Standard Class,BW-11110,Bart Watters,Corporate,United States,New York City,New York,10024.0,East,OFF-ST-10003123,Office Supplies,Storage,Fellowes Bases and Tops For Staxonsteel/High-Stak Systems,99.87,3.0,0.0,23.9688,ERP,Pending,Duplicate?
6443.0,CA-2016-101161,10/13/2016,10/20/2016,Standard Class,BW-11110,Bart Watters,Corporate,United States,New York City,New York,10024.0,East,OFF-PA-10001295,Office Supplies,Paper,Computer Printout Paper with Letter-Trim Perforations,37.94,2.0,0.0,18.2112,ERP,Approved,
6444.0,CA-2016-101161,10/13/2016,10/20/2016,Standard Class,BW-11110,Bart Watters,Corporate,United States,New York City,New York,10024.0,East,OFF-LA-10000407,Office Supplies,Labels,Avery White Multi-Purpose Labels,24.9,5.0,0.0,11.454,ERP,Approved,Urgent
6445.0,CA-2016-101161,10/13/2016,10/20/2016,Standard Class,BW-11110,Bart Watters,Corporate,United States,New York City,New York,10024.0,East,FUR-FU-10003535,Furniture,Furnishings,Howard Miller Distant Time Traveler Alarm Clock,82.26,3.0,0.0,33.7266,ERP,,Duplicate?
6446.0,CA-2015-151785,3/5/2015,3/10/2015,Standard Class,JJ-15445,Jennifer Jackson,Consumer,United States,Chicago,Illinois,60623.0,Central,OFF-FA-10000611,Office Supplies,Fasteners,Binder Clips by OIC,7.104,6.0,0.2,2.4864,Manual Upload,,
6447.0,US-2017-119816,3/4/2017,3/6/2017,Second Class,TT-21460,Tonja Turnell,Home Office,United States,Houston,Texas,77095.0,Central,FUR-FU-10004848,Furniture,Furnishings,"Howard Miller 13-3/4"" Diameter Brushed Chrome Round Wall Clock",103.5,5.0,0.6,-77.625,Manual Upload,Rejected,
6448.0,US-2017-119816,3/4/2017,3/6/2017,Second Class,TT-21460,Tonja Turnell,Home Office,United States,Houston,Texas,77095.0,Central,OFF-LA-10002381,Office Supplies,Labels,Avery 497,2.464,1.0,0.2,0.8624,Manual Upload,Rejected,Check later
6449.0,US-2017-119816,3/4/2017,3/6/2017,Second Class,TT-21460,Tonja Turnell,Home Office,United States,Houston,Texas,77095.0,Central,OFF-ST-10000918,Office Supplies,Storage,Crate-A-Files,8.72,1.0,0.2,0.654,Manual Upload,Rejected,Check later
6450.0,CA-2015-156510,9/25/2015,9/29/2015,Standard Class,EH-13990,Erica Hackney,Consumer,United States,Meriden,Connecticut,6450.0,East,OFF-BI-10000822,Office Supplies,Binders,"Acco PRESSTEX Data Binder with Storage Hooks, Light Blue, 9 1/2"" X 11""",10.76,2.0,0.0,5.1648,CRM,Approved,
6451.0,CA-2015-156510,9/25/2015,9/29/2015,Standard Class,EH-13990,Erica Hackney,Consumer,United States,Meriden,Connecticut,6450.0,East,OFF-PA-10002222,Office Supplies,Paper,"Xerox Color Copier Paper, 11"" x 17"", Ream",45.68,2.0,0.0,21.0128,ERP,Rejected,Check later
6452.0,CA-2015-156510,9/25/2015,9/29/2015,Standard Class,EH-13990,Erica Hackney,Consumer,United States,Meriden,Connecticut,6450.0,East,OFF-AR-10004930,Office Supplies,Art,Turquoise Lead Holder with Pocket Clip,6.7,1.0,0.0,2.211,Legacy,Pending,Duplicate?
6453.0,US-2015-110261,12/19/2015,12/23/2015,Second Class,PR-18880,Patrick Ryan,Consumer,United States,Glenview,Illinois,60025.0,Central,TEC-PH-10001750,Technology,Phones,Samsung Rugby III,158.376,3.0,0.2,13.8579,CRM,Pending,Check later
6454.0,CA-2015-125710,10/8/2015,10/13/2015,Standard Class,BT-11680,Brian Thompson,Consumer,United States,Houston,Texas,77036.0,Central,OFF-AR-10000657,Office Supplies,Art,"Binney & Smith inkTank Desk Highlighter, Chisel Tip, Yellow, 12/Box",3.44,2.0,0.2,0.559,CRM,,
6455.0,CA-2017-161102,7/31/2017,8/3/2017,First Class,EC-14050,Erin Creighton,Consumer,United States,San Francisco,California,94110.0,West,OFF-ST-10003442,Office Supplies,Storage,Eldon Portable Mobile Manager,56.56,2.0,0.0,15.2712,ERP,Approved,Duplicate?
6456.0,CA-2017-161102,7/31/2017,8/3/2017,First Class,EC-14050,Erin Creighton,Consumer,United States,San Francisco,California,94110.0,West,FUR-FU-10003142,Furniture,Furnishings,"Master Big Foot Doorstop, Beige",36.96,7.0,0.0,11.4576,Legacy,Rejected,Duplicate?
6457.0,CA-2014-110065,8/5/2014,8/11/2014,Standard Class,SP-20650,Stephanie Phelps,Corporate,United States,New York City,New York,10009.0,East,TEC-PH-10002468,Technology,Phones,"Plantronics CS 50-USB - headset - Convertible, Monaural",135.99,1.0,0.0,36.7173,ERP,Rejected,Urgent
6458.0,CA-2014-110065,8/5/2014,8/11/2014,Standard Class,SP-20650,Stephanie Phelps,Corporate,United States,New York City,New York,UNKNOWN,East,OFF-AR-10004165,Office Supplies,Art,"Binney & Smith inkTank Erasable Pocket Highlighter, Chisel Tip, Yellow",15.96,7.0,0.0,7.0224,Legacy,Rejected,
6459.0,US-2017-133361,5/14/2017,5/17/2017,First Class,AJ-10780,Anthony Jacobs,Corporate,United States,Baltimore,Maryland,21215.0,East,OFF-AR-10001919,Office Supplies,Art,"OIC #2 Pencils, Medium Soft",3.76,2.0,0.0,1.0904,Legacy,,Urgent
6460.0,US-2017-133361,5/14/2017,5/17/2017,First Class,AJ-10780,Anthony Jacobs,Corporate,United States,Baltimore,Maryland,21215.0,East,OFF-AR-10003045,Office Supplies,Art,Prang Colored Pencils,14.7,5.0,0.0,6.615,ERP,Pending,Urgent
6461.0,US-2017-133361,5/14/2017,5/17/2017,First Class,AJ-10780,Anthony Jacobs,Corporate,United States,Baltimore,Maryland,21215.0,East,OFF-AR-10003338,Office Supplies,Art,"Eberhard Faber 3 1/2"" Golf Pencils",37.2,5.0,0.0,9.3,ERP,,Check later
6462.0,US-2017-133361,5/14/2017,5/17/2017,First Class,AJ-10780,Anthony Jacobs,Corporate,United States,Baltimore,Maryland,21215.0,East,TEC-AC-10003280,Technology,Accessories,Belkin F8E887 USB Wired Ergonomic Keyboard,89.97,3.0,0.0,18.8937,CRM,,Check later
6463.0,US-2017-133361,5/14/2017,5/17/2017,First Class,AJ-10780,Anthony Jacobs,Corporate,United States,Baltimore,Maryland,21215.0,East,FUR-CH-10003298,Furniture,Chairs,"Office Star - Contemporary Task Swivel chair with Loop Arms, Charcoal",261.96,2.0,0.0,23.5764,ERP,,Urgent
6464.0,US-2017-133361,5/14/2017,5/17/2017,First Class,AJ-10780,Anthony Jacobs,Corporate,United States,Baltimore,Maryland,21215.0,East,OFF-LA-10004544,Office Supplies,Labels,Avery 505,74.0,5.0,0.0,37.0,CRM,Pending,
6465.0,US-2016-155404,9/22/2016,9/28/2016,Standard Class,AS-10630,Ann Steele,Home Office,United States,Louisville,Kentucky,40214.0,South,FUR-FU-10004586,Furniture,Furnishings,G.E. Longer-Life Indoor Recessed Floodlight Bulbs,13.28,2.0,0.0,6.3744,Manual Upload,Pending,
6466.0,CA-2015-114503,11/13/2015,11/17/2015,Standard Class,AA-10375,Allen Armold,Consumer,United States,Lebanon,Tennessee,37087.0,South,OFF-ST-10003572,Office Supplies,Storage,Portfile Personal File Boxes,84.96,6.0,0.2,6.372,Manual Upload,Rejected,
6467.0,CA-2017-153080,5/22/2017,5/25/2017,Second Class,EH-13945,Eric Hoffmann,Consumer,United States,Los Angeles,California,90008.0,West,TEC-AC-10002331,Technology,Accessories,"Maxell 74 Minute CDR, 10/Pack",68.46,7.0,0.0,25.3302,CRM,Rejected,
6468.0,CA-2016-163804,12/2/2016,12/8/2016,Standard Class,DB-13270,Deborah Brumfield,Home Office,United States,Providence,Rhode Island,2908.0,East,OFF-ST-10000142,Office Supplies,Storage,Deluxe Rollaway Locking File with Drawer,2079.4,5.0,0.0,582.232,ERP,Rejected,
6469.0,CA-2016-163804,12/2/2016,12/8/2016,Standard Class,DB-13270,Deborah Brumfield,home office,United States,Providence,Rhode Island,2908.0,East,TEC-PH-10000441,Technology,Phones,VTech DS6151,629.95,5.0,0.0,176.386,Manual Upload,Approved,
6470.0,CA-2016-163804,12/2/2016,Dec 08 2016,Standard Class,DB-13270,Deborah Brumfield,Home Office,United States,Providence,Rhode Island,2908.0,East,FUR-FU-10004864,Furniture,Furnishings,Eldon 500 Class Desk Accessories,72.42,6.0,0.0,23.8986,Legacy,Rejected,Urgent
6471.0,CA-2015-108532,8/29/2015,9/2/2015,Standard Class,CC-12100,Chad Cunningham,Home Office,United States,Detroit,Michigan,48234.0,Central,TEC-PH-10001750,Technology,Phones,Samsung Rugby III,131.98,2.0,0.0,35.6346,CRM,Approved,Check later
6472.0,CA-2015-108532,8/29/2015,9/2/2015,Standard Class,CC-12100,Chad Cunningham,Home Office,United States,Detroit,Michigan,48234.0,Central,TEC-AC-10004510,tech,Accessories,Logitech Desktop MK120 Mouse and keyboard Combo,114.52,7.0,0.0,11.452,CRM,,Urgent
6473.0,CA-2014-151897,6/6/2014,6/10/2014,Standard Class,VT-21700,Valerie Takahito,Home Office,United States,Houston,Texas,77070.0,Central,OFF-LA-10001074,Office Supplies,Labels,Round Specialty Laser Printer Labels,100.24,10.0,0.2,33.831,ERP,Approved,Urgent
6474.0,CA-2016-113292,3/18/2016,3/20/2016,Second Class,DB-13060,Dave Brooks,Consumer,United States,Columbia,Tennessee,38401.0,South,OFF-AP-10003590,Office Supplies,Appliances,Hoover WindTunnel Plus Canister Vacuum,871.8,3.0,0.2,87.18,CRM,Pending,
6475.0,CA-2014-149524,1/14/2014,1/15/2014,First Class,BS-11590,Brendan Sweed,Corporate,United States,Philadelphia,Pennsylvania,19140.0,East,FUR-BO-10003433,Furniture,Bookcases,Sauder Cornerstone Collection Library,61.96,4.0,0.5,-53.2856,Manual Upload,Rejected,Check later
6476.0,CA-2017-140872,6/3/2017,6/10/2017,Standard Class,NR-18550,Nick Radford,Consumer,United States,Pembroke Pines,Florida,33024.0,South,OFF-BI-10002432,Office Supplies,Binders,Wilson Jones Standard D-Ring Binders,4.554,3.0,0.7,-3.4914,Manual Upload,Pending,Check later
6477.0,CA-2017-140872,6/3/2017,6/10/2017,Standard Class,NR-18550,Nick Radford,Consumer,United States,Pembroke Pines,Florida,33024.0,South,OFF-AP-10003622,Office Supplies,Appliances,"Bravo II Megaboss 12-Amp Hard Body Upright, Replacement Belts, 2 Belts per Pack",5.2,2.0,0.2,0.585,Manual Upload,Rejected,Duplicate?
6478.0,CA-2017-140872,6/3/2017,6/10/2017,Standard Class,NR-18550,Nick Radford,Consumer,United States,Pembroke Pines,Florida,33024.0,South,TEC-AC-10003832,Technology,Accessories,Logitech P710e Mobile Speakerphone,205.992,1.0,0.2,-2.5749,CRM,Approved,
6479.0,CA-2017-140872,6/3/2017,6/10/2017,Standard Class,NR-18550,Nick Radford,Consumer,United States,Pembroke Pines,Florida,33024.0,South,OFF-PA-10000809,Office Supplies,Paper,Xerox 206,15.552,3.0,0.2,5.4432,ERP,Approved,Urgent
6480.0,CA-2017-140872,6/3/2017,6/10/2017,Standard Class,NR-18550,Nick Radford,Consumer,United States,Pembroke Pines,Florida,33024.0,South,TEC-PH-10000441,Technology,Phones,VTech DS6151,503.96,5.0,0.2,50.396,ERP,Rejected,Check later
6481.0,CA-2017-140872,6/3/2017,6/10/2017,Standard Class,NR-18550,Nick Radford,Consumer,United States,Pembroke Pines,Florida,33024.0,South,OFF-AP-10002287,Office Supplies,Appliances,"Eureka Sanitaire  Multi-Pro Heavy-Duty Upright, Disposable Bags",24.472,7.0,0.2,1.8354,Manual Upload,,Urgent
6482.0,CA-2017-140872,6/3/2017,6/10/2017,Standard Class,NR-18550,Nick Radford,Consumer,United States,Pembroke Pines,Florida,33024.0,South,FUR-BO-10002824,Furniture,Bookcases,Bush Mission Pointe Library,241.568,2.0,0.2,0.0,ERP,,
6483.0,CA-2017-140872,6/3/2017,6/10/2017,Standard Class,NR-18550,Nick Radford,Consumer,United States,Pembroke Pines,Florida,33024.0,South,TEC-AC-10002942,Technology,Accessories,WD My Passport Ultra 1TB Portable External Hard Drive,110.4,2.0,0.2,-4.14,Manual Upload,,Duplicate?
6484.0,CA-2017-113908,6/3/2017,6/9/2017,Standard Class,KN-16390,Katherine Nockton,Corporate,United States,New York City,New York,10011.0,East,FUR-TA-10001932,Furniture,Tables,"Chromcraft 48"" x 96"" Racetrack Double Pedestal Table",384.768,-1.0,0.4,-115.4304,Legacy,,Urgent
6485.0,CA-2017-113908,6/3/2017,6/9/2017,Standard Class,KN-16390,Katherine Nockton,Corporate,United States,New York City,New York,10011.0,EAST,TEC-MA-10003173,Technology,Machines,Hewlett-Packard 300S Scientific Calculator,78.66,6.0,0.0,36.1836,ERP,Approved,
6486.0,CA-2017-113908,6/3/2017,6/9/2017,Standard Class,KN-16390,Katherine Nockton,Corporate,United States,New York City,New York,10011.0,East,OFF-PA-10004156,Office Supplies,Paper,Xerox 188,45.36,4.0,0.0,22.2264,Manual Upload,,Duplicate?
6487.0,CA-2015-120621,3/21/2015,3/26/2015,Standard Class,JW-16075,Julia West,Consumer,United States,Jacksonville,North Carolina,28540.0,South,OFF-AP-10002945,Office Supplies,Appliances,Honeywell Enviracaire Portable HEPA Air Cleaner for 17' x 22' Room,962.08,4.0,0.2,156.338,CRM,Pending,Duplicate?
6488.0,CA-2015-120621,3/21/2015,3/26/2015,Standard Class,JW-16075,Julia West,Consumer,United States,Jacksonville,North Carolina,28540.0,South,OFF-BI-10000948,Office Supplies,Binders,"GBC Laser Imprintable Binding System Covers, Desert Sand",12.843,3.0,0.7,-9.8463,ERP,Approved,Urgent
6489.0,CA-2015-120621,3/21/2015,3/26/2015,Standard Class,JW-16075,Julia West,Consumer,United States,Jacksonville,North Carolina,28540.0,South,OFF-PA-10002254,Office Supplies,Paper,Xerox 1883,295.456,14.0,0.2,96.0232,CRM,Pending,
6490.0,US-2017-148866,9/19/2017,9/24/2017,Standard Class,JM-15535,Jessica Myrick,Consumer,United States,New York City,New York,10011.0,East,OFF-PA-10004782,Office Supplies,Paper,Xerox 228,32.4,5.0,0.0,15.552,Manual Upload,,Duplicate?
6491.0,CA-2014-149594,9/15/2014,9/19/2014,Standard Class,MF-18250,Monica Federle,Corporate,United States,Philadelphia,Pennsylvania,19120.0,East,FUR-FU-10000222,Furniture,Furnishings,"Seth Thomas 16"" Steel Case Clock",103.936,4.0,0.2,16.8896,ERP,Pending,Duplicate?
6492.0,CA-2016-113845,11/20/2016,11/25/2016,Standard Class,FA-14230,Frank Atkinson,Corporate,United States,Orlando,Florida,32839.0,South,FUR-BO-10004695,Furniture,Bookcases,O'Sullivan 2-Door Barrister Bookcase in Odessa Pine,289.568,2.0,0.2,10.8588,CRM,Pending,Duplicate?
6493.0,CA-2016-113845,11/20/2016,11/25/2016,Standard Class,FA-14230,Frank Atkinson,Corporate,United States,Orlando,Florida,32839.0,South,OFF-ST-10003327,Office Supplies,Storage,Akro-Mils 12-Gallon Tote,39.72,5.0,0.2,4.4685,CRM,Pending,Urgent
6494.0,CA-2016-113845,11/20/2016,11/25/2016,Standard Class,FA-14230,Frank Atkinson,Corporate,United States,Orlando,Florida,32839.0,South,TEC-PH-10003357,Technology,Phones,Grandstream GXP2100 Mainstream Business Phone,244.768,4.0,0.2,24.4768,Manual Upload,Rejected,Duplicate?
6495.0,CA-2017-111262,10/28/2017,11/1/2017,Second Class,KH-16510,Keith Herrera,Consumer,United States,Houston,Texas,77095.0,Central,TEC-AC-10002167,Technology,Accessories,Imation 8gb Micro Traveldrive Usb 2.0 Flash Drive,24.0,2.0,-0.2,-2.7,ERP,Pending,Check later
6496.0,CA-2017-111262,10/28/2017,11/1/2017,Second Class,KH-16510,Keith Herrera,Consumer,United States,Houston,Texas,77095.0,Central,OFF-PA-10001937,Office Supplies,Paper,Xerox 21,15.552,3.0,0.2,5.4432,Legacy,Rejected,
6497.0,CA-2017-111262,10/28/2017,11/1/2017,Second Class,KH-16510,Keith Herrera,Consumer,United States,Houston,Texas,77095.0,Central,TEC-AC-10004510,Technology,Accessories,Logitech Desktop MK120 Mouse and keyboard Combo,26.176,2.0,0.2,-3.272,CRM,Pending,Duplicate?
6498.0,CA-2015-103135,7/24/2015,7/28/2015,Standard Class,SS-20515,Shirley Schmidt,Home Office,United States,Louisville,Kentucky,40214.0,South,FUR-FU-10001487,Furniture,Furnishings,"Eldon Expressions Wood and Plastic Desk Accessories, Cherry Wood",20.94,3.0,0.0,6.0726,CRM,,Urgent
6499.0,CA-2015-103135,7/24/2015,7/28/2015,Standard Class,SS-20515,Shirley Schmidt,Home Office,United States,Louisville,Kentucky,40214.0,South,OFF-BI-10000069,Office Supplies,Binders,"GBC Prepunched Paper, 19-Hole, for Binding Systems, 24-lb",135.09,9.0,0.0,62.1414,Legacy,Rejected,Duplicate?
6500.0,CA-2015-103135,7/24/2015,7/28/2015,Standard Class,SS-20515,Shirley Schmidt,Home Office,United States,Louisville,Kentucky,40214.0,South,TEC-AC-10003289,Technology,Accessories,Anker Ultra-Slim Mini Bluetooth 3.0 Wireless Keyboard,279.86,14.0,0.0,64.3678,Legacy,Pending,
6501.0,CA-2015-103135,7/24/2015,7/28/2015,Standard Class,SS-20515,Shirley Schmidt,Home Office,United States,Louisville,Kentucky,40214.0,South,OFF-BI-10000069,Office Supplies,Binders,"GBC Prepunched Paper, 19-Hole, for Binding Systems, 24-lb",90.06,6.0,0.0,41.4276,Manual Upload,Approved,Check later
6502.0,CA-2014-129147,11/2/2014,11/6/2014,Standard Class,LC-17050,Liz Carlisle,Consumer,United States,Medina,Ohio,44256.0,East,TEC-PH-10001299,Technology,Phones,Polycom CX300 Desktop Phone USB VoIP phone,539.964,6.0,0.4,-107.9928,ERP,Rejected,
6503.0,CA-2014-129147,11/2/2014,11/6/2014,Standard Class,LC-17050,Liz Carlisle,Consumer,United States,Medina,Ohio,44256.0,East,TEC-PH-10001552,Technology,Phones,I Need's 3d Hello Kitty Hybrid Silicone Case Cover for HTC One X 4g with 3d Hello Kitty Stylus Pen Green/pink,50.232,7.0,0.4,-10.0464,Manual Upload,Rejected,Duplicate?
6504.0,CA-2014-129147,11/2/2014,11/6/2014,Standard Class,LC-17050,Liz Carlisle,Consumer,United States,Medina,Ohio,44256.0,East,OFF-BI-10001098,Office Supplies,Binders,Acco D-Ring Binder w/DublLock,19.242,3.0,0.7,-13.4694,CRM,,
6505.0,CA-2017-128265,11/17/2017,11/22/2017,Second Class,VW-21775,Victoria Wilson,Corporate,United States,New York City,New York,10011.0,East,OFF-ST-10000142,Office Supplies,Storage,Deluxe Rollaway Locking File with Drawer,1247.64,3.0,0.0,349.3392,ERP,Approved,Check later
6506.0,CA-2016-152331,6/26/2016,6/30/2016,Standard Class,LD-16855,Lela Donovan,Corporate,United States,Chicago,Illinois,60653.0,Central,OFF-AR-10001547,Office Supplies,Art,Newell 311,5.304,3.0,0.2,0.4641,Manual Upload,Rejected,
6507.0,US-2016-128909,10/9/2016,10/11/2016,second class,SP-20545,Sibella Parks,Corporate,United States,Philadelphia,Pennsylvania,19143.0,East,OFF-PA-10001593,Office Supplies,Paper,Xerox 1947,19.136,4.0,0.2,5.98,ERP,,Check later
6508.0,US-2016-128909,10/9/2016,10/11/2016,Second Class,SP-20545,Sibella Parks,Corporate,United States,Philadelphia,Pennsylvania,19143.0,East,FUR-FU-10004071,Furniture,Furnishings,Luxo Professional Magnifying Clamp-On Fluorescent Lamps,332.832,4.0,0.2,-24.9624,Manual Upload,Rejected,Duplicate?
6509.0,CA-2017-102197,12/20/2017,12/26/2017,Standard Class,DK-13150,David Kendrick,Corporate,United States,New York City,New York,10009.0,East,OFF-PA-10001970,Office Supplies,Paper,Xerox 1908,279.9,5.0,0.0,137.151,Legacy,Rejected,
6510.0,CA-2017-102197,12/20/2017,12/26/2017,Standard Class,DK-13150,David Kendrick,Corporate,United States,New York City,New York,10009.0,East,OFF-BI-10001524,Office Supplies,Binders,GBC Premium Transparent Covers with Diagonal Lined Pattern,50.352,3.0,0.2,17.6232,Legacy,,Urgent
6511.0,CA-2017-102197,12/20/2017,12/26/2017,Standard Class,DK-13150,David Kendrick,Corporate,United States,New York City,New York,10009.0,East,OFF-PA-10004156,Office Supplies,Paper,Xerox 188,34.02,3.0,0.0,16.6698,ERP,Approved,Duplicate?
6512.0,CA-2017-167640,3/6/2017,3/10/2017,Standard Class,FC-14245,Frank Carlisle,Home Office,United States,San Francisco,California,94109.0,West,OFF-AR-10003158,Office Supplies,Art,Fluorescent Highlighters by Dixon,23.88,6.0,0.0,8.1192,Legacy,Rejected,Check later
6513.0,CA-2017-167640,3/6/2017,3/10/2017,Standard Class,FC-14245,Frank Carlisle,Home Office,United States,San Francisco,California,94109.0,West,OFF-LA-10004559,Office Supplies,Labels,Avery 49,11.52,4.0,0.0,5.6448,ERP,,Duplicate?
6514.0,CA-2017-167640,3/6/2017,3/10/2017,Standard Class,FC-14245,Frank Carlisle,Home Office,United States,San Francisco,California,94109.0,West,OFF-PA-10001033,Office Supplies,Paper,Xerox 1893,286.93,7.0,0.0,140.5957,CRM,Pending,Check later
6515.0,CA-2017-167640,3/6/2017,3/10/2017,Standard Class,FC-14245,Frank Carlisle,Home Office,United States,San Francisco,California,94109.0,West,TEC-PH-10001336,Technology,Phones,Digium D40 VoIP phone,206.384,2.0,0.2,23.2182,Legacy,Rejected,
6516.0,US-2017-116652,9/15/2017,9/19/2017,Standard Class,RD-19480,Rick Duston,Consumer,United States,San Francisco,California,94122.0,West,FUR-CH-10002961,Furniture,Chairs,"Leather Task Chair, Black",218.352,3.0,0.2,0.0,CRM,Approved,
6517.0,US-2017-116652,9/15/2017,9/19/2017,Standard Class,RD-19480,Rick Duston,Consumer,United States,San Francisco,California,94122.0,West,FUR-FU-10001488,Furniture,Furnishings,"Tenex 46"" x 60"" Computer Anti-Static Chairmat, Rectangular Shaped",529.9,5.0,0.0,105.98,Manual Upload,Approved,Urgent
6518.0,US-2017-116652,9/15/2017,9/19/2017,Standard Class,RD-19480,Rick Duston,Consumer,United States,San Francisco,California,94122.0,West,OFF-AR-10001915,Office Supplies,Art,Peel-Off China Markers,99.3,10.0,0.0,41.706,Manual Upload,Approved,
6519.0,US-2017-116652,9/15/2017,9/19/2017,Standard Class,RD-19480,Rick Duston,Consumer,United States,San Francisco,California,94122.0,West,OFF-AP-10001205,Office Supplies,Appliances,Belkin 5 Outlet SurgeMaster Power Centers,108.96,2.0,0.0,30.5088,Legacy,Pending,
6520.0,US-2017-116652,9/15/2017,9/19/2017,Standard Class,RD-19480,Rick Duston,Consumer,United States,San Francisco,California,94122.0,West,OFF-BI-10004528,Office Supplies,Binders,Cardinal Poly Pocket Divider Pockets for Ring Binders,2.688,1.0,0.2,0.84,Legacy,Rejected,Duplicate?
6521.0,CA-2017-138289,1/16/2017,1/18/2017,Second Class,AR-10540,Andy Reiter,Consumer,United States,Jackson,Michigan,49201.0,Central,OFF-BI-10004995,Office Supplies,Binders,GBC DocuBind P400 Electric Binding System,5443.96,4.0,0.0,2504.2216,Manual Upload,Approved,Check later
6522.0,CA-2017-138289,1/16/2017,1/18/2017,Second Class,AR-10540,Andy Reiter,Consumer,United States,Jackson,Michigan,49201.0,Central,FUR-CH-10004626,Furniture,Chairs,Office Star Flex Back Scooter Chair with Aluminum Finish Frame,302.67,3.0,0.0,72.6408,ERP,Pending,Urgent
6523.0,CA-2017-138289,1/16/2017,1/18/2017,Second Class,AR-10540,Andy Reiter,Consumer,United States,Jackson,Michigan,49201.0,Central,OFF-PA-10001260,Office Supplies,Paper,"TOPS Money Receipt Book, Consecutively Numbered in Red,",56.07,7.0,0.0,25.2315,Manual Upload,Pending,Check later
6524.0,CA-2016-129308,7/7/2016,7/13/2016,Standard Class,CC-12100,Chad Cunningham,Home Office,United States,Philadelphia,Pennsylvania,19120.0,East,OFF-LA-10002945,Office Supplies,Labels,"Permanent Self-Adhesive File Folder Labels for Typewriters, 1 1/8 x 3 1/2, White",10.08,2.0,0.2,3.276,Legacy,Approved,Urgent
6525.0,CA-2016-129308,7/7/2016,7/13/2016,Standard Class,CC-12100,Chad Cunningham,Home Office,United States,Philadelphia,Pennsylvania,19120.0,East,TEC-PH-10002310,Technology,Phones,Panasonic KX T7731-B Digital phone,59.994,1.0,0.4,-12.9987,Legacy,Approved,Check later
6526.0,CA-2016-129308,7/7/2016,7/13/2016,Standard Class,CC-12100,Chad Cunningham,Home Office,United States,Philadelphia,Pennsylvania,19120.0,East,OFF-BI-10001525,Office Supplies,Binders,"Acco Pressboard Covers with Storage Hooks, 14 7/8"" x 11"", Executive Red",5.715,5.0,0.7,-4.7625,Manual Upload,,Duplicate?
6527.0,CA-2016-129308,7/7/2016,7/13/2016,Standard Class,CC-12100,Chad Cunningham,Home Office,United States,Philadelphia,Pennsylvania,19120.0,East,OFF-BI-10001308,Office Supplies,Binders,GBC Standard Plastic Binding Systems' Combs,9.42,5.0,0.7,-7.85,Legacy,Pending,Urgent
6528.0,CA-2016-157791,12/23/2016,12/28/2016,Second Class,CA-11965,Carol Adams,Corporate,United States,Warwick,Rhode Island,2886.0,East,TEC-CO-10002095,Technology,Copiers,Hewlett Packard 610 Color Digital Copier / Printer,1999.96,4.0,0.0,899.982,Manual Upload,Rejected,Check later
6529.0,CA-2014-146864,12/22/2014,12/26/2014,Standard Class,BT-11530,Bradley Talbott,Home Office,United States,New York City,New York,10024.0,East,OFF-ST-10004946,Office Supplies,Storage,Desktop 3-Pocket Hot File,216.4,4.0,0.0,56.264,ERP,Rejected,Duplicate?
6530.0,CA-2014-103744,2/23/2014,2/27/2014,Standard Class,MG-17875,Michael Grace,Home Office,United States,El Paso,Texas,79907.0,Central,OFF-LA-10004425,Office Supplies,Labels,Staple-on labels,6.936,3.0,0.2,2.3409,Manual Upload,Rejected,Check later
6531.0,CA-2014-103744,2/23/2014,2/27/2014,Standard Class,MG-17875,Michael Grace,Home Office,United States,El Paso,Texas,79907.0,Central,OFF-BI-10000320,Office Supplies,Binders,GBC Plastic Binding Combs,4.428,3.0,0.8,-6.8634,Legacy,Rejected,
6532.0,US-2017-107384,12/4/2017,12/8/2017,Standard Class,TP-21130,Theone Pippenger,Consumer,United States,Rochester,Minnesota,55901.0,Central,OFF-AR-10001315,Office Supplies,Art,Newell 310,8.8,5.0,0.0,2.552,CRM,Rejected,
6533.0,US-2017-107384,12/4/2017,12/8/2017,Standard Class,TP-21130,Theone Pippenger,Consumer,United States,Rochester,Minnesota,55901.0,Central,TEC-AC-10004595,Technology,Accessories,First Data TMFD35 PIN Pad,142.8,1.0,0.0,29.988,ERP,Approved,Urgent
6534.0,US-2017-107384,12/4/2017,12/8/2017,Standard Class,TP-21130,Theone Pippenger,Consumer,United States,Rochester,Minnesota,55901.0,Central,TEC-AC-10001539,Technology,Accessories,Logitech G430 Surround Sound Gaming Headset with Dolby 7.1 Technology,399.95,5.0,0.0,143.982,Manual Upload,Pending,Urgent
6535.0,CA-2014-128209,17 Nov 2014,11/22/2014,Standard Class,GT-14710,Greg Tran,Consumer,United States,Buffalo,New York,14215.0,East,OFF-BI-10001359,Office Supplies,Binders,GBC DocuBind TL300 Electric Binding System,2152.776,3.0,0.2,726.5619,Legacy,Approved,
6536.0,CA-2014-128209,11/17/2014,11/22/2014,Standard Class,GT-14710,Greg Tran,Consumer,United States,Buffalo,New York,14215.0,East,FUR-BO-10002213,Furniture,Bookcases,DMI Eclipse Executive Suite Bookcases,4007.84,10.0,0.2,-50.098,ERP,Pending,
6537.0,CA-2014-169684,10/20/2014,10/23/2014,First Class,FH-14365,Fred Hopkins,Corporate,United States,Knoxville,Tennessee,37918.0,South,FUR-TA-10003008,Furniture,Tables,"Lesro Round Back Collection Coffee Table, End Table",328.59,3.0,0.4,-147.8655,ERP,,
6538.0,CA-2014-169684,10/20/2014,10/23/2014,First Class,FH-14365,Fred Hopkins,Corporate,United States,Knoxville,Tennessee,37918.0,South,OFF-ST-10000934,Office Supplies,Storage,"Contico 72""H Heavy-Duty Storage System",98.352,3.0,0.2,-24.588,ERP,Pending,
6539.0,CA-2015-109862,10/25/2015,10/30/2015,Standard Class,HK-14890,Heather Kirkland,Corporate,United States,Newark,Delaware,19711.0,East,TEC-PH-10004042,Technology,Phones,ClearOne Communications CHAT 70 OC Speaker Phone,158.99,1.0,0.0,41.3374,Legacy,Approved,Duplicate?
6540.0,CA-2015-109862,10/25/2015,10/30/2015,Standard Class,HK-14890,Heather Kirkland,Corporate,United States,Newark,Delaware,19711.0,East,FUR-CH-10002439,Furniture,Chairs,"Iceberg Nesting Folding Chair, 19w x 6d x 43h",291.1,5.0,0.0,75.686,Legacy,Rejected,
6541.0,US-2017-107888,11/16/2017,11/19/2017,First Class,CC-12220,Chris Cortes,Consumer,United States,Seattle,Washington,98103.0,West,OFF-PA-10001363,Office Supplies,Paper,Xerox 1933,73.68,6.0,0.0,34.6296,Manual Upload,Pending,
6542.0,US-2017-107888,11/16/2017,11/19/2017,First Class,CC-12220,Chris Cortes,Consumer,United States,Seattle,Washington,98103.0,West,FUR-FU-10003394,Furniture,Furnishings,"Tenex ""The Solids"" Textured Chair Mats",139.92,2.0,0.0,23.7864,Manual Upload,Pending,Check later
6543.0,US-2017-107888,11/16/2017,11/19/2017,First Class,CC-12220,Chris Cortes,Consumer,United States,Seattle,Washington,98103.0,West,TEC-PH-10003171,Technology,Phones,Plantronics Encore H101 Dual Earpieces Headset,107.88,3.0,0.2,10.788,ERP,Pending,Urgent
6544.0,US-2017-107888,11/16/2017,11/19/2017,First Class,CC-12220,Chris Cortes,Consumer,United States,Seattle,Washington,98103.0,West,OFF-ST-10003123,Office Supplies,Storage,Fellowes Bases and Tops For Staxonsteel/High-Stak Systems,33.29,1.0,0.0,7.9896,ERP,Approved,Urgent
6545.0,US-2017-154872,5/14/2017,5/18/2017,Standard Class,DP-13000,Darren Powers,Consumer,United States,Cleveland,Ohio,44105.0,East,OFF-BI-10003007,Office Supplies,Binders,"Premium Transparent Presentation Covers, No Pattern/Clear, 8 1/2"" x 11""",58.17,5.0,0.7,-46.536,CRM,Pending,
6546.0,US-2017-154872,5/14/2017,5/18/2017,Standard Class,DP-13000,Darren Powers,Consumer,United States,Cleveland,Ohio,44105.0,East,OFF-LA-10000973,Office Supplies,Labels,Avery 502,5.04,2.0,0.2,1.764,ERP,Pending,Urgent
6547.0,US-2017-154872,5/14/2017,5/18/2017,Standard Class,DP-13000,Darren Powers,Consumer,United States,Cleveland,Ohio,44105.0,East,OFF-PA-10000483,office supplies,Paper,Xerox 19,24.784,1.0,0.2,7.745,Legacy,Pending,Duplicate?
6548.0,CA-2014-113880,3/1/2014,3/5/2014,Standard Class,VF-21715,Vicky Freymann,Home Office,United States,Elmhurst,Illinois,60126.0,Central,FUR-CH-10000863,Furniture,Chairs,Novimex Swivel Fabric Task Chair,634.116,6.0,0.3,-172.1172,Legacy,Rejected,Urgent
6549.0,CA-2014-113880,3/1/2014,3/5/2014,Standard Class,VF-21715,Vicky Freymann,Home Office,United States,Elmhurst,Illinois,60126.0,Central,OFF-PA-10003036,Office Supplies,Paper,"Black Print Carbonless 8 1/2"" x 8 1/4"" Rapid Memo Book",17.472,3.0,0.2,5.6784,Manual Upload,Rejected,
6550.0,US-2015-164966,7/30/2015,8/1/2015,First Class,GH-14410,Gary Hansen,Home Office,United States,Lakeville,Minnesota,55044.0,CENTRAL,FUR-CH-10002304,Furniture,Chairs,"Global Stack Chair without Arms, Black",155.88,6.0,0.0,38.97,Manual Upload,,Urgent
6551.0,CA-2015-126739,11/1/2015,11/3/2015,Second Class,JH-16180,Justin Hirsh,Consumer,United States,New York City,New York,10035.0,East,FUR-CH-10000422,Furniture,Chairs,Global Highback Leather Tilter in Burgundy,327.564,4.0,0.1,21.8376,Manual Upload,Rejected,Urgent
6552.0,CA-2017-161578,12/16/2017,12/21/2017,Second Class,RB-19465,Rick Bensley,Home Office,United States,Los Angeles,California,90036.0,West,OFF-PA-10002986,Office Supplies,Paper,Xerox 1898,13.36,2.0,0.0,6.4128,Manual Upload,Approved,
6553.0,CA-2017-161578,12/16/2017,12/21/2017,Second Class,RB-19465,Rick Bensley,Home Office,United States,Los Angeles,California,90036.0,West,OFF-ST-10002289,Office Supplies,Storage,"Safco Wire Cube Shelving System, For Use as 4 or 5 14"" Cubes, Black",158.9,5.0,0.0,7.945,ERP,Rejected,Urgent
6554.0,CA-2014-137092,10/20/2014,10/22/2014,Second Class,LS-16975,Lindsay Shagiari,Home Office,United States,Chicago,Illinois,60653.0,Central,TEC-AC-10001606,Technology,Accessories,Logitech Wireless Performance Mouse MX for PC and Mac,319.968,4.0,0.2,71.9928,ERP,,Urgent
6555.0,CA-2014-137092,10/20/2014,10/22/2014,Second Class,LS-16975,Lindsay Shagiari,Home Office,United States,Chicago,Illinois,60653.0,Central,OFF-ST-10003805,Office Supplies,Storage,"24 Capacity Maxi Data Binder Racks, Pearl",505.32,3.0,0.2,31.5825,ERP,Pending,
6556.0,CA-2014-137092,10/20/2014,10/22/2014,Second Class,LS-16975,Lindsay Shagiari,Home Office,United States,Chicago,Illinois,60653.0,Central,OFF-PA-10002109,Office Supplies,Paper,Wirebound Voice Message Log Book,3.808,1.0,0.2,1.2376,Manual Upload,Approved,
6557.0,CA-2014-137092,10/20/2014,10/22/2014,Second Class,LS-16975,Lindsay Shagiari,Home Office,United States,Chicago,Illinois,60653.0,Central,OFF-BI-10000632,Office Supplies,Binders,Satellite Sectional Post Binders,8.682,1.0,0.8,-14.7594,CRM,Approved,Check later
6558.0,CA-2014-137092,10/20/2014,10/22/2014,Second Class,LS-16975,Lindsay Shagiari,Home Office,United States,Chicago,Illinois,60653.0,Central,OFF-LA-10003510,Office Supplies,Labels,"Avery 4027 File Folder Labels for Dot Matrix Printers, 5000 Labels per Box, White",24.424,1.0,0.2,7.9378,CRM,Rejected,Duplicate?
6559.0,CA-2015-166947,6/5/2015,6/10/2015,Standard Class,EB-13750,Edward Becker,Corporate,United States,Buffalo,New York,14215.0,East,FUR-CH-10004997,Furniture,Chairs,Hon Every-Day Series Multi-Task Chairs,1522.638,9.0,0.1,169.182,Legacy,Approved,Urgent
6560.0,CA-2016-160941,7/21/2016,7/26/2016,Standard Class,DK-12835,Damala Kotsonis,Corporate,United States,Roseville,California,95661.0,West,OFF-EN-10003001,Office Supplies,Envelopes,Ames Color-File Green Diamond Border X-ray Mailers,419.9,5.0,0.0,197.353,Manual Upload,,Duplicate?
6561.0,CA-2016-160941,7/21/2016,7/26/2016,Standard Class,DK-12835,Damala Kotsonis,Corporate,United States,Roseville,California,95661.0,West,OFF-LA-10003766,Office Supplies,Labels,Self-Adhesive Removable Labels,3.15,1.0,0.0,1.512,Legacy,Rejected,Check later
6562.0,CA-2017-144680,3/31/2017,4/2/2017,First Class,SC-20260,Scott Cohen,Corporate,United States,Arlington,Texas,76017.0,Central,OFF-AP-10003040,Office Supplies,Appliances,Fellowes 8 Outlet Superior Workstation Surge Protector w/o Phone/Fax/Modem Protection,33.62,5.0,0.8,-90.774,ERP,Approved,Duplicate?
6563.0,CA-2014-166086,5/7/2014,5/12/2014,Standard Class,CT-11995,Carol Triggs,Consumer,United States,Lawrence,Massachusetts,1841.0,East,OFF-BI-10001078,Office Supplies,Binders,"Acco PRESSTEX Data Binder with Storage Hooks, Dark Blue, 14 7/8"" X 11""",16.14,3.0,0.0,7.9086,Manual Upload,,Urgent
6564.0,CA-2014-166086,5/7/2014,5/12/2014,Standard Class,CT-11995,Carol Triggs,Consumer,United States,Lawrence,Massachusetts,1841.0,East,FUR-TA-10003469,Furniture,Tables,Balt Split Level Computer Training Table,194.25,2.0,0.3,-38.85,Manual Upload,Approved,
6565.0,CA-2014-166086,5/7/2014,5/12/2014,Standard Class,CT-11995,Carol Triggs,Consumer,United States,Lawrence,Massachusetts,1841.0,East,OFF-AR-10002578,Office Supplies,Art,Newell 335,8.64,3.0,0.0,2.5056,ERP,Approved,
6566.0,CA-2014-166086,5/7/2014,5/12/2014,Standard Class,CT-11995,Carol Triggs,Consumer,United States,Lawrence,Massachusetts,1841.0,East,FUR-CH-10004675,Furniture,Chairs,"Lifetime Advantage Folding Chairs, 4/Carton",872.32,4.0,0.0,244.2496,CRM,Rejected,Duplicate?
6567.0,CA-2017-131282,2/5/2017,2/8/2017,Second Class,CB-12025,Cassandra Brandow,Consumer,United States,Waco,Texas,76706.0,Central,OFF-BI-10004632,Office Supplies,Binders,Ibico Hi-Tech Manual Binding System,243.992,4.0,0.8,-426.986,Legacy,Approved,
6568.0,CA-2017-131282,2/5/2017,2/8/2017,Second Class,CB-12025,Cassandra Brandow,Consumer,United States,Waco,Texas,76706.0,Central,OFF-AR-10003087,Office Supplies,Art,Staples in misc. colors,7.12,5.0,0.2,0.712,Manual Upload,Approved,
6569.0,CA-2014-100678,4/18/2014,4/22/2014,Standard Class,KM-16720,Kunst Miller,Consumer,United States,Houston,Texas,77095.0,Central,OFF-AR-10001868,Office Supplies,Art,Prang Dustless Chalk Sticks,2.688,2.0,0.2,1.008,Manual Upload,Pending,
6570.0,CA-2014-100678,4/18/2014,4/22/2014,Standard Class,KM-16720,Kunst Miller,Consumer,United States,Houston,Texas,77095.0,Central,FUR-CH-10002602,Furniture,Chairs,DMI Arturo Collection Mission-style Design Wood Chair,317.058,3.0,0.3,-18.1176,Legacy,Approved,Check later
6571.0,CA-2014-100678,4/18/2014,4/22/2014,Standard Class,KM-16720,Kunst Miller,Consumer,United States,Houston,Texas,77095.0,Central,OFF-EN-10000056,Office Supplies,Envelopes,Cameo Buff Policy Envelopes,149.352,3.0,0.2,50.4063,Legacy,Approved,Urgent
6572.0,CA-2014-100678,4/18/2014,4/22/2014,Standard Class,KM-16720,Kunst Miller,Consumer,United States,Houston,Texas,77095.0,Central,TEC-AC-10000474,Technology,Accessories,Kensington Expert Mouse Optical USB Trackball for PC or Mac,227.976,3.0,0.2,28.497,Manual Upload,Approved,
6573.0,CA-2016-161543,5/10/2016,5/16/2016,Standard Class,RD-19720,Roger Demir,Consumer,United States,Seattle,Washington,98105.0,West,OFF-PA-10003971,Office Supplies,Paper,Xerox 1965,11.96,2.0,0.0,5.8604,ERP,Approved,
6574.0,CA-2016-160535,11/25/2016,2016-11-30,Standard Class,BP-11050,Barry Pond,Corporate,United States,Plainfield,New Jersey,7060.0,East,OFF-ST-10000689,Office Supplies,Storage,"Fellowes Strictly Business Drawer File, Letter/Legal Size",563.4,4.0,0.0,67.608,CRM,Rejected,
6575.0,CA-2016-160535,11/25/2016,11/30/2016,Standard Class,BP-11050,Barry Pond,Corporate,United States,Plainfield,New Jersey,7060.0,East,TEC-MA-10004255,Technology,Machines,Konica Minolta magicolor 1690MF Multifunction Printer,319.92,8.0,0.0,118.3704,CRM,Pending,Check later
6576.0,CA-2017-123085,3/3/2017,3/8/2017,Standard Class,EJ-13720,Ed Jacobs,Consumer,United States,Los Angeles,California,90008.0,West,TEC-AC-10000990,Technology,Accessories,Imation Bio 2GB USB Flash Drive Imation Corp,1049.44,8.0,0.0,440.7648,Manual Upload,Rejected,Check later
6577.0,CA-2017-123085,3/3/2017,3/8/2017,Standard Class,EJ-13720,Ed Jacobs,Consumer,United States,Los Angeles,California,90008.0,West,FUR-CH-10003968,Furniture,Chairs,Novimex Turbo Task Chair,170.352,3.0,0.2,-17.0352,Manual Upload,,Urgent
6578.0,CA-2015-153752,12/6/2015,12/11/2015,Second Class,RO-19780,Rose O'Brian,Consumer,United States,Arlington,Virginia,22204.0,South,TEC-PH-10001615,Technology,Phones,AT&T CL82213,173.94,6.0,0.0,50.4426,Legacy,Approved,Urgent
6579.0,CA-2014-103660,8/25/2014,8/30/2014,Standard Class,MW-18220,Mitch Webber,Consumer,United States,Seattle,Washington,98103.0,West,TEC-PH-10000895,Technology,Phones,Polycom VVX 310 VoIP phone,1007.944,7.0,0.2,75.5958,Manual Upload,Pending,Check later
6580.0,CA-2016-169887,10/22/2016,10/22/2016,Same Day,MS-17530,MaryBeth Skach,Consumer,United States,Seattle,Washington,98105.0,West,OFF-PA-10003001,Office Supplies,Paper,Xerox 1986,6.68,1.0,0.0,3.2064,ERP,,Urgent
6581.0,CA-2016-169887,10/22/2016,10/22/2016,Same Day,MS-17530,MaryBeth Skach,Consumer,United States,Seattle,Washington,98105.0,West,OFF-AR-10002766,Office Supplies,Art,Prang Drawing Pencil Set,8.34,3.0,0.0,2.2518,ERP,Pending,Check later
6582.0,CA-2016-169887,10/22/2016,10/22/2016,Same Day,MS-17530,MaryBeth Skach,Consumer,United States,Seattle,Washington,98105.0,West,FUR-FU-10003095,Furniture,Furnishings,"Linden 12"" Wall Clock With Oak Frame",101.94,3.0,0.0,30.582,Manual Upload,Pending,Duplicate?
6583.0,CA-2016-148516,8/7/2016,8/11/2016,Standard Class,DW-13585,Dorothy Wardle,Corporate,United States,Edmonds,Washington,98026.0,West,TEC-AC-10003610,Technology,Accessories,Logitech Illuminated - Keyboard,179.97,3.0,0.0,86.3856,Manual Upload,,Duplicate?
6584.0,CA-2017-104731,7/21/2017,7/27/2017,Standard Class,AM-10705,Anne McFarland,Consumer,United States,Salem,Virginia,24153.0,South,OFF-AR-10003727,Office Supplies,Art,Berol Giant Pencil Sharpener,101.94,6.0,0.0,29.5626,Manual Upload,,
6585.0,CA-2017-104731,7/21/2017,7/27/2017,Standard Class,AM-10705,Anne McFarland,Consumer,United States,Salem,Virginia,24153.0,South,TEC-PH-10002660,Technology,Phones,Nortel Networks T7316 E Nt8 B27,271.96,4.0,0.0,67.99,CRM,Approved,Check later
6586.0,CA-2017-104731,7/21/2017,7/27/2017,Standard Class,AM-10705,Anne McFarland,Consumer,United States,Salem,Virginia,24153.0,South,FUR-FU-10003274,Furniture,Furnishings,Regeneration Desk Collection,8.8,5.0,0.0,3.872,CRM,Rejected,Duplicate?
6587.0,CA-2017-104731,7/21/2017,7/27/2017,Standard Class,AM-10705,Anne McFarland,consumer,United States,Salem,Virginia,24153.0,South,OFF-AR-10003829,Office Supplies,Art,Newell 35,19.68,6.0,0.0,5.7072,CRM,Pending,Duplicate?
6588.0,CA-2017-104731,7/21/2017,7/27/2017,Standard Class,AM-10705,Anne McFarland,Consumer,United States,Salem,Virginia,24153.0,South,FUR-BO-10003441,Furniture,Bookcases,"Bush Westfield Collection Bookcases, Fully Assembled",302.94,3.0,0.0,69.6762,Legacy,Rejected,Check later
6589.0,CA-2017-104731,7/21/2017,7/27/2017,Standard Class,AM-10705,Anne McFarland,Consumer,United States,Salem,Virginia,24153.0,South,OFF-BI-10003355,Office Supplies,Binders,Cardinal Holdit Business Card Pockets,14.94,3.0,0.0,7.1712,CRM,Rejected,Urgent
6590.0,CA-2017-104731,7/21/2017,7/27/2017,Standard Class,AM-10705,Anne McFarland,Consumer,United States,Salem,Virginia,24153.0,South,OFF-SU-10003505,Office Supplies,Supplies,Premier Electric Letter Opener,231.72,2.0,0.0,11.586,Manual Upload,,Urgent
6591.0,CA-2014-164749,3/23/2014,3/26/2014,First Class,BG-11740,Bruce Geld,Consumer,United States,Delray Beach,Florida,33445.0,South,OFF-LA-10004484,Office Supplies,Labels,Avery 476,9.912,3.0,0.2,3.2214,ERP,Approved,Check later
6592.0,CA-2015-103716,4/30/2015,5/6/2015,Standard Class,KB-16585,Ken Black,Corporate,United States,San Francisco,California,94110.0,West,OFF-AR-10000658,Office Supplies,Art,Newell 324,34.65,3.0,0.0,9.702,Manual Upload,,Check later
6593.0,CA-2015-103716,4/30/2015,5/6/2015,Standard Class,KB-16585,Ken Black,Corporate,United States,San Francisco,California,94110.0,West,TEC-PH-10000347,Technology,Phones,Cush Cases Heavy Duty Rugged Cover Case for Samsung Galaxy S5 - Purple,19.8,5.0,0.2,1.7325,Manual Upload,Rejected,
6594.0,CA-2016-126795,6/13/2016,6/16/2016,Second Class,GT-14710,Greg Tran,Consumer,United States,New York City,New York,10024.0,East,OFF-BI-10001989,Office Supplies,Binders,Premium Transparent Presentation Covers by GBC,33.568,2.0,0.2,11.7488,CRM,Rejected,Duplicate?
6595.0,CA-2015-146290,5/4/2015,5/11/2015,Standard Class,SV-20815,Stuart Van,Corporate,United States,Indianapolis,Indiana,46203.0,Central,OFF-AR-10001897,Office Supplies,Art,Model L Table or Wall-Mount Pencil Sharpener,125.93,7.0,0.0,35.2604,Manual Upload,Pending,Check later
6596.0,CA-2017-157112,4/23/2017,4/26/2017,First Class,GG-14650,Greg Guthrie,Corporate,United States,Columbus,Ohio,43229.0,East,OFF-BI-10000285,Office Supplies,Binders,XtraLife ClearVue Slant-D Ring Binders by Cardinal,11.76,5.0,0.7,-7.84,CRM,Approved,
6597.0,CA-2017-157112,4/23/2017,4/26/2017,First Class,GG-14650,Greg Guthrie,Corporate,United States,Columbus,Ohio,43229.0,East,OFF-PA-10001804,Office Supplies,Paper,Xerox 195,5.344,1.0,0.2,1.8704,ERP,Approved,Duplicate?
6598.0,CA-2014-169257,6/6/2014,6/12/2014,Standard Class,SV-20785,Stewart Visinsky,Consumer,United States,Jacksonville,Florida,32216.0,South,OFF-BI-10002557,Office Supplies,Binders,Presstex Flexible Ring Binders,1.365,1.0,0.7,-0.91,Manual Upload,Approved,Check later
6599.0,CA-2014-169257,6/6/2014,6/12/2014,Standard Class,SV-20785,Stewart Visinsky,Consumer,United States,Jacksonville,Florida,32216.0,South,OFF-PA-10002319,Office Supplies,Paper,Xerox 1944,62.016,2.0,0.2,22.4808,Manual Upload,Pending,Check later
6600.0,CA-2014-154095,12/2/2014,12/7/2014,Standard Class,ON-18715,Odella Nelson,Corporate,United States,Clinton,Maryland,20735.0,East,FUR-FU-10003849,Furniture,Furnishings,"DAX Metal Frame, Desktop, Stepped-Edge",60.72,3.0,0.0,23.6808,ERP,,
6601.0,CA-2014-154095,12/2/2014,12/7/2014,Standard Class,ON-18715,Odella Nelson,Corporate,United States,Clinton,Maryland,20735.0,East,OFF-PA-10002923,Office Supplies,Paper,Xerox 1942,146.82,3.0,0.0,73.41,Legacy,Approved,Urgent
6602.0,CA-2014-154095,12/2/2014,12/7/2014,Standard Class,ON-18715,Odella Nelson,Corporate,United States,Clinton,Maryland,20735.0,East,FUR-CH-10004754,Furniture,Chairs,"Global Stack Chair with Arms, Black",239.84,8.0,0.0,64.7568,Manual Upload,Approved,Urgent
6603.0,CA-2014-154095,12/2/2014,12/7/2014,Standard Class,ON-18715,Odella Nelson,Corporate,United States,Clinton,Maryland,20735.0,East,OFF-LA-10000634,Office Supplies,Labels,Avery 509,15.66,6.0,0.0,7.2036,CRM,,Check later
6604.0,CA-2017-146346,6/17/2017,6/20/2017,First Class,RA-19945,Ryan Akin,Consumer ,United States,Commerce City,Colorado,80022.0,West,OFF-ST-10001418,Office Supplies,Storage,Carina Media Storage Towers in Natural & Black,146.352,3.0,0.2,-32.9292,Legacy,Pending,Check later
6605.0,CA-2016-148852,5/26/2016,5/31/2016,Standard Class,SV-20785,Stewart Visinsky,Consumer,United States,Santa Ana,California,92704.0,West,OFF-FA-10003467,Office Supplies,Fasteners,"Alliance Big Bands Rubber Bands, 12/Pack",5.94,3.0,0.0,0.0,Legacy,,Check later
6606.0,CA-2016-148852,5/26/2016,5/31/2016,Standard Class,SV-20785,Stewart Visinsky,Consumer,United States,Santa Ana,California,92704.0,West,OFF-PA-10001293,Office Supplies,Paper,Xerox 1946,45.36,7.0,0.0,21.7728,ERP,Rejected,Duplicate?
6607.0,CA-2016-148852,5/26/2016,5/31/2016,Standard Class,SV-20785,Stewart Visinsky,Consumer,United States,Santa Ana,California,92704.0,West,TEC-PH-10003885,Technology,Phones,Cisco SPA508G,211.168,4.0,0.2,23.7564,ERP,Approved,
6608.0,CA-2016-148852,5/26/2016,5/31/2016,Standard Class,SV-20785,Stewart Visinsky,Consumer,United States,Santa Ana,California,92704.0,WEST,FUR-CH-10004860,Furniture,Chairs,Global Low Back Tilter Chair,484.704,6.0,0.2,-84.8232,Legacy,Pending,
6609.0,CA-2016-148852,5/26/2016,5/31/2016,Standard Class,SV-20785,Stewart Visinsky,Consumer,United States,Santa Ana,California,92704.0,West,TEC-MA-10002428,Technology,Machines,Fellowes Powershred HS-440 4-Sheet High Security Shredder,371.976,3.0,0.2,116.2425,ERP,,
6610.0,US-2015-118906,3/10/2015,3/10/2015,Same Day,KB-16585,Ken Black,Corporate,United States,Clinton,Maryland,20735.0,East,OFF-ST-10002406,Office Supplies,Storage,Pizazz Global Quick File,89.82,6.0,0.0,25.1496,CRM,Pending,Duplicate?
6611.0,CA-2016-168921,10/20/2016,10/22/2016,First Class,AG-10495,Andrew Gjertsen,Corporate,United States,Los Angeles,California,90049.0,West,OFF-BI-10004209,Office Supplies,Binders,"Fellowes Twister Kit, Gray/Clear, 3/pkg",19.296,3.0,0.2,6.03,ERP,,
6612.0,CA-2015-107678,4/21/2015,4/28/2015,Standard Class,JK-16090,Juliana Krohn,Consumer,United States,Louisville,Kentucky,40214.0,South,FUR-CH-10001891,Furniture,Chairs,Global Deluxe Office Fabric Chairs,191.96,2.0,0.0,51.8292,ERP,Rejected,
6613.0,CA-2015-107678,4/21/2015,4/28/2015,Standard Class,JK-16090,Juliana Krohn,Consumer,United States,Louisville,Kentucky,40214.0,South,OFF-BI-10002215,Office Supplies,Binders,"Wilson Jones Hanging View Binder, White, 1""",21.3,3.0,0.0,9.798,CRM,Approved,Urgent
6614.0,CA-2015-107678,4/21/2015,4/28/2015,Standard Class,JK-16090,Juliana Krohn,Consumer,United States,Louisville,Kentucky,40214.0,South,TEC-PH-10002103,Technology,Phones,Jabra SPEAK 410,469.95,5.0,0.0,131.586,Legacy,Approved,Urgent
6615.0,CA-2015-107678,4/21/2015,4/28/2015,Standard Class,JK-16090,Juliana Krohn,Consumer,United States,Louisville,Kentucky,40214.0,South,FUR-FU-10003394,Furniture,Furnishings,"Tenex ""The Solids"" Textured Chair Mats",209.88,3.0,0.0,35.6796,Legacy,,Duplicate?
6616.0,CA-2016-123512,6/17/2016,6/19/2016,First Class,MV-18190,Mike Vittorini,Consumer,United States,Los Angeles,California,90045.0,West,FUR-BO-10004218,Furniture,Bookcases,"Bush Heritage Pine Collection 5-Shelf Bookcase, Albany Pine Finish, *Special Order",239.666,2.0,0.15,14.098,Legacy,Rejected,Duplicate?
6617.0,CA-2016-123512,6/17/2016,6/19/2016,First Class,MV-18190,Mike Vittorini,Consumer,United States,Los Angeles,California,90045.0,West,OFF-LA-10000081,Office Supplies,Labels,Avery 496,22.5,6.0,0.0,10.8,ERP,Pending,
6618.0,CA-2016-123512,6/17/2016,6/19/2016,First Class,MV-18190,Mike Vittorini,Consumer,United States,Los Angeles,California,90045.0,West,OFF-PA-10001497,Office Supplies,Paper,Xerox 1914,219.84,4.0,0.0,107.7216,Legacy,Pending,Duplicate?
6619.0,US-2017-167402,1/13/2017,1/18/2017,Second Class,CP-12085,Cathy Prescott,Corporate,United States,Springfield,Missouri,65807.0,Central,OFF-PA-10004983,Office Supplies,Paper,Xerox 23,32.4,5.0,0.0,15.552,Legacy,,
6620.0,US-2017-167402,1/13/2017,1/18/2017,Second Class,CP-12085,Cathy Prescott,Corporate,United States,Springfield,Missouri,65807.0,Central,OFF-AR-10004010,Office Supplies,Art,Hunt Boston Vacuum Mount KS Pencil Sharpener,209.94,6.0,0.0,54.5844,Legacy,Approved,Check later
6621.0,US-2017-167402,1/13/2017,1/18/2017,Second Class,CP-12085,Cathy Prescott,Corporate,United States,Springfield,Missouri,65807.0,Central,OFF-SU-10002881,Office Supplies,Supplies,Martin Yale Chadless Opener Electric Letter Opener,4164.05,5.0,0.0,83.281,CRM,Approved,
6622.0,US-2017-167402,1/13/2017,1/18/2017,Second Class,CP-12085,Cathy Prescott,Corporate,United States,Springfield,Missouri,65807.0,Central,FUR-BO-10001608,Furniture,Bookcases,"Hon Metal Bookcases, Black",212.94,3.0,0.0,53.235,Manual Upload,Approved,
6623.0,CA-2014-130449,9/6/2014,9/9/2014,First Class,VP-21760,Victoria Pisteka,Corporate,United States,San Francisco,California,94109.0,West,FUR-FU-10001487,Furniture,Furnishings,"Eldon Expressions Wood and Plastic Desk Accessories, Cherry Wood",41.88,6.0,0.0,12.1452,Manual Upload,Pending,
6624.0,CA-2014-130449,9/6/2014,9/9/2014,First Class,VP-21760,Victoria Pisteka,Corporate,United States,San Francisco,California,94109.0,West,OFF-LA-10001934,Office Supplies,Labels,Avery 516,58.48,8.0,0.0,27.4856,Legacy,Pending,
6625.0,CA-2015-141250,1/19/2015,1/23/2015,Standard Class,PM-18940,Paul MacIntyre,Consumer,United States,Texas City,Texas,77590.0,Central,FUR-TA-10002855,Furniture,Tables,Bevis Round Conference Table Top & Single Column Base,102.438,1.0,0.3,-13.1706,Manual Upload,Rejected,Check later
6626.0,CA-2015-141250,1/19/2015,1/23/2015,Standard Class,PM-18940,Paul MacIntyre,Consumer,United States,Texas City,Texas,77590.0,Central,FUR-CH-10004875,Furniture,Chairs,Harbour Creations 67200 Series Stacking Chairs,199.304,4.0,0.3,-8.5416,ERP,Rejected,Urgent
6627.0,CA-2014-145541,12/14/2014,12/21/2014,Standard Class,TB-21400,Tom Boeckenhauer,Consumer,United States,New York City,New York,10024.0,East,TEC-MA-10001127,Technology,Machines,"HP Designjet T520 Inkjet Large Format Printer - 24"" Color",6999.96,4.0,0.0,2239.9872,Legacy,,
6628.0,CA-2014-138513,5/23/2014,5/27/2014,Standard Class,EH-13990,Erica Hackney,Consumer,United States,Bellevue,Washington,98006.0,West,OFF-PA-10003177,Office Supplies,Paper,Xerox 1999,12.96,2.0,0.0,6.2208,Manual Upload,Approved,Urgent
6629.0,CA-2015-135489,9/19/2015,9/22/2015,Second Class,GW-14605,Giulietta Weimer,Consumer,United States,New York City,New York,10024.0,East,TEC-PH-10000011,Technology,Phones,PureGear Roll-On Screen Protector,279.86,14.0,0.0,134.3328,Legacy,Rejected,
6630.0,CA-2015-125696,10/2/2015,10/6/2015,Standard Class,NP-18685,Nora Pelletier,Home Office,United States,Wilson,North Carolina,27893.0,South,OFF-BI-10001757,Office Supplies,Binders,Pressboard Hanging Data Binders for Unburst Sheets,7.38,5.0,0.7,-5.412,CRM,Approved,
6631.0,CA-2016-105081,12/25/2016,12/30/2016,Standard Class,JE-15715,Joe Elijah,Consumer,United States,Seattle,Washington,98115.0,West,FUR-CH-10000847,Furniture,Chairs,Global Executive Mid-Back Manager's Chair,698.352,3.0,0.2,52.3764,Legacy,Approved,
6632.0,CA-2016-105081,12/25/2016,12/30/2016,Standard Class,JE-15715,Joe Elijah,Consumer,United States,Seattle,Washington,98115.0,West,FUR-TA-10001307,Furniture,Tables,"SAFCO PlanMaster Heigh-Adjustable Drafting Table Base, 43w x 30d x 30-37h, Black",1747.25,5.0,0.0,629.01,ERP,,
6633.0,US-2016-146857,5/6/2016,5/8/2016,Second Class,BE-11455,Brad Eason,Home Office,United States,Springfield,Missouri,65807.0,Central,OFF-AP-10001205,Office Supplies,Appliances,Belkin 5 Outlet SurgeMaster Power Centers,54.48,1.0,0.0,15.2544,Legacy,Rejected,Urgent
6634.0,CA-2016-166275,10/24/2016,10/24/2016,Same Day,SS-20590,Sonia Sunley,Consumer,United States,San Francisco,California,94109.0,West,TEC-AC-10001838,Technology,Accessories,Razer Tiamat Over Ear 7.1 Surround Sound PC Gaming Headset,199.99,1.0,0.0,85.9957,ERP,Pending,Check later
6635.0,CA-2017-144498,5/6/2017,5/6/2017,Same Day,MB-18085,Mick Brown,Consumer,United States,Charlotte,North Carolina,28205.0,South,OFF-BI-10003982,Office Supplies,Binders,Wilson Jones Century Plastic Molded Ring Binders,68.541,11.0,0.7,-52.5481,Manual Upload,Rejected,
6636.0,CA-2017-144498,5/6/2017,5/6/2017,Same Day,MB-18085,Mick Brown,Consumer,United States,Charlotte,North Carolina,28205.0,South,TEC-PH-10004977,Technology,Phones,GE 30524EE4,627.168,4.0,0.2,70.5564,ERP,Pending,Urgent
6637.0,CA-2017-144498,5/6/2017,5/6/2017,Same Day,MB-18085,Mick Brown,Consumer,United States,Charlotte,North Carolina,28205.0,South,OFF-LA-10003510,Office Supplies,Labels,"Avery 4027 File Folder Labels for Dot Matrix Printers, 5000 Labels per Box, White",122.12,5.0,0.2,39.689,Manual Upload,Approved,Check later
6638.0,CA-2017-103352,11/27/2017,11/30/2017,Second Class,RP-19390,Resi Pölking,Consumer,United States,new york city,New York,10011.0,East,OFF-AR-10001573,Office Supplies,Art,American Pencil,6.99,3.0,0.0,2.0271,CRM,,Urgent
6639.0,CA-2017-103352,11/27/2017,11/30/2017,Second Class,RP-19390,Resi Pölking,Consumer,United States,New York City,New York,10011.0,East,OFF-BI-10001196,Office Supplies,Binders,"Avery Flip-Chart Easel Binder, Black",107.424,6.0,0.2,36.2556,CRM,Approved,Urgent
6640.0,CA-2014-108609,10/31/2014,11/2/2014,Second Class,AJ-10780,Anthony Jacobs,Corporate,United States,Lorain,Ohio,44052.0,East,FUR-TA-10003954,Furniture,Tables,Hon 94000 Series Round Tables,1421.664,8.0,0.4,-734.5264,Manual Upload,Rejected,Duplicate?
6641.0,CA-2017-128328,8/5/2017,8/9/2017,Standard Class,PO-18865,Patrick O'Donnell,Consumer,United States,Indianapolis,Indiana,46203.0,Central,OFF-BI-10001989,Office Supplies,Binders,Premium Transparent Presentation Covers by GBC,125.88,6.0,0.0,60.4224,Legacy,Approved,Duplicate?
6642.0,CA-2017-128328,8/5/2017,8/9/2017,Standard Class,PO-18865,Patrick O'Donnell,Consumer,United States,Indianapolis,Indiana,46203.0,Central,TEC-AC-10001714,Technology,Accessories,Logitech MX Performance Wireless Mouse,79.78,2.0,0.0,29.5186,Legacy,Pending,
6643.0,CA-2017-128328,8/5/2017,8/9/2017,Standard Class,PO-18865,Patrick O'Donnell,Consumer,United States,Indianapolis,Indiana,46203.0,Central,OFF-LA-10003498,Office Supplies,Labels,Avery 475,133.2,9.0,0.0,66.6,Legacy,,Duplicate?
6644.0,US-2015-156496,8/10/2015,8/16/2015,Standard Class,WB-21850,William Brown,Consumer,United States,Redmond,Oregon,97756.0,West,TEC-PH-10000576,Technology,Phones,AT&T 1080 Corded phone,438.368,4.0,0.2,38.3572,ERP,Rejected,
6645.0,US-2015-156496,8/10/2015,8/16/2015,Standard Class,WB-21850,William Brown,Consumer,United States,Redmond,Oregon,97756.0,West,TEC-PH-10004188,Technology,Phones,OtterBox Commuter Series Case - Samsung Galaxy S4,139.944,7.0,0.2,-31.4874,Legacy,Pending,Check later
6646.0,US-2015-156496,8/10/2015,8/16/2015,Standard Class,WB-21850,William Brown,Consumer,United States,Redmond,Oregon,97756.0,West,OFF-AP-10001469,Office Supplies,Appliances,Fellowes 8 Outlet Superior Workstation Surge Protector,133.472,4.0,0.2,15.0156,Manual Upload,,Duplicate?
6647.0,US-2016-127334,12/15/2016,12/21/2016,Standard Class,MP-18175,Mike Pelletier,Home Office,United States,Springfield,Oregon,97477.0,West,FUR-TA-10003473,Furniture,Tables,Bretford Rectangular Conference Table Tops,564.195,3.0,0.5,-304.6653,CRM,,Urgent
6648.0,US-2016-127334,12/15/2016,12/21/2016,Standard Class,MP-18175,Mike Pelletier,Home Office,United States,Springfield,Oregon,97477.0,West,OFF-AP-10001205,Office Supplies,Appliances,Belkin 5 Outlet SurgeMaster Power Centers,87.168,2.0,0.2,8.7168,Manual Upload,,
6649.0,US-2017-124779,9/8/2017,9/11/2017,First Class,BF-11020,Barry Französisch,Corporate,United States,Arlington,Texas,76017.0,Central,OFF-BI-10002429,Office Supplies,Binders,"Premier Elliptical Ring Binder, Black",42.616,7.0,0.8,-68.1856,ERP,Rejected,Duplicate?
6650.0,US-2017-124779,9/8/2017,9/11/2017,First Class,BF-11020,Barry Französisch,Corporate,United States,Arlington,Texas,76017.0,Central,TEC-CO-10001943,Technology,Copiers,Canon PC-428 Personal Copier,319.984,2.0,0.2,107.9946,Legacy,Approved,
6651.0,US-2017-124779,9/8/2017,9/11/2017,First Class,BF-11020,Barry Französisch,Corporate,United States,Arlington,Texas,76017.0,Central,OFF-FA-10004854,Office Supplies,Fasteners,"Vinyl Coated Wire Paper Clips in Organizer Box, 800/Box",45.92,5.0,0.2,15.498,Legacy,Approved,Check later
6652.0,US-2017-124779,9/8/2017,9/11/2017,First Class,BF-11020,Barry Französisch,Corporate,United States,Arlington,Texas,76017.0,Central,FUR-FU-10001095,Furniture,Furnishings,DAX Black Cherry Wood-Tone Poster Frame,21.184,2.0,0.6,-11.6512,Legacy,Approved,Urgent
6653.0,US-2017-124779,9/8/2017,9/11/2017,First Class,BF-11020,Barry Französisch,Corporate,United States,Arlington,Texas,76017.0,Central,OFF-PA-10000061,Office Supplies,Paper,Xerox 205,20.736,4.0,0.2,7.2576,ERP,Approved,
6654.0,US-2017-124779,9/8/2017,9/11/2017,First Class,BF-11020,Barry Französisch,Corporate,United States,Arlington,TX,76017.0,Central,FUR-CH-10003535,Furniture,Chairs,"Global Armless Task Chair, Royal Blue",213.43,5.0,0.3,-39.637,ERP,Pending,
6655.0,CA-2017-135937,2/20/2017,2/27/2017,Standard Class,KM-16375,Katherine Murray,Home Office,United States,Gilbert,Arizona,85234.0,West,TEC-PH-10004447,Technology,Phones,Toshiba IPT2010-SD IP Telephone,333.576,3.0,0.2,25.0182,ERP,Pending,
6656.0,CA-2017-135937,2/20/2017,2/27/2017,Standard Class,KM-16375,Katherine Murray,Home Office,United States,Gilbert,Arizona,85234.0,West,TEC-AC-10001114,Technology,Accessories,Microsoft Wireless Mobile Mouse 4000,31.992,1.0,0.2,4.7988,Manual Upload,,Check later
6657.0,CA-2017-135937,2/20/2017,2/27/2017,Standard Class,KM-16375,Katherine Murray,Home Office,United States,Gilbert,Arizona,85234.0,West,OFF-ST-10000563,Office Supplies,Storage,Fellowes Bankers Box Stor/Drawer Steel Plus,51.168,2.0,0.2,-6.396,Legacy,,Urgent
6658.0,CA-2017-135937,2/20/2017,2/27/2017,Standard Class,KM-16375,Katherine Murray,Home Office,United States,Gilbert,Arizona,85234.0,West,OFF-EN-10004846,Office Supplies,Envelopes,Letter or Legal Size Expandable Poly String Tie Envelopes,10.64,5.0,0.2,3.857,Legacy,Rejected,Check later
6659.0,CA-2017-135937,2/20/2017,2/27/2017,Standard Class,KM-16375,Katherine Murray,Home Office,United States,Gilbert,Arizona,85234.0,West,FUR-FU-10002253,Furniture,Furnishings,"Howard Miller 13"" Diameter Pewter Finish Round Wall Clock",68.704,2.0,0.2,16.3172,CRM,Approved,Duplicate?
6660.0,CA-2017-135937,2/20/2017,2/27/2017,Standard Class,KM-16375,Katherine Murray,Home Office,United States,Gilbert,Arizona,85234.0,West,FUR-TA-10001039,Furniture,Tables,KI Adjustable-Height Table,386.91,9.0,0.5,-185.7168,ERP,,Check later
6661.0,CA-2015-129322,8/8/2015,8/10/2015,Second Class,DB-13405,Denny Blanton,Consumer,United States,Lawrence,Massachusetts,1841.0,East,OFF-AR-10004587,Office Supplies,Art,"Boston 1827 Commercial Additional Cutter, Drive Gear & Gear Rack for 1606",39.66,2.0,0.0,11.898,Manual Upload,,Duplicate?
6662.0,CA-2015-129322,8/8/2015,8/10/2015,Second Class,DB-13405,Denny Blanton,Consumer,United States,Lawrence,Massachusetts,1841.0,East,OFF-AP-10004336,Office Supplies,Appliances,"Conquest 14 Commercial Heavy-Duty Upright Vacuum, Collection System, Accessory Kit",113.92,2.0,0.0,33.0368,CRM,,Duplicate?
6663.0,CA-2015-129322,8/8/2015,8/10/2015,Second Class,DB-13405,Denny Blanton,Consumer,United States,Lawrence,Massachusetts,1841.0,East,OFF-BI-10001718,Office Supplies,Binders,GBC DocuBind P50 Personal Binding Machine,447.86,7.0,0.0,210.4942,Legacy,Approved,Check later
6664.0,CA-2017-162173,10/26/2017,11/1/2017,Standard Class,OT-18730,Olvera Toch,Consumer,United States,Virginia Beach,Virginia,23464.0,South,FUR-TA-10001520,Furniture,Tables,"Lesro Sheffield Collection Coffee Table, End Table, Center Table, Corner Table",356.85,5.0,0.0,60.6645,Manual Upload,Rejected,
6665.0,CA-2017-162173,10/26/2017,11/1/2017,Standard Class,OT-18730,Olvera Toch,Consumer,United States,Virginia Beach,Virginia,23464.0,South,OFF-EN-10002831,Office Supplies,Envelopes,"Tyvek  Top-Opening Peel & Seel  Envelopes, Gray",251.58,7.0,0.0,113.211,Manual Upload,,Check later
6666.0,CA-2016-115483,7/14/2016,7/18/2016,Second Class,JS-15880,John Stevenson,Consumer,United States,Irving,Texas,75061.0,Central,OFF-PA-10001497,Office Supplies,Paper,Xerox 1914,219.84,5.0,0.2,79.692,CRM,Pending,
6667.0,CA-2017-122175,5/12/2017,5/14/2017,Second Class,CA-12775,Cynthia Arntzen,Consumer,United States,Vineland,New Jersey,8360.0,East,FUR-FU-10000719,Furniture,Furnishings,"DAX Cubicle Frames, 8-1/2 x 11",42.85,5.0,0.0,15.426,ERP,Pending,Check later
6668.0,CA-2017-122175,5/12/2017,5/14/2017,Second Class,CA-12775,Cynthia Arntzen,Consumer,United States,Vineland,New Jersey,8360.0,East,OFF-LA-10002271,Office Supplies,Labels,Smead Alpha-Z Color-Coded Second Alphabetical Labels and Starter Set,6.16,2.0,0.0,2.9568,ERP,,Urgent
6669.0,CA-2017-122175,05/12/2017,5/14/2017,Second Class,CA-12775,Cynthia Arntzen,Consumer,United States,Vineland,New Jersey,8360.0,East,OFF-SU-10004661,Office Supplies,Supplies,Acme Titanium Bonded Scissors,17.0,2.0,0.0,4.42,Legacy,Pending,
6670.0,CA-2017-122175,5/12/2017,5/14/2017,Second Class,CA-12775,Cynthia Arntzen,Consumer,United States,Vineland,New Jersey,8360.0,East,TEC-AC-10004859,Technology,Accessories,"Maxell Pro 80 Minute CD-R, 10/Pack",87.4,5.0,0.0,34.96,ERP,Approved,
6671.0,CA-2017-161088,5/25/2017,5/29/2017,Standard Class,MH-18115,Mick Hernandez,Home Office,United States,Columbus,Georgia,31907.0,South,OFF-BI-10002824,Office Supplies,Binders,Recycled Easel Ring Binders,29.84,2.0,0.0,13.428,CRM,,
6672.0,CA-2014-154837,8/23/2014,8/27/2014,Second Class,RB-19645,Robert Barroso,Corporate,United States,Los Angeles,California,90032.0,West,OFF-BI-10001575,Office Supplies,Binders,GBC Linen Binding Covers,49.568,2.0,0.2,17.3488,ERP,Rejected,Duplicate?
6673.0,CA-2015-153794,9/11/2015,9/16/2015,Standard Class,SB-20290,Sean Braxton,Corporate,United States,San Diego,California,92024.0,West,OFF-AR-10000380,Office Supplies,Art,"Hunt PowerHouse Electric Pencil Sharpener, Blue",265.86,7.0,0.0,79.758,Manual Upload,Pending,
6674.0,CA-2015-135510,9/5/2015,9/12/2015,Standard Class,TW-21025,Tamara Willingham,Home Office,United States,Charlottesville,Virginia,22901.0,South,FUR-FU-10000820,Furniture,Furnishings,Tensor Brushed Steel Torchiere Floor Lamp,67.96,4.0,0.0,12.2328,ERP,Pending,
6675.0,CA-2015-109337,11/21/2015,11/23/2015,Second Class,DL-13330,Denise Leinenbach,Consumer,United States,Lawrence,Indiana,46226.0,Central,OFF-AR-10003759,Office Supplies,Art,"Crayola Anti Dust Chalk, 12/Pack",10.92,6.0,0.0,4.914,Legacy,Pending,Duplicate?
6676.0,CA-2015-109337,21-11-2015,11/23/2015,Second Class,DL-13330,Denise Leinenbach,Consumer,United States,Lawrence,Indiana,46226.0,Central,TEC-MA-10002930,Technology,Machines,Ricoh - Ink Collector Unit for GX3000 Series Printers,83.9,2.0,0.0,22.653,Legacy,Pending,Urgent
6677.0,CA-2015-109337,11/21/2015,11/23/2015,Second Class,DL-13330,Denise Leinenbach,Consumer,United States,Lawrence,Indiana,46226.0,Central,OFF-AP-10004052,Office Supplies,Appliances,"Hoover Replacement Belts For Soft Guard & Commercial Ltweight Upright Vacs, 2/Pk",19.75,5.0,0.0,5.135,CRM,Rejected,Urgent
6678.0,CA-2015-109337,11/21/2015,11/23/2015,Second Class,DL-13330,Denise Leinenbach,Consumer,United States,Lawrence,Indiana,46226.0,Central,TEC-AC-10000990,Technology,Accessories,Imation Bio 2GB USB Flash Drive Imation Corp,393.54,3.0,0.0,165.2868,Manual Upload,,
6679.0,CA-2014-150329,10/10/2014,10/14/2014,Standard Class,SD-20485,Shirley Daniels,Home Office,United States,Phoenix,Arizona,85023.0,West,FUR-FU-10003724,Furn,Furnishings,Westinghouse Clip-On Gooseneck Lamps,46.872,7.0,0.2,3.5154,Manual Upload,Pending,
6680.0,CA-2017-145037,9/2/2017,9/7/2017,Second Class,TB-21055,Ted Butterfield,Consumer,United States,Meriden,Connecticut,6450.0,East,OFF-ST-10000918,Office Supplies,Storage,Crate-A-Files,10.9,1.0,0.0,2.834,Legacy,Approved,
6681.0,CA-2017-145037,9/2/2017,9/7/2017,Second Class,TB-21055,Ted Butterfield,Consumer,United States,Meriden,Connecticut,6450.0,East,OFF-PA-10000157,Office Supplies,Paper,Xerox 191,79.92,4.0,0.0,37.5624,Manual Upload,Approved,Check later
6682.0,CA-2017-145037,9/2/2017,9/7/2017,Second Class,TB-21055,Ted Butterfield,Consumer,United States,Meriden,Connecticut,6450.0,East,OFF-PA-10002499,Office Supplies,Paper,Xerox 1890,146.82,3.0,0.0,73.41,ERP,Approved,Duplicate?
6683.0,CA-2017-154466,1/1/2017,1/2/2017,First Class,DP-13390,Dennis Pardue,Home Office,United States,Franklin,Wisconsin,53132.0,Central,OFF-BI-10002012,Office Supplies,Binders,Wilson Jones Easy Flow II Sheet Lifters,3.6,2.0,0.0,1.728,CRM,Pending,Duplicate?
6684.0,CA-2014-109134,11/5/2014,11/10/2014,Standard Class,DE-13255,Deanra Eno,Home Office,United States,Los Angeles,California,90008.0,West,FUR-FU-10000320,Furniture,Furnishings,OIC Stacking Trays,20.04,6.0,0.0,8.8176,ERP,Rejected,Duplicate?
6685.0,US-2015-129637,12/17/2015,12/22/2015,Standard Class,MC-18100,Mick Crebagga,Consumer,United States,Bloomington,Illinois,61701.0,Central,OFF-ST-10003716,Office Supplies,Storage,Tennsco Double-Tier Lockers,180.016,1.0,0.2,-15.7514,Legacy,Pending,Duplicate?
6686.0,US-2015-129637,12/17/2015,12/22/2015,Standard Class,MC-18100,Mick Crebagga,Consumer,United States,Bloomington,Illinois,61701.0,Central,FUR-FU-10000965,Furniture,Furnishings,"Howard Miller 11-1/2"" Diameter Ridgewood Wall Clock",41.552,2.0,0.6,-19.7372,CRM,Pending,Check later
6687.0,US-2015-129637,12/17/2015,12/22/2015,Standard Class,MC-18100,,Consumer,United States,Bloomington,Illinois,61701.0,CENTRAL,OFF-AR-10003829,Office Supplies,Art,Newell 35,13.12,5.0,0.2,1.476,CRM,Approved,Duplicate?
6688.0,CA-2015-165162,5/14/2015,5/21/2015,Standard Class,HG-15025,Hunter Glantz,Consumer,United States,Los Angeles,California,90032.0,West,OFF-ST-10003470,Office Supplies,Storage,"Tennsco Snap-Together Open Shelving Units, Starter Sets and Add-On Units",1117.92,4.0,0.0,55.896,CRM,,Duplicate?
6689.0,CA-2017-140494,3/10/2017,3/15/2017,Second Class,CM-11815,Candace McMahon,Corporate,United States,San Francisco,California,94109.0,West,TEC-AC-10004568,Technology,Accessories,Maxell LTO Ultrium - 800 GB,111.96,4.0,0.0,21.2724,Legacy,Pending,Urgent
6690.0,CA-2017-104108,12/2/2017,12/9/2017,Standard Class,RP-19855,Roy Phan,Corporate,United States,Houston,Texas,77095.0,Central,OFF-AR-10000817,Office Supplies,Art,Manco Dry-Lighter Erasable Highlighter,12.16,5.0,0.2,2.128,Legacy,Approved,Check later
6691.0,US-2017-165869,7/31/2017,8/5/2017,Standard Class,LS-17200,Luke Schmidt,Corporate,United States,Milwaukee,Wisconsin,53209.0,Central,OFF-BI-10003460,Office Supplies,Binders,Acco 3-Hole Punch,17.52,4.0,0.0,8.4096,CRM,Rejected,
6692.0,US-2017-165869,7/31/2017,8/5/2017,Standard Class,LS-17200,Luke Schmidt,Corporate,United States,Milwaukee,Wisconsin,53209.0,Central,OFF-AP-10002472,Office Supplies,Appliances,3M Office Air Cleaner,155.88,6.0,0.0,54.558,Manual Upload,,Duplicate?
6693.0,CA-2017-160899,8/11/2017,8/13/2017,Second Class,DR-12940,Daniel Raglin,Home Office,United States,Lake Charles,Louisiana,70601.0,South,OFF-BI-10000632,Office Supplies,Binders,Satellite Sectional Post Binders,477.51,11.0,0.0,219.6546,ERP,,Duplicate?
6694.0,CA-2017-144225,9/30/2017,10/2/2017,Second Class,CC-12475,Cindy Chapman,Consumer,United States,Baltimore,Maryland,21215.0,East,OFF-PA-10000062,Office Supplies,Paper,Green Bar Computer Printout Paper,164.88,3.0,0.0,80.7912,Manual Upload,Approved,Duplicate?
6695.0,US-2016-163538,8/26/2016,8/30/2016,Standard Class,SS-20515,Shirley Schmidt,Home Office,United States,Franklin,Wisconsin,53132.0,Central,TEC-AC-10002006,Technology,Accessories,Memorex Micro Travel Drive 16 GB,47.97,3.0,0.0,14.8707,CRM,Rejected,
6696.0,US-2016-155103,12/2/2016,12/7/2016,Standard Class,JF-15190,Jamie Frazer,Consumer,United States,New York City,New York,10024.0,East,OFF-BI-10004318,Office Supplies,Binders,Ibico EB-19 Dual Function Manual Binding System,415.176,3.0,0.2,134.9322,ERP,Pending,
6697.0,US-2016-155103,12/2/2016,12/7/2016,Standard Class,JF-15190,Jamie Frazer,Consumer,United States,New York City,New York,10024.0,East,OFF-BI-10004236,Office Supplies,Binders,"XtraLife ClearVue Slant-D Ring Binder, White, 3""",35.232,3.0,0.2,11.4504,ERP,Rejected,
6698.0,US-2016-155103,12/2/2016,12/7/2016,Standard Class,JF-15190,Jamie Frazer,Consumer,United States,New York City,New York,10024.0,East,OFF-PA-10000062,Office Supplies,Paper,Green Bar Computer Printout Paper,54.96,1.0,0.0,26.9304,Manual Upload,Rejected,Urgent
6699.0,CA-2017-145429,7/21/2017,7/25/2017,Standard Class,SW-20455,Shaun Weien,Consumer,United States,San Diego,California,92024.0,West,OFF-PA-10003205,Office Supplies,Paper,"Wirebound Message Forms, Four 2 3/4 x 5 Forms per Page, Pink Paper",16.34,2.0,0.0,7.6798,ERP,Rejected,
6700.0,CA-2017-145429,7/21/2017,7/25/2017,Standard Class,SW-20455,Shaun Weien,Consumer,United States,San Diego,California,92024.0,West,FUR-CH-10000988,furniture,Chairs,Hon Olson Stacker Stools,225.296,2.0,0.2,22.5296,Manual Upload,Rejected,
6701.0,CA-2017-145429,7/21/2017,7/25/2017,Standard Class,SW-20455,Shaun Weien,Consumer,United States,San Diego,California,92024.0,West,OFF-BI-10001524,Office Supplies,Binders,GBC Premium Transparent Covers with Diagonal Lined Pattern,50.352,3.0,0.2,17.6232,ERP,Pending,Urgent
6702.0,CA-2015-153535,5/20/2015,5/24/2015,Standard Class,SG-20470,Sheri Gordon,Consumer,United States,Wilson,North Carolina,27893.0,South,FUR-FU-10001986,Furniture,Furnishings,"Dana Fluorescent Magnifying Lamp, White, 36""",163.136,4.0,0.2,20.392,Manual Upload,Pending,
6703.0,CA-2015-153535,5/20/2015,5/24/2015,Standard Class,SG-20470,Sheri Gordon,Consumer,United States,Wilson,North Carolina,27893.0,South,OFF-BI-10001031,Office Supplies,Binders,Pressboard Data Binders by Wilson Jones,6.408,4.0,0.7,-4.9128,CRM,Approved,
6704.0,CA-2015-139164,6/23/2015,6/28/2015,Standard Class,CS-12355,Christine Sundaresam,Consumer,United States,Long Beach,California,90805.0,West,TEC-PH-10002468,Technology,Phones,"Plantronics CS 50-USB - headset - Convertible, Monaural",217.584,2.0,0.2,19.0386,Manual Upload,Approved,
6705.0,CA-2015-139164,6/23/2015,6/28/2015,Standard Class,CS-12355,Christine Sundaresam,Consumer,United States,Long Beach,California,90805.0,West,OFF-FA-10003059,Office Supplies,Fasteners,Assorted Color Push Pins,5.43,3.0,0.0,1.7919,ERP,Pending,Urgent
6706.0,CA-2015-139164,6/23/2015,6/28/2015,Standard Class,CS-12355,Christine Sundaresam,Consumer,United States,Long Beach,California,90805.0,West,TEC-PH-10003931,Technology,Phones,JBL Micro Wireless Portable Bluetooth Speaker,143.976,3.0,0.2,8.9985,Manual Upload,Approved,Urgent
6707.0,CA-2016-112277,9/10/2016,9/15/2016,Standard Class,SC-20695,Steve Chapman,Corporate,United States,Fort Lauderdale,Florida,33311.0,South,TEC-PH-10003505,Technology,Phones,Geemarc AmpliPOWER60,519.68,7.0,0.2,58.464,Manual Upload,Rejected,Duplicate?
6708.0,CA-2014-167724,4/13/2014,4/18/2014,Standard Class,BF-11170,Ben Ferrer,Home Office,United States,Baltimore,Maryland,21215.0,East,OFF-LA-10002368,Office Supplies,Labels,Avery 479,7.83,3.0,0.0,3.6018,Legacy,Approved,Check later
6709.0,CA-2015-123141,11/14/2015,11/19/2015,Standard Class,GZ-14470,Gary Zandusky,Consumer,United States,Rio Rancho,New Mexico,87124.0,West,FUR-CH-10004287,Furniture,Chairs,SAFCO Arco Folding Chair,0.01,4.0,0.2,99.432,ERP,Approved,Check later
6710.0,CA-2015-123141,11/14/2015,11/19/2015,Standard Class,GZ-14470,Gary Zandusky,Consumer,United States,Rio Rancho,New Mexico,87124.0,West,FUR-CH-10001891,Furniture,Chairs,Global Deluxe Office Fabric Chairs,230.352,3.0,0.2,20.1558,ERP,,
6711.0,CA-2016-149503,12/9/2016,12/12/2016,First Class,SP-20650,Stephanie Phelps,Corporate,United States,Stockton,California,95207.0,West,OFF-BI-10002133,Office Supplies,Binders,"Wilson Jones Elliptical Ring 3 1/2"" Capacity Binders, 800 sheets",273.92,8.0,0.2,99.296,ERP,Pending,
6712.0,CA-2017-163069,8/18/2017,8/21/2017,Second Class,PJ-19015,Pauline Johnson,Consumer,United States,Columbus,Ohio,43229.0,East,OFF-AR-10001419,Office Supplies,Art,Newell 325,9.912,3.0,0.2,1.239,ERP,Pending,Duplicate?
6713.0,CA-2017-107629,12/14/2017,12/14/2017,Same Day,DB-13060,Dave Brooks,Consumer,United States,Skokie,Illinois,60076.0,Central,FUR-FU-10002298,Furniture,Furnishings,"Rubbermaid ClusterMat Chairmats, Mat Size- 66"" x 60"", Lip 20"" x 11"" -90 Degree Angle",266.352,6.0,0.6,-292.9872,Legacy,Rejected,
6714.0,CA-2017-107629,12/14/2017,12/14/2017,Same Day,DB-13060,Dave Brooks,Consumer,United States,Skokie,Illinois,00000,Central,FUR-FU-10004091,Furniture,Furnishings,"Howard Miller 13"" Diameter Goldtone Round Wall Clock",56.328,3.0,0.6,-26.7558,CRM,Approved,Urgent
6715.0,CA-2017-107629,12/14/2017,12/14/2017,Same Day,DB-13060,Dave Brooks,Consumer,United States,Skokie,Illinois,60076.0,Central,TEC-AC-10004510,Technology,Accessories,Logitech Desktop MK120 Mouse and keyboard Combo,39.264,3.0,0.2,-4.908,Legacy,Pending,Urgent
6716.0,CA-2017-107629,12/14/2017,12/14/2017,Same Day,DB-13060,Dave Brooks,Consumer,United States,Skokie,Illinois,60076.0,Central,OFF-AR-10002987,Office Supplies,Art,Prismacolor Color Pencil Set,95.232,6.0,0.2,24.9984,Manual Upload,,Check later
6717.0,CA-2016-134789,4/8/2016,4/15/2016,Standard Class,CK-12325,Christine Kargatis,Home Office,United States,Hot Springs,Arkansas,71901.0,South,OFF-FA-10002280,Office Supplies,Fasteners,Advantus Plastic Paper Clips,30.0,6.0,0.0,14.4,ERP,Approved,Duplicate?
6718.0,CA-2016-134789,4/8/2016,4/15/2016,Standard Class,CK-12325,Christine Kargatis,Home Office,United States,Hot Springs,Arkansas,71901.0,South,OFF-PA-10001934,Office Supplies,Paper,Xerox 1993,25.92,4.0,0.0,12.7008,CRM,Pending,
6719.0,CA-2016-134789,4/8/2016,4/15/2016,Standard Class,CK-12325,Christine Kargatis,Home Office,United States,Hot Springs,Arkansas,71901.0,South,FUR-FU-10003268,Furniture,Furnishings,Eldon Radial Chair Mat for Low to Medium Pile Carpets,159.92,4.0,0.0,31.984,Legacy,Approved,Check later
6720.0,CA-2016-130442,12/16/2016,12/19/2016,First Class,SF-20065,Sandra Flanagan,Consumer,United States,Goldsboro,North Carolina,27534.0,South,OFF-AP-10004859,Office Supplies,Appliances,Acco 6 Outlet Guardian Premium Surge Suppressor,34.944,3.0,0.2,3.0576,Legacy,Pending,
6721.0,CA-2017-102974,9/19/2017,2017-09-24,Standard Class,DP-13105,Dave Poirier,Corporate,United States,Los Angeles,California,90032.0,West,TEC-AC-10000057,Technology,Accessories,Microsoft Natural Ergonomic Keyboard 4000,149.95,5.0,0.0,31.4895,ERP,Approved,
6722.0,CA-2017-102974,9/19/2017,9/24/2017,Standard Class,DP-13105,Dave Poirier,Corporate,United States,Los Angeles,California,90032.0,West,OFF-AR-10000914,Office Supplies,Art,Boston 16765 Mini Stand Up Battery Pencil Sharpener,23.32,2.0,0.0,6.0632,ERP,Rejected,Duplicate?
6723.0,CA-2017-102974,9/19/2017,9/24/2017,Standard Class,DP-13105,Dave Poirier,Corporate,United States,Los Angeles,California,90032.0,West,OFF-AR-10004956,Office Supplies,Art,Newell 33,16.74,3.0,0.0,4.8546,Legacy,Rejected,Urgent
6724.0,US-2017-166394,9/4/2017,9/6/2017,Second Class,VM-21835,Vivian Mathis,Consumer,United States,Nashua,New Hampshire,3060.0,East,OFF-FA-10001843,Office Supplies,Fasteners,Staples,14.82,6.0,0.0,6.9654,Legacy,Pending,
6725.0,CA-2016-128811,9/12/2016,9/16/2016,Standard Class,SF-20200,Sarah Foster,Consumer,United States,Seattle,Washington,98103.0,West,OFF-FA-10000585,Office Supplies,Fasteners,OIC Bulk Pack Metal Binder Clips,10.47,3.0,0.0,4.8162,Manual Upload,Rejected,Urgent
6726.0,CA-2016-128811,9/12/2016,9/16/2016,Standard Class,SF-20200,Sarah Foster,Consumer,United States,Seattle,Washington,98103.0,West,OFF-LA-10003720,Office Supplies,Labels,Avery 487,11.07,3.0,0.0,5.2029,ERP,Pending,Urgent
6727.0,CA-2016-128811,9/12/2016,9/16/2016,Standard Class,SF-20200,Sarah Foster,Consumer,United States,Seattle,Washington,98103.0,West,OFF-BI-10000301,Office Supplies,Binders,GBC Instant Report Kit,20.704,4.0,0.2,7.764,Manual Upload,Pending,Urgent
6728.0,CA-2017-145443,8/10/2017,8/15/2017,Second Class,SC-20695,Steve Chapman,Corporate,United States,Richmond,Indiana,47374.0,Central,OFF-PA-10003302,Office Supplies,Paper,Xerox 1906,177.2,5.0,0.0,83.284,Manual Upload,Pending,Urgent
6729.0,CA-2016-165827,11/4/2016,11/9/2016,Standard Class,MF-17665,Maureen Fritzler,Corporate,United States,Miami,Florida,33180.0,South,FUR-FU-10001889,Furniture,Furnishings,Ultra Door Pull Handle,50.496,6.0,0.2,8.2056,Manual Upload,Rejected,Urgent
6730.0,CA-2015-156734,6/18/2015,6/20/2015,First Class,BV-11245,Benjamin Venier,Corporate,United States,Smyrna,Tennessee,37167.0,South,OFF-BI-10002982,Office Supplies,Binders,Avery Self-Adhesive Photo Pockets for Polaroid Photos,6.129,3.0,0.7,-4.4946,ERP,Rejected,Check later
6731.0,CA-2015-156734,6/18/2015,6/20/2015,First Class,BV-11245,Benjamin Venier,Corporate,United States,Smyrna,Tennessee,37167.0,South,FUR-CH-10002965,Furniture,Chairs,"Global Leather Highback Executive Chair with Pneumatic Height Adjustment, Black",643.136,4.0,0.2,56.2744,CRM,,Check later
6732.0,CA-2015-156734,6/18/2015,6/20/2015,First Class,BV-11245,Benjamin Venier,Corporate,United States,Smyrna,Tennessee,37167.0,South,OFF-PA-10001937,Office Supplies,Paper,Xerox 21,20.736,4.0,0.2,7.2576,Legacy,Approved,
