Row ID,Order ID,Order Date,Ship Date,Ship Mode,Customer ID,Customer Name,Segment,Country,City,State,Postal Code,Region,Product ID,Category,Sub-Category,Product Name,Sales,Quantity,Discount,Profit,Upload Source,Approval Status,Internal Notes
6733.0,CA-2014-120096,7/4/2014,7/7/2014,First Class,KE-16420,Katrina Edelman,Corporate,United States,Aurora,Colorado,80013.0,West,OFF-PA-10001977,Office Supplies,Paper,Xerox 194,177.536,4.0,0.2,62.1376,ERP,Pending,Duplicate?
6734.0,CA-2014-120096,7/4/2014,7/7/2014,First Class,KE-16420,Katrina Edelman,Corporate,United States,Aurora,Colorado,80013.0,West,OFF-AP-10000692,Office Supplies,Appliances,Fellowes Mighty 8 Compact Surge Protector,32.432,2.0,0.2,3.2432,CRM,Pending,Urgent
6735.0,CA-2015-141754,12/20/2015,12/25/2015,Standard Class,EM-14200,Evan Minnotte,Home Office,United States,Miami,Florida,33142.0,South,OFF-LA-10004093,Office Supplies,Labels,Avery 486,11.696,2.0,0.2,3.9474,ERP,Pending,Duplicate?
6736.0,CA-2016-123358,4/10/2016,4/17/2016,Standard Class,BT-11680,Brian Thompson,Consumer,United States,San Francisco,California,94122.0,West,OFF-AP-10004980,Office Supplies,Appliances,3M Replacement Filter for Office Air Cleaner for 20' x 33' Room,113.76,3.0,0.0,44.3664,CRM,Pending,Duplicate?
6737.0,CA-2016-123358,4/10/2016,4/17/2016,Standard Class,BT-11680,Brian Thompson,Consumer,United States,San Francisco,California,94122.0,West,OFF-ST-10001932,Office Supplies,Storage,Fellowes Staxonsteel Drawer Files,579.51,3.0,0.0,81.1314,Legacy,,Urgent
6738.0,CA-2016-123358,4/10/2016,4/17/2016,Standard Class,BT-11680,Brian Thompson,Consumer,United States,San Francisco,California,94122.0,West,OFF-ST-10000636,Office Supplies,Storage,Rogers Profile Extra Capacity Storage Tub,150.66,9.0,0.0,6.0264,Legacy,,Check later
6739.0,CA-2016-123358,4/10/2016,4/17/2016,Standard Class,BT-11680,Brian Thompson,Consumer,United States,San Francisco,California,94122.0,West,OFF-BI-10000069,Office Supplies,Binders,"GBC Prepunched Paper, 19-Hole, for Binding Systems, 24-lb",48.032,4.0,0.2,15.6104,ERP,,
6740.0,CA-2014-144029,5/26/2014,5/31/2014,Standard Class,MM-18055,Michelle Moray,Consumer,United States,Chicago,Illinois,ABCDE,Central,OFF-ST-10001837,Office Supplies,Storage,"SAFCO Mobile Desk Side File, Wire Frame",102.624,3.0,0.2,7.6968,Manual Upload,Approved,Check later
6741.0,CA-2014-144029,5/26/2014,5/31/2014,Standard Class,MM-18055,Michelle Moray,Consumer,United States,Chicago,Illinois,60623.0,Central,FUR-CH-10003981,Furniture,Chairs,Global Commerce Series Low-Back Swivel/Tilt Chairs,359.772,2.0,0.3,-5.1396,Manual Upload,Rejected,Urgent
6742.0,CA-2014-144029,5/26/2014,5/31/2014,Standard Class,MM-18055,Michelle Moray,Consumer,United States,Chicago,Illinois,60623.0,Central,OFF-AR-10000716,Office Supplies,Art,DIXON Ticonderoga Erasable Checking Pencils,13.392,3.0,0.2,3.1806,ERP,Approved,
6743.0,US-2017-101784,7/6/2017,7/11/2017,Standard Class,PO-18850,Patrick O'Brill,Consumer,United States,Los Angeles,California,90008.0,West,FUR-CH-10001146,Furniture,Chairs,"Global Task Chair, Black",122.136,3.0,0.2,-13.7403,Legacy,Rejected,Duplicate?
6744.0,CA-2015-156923,2/16/2015,2/20/2015,Standard Class,SP-20860,Sung Pak,Corporate,United States,Dover,New Hampshire,3820.0,East,OFF-PA-10002751,Office Supplies,Paper,Xerox 1920,35.88,6.0,0.0,16.146,CRM,,Duplicate?
6745.0,CA-2017-111269,6/16/2017,6/18/2017,Second Class,CS-12355,Christine Sundaresam,Consumer,United States,Dublin,Ohio,43017.0,East,TEC-AC-10001606,Technology,Accessories,Logitech Wireless Performance Mouse MX for PC and Mac,479.952,6.0,0.2,107.9892,ERP,Pending,Check later
6746.0,CA-2017-111269,6/16/2017,6/18/2017,Second Class,CS-12355,Christine Sundaresam,Consumer,United States,Dublin,Ohio,43017.0,East,OFF-AR-10001427,Office Supplies,Art,Newell 330,23.92,5.0,0.2,1.794,CRM,Approved,
6747.0,CA-2017-159156,11/13/2017,11/16/2017,First Class,KB-16600,Ken Brennan,Corporate,United States,New York City,New York,10009.0,East,TEC-PH-10004389,Technology,Phones,Nokia Lumia 925,629.95,5.0,0.0,163.787,Manual Upload,Pending,Check later
6748.0,CA-2017-100230,12/11/2017,12/15/2017,Standard Class,AA-10375,Allen Armold,Consumer,United States,New York City,New York,10035.0,East,OFF-BI-10002498,Office Supplies,Binders,Clear Mylar Reinforcing Strips,14.952,1.0,0.2,5.0463,Legacy,Pending,Urgent
6749.0,CA-2017-100230,12/11/2017,12/15/2017,Standard Class,AA-10375,Allen Armold,Consumer,United States,New York City,New York,10035.0,East,OFF-PA-10002245,Office Supplies,Paper,Xerox 1895,17.94,3.0,0.0,8.073,ERP,,
6750.0,CA-2017-100230,12/11/2017,12/15/2017,Standard Class,AA-10375,Allen Armold,Consumer,United States,New York City,New York,10035.0,East,TEC-PH-10004522,Technology,Phones,Dexim XPower Skin Super-Thin Power Case for iPhone 5 - Black,116.98,2.0,0.0,29.245,ERP,Rejected,Duplicate?
6751.0,CA-2016-154767,6/28/2016,6/30/2016,Second Class,BP-11155,Becky Pak,Consumer,United States,Paterson,New Jersey,7501.0,East,FUR-CH-10003535,Furniture,Chairs,"Global Armless Task Chair, Royal Blue",121.96,2.0,0.0,20.7332,Manual Upload,,Duplicate?
6752.0,CA-2016-154767,6/28/2016,6/30/2016,Second Class,BP-11155,Becky Pak,Consumer,United States,Paterson,New Jersey,7501.0,East,OFF-AP-10000595,Office Supplies,Appliances,Disposable Triple-Filter Dust Bags,8.74,2.0,0.0,2.2724,Legacy,Approved,
6753.0,CA-2016-154767,6/28/2016,6/30/2016,Second Class,BP-11155,Becky Pak,Consumer,United States,Paterson,New Jersey,7501.0,East,OFF-PA-10003039,Office Supplies,Paper,Xerox 1960,61.96,2.0,0.0,27.882,ERP,Rejected,Urgent
6754.0,CA-2016-154767,6/28/2016,6/30/2016,Second Class,BP-11155,Becky Pak,Consumer,United States,Paterson,New Jersey,7501.0,East,OFF-BI-10002003,Office Supplies,Binders,Ibico Presentation Index for Binding Systems,7.96,2.0,0.0,3.7412,Manual Upload,,Check later
6755.0,CA-2016-154767,6/28/2016,6/30/2016,Second Class,BP-11155,Becky Pak,Consumer,United States,Paterson,New Jersey,ABCDE,East,OFF-AP-10002311,Office Supplies,Appliances,"Holmes Replacement Filter for HEPA Air Cleaner, Very Large Room, HEPA Filter",275.24,4.0,0.0,121.1056,Manual Upload,Pending,
6756.0,CA-2017-124205,9/15/2017,9/19/2017,Standard Class,TC-21145,Theresa Coyne,Corporate,United States,Lakewood,New Jersey,8701.0,East,FUR-FU-10002445,Furniture,Furnishings,"DAX Two-Tone Rosewood/Black Document Frame, Desktop, 5 x 7",47.4,5.0,0.0,18.96,CRM,,Urgent
6757.0,CA-2017-124205,9/15/2017,9/19/2017,Standard Class,TC-21145,Theresa Coyne,Corporate,United States,Lakewood,New Jersey,8701.0,East,FUR-CH-10003606,Furniture,Chairs,SAFCO Folding Chair Trolley,512.96,4.0,0.0,143.6288,Manual Upload,Approved,
6758.0,CA-2017-124205,9/15/2017,9/19/2017,Standard Class,TC-21145,Theresa Coyne,Corporate,United States,Lakewood,New Jersey,8701.0,East,TEC-PH-10002115,Technology,Phones,Plantronics 81402,395.94,6.0,0.0,102.9444,ERP,,Duplicate?
6759.0,CA-2017-124205,9/15/2017,9/19/2017,Standard Class,TC-21145,Theresa Coyne,Corporate,United States,Lakewood,New Jersey,8701.0,East,OFF-ST-10000934,Office Supplies,Storage,"Contico 72""H Heavy-Duty Storage System",81.96,2.0,0.0,0.0,ERP,Approved,
6760.0,CA-2017-165715,12/2/2017,12/8/2017,Standard Class,BG-11035,Barry Gonzalez,Consumer,United States,Greensboro,North Carolina,27405.0,South,OFF-AR-10003903,Office Supplies,Art,Sanford 52201 APSCO Electric Pencil Sharpener,32.776,1.0,0.2,2.4582,Legacy,,
6761.0,CA-2017-100636,6/26/2017,6/30/2017,Standard Class,DO-13435,Denny Ordway,Consumer,United States,New York City,New York,10035.0,East,OFF-ST-10004123,Office Supplies,Storage,Safco Industrial Wire Shelving System,272.94,3.0,0.0,0.0,ERP,,
6762.0,CA-2016-162943,7/24/2016,7/26/2016,Second Class,DB-12970,Darren Budd,Corporate,United States,New York City,New York,10035.0,East,FUR-CH-10001708,Furniture,Chairs,Office Star - Contemporary Swivel Chair with Padded Adjustable Arms and Flex Back,253.764,2.0,0.1,31.0156,Legacy,,Urgent
6763.0,CA-2016-144764,9/2/2016,9/8/2016,Standard Class,RL-19615,Rob Lucas,Consumer,United States,Chicago,Illinois,60623.0,Central,OFF-LA-10000240,Office Supplies,Labels,Self-Adhesive Address Labels for Typewriters by Universal,29.24,5.0,0.2,9.8685,Manual Upload,,Check later
6764.0,CA-2016-144764,9/2/2016,9/8/2016,Standard Class,RL-19615,Rob Lucas,Consumer,United States,Chicago,Illinois,60623.0,Central,OFF-ST-10002485,Office Supplies,Storage,Rogers Deluxe File Chest,35.168,2.0,0.2,-8.3524,Manual Upload,Pending,
6765.0,CA-2016-144764,9/2/2016,9/8/2016,Standard Class,RL-19615,Rob Lucas,Consumer,United States,Chicago,Illinois,60623.0,Central,TEC-MA-10003230,Technology,Machines,Okidata C610n Printer,1362.9,3.0,0.3,-19.47,Manual Upload,Rejected,Urgent
6766.0,CA-2017-100615,4/20/2017,4/24/2017,Standard Class,SJ-20215,Sarah Jordon,Consumer,United States,Chicago,Illinois,60653.0,Central,FUR-CH-10002602,Furniture,Chairs,DMI Arturo Collection Mission-style Design Wood Chair,317.058,3.0,0.3,-18.1176,Legacy,Approved,Check later
6767.0,CA-2017-100615,4/20/2017,4/24/2017,Standard Class,SJ-20215,Sarah Jordon,Consumer,United States,Chicago,Illinois,60653.0,Central,OFF-AR-10001683,Office Supplies,Art,Lumber Crayons,15.76,2.0,0.2,3.546,Manual Upload,Rejected,Urgent
6768.0,CA-2017-100615,4/20/2017,4/24/2017,Standard Class,SJ-20215,Sarah Jordon,Consumer,United States,Chicago,Illinois,60653.0,Central,FUR-FU-10002456,Furniture,Furnishings,"Master Caster Door Stop, Large Neon Orange",14.56,5.0,0.6,-6.188,Legacy,Approved,
6769.0,CA-2014-109302,8/12/2014,Aug 16 2014,Standard Class,CS-12175,Charles Sheldon,Corporate,United States,Lakewood,New Jersey,8701.0,East,OFF-BI-10002854,Office Supplies,Binders,"Performers Binder/Pad Holder, Black",196.21,7.0,0.0,98.105,ERP,Pending,
6770.0,CA-2017-139787,9/19/2017,9/23/2017,Standard Class,JP-16135,Julie Prescott,Home Office,United States,Columbus,Georgia,31907.0,South,OFF-AR-10002445,Office Supplies,Art,SANFORD Major Accent Highlighters,35.4,5.0,0.0,13.452,Manual Upload,Rejected,Urgent
6771.0,CA-2017-139402,12/9/2017,12/13/2017,Standard Class,NC-18535,Nick Crebassa,Corporate,United States,Phoenix,Arizona,85023.0,West,OFF-PA-10004359,Office Supplies,Paper,Multicolor Computer Printout Paper,419.4,5.0,0.2,146.79,CRM,,Check later
6772.0,CA-2017-139402,12/9/2017,12/13/2017,Standard Class,NC-18535,Nick Crebassa,Corporate,United States,Phoenix,Arizona,85023.0,West,OFF-BI-10000279,Office Supplies,Binders,"Acco Recycled 2"" Capacity Laser Printer Hanging Data Binders",13.005,3.0,0.7,-9.9705,Manual Upload,Pending,Duplicate?
6773.0,CA-2016-119018,11/4/2016,11/8/2016,Standard Class,CW-11905,Carl Weiss,Home Office,United States,Los Angeles,California,90004.0,West,OFF-BI-10003314,Office Supplies,Binders,Tuff Stuff Recycled Round Ring Binders,7.712,2.0,0.2,2.7956,Manual Upload,,Check later
6774.0,CA-2016-119018,11/4/2016,11/8/2016,Standard Class,CW-11905,Carl Weiss,Home Office,United States,Los Angeles,California,90004.0,West,OFF-BI-10000494,Office Supplies,Binders,Acco Economy Flexible Poly Round Ring Binder,4.176,1.0,0.2,1.305,Legacy,Approved,Duplicate?
6775.0,CA-2016-119018,11/4/2016,11/8/2016,Standard Class,CW-11905,Carl Weiss,Home Office,United States,Los Angeles,California,90004.0,West,OFF-PA-10000295,Office Supplies,Paper,Xerox 229,38.88,6.0,0.0,18.6624,ERP,Pending,
6776.0,CA-2015-105361,3/29/2015,4/4/2015,Standard Class,CM-12115,Chad McGuire,Consumer,United States,New York City,New York,10024.0,East,OFF-PA-10002615,Office Supplies,Paper,"Ampad Gold Fibre Wirebound Steno Books, 6"" x 9"", Gregg Ruled",17.64,4.0,0.0,8.1144,Legacy,Approved,
6777.0,US-2016-152373,9/5/2016,9/11/2016,Standard Class,PT-19090,Pete Takahito,Consumer,United States,San Antonio,Texas,78207.0,Central,OFF-ST-10003479,Office Supplies,Storage,"Eldon Base for stackable storage shelf, platinum",93.456,3.0,0.2,-17.523,ERP,,Duplicate?
6778.0,US-2017-166037,1/28/2017,2/1/2017,Standard Class,CL-12700,Craig Leslie,Home Office,United States,New York City,New York,10009.0,East,TEC-AC-10002800,Technology,Accessories,Plantronics Audio 478 Stereo USB Headset,449.91,9.0,0.0,157.4685,ERP,Pending,
6779.0,US-2016-147711,9/3/2016,9/8/2016,Second Class,HF-14995,Herbert Flentye,Consumer,United States,Baltimore,Maryland,21215.0,East,FUR-BO-10003159,Furniture,Bookcases,"Sauder Camden County Collection Libraries, Planked Cherry Finish",344.94,3.0,0.0,31.0446,CRM,Pending,
6780.0,US-2016-147711,9/3/2016,9/8/2016,Second Class,HF-14995,Herbert Flentye,Consumer,United States,Baltimore,Maryland,21215.0,East,FUR-FU-10002364,Furniture,Furnishings,"Eldon Expressions Wood Desk Accessories, Oak",14.76,2.0,0.0,4.2804,CRM,,Check later
6781.0,US-2016-147711,9/3/2016,9/8/2016,Second Class,HF-14995,Herbert Flentye,Consumer,United States,Baltimore,Maryland,21215.0,East,OFF-BI-10003350,Office Supplies,Binders,Acco Expandable Hanging Binders,12.76,2.0,0.0,5.8696,CRM,,
6782.0,US-2016-147711,9/3/2016,9/8/2016,Second Class,HF-14995,Herbert Flentye,Consumer,United States,Baltimore,Maryland,21215.0,East,OFF-LA-10004093,Office Supplies,Labels,Avery 486,58.48,8.0,0.0,27.4856,CRM,Pending,Duplicate?
6783.0,CA-2017-121293,7/25/2017,7/28/2017,Second Class,JC-15775,John Castell,Consumer,United States,Philadelphia,Pennsylvania,19143.0,East,FUR-FU-10000732,Furniture,Furnishings,Eldon 200 Class Desk Accessories,20.096,4.0,0.2,3.0144,Manual Upload,Rejected,Check later
6784.0,CA-2017-121293,7/25/2017,7/28/2017,Second Class,JC-15775,John Castell,Consumer,United States,Philadelphia,Pennsylvania,19143.0,East,OFF-SU-10004884,Office Supplies,Supplies,Acme Galleria Hot Forged Steel Scissors with Colored Handles,37.752,3.0,0.2,4.2471,Manual Upload,,
6785.0,CA-2017-121293,7/25/2017,7/28/2017,Second Class,JC-15775,John Castell,Consumer,United States,Philadelphia,Pennsylvania,19143.0,East,FUR-TA-10001771,Furniture,Tables,"Bush Cubix Conference Tables, Fully Assembled",138.588,1.0,0.4,-34.647,Manual Upload,,Urgent
6786.0,CA-2017-121293,7/25/2017,7/28/2017,Second Class,JC-15775,John Castell,Consumer,United States,Philadelphia,Pennsylvania,19143.0,East,OFF-ST-10000060,Office Supplies,Storage,Fellowes Bankers Box Staxonsteel Drawer File/Stacking System,259.92,5.0,0.2,-25.992,ERP,,Check later
6787.0,CA-2017-121293,7/25/2017,7/28/2017,Second Class,JC-15775,John Castell,Consumer,United States,Philadelphia,Pennsylvania,19143.0,East,OFF-PA-10004100,Office Supplies,Paper,Xerox 216,20.736,4.0,0.2,7.2576,Legacy,Approved,
6788.0,CA-2015-118843,9/13/2015,9/20/2015,Standard Class,JH-15910,Jonathan Howell,Consumer,United States,Atlanta,Georgia,30318.0,South,FUR-FU-10003975,Furniture,Furnishings,Eldon Advantage Chair Mats for Low to Medium Pile Carpets,129.93,3.0,0.0,12.993,ERP,Rejected,Duplicate?
6789.0,CA-2015-118843,9/13/2015,9/20/2015,Standard Class,JH-15910,Jonathan Howell,Consumer,United States,Atlanta,Georgia,30318.0,South,OFF-PA-10001712,Office Supplies,Paper,Xerox 1948,69.93,7.0,0.0,31.4685,Legacy,,
6790.0,CA-2015-161445,2015/09/07,9/9/2015,Second Class,CC-12610,Corey Catlett,Corporate,United States,Durham,North Carolina,27707.0,South,OFF-AR-10001953,Office Supplies,Art,Boston 1645 Deluxe Heavier-Duty Electric Pencil Sharpener,140.736,4.0,0.2,12.3144,Legacy,,
6791.0,CA-2016-124527,11/16/2016,11/17/2016,First Class,IM-15055,Ionia McGrath,Consumer,United States,Roseville,California,95661.0,West,OFF-BI-10004967,Office Supplies,Binders,Round Ring Binders,8.32,5.0,0.2,2.808,CRM,Pending,Duplicate?
6792.0,CA-2016-162348,11/10/2016,11/15/2016,Standard Class,BF-11170,Ben Ferrer,Home Office,United States,Sacramento,California,95823.0,West,FUR-FU-10003731,Furniture,Furnishings,"Eldon Expressions Wood and Plastic Desk Accessories, Oak",9.98,1.0,0.0,2.7944,CRM,,
6793.0,CA-2014-141005,08/15/2014,8/18/2014,First Class,CS-12355,Christine Sundaresam,Consumer,United States,Fairfield,Connecticut,6824.0,East,OFF-BI-10001989,Office Supplies,Binders,Premium Transparent Presentation Covers by GBC,62.94,3.0,0.0,30.2112,ERP,Approved,
6794.0,CA-2015-145394,11/16/2015,11/20/2015,Standard Class,MC-17605,Matt Connell,Corporate,United States,Chicago,Illinois,60610.0,Central,OFF-ST-10000344,Office Supplies,Storage,"Neat Ideas Personal Hanging Folder Files, Black",21.488,2.0,0.2,1.6116,Manual Upload,Approved,Check later
6795.0,CA-2015-145394,11/16/2015,11/20/2015,Standard Class,MC-17605,Matt Connell,Corporate,United States,Chicago,Illinois,60610.0,Central,TEC-PH-10001051,Technology,Phones,HTC One,239.976,3.0,0.2,26.9973,Legacy,,
6796.0,CA-2015-145394,11/16/2015,11/20/2015,Standard Class,MC-17605,Matt Connell,Corporate,United States,Chicago,Illinois,60610.0,Central,FUR-FU-10001215,Furniture,Furnishings,"Howard Miller 11-1/2"" Diameter Brentwood Wall Clock",34.504,2.0,0.6,-15.5268,ERP,Rejected,
6797.0,CA-2015-168809,8/25/2015,8/25/2015,Same Day,MC-18100,Mick Crebagga,Consumer,United States,Houston,Texas,77041.0,Central,FUR-FU-10001473,Furniture,Furnishings,"Eldon Executive Woodline II Desk Accessories, Mahogany",20.104,2.0,0.6,-16.5858,CRM,Pending,Urgent
6798.0,CA-2015-168809,8/25/2015,8/25/2015,Same Day,MC-18100,Mick Crebagga,Consumer,United States,Houston,Texas,77041.0,Central,OFF-BI-10000315,Office Supplies,Binders,Poly Designer Cover & Back,3.798,1.0,0.8,-6.0768,Manual Upload,Approved,Urgent
6799.0,CA-2015-168809,8/25/2015,8/25/2015,Same Day,MC-18100,Mick Crebagga,Consumer,United States,Houston,Texas,77041.0,Central,FUR-FU-10002240,Furniture,Furnishings,Nu-Dell EZ-Mount Plastic Wall Frames,7.88,5.0,0.6,-3.94,Manual Upload,Rejected,Check later
6800.0,CA-2016-109827,12/25/2016,1/1/2017,Standard Class,LW-16825,Laurel Workman,Corporate,United States,Phoenix,Arizona,85023.0,West,FUR-TA-10002607,Furniture,Tables,KI Conference Tables,35.445,1.0,0.5,-24.1026,CRM,,
6801.0,CA-2016-109827,12/25/2016,1/1/2017,Standard Class,LW-16825,Laurel Workman,Corporate,United States,Phoenix,Arizona,85023.0,West,TEC-MA-10003356,Technology,Machines,Panasonic KX MC6040 Color Laser Multifunction Printer,269.97,2.0,0.7,-386.957,ERP,Rejected,
6802.0,CA-2016-109827,12/25/2016,1/1/2017,Standard Class,LW-16825,Laurel Workman,Corporate,United States,Phoenix,Arizona,85023.0,West,TEC-AC-10002217,Technology,Accessories,Imation Clip USB flash drive - 8 GB,45.12,3.0,0.2,-7.896,Manual Upload,Approved,
6803.0,CA-2016-109827,12/25/2016,1/1/2017,Standard Class,LW-16825,Laurel Workman,Corporate,United States,Phoenix,Arizona,85023.0,West,TEC-AC-10004353,Technology,Accessories,Hypercom P1300 Pinpad,100.8,2.0,0.2,21.42,CRM,Approved,Duplicate?
6804.0,CA-2016-109827,12/25/2016,1/1/2017,Standard Class,LW-16825,Laurel Workman,Corporate,United States,Phoenix,Arizona,85023.0,West,FUR-CH-10004754,Furniture,Chairs,"Global Stack Chair with Arms, Black",47.968,2.0,0.2,4.1972,Manual Upload,,Duplicate?
6805.0,CA-2014-152233,10/5/2014,10/6/2014,First Class,KH-16510,Keith Herrera,Consumer,United States,Pomona,California,91767.0,West,TEC-AC-10002800,Technology,Accessories,Plantronics Audio 478 Stereo USB Headset,99.98,2.0,0.0,34.993,CRM,Rejected,Duplicate?
6806.0,CA-2014-125682,11/22/2014,11/25/2014,First Class,RB-19645,Robert Barroso,Corporate,United States,Atlanta,Georgia,30318.0,South,OFF-PA-10001752,Office Supplies,Paper,Hammermill CopyPlus Copy Paper (20Lb. and 84 Bright),9.96,2.0,0.0,4.8804,Legacy,,Urgent
6807.0,CA-2017-162880,12/25/2017,12/29/2017,Standard Class,GD-14590,Giulietta Dortch,Corporate,United States,Everett,Washington,98208.0,West,OFF-BI-10003314,Office Supplies,Binders,Tuff Stuff Recycled Round Ring Binders,3.856,1.0,0.2,1.3978,Manual Upload,,
6808.0,CA-2015-128125,3/31/2015,4/5/2015,Standard Class,EB-13705,Ed Braxton,Corporate,United States,Houston,Texas,77095.0,CENTRAL,OFF-PA-10000357,Office Supplies,Paper,"White Dual Perf Computer Printout Paper, 2700 Sheets, 1 Part, Heavyweight, 20 lbs., 14 7/8 x 11",98.376,3.0,0.2,35.6613,CRM,Pending,Duplicate?
6809.0,CA-2015-128125,3/31/2015,4/5/2015,Standard Class,EB-13705,Ed Braxton,Corporate,United States,Houston,Texas,77095.0,Central,FUR-FU-10001085,Furniture,Furnishings,3M Polarizing Light Filter Sleeves,22.38,3.0,0.6,-7.833,CRM,Approved,Duplicate?
6810.0,CA-2017-156237,9/14/2017,9/15/2017,First Class,PS-18760,Pamela Stobb,Consumer,United States,Philadelphia,Pennsylvania,19140.0,Est,OFF-BI-10000301,office_supplies,Binders,GBC Instant Report Kit,3.882,2.0,0.7,-2.588,Legacy,Approved,Duplicate?
6811.0,CA-2017-156237,9/14/2017,9/15/2017,First Class,PS-18760,Pamela Stobb,Consumer,United States,Philadelphia,Pennsylvania,19140.0,East,TEC-MA-10002930,Technology,Machines,Ricoh - Ink Collector Unit for GX3000 Series Printers,12.585,1.0,0.7,-18.0385,Manual Upload,,
6812.0,CA-2017-156237,9/14/2017,9/15/2017,First Class,PS-18760,Pamela Stobb,Consumer,United States,Philadelphia,Pennsylvania,19140.0,East,FUR-CH-10002372,Furniture,Chairs,Office Star - Ergonomically Designed Knee Chair,113.372,2.0,0.3,-29.1528,ERP,Pending,Duplicate?
6813.0,CA-2017-156237,9/14/2017,9/15/2017,First Class,PS-18760,Pamela Stobb,Consumer,United States,Philadelphia,Pennsylvania,19140.0,East,OFF-BI-10003707,Office Supplies,Binders,Aluminum Screw Posts,18.312,4.0,0.7,-12.208,Legacy,Rejected,
6814.0,CA-2017-156237,9/14/2017,9/15/2017,First Class,PS-18760,Pamela Stobb,Consumer,United States,Philadelphia,Pennsylvania,19140.0,East,FUR-FU-10001057,Furniture,Furnishings,Tensor Track Tree Floor Lamp,127.936,8.0,0.2,4.7976,Manual Upload,,Urgent
6815.0,CA-2017-156237,9/14/2017,9/15/2017,First Class,PS-18760,Pamela Stobb,Consumer,United States,Philadelphia,Pennsylvania,19140.0,East,TEC-MA-10001681,Technology,Machines,Lexmark MarkNet N8150 Wireless Print Server,241.17,2.0,0.7,-168.819,Legacy,Rejected,Urgent
6816.0,CA-2014-144414,6/17/2014,6/21/2014,Standard Class,GH-14425,Gary Hwang,Consumer,United States,Seattle,Washington,98105.0,West,FUR-FU-10003981,Furniture,Furnishings,Eldon Wave Desk Accessories,6.24,3.0,0.0,2.6208,ERP,Approved,Duplicate?
6817.0,CA-2014-144414,6/17/2014,6/21/2014,Standard Class,GH-14425,Gary Hwang,Consumer,United States,Seattle,Washington,98105.0,West,OFF-FA-10000624,Office Supplies,Fasteners,OIC Binder Clips,17.9,5.0,0.0,8.95,ERP,Pending,
6818.0,CA-2014-144414,6/17/2014,6/21/2014,Standard Class,GH-14425,Gary Hwang,Consumer,United States,Seattle,Washington,98105.0,West,OFF-BI-10004995,Office Supplies,Binders,GBC DocuBind P400 Electric Binding System,3266.376,3.0,0.2,1061.5722,ERP,Rejected,
6819.0,CA-2017-163860,12/28/2017,1/1/2018,Standard Class,LO-17170,Lori Olson,Corporate,United States,Peoria,Illinois,61604.0,Central,OFF-BI-10003784,Office Supplies,Binders,Computer Printout Index Tabs,1.68,5.0,0.8,-2.688,Manual Upload,Rejected,
6820.0,CA-2017-163860,12/28/2017,1/1/2018,Standard Class,LO-17170,Lori Olson,Corporate,United States,Peoria,Illinois,61604.0,Central,FUR-FU-10004586,Furniture,Furnishings,G.E. Longer-Life Indoor Recessed Floodlight Bulbs,7.968,3.0,0.6,-2.3904,CRM,Pending,
6821.0,CA-2017-163860,12/28/2017,1/1/2018,Standard Class,LO-17170,Lori Olson,Corporate,United States,Peoria,Illinois,61604.0,Central,FUR-CH-10004698,Furniture,Chairs,"Padded Folding Chairs, Black, 4/Carton",113.372,2.0,1.5,-3.2392,CRM,Approved,
6822.0,CA-2017-163860,12/28/2017,1/1/2018,Standard Class,LO-17170,Lori Olson,Corporate,United States,Peoria,Illinois,61604.0,Central,FUR-FU-10001935,Furniture,Furnishings,3M Hangers With Command Adhesive,2.96,2.0,0.6,-1.406,Legacy,,
6823.0,US-2017-115609,11/2/2017,11/7/2017,Standard Class,CS-12505,Cindy Stewart,Consumer,United States,Los Angeles,California,90036.0,West,OFF-AP-10003040,Office Supplies,Appliances,Fellowes 8 Outlet Superior Workstation Surge Protector w/o Phone/Fax/Modem Protection,168.1,5.0,0.0,43.706,Legacy,,Check later
6824.0,CA-2015-154291,7/25/2015,7/29/2015,Standard Class,YS-21880,Yana Sorensen,Corporate,United States,Montgomery,Alabama,36116.0,South,OFF-EN-10001335,Office Supplies,Envelopes,"White Business Envelopes with Contemporary Seam, Recycled White Business Envelopes",98.46,9.0,0.0,49.23,Manual Upload,Approved,Urgent
6825.0,CA-2015-154291,7/25/2015,7/29/2015,Standard Class,YS-21880,Yana Sorensen,Corporate,United States,Montgomery,Alabama,36116.0,South,FUR-TA-10002041,Furniture,Tables,"Bevis Round Conference Table Top, X-Base",358.58,2.0,0.0,39.4438,Legacy,Rejected,Check later
6826.0,CA-2016-118689,10/2/2016,10/9/2016,Standard Class,TC-20980,Tamara Chand,Corporate,United States,Lafayette,Indiana,47905.0,Central,OFF-ST-10001558,Office Supplies,Storage,Acco Perma 4000 Stacking Storage Drawers,32.48,2.0,0.0,4.872,Manual Upload,Approved,Urgent
6827.0,CA-2016-118689,10/2/2016,10/9/2016,Standard Class,TC-20980,Tamara Chand,Corporate,United States,Lafayette,Indiana,47905.0,Central,TEC-CO-10004722,Technology,Copiers,Canon imageCLASS 2200 Advanced Copier,17499.95,5.0,0.0,8399.976,CRM,Pending,Urgent
6828.0,CA-2016-118689,10/2/2016,10/9/2016,Standard Class,TC-20980,Tamara Chand,Corporate,United States,Lafayette,Indiana,47905.0,Central,OFF-BI-10004600,Office Supplies,Binders,Ibico Ibimaster 300 Manual Binding System,735.98,2.0,0.0,331.191,ERP,Rejected,Check later
6829.0,CA-2016-118689,10/2/2016,10/9/2016,Standard Class,TC-20980,Tamara Chand,Corporate,United States,Lafayette,Indiana,47905.0,Central,OFF-BI-10003712,Office Supplies,Binders,"Acco Pressboard Covers with Storage Hooks, 14 7/8"" x 11"", Light Blue",34.37,7.0,0.0,16.8413,Legacy,Pending,
6830.0,CA-2016-118689,10/2/2016,10/9/2016,Standard Class,TC-20980,Tamara Chand,Corporate,United States,Lafayette,Indiana,47905.0,Central,OFF-AR-10001958,Office Supplies,Art,Stanley Bostitch Contemporary Electric Pencil Sharpeners,33.96,2.0,0.0,9.5088,Legacy,Approved,Check later
6831.0,CA-2016-140438,12/24/2016,12/27/2016,Second Class,PW-19030,Pauline Webber,Corporate,United States,New York City,New York,10009.0,East,TEC-PH-10001750,Technology,Phones,Samsung Rugby III,197.97,3.0,0.0,53.4519,Legacy,Pending,
6832.0,US-2017-123204,7/21/2017,7/27/2017,Standard Class,CS-11860,Cari Schnelling,Consumer,United States,New York City,New York,10024.0,East,OFF-AP-10002287,Office Supplies,Appliances,"Eureka Sanitaire  Multi-Pro Heavy-Duty Upright, Disposable Bags",17.48,4.0,0.0,4.5448,Manual Upload,Rejected,
6833.0,CA-2015-112522,10/10/2015,10/17/2015,Standard Class,DP-13165,David Philippe,Consumer,United States,Chicago,Illinois,60610.0,Central,OFF-AR-10003183,Office Supplies,Art,Avery Fluorescent Highlighter Four-Color Set,8.016,3.0,0.2,1.002,ERP,Approved,
6834.0,CA-2016-153101,9/8/2016,9/8/2016,Same Day,PJ-19015,Pauline Johnson,Consumer,United States,Santa Ana,California,92704.0,West,FUR-TA-10003008,Furniture,Tables,"Lesro Round Back Collection Coffee Table, End Table",146.04,1.0,0.2,-12.7785,ERP,Approved,Urgent
6835.0,CA-2016-142615,11/20/2016,11/24/2016,Standard Class,BM-11575,Brendan Murry,Corporate,United States,Montebello,California,90640.0,Wst,TEC-AC-10004803,Technology,Accessories,Sony Micro Vault Click 4 GB USB 2.0 Flash Drive,27.88,2.0,0.0,3.9032,Manual Upload,,
6836.0,CA-2017-142643,10/15/2017,10/20/2017,Standard Class,DL-13495,Dionis Lloyd,Corporate,United States,Thousand Oaks,California,91360.0,West,OFF-LA-10003510,Office Supplies,Labels,"Avery 4027 File Folder Labels for Dot Matrix Printers, 5000 Labels per Box, White",152.65,5.0,0.0,70.219,Legacy,,Urgent
6837.0,CA-2017-142643,10/15/2017,10/20/2017,Standard Class,DL-13495,Dionis Lloyd,Corporate,United States,Thousand Oaks,California,91360.0,West,FUR-FU-10000087,Furniture,Furnishings,"Executive Impressions 14"" Two-Color Numerals Wall Clock",22.72,1.0,0.0,9.3152,Manual Upload,,Duplicate?
6838.0,CA-2015-116260,7/6/2015,7/12/2015,Standard Class,BF-10975,Barbara Fisher,Corporate,United States,Vineland,New Jersey,8360.0,East,OFF-AR-10003732,Office Supplies,Art,Newell 333,11.12,4.0,0.0,2.8912,CRM,Rejected,Urgent
6839.0,CA-2017-107517,2/5/2017,2/9/2017,Standard Class,FC-14335,Fred Chung,Corporate,United States,Torrance,California,90503.0,West,OFF-AP-10000275,Office Supplies,Appliances,"Sanyo Counter Height Refrigerator with Crisper, 3.6 Cubic Foot, Stainless Steel/Black",1640.7,5.0,0.0,459.396,ERP,,
6840.0,CA-2017-107517,2/5/2017,2/9/2017,Standard Class,FC-14335,Fred Chung,Corporate,United States,Torrance,California,90503.0,West,TEC-PH-10003505,Technology,Phones,Geemarc AmpliPOWER60,371.2,5.0,0.2,41.76,Manual Upload,Pending,
6841.0,CA-2015-166338,12/6/2015,12/7/2015,First Class,MP-18175,Mike Pelletier,Home Office,United States,Troy,Ohio,45373.0,East,OFF-BI-10002852,Office Supplies,Binders,Ibico Standard Transparent Covers,14.832,3.0,0.7,-10.3824,ERP,Rejected,
6842.0,CA-2016-123946,9/12/2016,9/17/2016,Standard Class,AJ-10795,Anthony Johnson,Corporate,United States,Springfield,Virginia,22153.0,South,TEC-AC-10004877,Technology,Accessories,Imation 30456 USB Flash Drive 8GB,20.7,3.0,0.0,1.656,Legacy,Approved,Duplicate?
6843.0,CA-2016-123946,9/12/2016,9/17/2016,Standard Class,AJ-10795,Anthony Johnson,Corporate,United States,Springfield,Virginia,22153.0,South,OFF-FA-10002975,Office Supplies,Fasteners,Staples,11.34,3.0,0.0,5.2164,Legacy,Approved,
6844.0,CA-2016-123946,12 Sep 2016,9/17/2016,Standard Class,AJ-10795,Anthony Johnson,Corporate,United States,Springfield,Virginia,22153.0,South,OFF-ST-10000419,Office Supplies,Storage,"Rogers Jumbo File, Granite",67.9,5.0,0.0,0.679,ERP,,Urgent
6845.0,CA-2016-123946,9/12/2016,9/17/2016,Standard Class,AJ-10795,Anthony Johnson,Corporate,United States,Springfield,Virginia,22153.0,South,FUR-CH-10002073,Furniture,Chairs,Hon Olson Stacker Chairs,1059.12,4.0,0.0,307.1448,Legacy,Rejected,
6846.0,CA-2014-147543,7/6/2014,7/12/2014,Standard Class,BC-11125,Becky Castell,Home Office,United States,El Cajon,California,00000,West,FUR-CH-10000155,Furniture,Chairs,Global Comet Stacking Armless Chair,478.48,2.0,0.2,47.848,Legacy,Pending,
6847.0,US-2016-159093,5/9/2016,5/14/2016,Standard Class,RS-19420,Ricardo Sperren,Corporate,United States,Los Angeles,California,90036.0,West,OFF-PA-10001260,Office Supplies,Paper,"TOPS Money Receipt Book, Consecutively Numbered in Red,",32.04,4.0,0.0,14.418,CRM,Rejected,Duplicate?
6848.0,CA-2016-162110,7/18/2016,7/22/2016,Standard Class,NP-18670,Nora Paige,Consumer,United States,Phoenix,Arizona,85023.0,West,TEC-PH-10001924,Technology,Phones,iHome FM Clock Radio with Lightning Dock,55.992,1.0,0.2,3.4995,Manual Upload,,
6849.0,US-2016-163461,6/18/2016,6/21/2016,First Class,BT-11440,Bobby Trafton,Consumer,United States,Frankfort,Illinois,60423.0,Central,OFF-PA-10003134,Office Supplies,Paper,Xerox 1937,76.864,2.0,0.2,26.9024,ERP,Rejected,
6850.0,CA-2014-101462,4/20/2014,4/25/2014,Standard Class,BP-11230,Benjamin Patterson,Consumer,United States,Los Angeles,California,90045.0,West,FUR-FU-10000409,Furniture,Furnishings,"GE 4 Foot Flourescent Tube, 40 Watt",59.92,4.0,0.0,27.5632,Legacy,,Urgent
6851.0,US-2016-100461,1/8/2016,1/12/2016,Standard Class,JO-15145,Jack O'Briant,Corporate,United States,Franklin,Wisconsin,53132.0,Central,FUR-BO-10002545,Furniture,Bookcases,"Atlantic Metals Mobile 3-Shelf Bookcases, Custom Colors",1565.88,6.0,0.0,407.1288,Legacy,Pending,
6852.0,US-2016-100461,1/8/2016,1/12/2016,Standard Class,JO-15145,Jack O'Briant,Corporate,United States,Franklin,Wisconsin,ABCDE,Central,OFF-BI-10001460,Office Supplies,Binders,Plastic Binding Combs,106.05,7.0,0.0,49.8435,Manual Upload,,
6853.0,US-2017-162670,12/23/2017,12/28/2017,Second Class,MF-18250,Monica Federle,Corporate,United States,Little Rock,Arkansas,72209.0,South,OFF-ST-10001328,Office Supplies,Storage,"Personal Filing Tote with Lid, Black/Gray",62.04,4.0,0.0,17.3712,Manual Upload,Approved,Urgent
6854.0,US-2017-162670,12/23/2017,12/28/2017,Second Class,MF-18250,Monica Federle,Corporate,United States,Little Rock,Arkansas,72209.0,South,TEC-PH-10003601,Technology,Phones,"Ativa D5772 2-Line 5.8GHz Digital Expandable Corded/Cordless Phone System with Answering & Caller ID/Call Waiting, Black/Silver",494.97,3.0,0.0,148.491,Legacy,Approved,
6855.0,US-2017-162670,12/23/2017,12/28/2017,Second Class,MF-18250,Monica Federle,Corporate,United States,Little Rock,Arkansas,72209.0,South,OFF-ST-10001522,Office Supplies,Storage,"Gould Plastics 18-Pocket Panel Bin, 34w x 5-1/4d x 20-1/2h",367.96,4.0,0.0,14.7184,Manual Upload,Rejected,
6856.0,US-2017-162670,12/23/2017,12/28/2017,Second Class,MF-18250,Monica Federle,Corporate,United States,Little Rock,Arkansas,72209.0,South,OFF-PA-10001994,Office Supplies,Paper,"Ink Jet Note and Greeting Cards, 8-1/2"" x 5-1/2"" Card Size",44.96,2.0,0.0,20.6816,Manual Upload,Rejected,Duplicate?
6857.0,US-2017-162670,12/23/2017,12/28/2017,Second Class,MF-18250,Monica Federle,Corporate,United States,Little Rock,Arkansas,72209.0,South,OFF-EN-10001453,Office Supplies,Envelopes,"Tyvek Interoffice Envelopes, 9 1/2"" x 12 1/2"", 100/Box",182.94,3.0,0.0,85.9818,CRM,,
6858.0,CA-2017-128965,4/17/2017,4/22/2017,Standard Class,PS-18760,Pamela Stobb,Consumer,United States,Los Angeles,California,90008.0,West,OFF-PA-10004911,Office Supplies,Paper,"Rediform S.O.S. 1-Up Phone Message Bk, 4-1/4x3-1/16 Bk, 1 Form/Pg, 40 Messages/Bk, 3/Pk",28.14,3.0,0.0,13.5072,CRM,,
6859.0,CA-2017-128965,4/17/2017,4/22/2017,Standard Class,PS-18760,Pamela Stobb,Consumer,United States,Los Angeles,California,90008.0,West,OFF-LA-10001404,Office Supplies,Labels,Avery 517,7.38,2.0,0.99,3.4686,CRM,Approved,Check later
6860.0,CA-2017-128965,4/17/2017,4/22/2017,Standard Class,PS-18760,Pamela Stobb,Consumer,United States,Los Angeles,California,90008.0,West,OFF-FA-10001561,Office Supplies,Fasteners,Stockwell Push Pins,10.9,5.0,0.0,3.597,Legacy,Rejected,Urgent
6861.0,CA-2017-128965,4/17/2017,4/22/2017,Standard Class,PS-18760,Pamela Stobb,Consumer,United States,Los Angeles,California,90008.0,West,TEC-AC-10001383,Technology,Accessories,Logitech Wireless Touch Keyboard K400,274.89,11.0,0.0,46.7313,CRM,Pending,Urgent
6862.0,CA-2017-128965,4/17/2017,4/22/2017,Standard Class,PS-18760,Pamela Stobb,Consumer,United States,Los Angeles,California,90008.0,West,OFF-LA-10003190,Office Supplies,Labels,Avery 474,23.04,8.0,0.0,11.2896,Manual Upload,Pending,
6863.0,CA-2017-128965,4/17/2017,4/22/2017,Standard Class,PS-18760,Pamela Stobb,Consumer,United States,Los Angeles,California,90008.0,West,FUR-CH-10003774,Furniture,Chairs,"Global Wood Trimmed Manager's Task Chair, Khaki",218.352,3.0,0.2,-19.1058,Legacy,Pending,Duplicate?
6864.0,CA-2017-138618,12/1/2017,12/8/2017,Standard Class,MY-17380,Maribeth Yedwab,Corporate,United States,San Antonio,Texas,78207.0,CENTRAL,OFF-PA-10000520,Office Supplies,Paper,Xerox 201,10.368,2.0,0.2,3.6288,ERP,Rejected,
6865.0,US-2016-126452,8/21/2016,8/28/2016,Standard Class,SC-20230,Scot Coram,Corporate,United States,Los Angeles,California,90004.0,West,OFF-BI-10004465,Office Supplies,Binders,Avery Durable Slant Ring Binders,12.672,2.0,0.2,4.752,CRM,,
6866.0,US-2016-126452,8/21/2016,8/28/2016,Standard Class,SC-20230,Scot Coram,Corporate,United States,Los Angeles,California,90004.0,West,TEC-PH-10003555,Technology,Phones,Motorola HK250 Universal Bluetooth Headset,91.96,5.0,0.2,-20.691,Manual Upload,,Duplicate?
6867.0,US-2016-126452,8/21/2016,8/28/2016,Standard Class,SC-20230,Scot Coram,Corporate,United States,Los Angeles,California,90004.0,West,TEC-AC-10000844,Technology,Accessories,Logitech Gaming G510s - Keyboard,254.97,3.0,0.0,91.7892,Manual Upload,Pending,Urgent
6868.0,US-2016-126452,8/21/2016,8/28/2016,Standard Class,SC-20230,Scot Coram,Corporate,United States,Los Angeles,California,90004.0,West,TEC-PH-10003187,Technology,Phones,Anker Astro Mini 3000mAh Ultra-Compact Portable Charger,31.984,2.0,0.2,-7.996,CRM,Rejected,Duplicate?
6869.0,US-2016-126452,8/21/2016,8/28/2016,Standard Class,SC-20230,Scot Coram,Corporate,United States,Los Angeles,Calif.,90004.0,West,FUR-TA-10003569,Furniture,Tables,Bretford CR8500 Series Meeting Room Furniture,2887.056,9.0,0.2,180.441,CRM,Pending,
6870.0,US-2016-126452,8/21/2016,8/28/2016,Standard Class,SC-20230,Scot Coram,Corporate,United States,Los Angeles,California,90004.0,West,OFF-PA-10003848,Office Supplies,Paper,Xerox 1997,12.96,2.0,0.0,6.2208,Legacy,Pending,Urgent
6871.0,US-2016-126452,8/21/2016,8/28/2016,Standard Class,SC-20230,Scot Coram,Corporate,United States,Los Angeles,California,90004.0,West,OFF-PA-10002606,Office Supplies,Paper,Xerox 1928,47.52,9.0,0.0,21.384,ERP,,Check later
6872.0,CA-2016-145009,12/5/2016,12/8/2016,Second Class,RF-19345,Randy Ferguson,Corporate,United States,Chicago,Illinois,60610.0,Central,OFF-LA-10004853,Office Supplies,Labels,Avery 483,11.952,3.0,0.2,3.8844,CRM,Rejected,Duplicate?
6873.0,CA-2015-162544,12/16/2015,12/19/2015,First Class,SG-20080,Sandra Glassco,Consumer,United States,Seattle,Washington,98105.0,West,OFF-PA-10004948,Office Supplies,Paper,Xerox 190,4.98,1.0,0.0,2.3406,Legacy,,Urgent
6874.0,CA-2014-124394,10/17/2014,10/22/2014,Second Class,TB-21520,Tracy Blumstein,Consumer,United States,Beaumont,Texas,77705.0,Central,OFF-BI-10003676,Office Supplies,Binders,"GBC Standard Recycled Report Covers, Clear Plastic Sheets",10.78,5.0,0.8,-17.248,Manual Upload,Rejected,Duplicate?
6875.0,CA-2014-124394,10/17/2014,10/22/2014,Second Class,TB-21520,Tracy Blumstein,Consumer,United States,Beaumont,Texas,77705.0,Central,TEC-AC-10001314,Technology,Accessories,Case Logic 2.4GHz Wireless Keyboard,119.976,3.0,0.2,-17.9964,Legacy,Approved,Urgent
6876.0,US-2016-121013,9/5/2016,9/10/2016,Standard Class,MM-17920,Michael Moore,Consumer,United States,Chesapeake,Virginia,23320.0,South ,OFF-LA-10004545,Office Supplies,Labels,Avery 50,25.06,2.0,0.0,11.7782,ERP,Rejected,
6877.0,US-2016-121013,2016/09/05,9/10/2016,Standard Class,MM-17920,Michael Moore,Consumer,United States,Chesapeake,Virginia,23320.0,South,FUR-TA-10003238,Furniture,Tables,"Chromcraft Bull-Nose Wood 48"" x 96"" Rectangular Conference Tables",1652.94,3.0,0.0,314.0586,Manual Upload,Pending,
6878.0,US-2015-123918,10/15/2015,10/15/2015,Same Day,CG-12520,Claire Gute,Consumer,United States,Dallas,Texas,75217.0,Central,FUR-FU-10004952,Furniture,Furnishings,"C-Line Cubicle Keepers Polyproplyene Holder w/Velcro Back, 8-1/2x11, 25/Bx",131.376,6.0,0.6,-95.2476,CRM,Rejected,Check later
6879.0,US-2015-123918,10/15/2015,10/15/2015,Same Day,CG-12520,Claire Gute,Consumer,United States,Dallas,Texas,75217.0,Central ,OFF-PA-10003001,Office Supplies,Paper,Xerox 1986,5.344,1.0,0.2,1.8704,Legacy,Pending,Duplicate?
6880.0,CA-2015-137113,12/1/2015,12/5/2015,Second Class,TW-21025,Tamara Willingham,Home Office,United States,Seattle,Washington,98105.0,West,FUR-CH-10001215,Furniture,Chairs,Global Troy Executive Leather Low-Back Tilter,2003.92,5.0,0.2,125.245,CRM,Rejected,
6881.0,CA-2015-137113,12/1/2015,12/5/2015,Second Class,TW-21025,Tamara Willingham,Home Office,United States,Seattle,Washington,98105.0,West,OFF-PA-10004255,Office Supplies,Paper,Xerox 219,32.4,5.0,0.0,15.552,ERP,Pending,Duplicate?
6882.0,CA-2015-137113,12/1/2015,12/5/2015,Second Class,TW-21025,Tamara Willingham,Home Office,United States,Seattle,Washington,98105.0,West,FUR-TA-10001705,Furniture,Tables,Bush Advantage Collection Round Conference Table,1913.4,9.0,0.0,401.814,Legacy,Approved,
6883.0,CA-2015-137113,12/1/2015,12/5/2015,Second Class,TW-21025,Tamara Willingham,Home Office,United States,Seattle,Washington,98105.0,West,OFF-ST-10002554,Office Supplies,Storage,Tennsco Industrial Shelving,146.73,3.0,0.0,2.9346,Legacy,Rejected,Check later
6884.0,CA-2015-137113,12/1/2015,12/5/2015,Second Class,TW-21025,Tamara Willingham,Home Office,United States,Seattle,Washington,98105.0,West,OFF-PA-10002222,Office Supplies,Paper,"Xerox Color Copier Paper, 11"" x 17"", Ream",114.2,5.0,0.0,52.532,ERP,,Duplicate?
6885.0,CA-2015-120677,5/31/2015,6/4/2015,Standard Class,BD-11320,Bill Donatelli,Consumer,United States,Minneapolis,Minnesota,55407.0,Central,FUR-CH-10002320,Furniture,Chairs,Hon Pagoda Stacking Chairs,2567.84,8.0,0.0,770.352,Manual Upload,Pending,Urgent
6886.0,CA-2017-123036,9/10/2017,9/17/2017,Standard Class,HA-14905,Helen Abelman,Consumer,United States,Springfield,Ohio,45503.0,East,TEC-AC-10003499,Technology,Accessories,Memorex Mini Travel Drive 8 GB USB 2.0 Flash Drive,37.056,4.0,0.2,8.8008,CRM,,
6887.0,CA-2017-123036,9/10/2017,9/17/2017,Standard Class,HA-14905,Helen Abelman,Consumer,United States,Springfield,Ohio,45503.0,East,TEC-PH-10003580,Technology,Phones,Cisco IP Phone 7961G-GE VoIP phone,259.896,2.0,0.4,-56.3108,ERP,Pending,
6888.0,CA-2017-120222,4/25/2017,5/2/2017,Standard Class,LL-16840,Lauren Leatherbury,Consumer,United States,Los Angeles,California,90032.0,West,OFF-PA-10004675,Office Supplies,Paper,"Telephone Message Books with Fax/Mobile Section, 5 1/2"" x 3 3/16""",19.05,3.0,0.0,8.763,Legacy,,
6889.0,CA-2017-120222,4/25/2017,5/2/2017,Standard Class,LL-16840,Lauren Leatherbury,Consumer,United States,Los Angeles,California,90032.0,West,OFF-BI-10000666,Office Supplies,Binders,Surelock Post Binders,73.344,3.0,0.2,27.504,Manual Upload,Approved,
6890.0,CA-2017-164756,9/18/2017,9/22/2017,Standard Class,SS-20140,Saphhira Shifley,Corporate,United States,Columbus,Georgia,31907.0,South,TEC-PH-10001552,Technology,Phones,I Need's 3d Hello Kitty Hybrid Silicone Case Cover for HTC One X 4g with 3d Hello Kitty Stylus Pen Green/pink,95.68,8.0,0.0,26.7904,Legacy,,Duplicate?
6891.0,CA-2017-164756,9/18/2017,9/22/2017,Standard Class,SS-20140,Saphhira Shifley,Corporate,United States,Columbus,Georgia,31907.0,south,OFF-PA-10000673,Office Supplies,Paper,"Post-it Important Message Note Pad, Neon Colors, 50 Sheets/Pad",50.96,7.0,0.0,24.4608,Legacy,Pending,
6892.0,CA-2017-164756,9/18/2017,9/22/2017,Standard Class,SS-20140,Saphhira Shifley,Corporate,United States,Columbus,Georgia,31907.0,South,OFF-AR-10000380,Office Supplies,Art,"Hunt PowerHouse Electric Pencil Sharpener, Blue",113.94,3.0,0.0,34.182,Manual Upload,Approved,Duplicate?
6893.0,CA-2017-164756,9/18/2017,9/22/2017,Standard Class,SS-20140,Saphhira Shifley,Corporate,United States,Columbus,Georgia,31907.0,South,OFF-PA-10003848,Office Supplies,Paper,Xerox 1997,25.92,4.0,0.0,12.4416,Manual Upload,Pending,Urgent
6894.0,CA-2017-164756,9/18/2017,9/22/2017,Standard Class,SS-20140,Saphhira Shifley,Corporate,United States,Columbus,Georgia,31907.0,South,FUR-FU-10002963,Furniture,Furnishings,"Master Caster Door Stop, Gray",20.32,4.0,0.0,6.9088,Legacy,Rejected,Duplicate?
6895.0,CA-2017-164756,9/18/2017,9/22/2017,Standard Class,SS-20140,Saphhira Shifley,Corporate,United States,Columbus,Georgia,31907.0,South,TEC-PH-10002447,technology,Phones,AT&T CL83451 4-Handset Telephone,411.98,2.0,0.0,119.4742,CRM,,Check later
6896.0,CA-2017-164756,9/18/2017,9/22/2017,Standard Class,SS-20140,Saphhira Shifley,Corporate,United States,Columbus,Georgia,31907.0,South,OFF-SU-10004261,Office Supplies,Supplies,"Fiskars 8"" Scissors, 2/Pack",34.48,2.0,0.0,9.9992,CRM,Pending,
6897.0,CA-2017-164756,9/18/2017,9/22/2017,Standard Class,SS-20140,Saphhira Shifley,Corporate,United States,Columbus,Georgia,31907.0,South,OFF-PA-10003228,Office Supplies,Paper,Xerox 1917,244.55,5.0,0.0,114.9385,CRM,,
6898.0,CA-2017-122028,8/18/2017,8/25/2017,Standard Class,CK-12205,Chloris Kastensmidt,Consumer,United States,Lakewood,Ohio,44107.0,East,OFF-BI-10004817,Office Supplies,Binders,GBC Personal VeloBind Strips,10.782,3.0,0.7,-7.9068,CRM,Approved,
6899.0,US-2015-165512,5/24/2015,5/26/2015,Second Class,VS-21820,Vivek Sundaresam,Consumer,United States,Naperville,Illinois,60540.0,Central,FUR-CH-10002880,Furniture,Chairs,"Global High-Back Leather Tilter, Burgundy",602.651,7.0,0.3,-163.5767,ERP,Pending,
6900.0,US-2015-165512,5/24/2015,5/26/2015,Second Class,VS-21820,Vivek Sundaresam,Consumer,United States,Naperville,Illinois,60540.0,Central,OFF-BI-10001249,Office Supplies,Binders,Avery Heavy-Duty EZD View Binder with Locking Rings,7.656,6.0,0.8,-13.0152,Legacy,Rejected,
6901.0,CA-2015-140557,9/7/2015,9/11/2015,Standard Class,TN-21040,Tanja Norvell,Home Office,United States,New York City,New York,10009.0,East,TEC-AC-10002402,Technology,Accessories,Razer Kraken PRO Over Ear PC and Music Headset,99999.0,7.0,0.0,167.979,Manual Upload,Rejected,
6902.0,US-2017-135013,7/24/2017,7/24/2017,Same Day,HR-14830,Harold Ryan,Corporate,United States,Huntington Beach,California,92646.0,West,TEC-CO-10001449,Technology,Copiers,Hewlett Packard LaserJet 3310 Copier,2399.96,5.0,0.2,839.986,ERP,Rejected,Duplicate?
6903.0,CA-2017-111220,9/2/2017,9/8/2017,Standard Class,JS-15595,Jill Stevenson,Corporate,United States,Chicago,Illinois,60653.0,Central,OFF-FA-10002280,Office Supplies,Fasteners,Advantus Plastic Paper Clips,16.0,4.0,0.2,5.6,ERP,,Check later
6904.0,CA-2017-111220,9/2/2017,9/8/2017,Standard Class,JS-15595,Jill Stevenson,Corporate,United States,Chicago,Illinois,60653.0,Central,OFF-AP-10003278,Office Supplies,Appliances,Belkin 7-Outlet SurgeMaster Home Series,5.588,2.0,0.8,-15.0876,Manual Upload,Rejected,Duplicate?
6905.0,CA-2017-111220,9/2/2017,9/8/2017,Standard Class,JS-15595,Jill Stevenson,Corporate,United States,Chicago,Illinois,60653.0,Central,OFF-ST-10003994,Office Supplies,Storage,"Belkin 19"" Center-Weighted Shelf, Gray",235.92,5.0,0.2,-44.235,Manual Upload,,Duplicate?
6906.0,US-2017-149006,12/6/2017,12/8/2017,Second Class,BN-11470,Brad Norvell,Corporate,United States,Brentwood,California,94513.0,West,OFF-ST-10003221,Office Supplies,Storage,Staple magnet,10.68,1.0,0.0,2.8836,Manual Upload,,Duplicate?
6907.0,CA-2017-149468,5/20/2017,5/20/2017,Same Day,AR-10405,Allen Rosenblatt,Corporate,United States,Trenton,Michigan,48183.0,Central,OFF-BI-10002225,Office Supplies,Binders,"Square Ring Data Binders, Rigid 75 Pt. Covers, 11"" x 14-7/8""",41.28,2.0,0.0,19.8144,ERP,Pending,Duplicate?
6908.0,CA-2016-140249,9/27/2016,10/3/2016,Standard Class,SW-20455,Shaun Weien,Consumer,United States,Seattle,Washington,98103.0,West,TEC-PH-10002584,Technology,Phones,Samsung Galaxy S4,1001.584,2.0,0.2,125.198,ERP,Pending,Check later
6909.0,US-2017-135503,12/10/2017,12/15/2017,Standard Class,JE-16165,Justin Ellison,Corporate,United States,North Charleston,South Carolina,29406.0,South,FUR-FU-10002364,Furniture,Furnishings,"Eldon Expressions Wood Desk Accessories, Oak",14.76,2.0,0.0,4.2804,CRM,,Urgent
6910.0,CA-2014-126277,9/13/2014,9/18/2014,Second Class,LH-16900,Lena Hernandez,Consumer,United States,Columbus,Ohio,43229.0,Est,OFF-BI-10004022,Office Supplies,Binders,Acco Suede Grain Vinyl Round Ring Binder,2.502,3.0,2.0,-2.0016,Manual Upload,Approved,
6911.0,US-2017-115301,7/29/2017,8/2/2017,Standard Class,VG-21790,Vivek Gonzalez,Consumer,United States,Seattle,Washington,98103.0,West,FUR-BO-10004709,Furniture,Bookcases,"Bush Westfield Collection Bookcases, Medium Cherry Finish",115.96,2.0,0.0,50000.0,CRM,,
6912.0,CA-2017-168942,8/1/2017,8/5/2017,Second Class,EM-13960,Eric Murdock,Consumer,United States,San Francisco,California,94109.0,West,OFF-ST-10004340,office_supplies,Storage,"Fellowes Mobile File Cart, Black",186.54,3.0,0.0,50.3658,ERP,,Duplicate?
6913.0,US-2017-128398,5/2/2017,5/5/2017,Second Class,EM-13825,Elizabeth Moffitt,Corporate,United States,Los Angeles,California,90049.0,West,TEC-AC-10001714,Technology,Accessories,Logitech MX Performance Wireless Mouse,159.56,4.0,0.0,59.0372,ERP,Approved,
6914.0,CA-2015-104115,6/12/2015,6/16/2015,Standard Class,JH-15910,Jonathan Howell,Consumer,United States,West Palm Beach,Florida,33407.0,South,TEC-PH-10002844,Technology,Phones,Speck Products Candyshell Flip Case,55.984,2.0,0.2,4.1988,ERP,Pending,
6915.0,CA-2014-142510,12/22/2014,12/29/2014,Standard Class,NP-18700,Nora Preis,Consumer,United States,Chicago,Illinois,60623.0,Central,OFF-ST-10000585,Office Supplies,Storage,Economy Rollaway Files,132.16,1.0,0.2,9.912,Manual Upload,Approved,Urgent
6916.0,CA-2014-142510,12/22/2014,12/29/2014,Standard Class,NP-18700,Nora Preis,Consumer,United States,Chicago,Illinois,60623.0,Central,OFF-BI-10002824,Office Supplies,Binders,Recycled Easel Ring Binders,17.904,6.0,0.8,-31.332,ERP,,Check later
6917.0,CA-2014-142510,12/22/2014,12/29/2014,Standard Class,NP-18700,Nora Preis,Consumer,United States,Chicago,Illinois,60623.0,Central,OFF-PA-10001289,Office Supplies,Paper,White Computer Printout Paper by Universal,124.032,4.0,0.2,44.9616,ERP,Pending,
6918.0,CA-2014-124247,12/16/2014,12/21/2014,Standard Class,SH-20635,Stefanie Holloman,Corporate,United States,Sacramento,California,95823.0,West,FUR-CH-10001854,Furniture,Chairs,Office Star - Professional Matrix Back Chair with 2-to-1 Synchro Tilt and Mesh Fabric Seat,1403.92,5.0,0.2,70.196,Legacy,Pending,Urgent
6919.0,CA-2016-105473,4/16/2016,4/18/2016,Second Class,BM-11785,Bryan Mills,Consumer,United States,Seattle,Washington,98115.0,West,OFF-SU-10003567,Office Supplies,Supplies,Stiletto Hand Letter Openers,28.8,3.0,0.0,0.864,CRM,,
6920.0,CA-2015-102806,5/21/2015,5/28/2015,Standard Class,HG-14965,Henry Goldwyn,Corporate,United States,Philadelphia,Pennsylvania,19143.0,East,OFF-BI-10001597,Office Supplies,Binders,"Wilson Jones Ledger-Size, Piano-Hinge Binder, 2"", Blue",24.588,2.0,0.7,-18.0312,ERP,Pending,Check later
6921.0,CA-2017-121706,2/26/2017,3/2/2017,Standard Class,BM-11140,Becky Martin,Consumer,United States,Santa Barbara,California,93101.0,West,OFF-AP-10003287,Office Supplies,Appliances,Tripp Lite TLP810NET Broadband Surge for Modem/Fax,356.79,7.0,0.0,99.9012,Manual Upload,,
6922.0,CA-2017-109211,4/4/2017,4/10/2017,Standard Class,PS-19045,Penelope Sewall,Home Office,United States,New York City,New York,10011.0,East,OFF-EN-10001532,Office Supplies,Envelopes,Brown Kraft Recycled Envelopes,16.98,1.0,0.0,8.49,Manual Upload,Approved,Check later
6923.0,CA-2015-134257,3/16/2015,3/19/2015,Second Class,MS-17710,Maurice Satty,Consumer,United States,Auburn,Alabama,36830.0,South,OFF-LA-10003930,Office Supplies,Labels,"Dot Matrix Printer Tape Reel Labels, White, 5000/Box",-500.0,5.0,0.0,240.8595,CRM,Rejected,
6924.0,CA-2015-134257,3/16/2015,3/19/2015,Second Class,MS-17710,Maurice Satty,Consumer,United States,Auburn,Alabama,36830.0,South,OFF-EN-10003845,Office Supplies,Envelopes,Colored Envelopes,7.38,2.0,0.0,3.3948,Manual Upload,,Check later
6925.0,CA-2015-137925,11/30/2015,12/4/2015,Standard Class,JL-15235,Janet Lee,Consumer,United States,New York City,New York,10035.0,East,OFF-PA-10002659,Office Supplies,Paper,Avoid Verbal Orders Carbonless Minifold Book,23.66,7.0,0.0,10.8836,Legacy,,
6926.0,CA-2015-137925,11/30/2015,12/4/2015,Standard Class,JL-15235,Janet Lee,Consumer,United States,New York City,New York,10035.0,East,FUR-BO-10001608,Furniture,Bookcases,"Hon Metal Bookcases, Black",681.408,12.0,0.2,42.588,CRM,,Check later
6927.0,CA-2016-140046,7/28/2016,8/3/2016,Standard Class,KM-16660,Khloe Miller,Consumer,United States,Los Angeles,California,90032.0,West,OFF-LA-10000305,Office Supplies,Labels,Avery 495,18.9,3.0,0.0,8.694,CRM,,Duplicate?
6928.0,CA-2016-140382,6/23/2016,6/25/2016,Second Class,RD-19900,Ruben Dartt,Consumer,United States,San Francisco,California,94109.0,West,OFF-ST-10003638,Office Supplies,Storage,Mobile Personal File Cube,93.68,4.0,0.0,25.2936,ERP,Rejected,Duplicate?
6929.0,CA-2016-140382,6/23/2016,6/25/2016,Second Class,RD-19900,Ruben Dartt,Consumer,United States,San Francisco,California,94109.0,West,OFF-LA-10001934,Office Supplies,Labels,Avery 516,21.93,3.0,0.0,10.3071,ERP,,
6930.0,CA-2016-140382,6/23/2016,6/25/2016,Second Class,RD-19900,Ruben Dartt,Consumer,United States,San Francisco,California,94109.0,West,TEC-PH-10003012,Technology,Phones,Nortel Meridian M3904 Professional Digital phone,862.344,7.0,0.2,50000.0,Legacy,Approved,Check later
6931.0,CA-2016-140382,6/23/2016,6/25/2016,Second Class,RD-19900,Ruben Dartt,Consumer,United States,San Francisco,California,94109.0,West,OFF-PA-10001019,Office Supplies,Paper,Xerox 1884,19.98,1.0,0.0,9.3906,CRM,Approved,
6932.0,CA-2014-164182,7/14/2014,7/18/2014,Standard Class,ST-20530,Shui Tom,Consumer,United States,Philadelphia,Pennsylvania,19140.0,East,TEC-PH-10002070,Technology,Phones,Griffin GC36547 PowerJolt SE Lightning Charger,13.494,1.0,0.4,-2.249,Legacy,Approved,Urgent
6933.0,CA-2014-164182,7/14/2014,7/18/2014,Standard Class,ST-20530,Shui Tom,Consumer,United States,Philadelphia,Pennsylvania,19140.0,East,TEC-PH-10002583,Technology,Phones,iOttie HLCRIO102 Car Mount,23.988,2.0,0.4,-13.993,Manual Upload,Pending,Check later
6934.0,CA-2014-164182,7/14/2014,7/18/2014,Standard Class,ST-20530,Shui Tom,Consumer,United States,Philadelphia,Pennsylvania,19140.0,East,FUR-FU-10001057,Furniture,Furnishings,Tensor Track Tree Floor Lamp,31.984,2.0,0.2,1.1994,Legacy,,Check later
6935.0,CA-2014-164182,7/14/2014,7/18/2014,Standard Class,ST-20530,Shui Tom,Consumer,United States,Philadelphia,Pennsylvania,19140.0,East,OFF-AR-10001044,Office Supplies,Art,"BOSTON Ranger #55 Pencil Sharpener, Black",41.584,2.0,0.2,4.6782,CRM,Rejected,Urgent
6936.0,CA-2017-137365,11/30/2017,12/3/2017,Second Class,BP-11095,Bart Pistole,Corporate,United States,El Paso,Texas,79907.0,Central,TEC-AC-10001767,Technology,Accessories,SanDisk Ultra 64 GB MicroSDHC Class 10 Memory Card,95.976,3.0,0.2,-10.7973,Legacy,Approved,Urgent
6937.0,CA-2016-129847,9/2/2016,9/4/2016,First Class,TA-21385,Tom Ashbrook,Home Office,United States,Chicago,Illinois,60653.0,Central,FUR-FU-10000277,Furniture,Furnishings,Deflect-o DuraMat Antistatic Studded Beveled Mat for Medium Pile Carpeting,84.272,2.0,0.6,-75.8448,Legacy,Pending,Check later
6938.0,CA-2014-126963,6/15/2014,6/15/2014,Same Day,PS-18760,Pamela Stobb,Consumer,United States,El Paso,Texas,79907.0,Central,OFF-PA-10001952,Office Supplies,Paper,Xerox 1902,36.544,2.0,0.2,11.8768,ERP,Rejected,Duplicate?
6939.0,CA-2016-125094,11/5/2016,11/9/2016,Standard Class,NP-18700,Nora Preis,Consumer,United States,Seattle,Washington,98105.0,West,TEC-AC-10004420,Technology,Accessories,Cherry 142-key Programmable Keyboard,479.72,4.0,0.0,52.7692,CRM,,Duplicate?
6940.0,CA-2017-107132,6/26/2017,6/30/2017,Standard Class,SC-20260,Scott Cohen,Corporate,United States,New York City,New York,10009.0,East,OFF-BI-10001071,Office Supplies,Binders,GBC ProClick Punch Binding System,102.368,2.0,0.2,37.1084,Manual Upload,Pending,Check later
6941.0,CA-2017-107132,6/26/2017,6/30/2017,Standard Class,SC-20260,Scott Cohen,Corporate,United States,New York City,New York,10009.0,East,OFF-SU-10002503,Office Supplies,Supplies,Acme Preferred Stainless Steel Scissors,28.4,5.0,0.0,8.236,ERP,Rejected,
6942.0,CA-2017-107132,6/26/2017,6/30/2017,Standard Class,SC-20260,Scott Cohen,Corporate,United States,New York City,New York,10009.0,East,OFF-ST-10001490,Office Supplies,Storage,"Hot File 7-Pocket, Floor Stand",713.88,4.0,0.0,214.164,Legacy,Approved,
6943.0,CA-2017-107132,6/26/2017,6/30/2017,Standard Class,SC-20260,Scott Cohen,Corporate,United States,New York City,N.Y.,10009.0,East,OFF-PA-10003790,Office Supplies,Paper,Xerox 1991,68.52,3.0,0.0,31.5192,ERP,Pending,Duplicate?
6944.0,CA-2015-139248,7/25/2015,7/30/2015,Standard Class,RD-19930,Russell D'Ascenzo,Consumer,United States,Los Angeles,California,90032.0,West,TEC-PH-10004094,Technology,Phones,Motorola L703CM,623.96,5.0,0.2,38.9975,ERP,,Urgent
6945.0,CA-2014-148369,9/23/2014,9/27/2014,Standard Class,TH-21115,Thea Hudgings,Corporate,United States,Newark,Delaware,19711.0,East,OFF-BI-10004876,Office Supplies,Binders,Wilson Jones Suede Grain Vinyl Binders,11.12,4.0,0.0,5.4488,Legacy,Rejected,
6946.0,CA-2016-106243,9/30/2016,10/4/2016,Standard Class,GM-14680,Greg Matthias,Consumer,United States,New York City,New York,10011.0,East,FUR-BO-10003034,Furniture,Bookcases,"O'Sullivan Elevations Bookcase, Cherry Finish",523.92,5.0,0.2,-26.196,Manual Upload,Rejected,Urgent
6947.0,CA-2015-126466,11/9/2015,11/13/2015,Standard Class,JO-15550,Jesus Ocampo,Home Office,United States,Roseville,California,95661.0,West,OFF-FA-10000490,Office Supplies,Fasteners,"OIC Binder Clips, Mini, 1/4"" Capacity, Black",2.48,2.0,0.0,1.1656,CRM,Pending,Check later
6948.0,CA-2015-130365,4/25/2015,4/29/2015,Std Class,ZC-21910,Zuschuss Carroll,Consumer,United States,Aurora,Illinois,60505.0,Central,OFF-ST-10002574,Office Supplies,Storage,"SAFCO Commercial Wire Shelving, Black",221.024,2.0,0.2,-55.256,ERP,Pending,Duplicate?
6949.0,CA-2015-130365,4/25/2015,4/29/2015,Standard Class,ZC-21910,Zuschuss Carroll,Consumer,United States,Aurora,Illinois,60505.0,Central,FUR-CH-10003535,Furniture,Chairs,"Global Armless Task Chair, Royal Blue",128.058,3.0,0.3,-23.7822,CRM,Rejected,Urgent
6950.0,CA-2017-143021,11/19/2017,11/19/2017,Same Day,AP-10720,Anne Pryor,Home Office,United States,New York City,New York,10011.0,East,OFF-BI-10001628,Office Supplies,Binders,"Acco Data Flex Cable Posts For Top & Bottom Load Binders, 6"" Capacity",58.408,7.0,0.2,18.2525,ERP,Pending,Urgent
6951.0,CA-2017-143021,11/19/2017,11/19/2017,Same Day,AP-10720,Anne Pryor,Home Office,United States,New York City,New York,10011.0,East,FUR-TA-10001676,Furniture,Tables,Hon 61000 Series Interactive Training Tables,79.974,3.0,0.4,-29.3238,Manual Upload,Pending,Urgent
6952.0,CA-2015-161767,11/20/2015,11/24/2015,Standard Class,GK-14620,Grace Kelly,Corporate,United States,Dallas,Texas,75217.0,Central,TEC-MA-10002790,Technology,Machines,NeatDesk Desktop Scanner & Digital Filing System,479.988,2.0,0.4,55.9986,Legacy,Pending,
6953.0,CA-2015-129917,10/2/2015,10/3/2015,First Class,HM-14980,Henry MacAllister,Consumer,United States,Los Angeles,California,90008.0,West,OFF-BI-10001757,Office Supplies,Binders,Pressboard Hanging Data Binders for Unburst Sheets,11.808,3.0,0.2,4.1328,CRM,Approved,Urgent
6954.0,CA-2015-129917,10/2/2015,10/3/2015,First Class,HM-14980,Henry MacAllister,Consumer,United States,Los Angeles,California,90008.0,West,OFF-BI-10004828,Office Supplies,Binders,GBC Poly Designer Binding Covers,53.568,4.0,0.2,19.4184,CRM,Rejected,
6955.0,CA-2015-129917,10/2/2015,10/3/2015,First Class,HM-14980,Henry MacAllister,Consumer,United States,Los Angeles,California,90008.0,West,TEC-PH-10000369,Technology,Phones,HTC One Mini,503.96,5.0,0.2,50.396,CRM,Pending,Urgent
6956.0,CA-2015-115420,4/25/2015,5/2/2015,Standard Class,LS-16945,Linda Southworth,Corporate,United States,Los Angeles,California,90004.0,West,OFF-EN-10003862,Office Supplies,Envelopes,Laser & Ink Jet Business Envelopes,21.34,2.0,0.0,9.8164,ERP,,Urgent
6957.0,CA-2016-157588,7/14/2016,7/19/2016,Standard Class,AR-10570,Anemone Ratner,Consumer,United States,Columbus,Georgia,31907.0,South,OFF-BI-10003963,Office Supplies,Binders,Cardinal Holdit Data Disk Pockets,36.4,5.0,0.0,17.108,ERP,Pending,
6958.0,CA-2016-157588,7/14/2016,7/19/2016,Standard Class,AR-10570,Anemone Ratner,Consumer,United States,Columbus,Georgia,31907.0,South,FUR-FU-10004848,Furniture,Furnishings,"Howard Miller 13-3/4"" Diameter Brushed Chrome Round Wall Clock",51.75,1.0,0.0,15.525,ERP,Rejected,
6959.0,CA-2015-167255,9/27/2015,9/29/2015,Second Class,RH-19510,Rick Huthwaite,Home Office,United States,San Francisco,California,94110.0,West,OFF-ST-10001328,Office Supplies,Storage,"Personal Filing Tote with Lid, Black/Gray",15.51,1.0,0.0,4.3428,CRM,Approved,
6960.0,CA-2015-167255,9/27/2015,9/29/2015,Second Class,RH-19510,Rick Huthwaite,Home Office,United States,San Francisco,California,94110.0,West,OFF-PA-10002377,Office Supplies,Paper,Xerox 1916,0.0,3.0,0.0,73.41,Manual Upload,,
6961.0,CA-2015-167255,9/27/2015,9/29/2015,Second Class,RH-19510,Rick Huthwaite,Home Office,United States,San Francisco,California,94110.0,West,OFF-PA-10003441,Office Supplies,Paper,Xerox 226,12.96,2.0,0.0,6.2208,ERP,Approved,Urgent
6962.0,CA-2017-162096,11/10/2017,11/10/2017,Same Day,TB-21190,Thomas Brumley,Home Office,United States,Riverside,California,92503.0,West,OFF-AR-10002221,Office Supplies,Art,12 Colored Short Pencils,7.8,3.0,0.0,2.106,Manual Upload,Approved,
6963.0,CA-2016-157161,7/16/2016,7/20/2016,Second Class,JD-15895,Jonathan Doherty,Corporate,United States,Columbia,South Carolina,29203.0,South,OFF-EN-10001509,Office Supplies,Envelopes,Poly String Tie Envelopes,10.2,5.0,0.0,4.794,CRM,Rejected,Check later
6964.0,CA-2016-157161,7/16/2016,7/20/2016,Second Class,JD-15895,Jonathan Doherty,Corporate,United States,Columbia,South Carolina,29203.0,South,OFF-AR-10003338,Office Supplies,Art,"Eberhard Faber 3 1/2"" Golf Pencils",22.32,3.0,0.0,5.58,Manual Upload,,
6965.0,CA-2016-157161,7/16/2016,7/20/2016,Second Class,JD-15895,Jonathan Doherty,Corporate,United States,Columbia,South Carolina,29203.0,South,OFF-BI-10004728,Office Supplies,Binders,Wilson Jones Turn Tabs Binder Tool for Ring Binders,24.1,5.0,0.0,11.086,Manual Upload,Pending,Check later
6966.0,CA-2016-157161,7/16/2016,7/20/2016,Second Class,JD-15895,Jonathan Doherty,Corporate,United States,Columbia,South Carolina,29203.0,SOUTH,TEC-AC-10000358,Technology,Accessories,Imation Secure Drive + Hardware Encrypted USB flash drive - 16 GB,75.98,2.0,0.0,18.2352,CRM,,Urgent
6967.0,CA-2016-157161,7/16/2016,7/20/2016,Second Class,JD-15895,Jonathan Doherty,Corporate,United States,Columbia,South Carolina,29203.0,South,OFF-BI-10002764,Office Supplies,Binders,Recycled Pressboard Report Cover with Reinforced Top Hinge,6.46,2.0,0.0,3.1654,Legacy,,Urgent
6968.0,CA-2016-157161,7/16/2016,7/20/2016,Second Class,JD-15895,Jonathan Doherty,Corporate,United States,Columbia,South Carolina,29203.0,southern,OFF-PA-10001461,Office Supplies,Paper,HP Office Paper (20Lb. and 87 Bright),60.12,9.0,0.0,28.8576,Legacy,,Check later
6969.0,CA-2015-110765,10/16/2015,10/20/2015,Second Class,MP-17965,Michael Paige,Corporate,United States,New York City,New York,10011.0,East,TEC-PH-10004165,Technology,Phones,Mitel MiVoice 5330e IP Phone,824.97,100.0,0.0,214.4922,CRM,Approved,Check later
6970.0,CA-2016-163937,1/10/2016,1/13/2016,Second Class,JB-16000,Joy Bell-,Consumer,United States,Longview,Washington,98632.0,West,FUR-FU-10000010,Furniture,Furnishings,"DAX Value U-Channel Document Frames, Easel Back",24.85,5.0,0.0,7.7035,Manual Upload,,Check later
6971.0,CA-2017-153822,9/19/2017,9/25/2017,Standard Class,AB-10105,Adrian Barton,Consumer,United States,Phoenix,Arizona,85023.0,West,OFF-ST-10000321,Office Supplies,Storage,Akro Stacking Bins,12.624,2.0,0.2,-2.5248,Legacy,Approved,
6972.0,CA-2017-153822,09/19/2017,9/25/2017,Standard Class,AB-10105,Adrian Barton,Consumer,United States,Phoenix,Arizona,85023.0,West,TEC-AC-10000109,Technology,Accessories,Sony Micro Vault Click 16 GB USB 2.0 Flash Drive,89.584,2.0,0.2,4.4792,Manual Upload,Approved,Duplicate?
6973.0,CA-2017-153822,9/19/2017,9/25/2017,Standard Class,AB-10105,Adrian Barton,Consumer,United States,Phoenix,Arizona,85023.0,West,TEC-PH-10002415,Technology,Phones,Polycom VoiceStation 500 Conference phone,471.92,2.0,0.2,29.495,Manual Upload,Pending,Urgent
6974.0,CA-2017-153822,9/19/2017,9/25/2017,Standard Class,AB-10105,Adrian Barton,Consumer,United States,Phoenix,Arizona,85023.0,West,OFF-BI-10001460,Office Supplies,Binders,Plastic Binding Combs,18.18,4.0,0.7,-13.938,ERP,Approved,Check later
6975.0,CA-2017-146185,9/15/2017,9/19/2017,Standard Class,CC-12145,Charles Crestani,Consumer,United States,Houston,Texas,77095.0,Central,OFF-AR-10002987,Office Supplies,Art,Prismacolor Color Pencil Set,31.744,2.0,0.2,8.3328,Manual Upload,Rejected,
6976.0,CA-2015-112144,6/28/2015,7/2/2015,Standard Class,CY-12745,Craig Yedwab,Corporate,United States,Gilbert,Arizona,85234.0,West,OFF-LA-10000443,Office Supplies,Labels,Avery 501,5.904,2.0,0.2,1.9926,Legacy,,
6977.0,CA-2015-112144,6/28/2015,7/2/2015,Standard Class,CY-12745,Craig Yedwab,Corporate,United States,Gilbert,Arizona,85234.0,West,FUR-FU-10004306,Furniture,Furnishings,Electrix Halogen Magnifier Lamp,621.76,4.0,0.2,46.632,CRM,Approved,Check later
6978.0,US-2016-119298,11/25/2016,11/28/2016,First Class,EP-13915,Emily Phan,Consumer,United States,Jonesboro,Arkansas,72401.0,South,TEC-PH-10002564,Technology,Phones,OtterBox Defender Series Case - Samsung Galaxy S4,59.98,2.0,0.0,17.994,Legacy,Pending,
6979.0,CA-2017-155159,11/25/2017,11/29/2017,Second Class,DL-13315,Delfina Latchford,Consumer,United States,Atlanta,Georgia,30318.0,South,OFF-PA-10003724,Office Supplies,Paper,"Wirebound Message Book, 4 per Page",48.87,9.0,0.0,23.9463,ERP,,
6980.0,CA-2017-149076,1/14/2017,1/19/2017,Standard Class,SO-20335,Sean O'Donnell,Consumer,United States,Los Angeles,California,90036.0,West,OFF-PA-10000483,Office Supplies,Paper,Xerox 19,154.9,5.0,0.0,69.705,ERP,,Check later
6981.0,CA-2014-146990,11/7/2014,11/8/2014,First Class,BP-11095,Bart Pistole,Corporate,United States,New York City,New York,10024.0,East,OFF-FA-10000611,OfficeSupply,Fasteners,Binder Clips by OIC,5.92,4.0,0.0,2.8416,ERP,Rejected,Urgent
6982.0,CA-2014-146990,11/7/2014,11/8/2014,First Class,BP-11095,Bart Pistole,Corporate,United States,New York City,New York,10024.0,East,OFF-PA-10000246,Office Supplies,Paper,Riverleaf Stik-Withit Designer Note Cubes,30.18,3.0,0.0,13.8828,Legacy,Rejected,Urgent
6983.0,CA-2016-116526,9/1/2016,9/5/2016,Standard Class,JA-15970,Joseph Airdo,Consumer,United States,Detroit,Michigan,48227.0,Central,OFF-BI-10004728,Office Supplies,Binders,Wilson Jones Turn Tabs Binder Tool for Ring Binders,24.1,5.0,0.0,11.086,CRM,Approved,
6984.0,CA-2016-116526,9/1/2016,9/5/2016,Standard Class,JA-15970,Joseph Airdo,Consumer,United States,Detroit,Michigan,48227.0,Central,TEC-PH-10002365,Technology,Phones,Belkin Grip Candy Sheer Case / Cover for iPhone 5 and 5S,8.78,1.0,0.0,2.2828,ERP,Rejected,Check later
6985.0,CA-2016-116526,9/1/2016,9/5/2016,Standard Class,JA-15970,Joseph Airdo,Consumer,United States,Detroit,Michigan,48227.0,Cntrl,OFF-AP-10002457,Office Supplies,Appliances,"Eureka The Boss Plus 12-Amp Hard Box Upright Vacuum, Red",376.74,4.0,0.1,71.162,CRM,,
6986.0,CA-2016-116526,9/1/2016,9/5/2016,Standard Class,JA-15970,Joseph Airdo,Consumer,United States,Detroit,Michigan,48227.0,Central,OFF-BI-10000320,Office Supplies,Binders,GBC Plastic Binding Combs,29.52,4.0,0.0,14.4648,ERP,Approved,Urgent
6987.0,CA-2016-116526,9/1/2016,9/5/2016,Standard Class,JA-15970,Joseph Airdo,Consumer,United States,Detroit,Michigan,48227.0,Central,OFF-AR-10004999,Office Supplies,Art,Newell 315,11.96,2.0,0.0,2.99,Manual Upload,Approved,Urgent
6988.0,CA-2016-116526,9/1/2016,9/5/2016,Standard Class,JA-15970,Joseph Airdo,Consumer,United States,Detroit,Michigan,48227.0,Central,OFF-BI-10001116,Office Supplies,Binders,"Wilson Jones 1"" Hanging DublLock Ring Binders",26.4,5.0,0.0,12.672,Legacy,Rejected,Duplicate?
6989.0,CA-2017-158561,11/11/2017,11/16/2017,Second Class,BB-11545,Brenda Bowman,Corporate,United States,Fort Lauderdale,Florida,33311.0,South,OFF-AP-10002651,Office Supplies,Appliances,Hoover Upright Vacuum With Dirt Cup,1158.12,5.0,0.2,130.2885,Manual Upload,,
6990.0,CA-2017-165099,12/11/2017,12/13/2017,First Class,DK-13375,Dennis Kane,Consumer,United States,Abilene,Texas,79605.0,Central,OFF-AP-10001634,Office Supplies,Appliances,Hoover Commercial Lightweight Upright Vacuum,1.392,2.0,0.8,-3.7584,Legacy,Rejected,Duplicate?
6991.0,CA-2015-109386,11/8/2015,11/13/2015,Second Class,RH-19600,Rob Haberlin,Consumer,United States,Hampton,Virginia,23666.0,South,OFF-AP-10003266,Office Supplies,Appliances,"Holmes Replacement Filter for HEPA Air Cleaner, Large Room",44.43,3.0,0.0,18.6606,CRM,Rejected,
6992.0,CA-2015-109386,11/8/2015,11/13/2015,Second Class,RH-19600,Rob Haberlin,Consumer,United States,Hampton,Virginia,23666.0,South,TEC-PH-10002890,Technology,Phones,AT&T 17929 Lendline Telephone,226.2,5.0,0.0,58.812,Manual Upload,,Check later
6993.0,CA-2015-109386,11/8/2015,11/13/2015,Second Class,RH-19600,Rob Haberlin,Consumer,United States,Hampton,Virginia,23666.0,South,FUR-FU-10000308,Furniture,Furnishings,Deflect-o Glass Clear Studded Chair Mats,186.54,3.0,0.0,41.0388,ERP,Pending,Urgent
6994.0,CA-2015-109386,11/8/2015,11/13/2015,Second Class,RH-19600,Rob Haberlin,Consumer,United States,Hampton,Virginia,23666.0,South,OFF-AR-10000380,Office Supplies,Art,"Hunt PowerHouse Electric Pencil Sharpener, Blue",265.86,7.0,0.0,79.758,Manual Upload,Pending,Urgent
6995.0,CA-2015-109386,11/8/2015,Nov 13 2015,Second Class,RH-19600,Rob Haberlin,Consumer,United States,Hampton,Virginia,23666.0,South,OFF-AR-10000122,Office Supplies,Art,Newell 314,27.9,5.0,0.0,6.975,Legacy,Rejected,
6996.0,CA-2015-166800,11/19/2015,11/26/2015,Standard Class,AG-10300,Aleksandra Gannaway,Corporate,United States,Las Vegas,Nevada,89115.0,West,OFF-AP-10004868,Office Supplies,Appliances,Hoover Commercial Soft Guard Upright Vacuum And Disposable Filtration Bags,31.08,4.0,0.0,8.3916,Legacy,Pending,Duplicate?
6997.0,CA-2017-117443,12/23/2017,12/25/2017,Second Class,JB-15400,Jennifer Braxton,Corporate,United States,Rockford,Illinois,61107.0,Central,OFF-BI-10004002,Office Supplies,Binders,Wilson Jones International Size A4 Ring Binders,13.84,4.0,0.8,-22.144,CRM,,
6998.0,CA-2017-117443,12/23/2017,12/25/2017,Second Class,JB-15400,Jennifer Braxton,Corporate,United States,Rockford,Illinois,61107.0,Central,OFF-PA-10004475,Office Supplies,Paper,Xerox 1940,175.872,4.0,0.2,63.7536,Legacy,,
6999.0,US-2016-134369,9/16/2016,9/22/2016,Standard Class,BC-11125,Becky Castell,Home Office,United States,Laguna Niguel,California,92677.0,West,OFF-PA-10002195,Office Supplies,Paper,Xerox 1966,12.96,2.0,0.0,6.3504,CRM,Approved,Check later
7000.0,CA-2017-123687,5/26/2017,5/29/2017,First Class,KC-16675,Kimberly Carter,Corporate,United States,Louisville,Kentucky,40214.0,South,OFF-AP-10002670,Office Supplies,Appliances,Belkin 8-Outlet Premiere SurgeMaster II Surge Protectors,208.44,3.0,0.0,62.532,Legacy,Pending,Urgent
7001.0,CA-2017-123687,5/26/2017,5/29/2017,First Class,KC-16675,Kimberly Carter,Corporate,United States,Louisville,Kentucky,40214.0,South,OFF-SU-10004498,Office Supplies,Supplies,Martin-Yale Premier Letter Opener,25.76,2.0,0.0,0.7728,Legacy,Pending,
7002.0,CA-2015-104871,3/30/2015,4/3/2015,Standard Class,DR-12940,Daniel Raglin,Home Office,United States,Normal,Illinois,61761.0,Central,FUR-CH-10003298,Furniture,Chairs,"Office Star - Contemporary Task Swivel chair with Loop Arms, Charcoal",366.744,4.0,0.3,-110.0232,Manual Upload,Rejected,Duplicate?
7003.0,CA-2014-133158,8/19/2014,8/21/2014,Second Class,DW-13195,David Wiener,Corporate,United States,Los Angeles,California,90045.0,West,FUR-FU-10000723,Furniture,Furnishings,"Deflect-o EconoMat Studded, No Bevel Mat for Low Pile Carpeting",289.24,7.0,0.0,26.0316,ERP,Pending,Check later
7004.0,CA-2014-133158,8/19/2014,8/21/2014,Second Class,DW-13195,David Wiener,Corporate,United States,Los Angeles,California,90045.0,West,OFF-BI-10000632,Office Supplies,Binders,Satellite Sectional Post Binders,69.456,2.0,0.2,22.5732,Manual Upload,Pending,Urgent
7005.0,CA-2014-126333,12/23/2014,12/28/2014,Standard Class,ME-18010,Michelle Ellison,Corporate,United States,Port Arthur,Texas,77642.0,Central,OFF-PA-10000223,Office Supplies,Paper,Xerox 2000,5.184,1.0,0.2,1.8144,ERP,Approved,Duplicate?
7006.0,CA-2015-141740,11/1/2015,11/5/2015,Standard Class,JF-15490,Jeremy Farry,Consumer,United States,New York City,New York,10009.0,East,FUR-CH-10001545,Furniture,Chairs,Hon Comfortask Task/Swivel Chairs,205.164,2.0,0.1,13.6776,Manual Upload,,Urgent
7007.0,CA-2014-119466,12/15/2014,12/21/2014,Standard Class,SP-20860,Sung Pak,Corporate,United States,Chicago,Illinois,60623.0,Central,FUR-FU-10001546,Furniture,Furnishings,Dana Swing-Arm Lamps,8.544,2.0,0.6,-7.476,CRM,Approved,
7008.0,CA-2015-154823,8/21/2015,8/25/2015,Standard Class,KN-16390,Katherine Nockton,Corporate,United States,Springfield,Ohio,45503.0,East,OFF-BI-10001098,Office Supplies,Binders,Acco D-Ring Binder w/DublLock,12.828,2.0,0.7,-8.9796,Manual Upload,Rejected,Check later
7009.0,CA-2015-154823,8/21/2015,8/25/2015,Standard Class,KN-16390,Katherine Nockton,Corporate,United States,Springfield,Ohio,45503.0,East,FUR-CH-10003379,Furniture,Chairs,Global Commerce Series High-Back Swivel/Tilt Chairs,598.458,3.0,0.3,-42.747,ERP,,Urgent
7010.0,CA-2015-154823,8/21/2015,8/25/2015,Standard Class,KN-16390,Katherine Nockton,Corporate,United States,Springfield,Ohio,45503.0,East,FUR-FU-10000193,Furniture,Furnishings,Tenex Chairmats For Use with Hard Floors,25.984,1.0,0.2,-3.8976,CRM,Approved,
7011.0,US-2014-135881,5/23/2014,5/27/2014,Standard Class,GT-14710,Greg Tran,Consumer,United States,New York City,New York,10035.0,Est,OFF-BI-10000829,Office Supplies,Binders,Avery Non-Stick Binders,17.96,5.0,0.2,5.837,CRM,Approved,Urgent
7012.0,US-2014-135881,5/23/2014,5/27/2014,Standard Class,GT-14710,Greg Tran,Consumer,United States,New York City,New York,10035.0,East,OFF-SU-10003002,Office Supplies,Supplies,Letter Slitter,5.04,2.0,0.0,50000.0,CRM,,
7013.0,US-2014-135881,5/23/2014,5/27/2014,Standard Class,GT-14710,Greg Tran,Consumer,United States,New York City,New York,10035.0,East,OFF-AP-10002118,Office Supplies,Appliances,"1.7 Cubic Foot Compact ""Cube"" Office Refrigerators",208.16,1.0,0.0,56.2032,Legacy,,
7014.0,CA-2017-141201,12/9/2017,12/11/2017,Second Class,DB-12910,Daniel Byrd,Home Office,United States,Salinas,California,93905.0,West,FUR-BO-10001519,Furniture,Bookcases,O'Sullivan 3-Shelf Heavy-Duty Bookcases,148.257,3.0,0.15,15.6978,Manual Upload,,
7015.0,CA-2014-114790,3/11/2014,3/13/2014,Second Class,FM-14215,Filia McAdams,Corporate,United States,Richmond,Kentucky,40475.0,South,OFF-AP-10002578,Office Supplies,Appliances,"Fellowes Premier Superior Surge Suppressor, 10-Outlet, With Phone and Remote",146.76,3.0,0.0,38.1576,Legacy,Pending,
7016.0,CA-2014-114790,3/11/2014,3/13/2014,Second Class,FM-14215,Filia McAdams,Corporate,United States,Richmond,Kentucky,40475.0,South,TEC-AC-10000710,Technology,Accessories,Maxell DVD-RAM Discs,32.96,2.0,0.0,14.1728,CRM,Rejected,Check later
7017.0,CA-2014-114790,3/11/2014,3/13/2014,Second Class,FM-14215,Filia McAdams,Corporate,United States,Richmond,Kentucky,40475.0,South,TEC-PH-10000984,Technology,Phones,Panasonic KX-TG9471B,587.97,3.0,0.0,-9999.0,CRM,Pending,Check later
7018.0,CA-2014-114790,3/11/2014,3/13/2014,Second Class,FM-14215,Filia McAdams,Corporate,United States,Richmond,Kentucky,40475.0,South,OFF-PA-10000213,Office Supplies,Paper,Xerox 198,14.94,3.0,0.0,7.0218,Manual Upload,,Duplicate?
7019.0,US-2016-154256,6/23/2016,6/27/2016,Second Class,SM-20005,Sally Matthias,Consumer,United States,New York City,New York,10035.0,East,OFF-LA-10003720,Office Supplies,Labels,Avery 487,25.83,7.0,0.0,12.1401,CRM,Pending,Duplicate?
7020.0,CA-2014-124737,8/23/2014,8/27/2014,Standard Class,AP-10915,Arthur Prichep,Consumer,United States,Denver,Colorado,80219.0,West,OFF-PA-10001837,Office Supplies,Paper,Xerox 1976,15.552,3.0,0.2,5.4432,Manual Upload,Approved,
7021.0,CA-2014-124737,8/23/2014,8/27/2014,Standard Class,AP-10915,Arthur Prichep,Consumer,United States,Denver,Colorado,80219.0,West,OFF-SU-10004661,Office Supplies,Supplies,Acme Titanium Bonded Scissors,6.8,1.0,0.2,0.51,Legacy,,Check later
7022.0,CA-2014-124737,8/23/2014,8/27/2014,Standard Class,AP-10915,Arthur Prichep,Consumer,United States,Denver,Colorado,80219.0,West,FUR-FU-10003274,Furniture,Furnishings,Regeneration Desk Collection,4.224,3.0,0.2,1.2672,ERP,Rejected,Duplicate?
7023.0,CA-2014-124737,8/23/2014,8/27/2014,Standard Class,AP-10915,Arthur Prichep,Consumer,United States,Denver,Colorado,80219.0,West,TEC-PH-10000149,Technology,Phones,Cisco SPA525G2 IP Phone - Wireless,143.64,9.0,0.2,10.773,Manual Upload,,Duplicate?
7024.0,CA-2014-124737,8/23/2014,8/27/2014,Standard Class,AP-10915,Arthur Prichep,Consumer,United States,Denver,Colorado,80219.0,West,OFF-PA-10000019,Office Supplies,Paper,Xerox 1931,31.104,6.0,0.2,10.8864,ERP,,Urgent
7025.0,CA-2014-124737,8/23/2014,8/27/2014,Standard Class,AP-10915,Arthur Prichep,Consumer,United States,Denver,Colorado,80219.0,West,OFF-PA-10001125,Office Supplies,Paper,Xerox 1988,223.056,9.0,0.2,69.705,Legacy,,Urgent
7026.0,US-2017-101840,2/6/2017,2/12/2017,Standard Class,SP-20545,Sibella Parks,Corporate,United States,New York City,New York,10024.0,East,TEC-PH-10002538,Technology,Phones,Grandstream GXP1160 VoIP phone,227.46,6.0,0.0,65.9634,ERP,,Urgent
7027.0,US-2017-101840,2/6/2017,2/12/2017,Standard Class,SP-20545,Sibella Parks,Corporate,United States,New York City,New York,10024.0,East,OFF-BI-10000279,Office Supplies,Binders,"Acco Recycled 2"" Capacity Laser Printer Hanging Data Binders",46.24,4.0,0.2,15.606,CRM,,Duplicate?
7028.0,CA-2017-131653,1/29/2017,2/5/2017,Standard Class,RD-19585,Rob Dowd,Consumer,United States,New York City,New York,10011.0,East,OFF-LA-10001045,Office Supplies,Labels,Permanent Self-Adhesive File Folder Labels for Typewriters by Universal,5.22,2.0,0.0,2.4012,Legacy,Approved,Duplicate?
7029.0,US-2016-157840,12/20/2016,12/23/2016,Second Class,MC-17575,Matt Collins,Consumer,United States,Fremont,Nebraska,68025.0,Central,OFF-PA-10003673,Office Supplies,Paper,Strathmore Photo Mount Cards,33.9,5.0,0.0,15.594,ERP,,Check later
7030.0,CA-2016-145548,11/11/2016,11/16/2016,Standard Class,EB-13750,Edward Becker,Corporate,United States,New York City,New York,10011.0,East,OFF-ST-10002562,Office Supplies,Storage,Staple magnet,28.14,3.0,0.0,7.8792,CRM,Approved,Duplicate?
7031.0,CA-2016-145548,11/11/2016,11/16/2016,Standard Class,EB-13750,Edward Becker,Corporate,United States,New York City,New York,10011.0,East,TEC-AC-10002305,Technology,Accessories,KeyTronic E03601U1 - Keyboard - Beige,36.0,2.0,0.0,6.48,CRM,Pending,Urgent
7032.0,CA-2016-145548,11/11/2016,11/16/2016,Standard Class,EB-13750,Edward Becker,Corporate,United States,New York City,New York,10011.0,East,OFF-AR-10003373,Office Supplies,Art,"Boston School Pro Electric Pencil Sharpener, 1670",92.94,3.0,0.0,25.0938,Manual Upload,Rejected,
7033.0,CA-2016-145548,11/11/2016,11/16/2016,Standard Class,EB-13750,Edward Becker,Corporate,United States,New York City,New York,10011.0,East,FUR-CH-10003774,Furniture,Chairs,"Global Wood Trimmed Manager's Task Chair, Khaki",245.646,3.0,0.1,8.1882,CRM,Pending,Check later
7034.0,CA-2016-145548,11/11/2016,11/16/2016,Standard Class,EB-13750,Edward Becker,Corporate,United States,New York City,New York,10011.0,East,OFF-BI-10001510,Office Supplies,Binders,Deluxe Heavy-Duty Vinyl Round Ring Binder,55.008,3.0,0.2,17.19,Legacy,Pending,Check later
7035.0,CA-2016-145548,11/11/2016,11/16/2016,Standard Class,EB-13750,Edward Becker,Corporate,United States,New York City,New York,10011.0,East,OFF-BI-10004236,Office Supplies,Binders,"XtraLife ClearVue Slant-D Ring Binder, White, 3""",35.232,3.0,0.2,11.4504,Legacy,Approved,
7036.0,CA-2017-119494,11/9/2017,11/13/2017,Standard Class,JE-15610,Jim Epp,Corporate,United States,San Diego,California,92105.0,West,FUR-CH-10004675,Furniture,Chairs,"Lifetime Advantage Folding Chairs, 4/Carton",523.392,3.0,0.2,52.3392,CRM,Rejected,
7037.0,CA-2014-124618,5/2/2014,5/4/2014,Second Class,CS-11860,Cari Schnelling,Consumer,United States,Lakeland,Florida,33801.0,South,TEC-CO-10004202,Technology,Copiers,Brother DCP1000 Digital 3 in 1 Multifunction Machine,479.984,2.0,0.2,89.997,ERP,,
7038.0,CA-2017-161970,9/22/2017,9/27/2017,Standard Class,PB-19105,Peter Bühler,Consumer,United States,Smyrna,Georgia,30080.0,South,OFF-PA-10004255,Office Supplies,Paper,Xerox 219,12.96,2.0,0.0,6.2208,Manual Upload,Rejected,
7039.0,CA-2017-161970,9/22/2017,9/27/2017,Standard Class,PB-19105,Peter Bühler,Consumer,United States,Smyrna,Georgia,30080.0,South,OFF-AR-10003896,Office Supplies,Art,"Stride Job 150 Highlighters, Chisel Tip, Assorted Colors",17.94,3.0,0.0,6.4584,ERP,Approved,Duplicate?
7040.0,CA-2017-103443,12/17/2017,12/23/2017,Standard Class,AT-10735,Annie Thurman,Consumer,United States,New York City,New York,10009.0,East,OFF-ST-10002276,Office Supplies,Storage,Safco Steel Mobile File Cart,166.72,2.0,0.0,41.68,CRM,Pending,Duplicate?
7041.0,CA-2017-103443,12/17/2017,12/23/2017,Standard Class,AT-10735,Annie Thurman,Consumer,United States,New York City,New York,10009.0,East,OFF-BI-10001617,Office Supplies,Binders,GBC Wire Binding Combs,24.816,3.0,0.2,8.3754,Manual Upload,Approved,Check later
7042.0,CA-2017-103443,12/17/2017,12/23/2017,Standard Class,AT-10735,Annie Thurman,Consumer,United States,New York City,New York,10009.0,East,FUR-FU-10000308,Furniture,Furnishings,Deflect-o Glass Clear Studded Chair Mats,124.36,2.0,0.0,27.3592,CRM,Approved,Urgent
7043.0,US-2017-165358,7/18/2017,7/23/2017,Standard Class,SV-20365,Seth Vernon,Consumer,United States,Philadelphia,Pennsylvania,19134.0,East,TEC-CO-10001943,Technology,Copiers,Canon PC-428 Personal Copier,599.97,5.0,0.4,69.9965,CRM,,
7044.0,US-2017-165358,7/18/2017,7/23/2017,Standard Class,SV-20365,Seth Vernon,Consumer,United States,Philadelphia,Pennsylvania,19134.0,East,FUR-CH-10002647,Furniture,Chairs,"Situations Contoured Folding Chairs, 4/Set",198.744,4.0,0.3,-14.196,Legacy,Rejected,
7045.0,US-2017-165358,7/18/2017,7/23/2017,Standard Class,SV-20365,Seth Vernon,Consumer,United States,Philadelphia,Pennsylvania,19134.0,East,OFF-SU-10004768,Office Supplies,Supplies,Acme Kleencut Forged Steel Scissors,9.184,2.0,0.2,1.148,CRM,Pending,Duplicate?
7046.0,CA-2016-160136,11/3/2016,11/9/2016,Standard Class,PJ-18835,Patrick Jones,Corporate,United States,Dallas,Texas,75217.0,Central,OFF-PA-10002160,Office Supplies,Paper,Xerox 1978,9.248,2.0,0.2,3.3524,Manual Upload,Approved,
7047.0,CA-2014-150581,4/8/2014,4/12/2014,Standard Class,NM-18445,Nathan Mautz,Home Office,United States,Concord,California,94521.0,West,FUR-TA-10003748,Furniture,Tables,Bevis 36 x 72 Conference Tables,99.592,1.0,0.2,2.4898,Manual Upload,,
7048.0,CA-2014-150581,4/8/2014,4/12/2014,Standard Class,NM-18445,Nathan Mautz,Home Office,United States,Concord,California,94521.0,West,TEC-AC-10001908,Technology,Accessories,Logitech Wireless Headset h800,399.96,4.0,0.0,139.986,CRM,Rejected,
7049.0,CA-2016-119515,8/14/2016,8/16/2016,First Class,TR-21325,Toby Ritter,Consumer,United States,Nashville,Tennessee,37211.0,South,OFF-PA-10000552,Office Supplies,Paper,Xerox 200,15.552,3.0,0.2,5.4432,ERP,Rejected,
7050.0,CA-2014-141355,9/25/2014,30/09/2014,Standard Class,BF-11005,Barry Franz,Home Office,United States,Aurora,Colorado,80013.0,West,OFF-AR-10003179,Office Supplies,Art,Dixon Ticonderoga Core-Lock Colored Pencils,14.576,2.0,0.2,2.3686,Manual Upload,,Duplicate?
7051.0,CA-2016-165330,12/11/2016,12/11/2016,Same Day,WB-21850,William Brown,Consumer,United States,Anaheim,California,92804.0,West,OFF-BI-10004593,Office Supplies,Binders,Ibico Laser Imprintable Binding System Covers,209.6,5.0,0.2,68.12,CRM,Rejected,
7052.0,CA-2016-165330,12/11/2016,12/11/2016,Same Day,WB-21850,William Brown,Consumer,United States,Anaheim,California,92804.0,West,OFF-AR-10000914,Office Supplies,Art,Boston 16765 Mini Stand Up Battery Pencil Sharpener,23.32,2.0,0.0,6.0632,Manual Upload,Pending,
7053.0,CA-2016-165330,12/11/2016,12/11/2016,Same Day,WB-21850,William Brown,Consumer,United States,Anaheim,California,92804.0,West,OFF-PA-10000241,Office Supplies,Paper,"IBM Multi-Purpose Copy Paper, 8 1/2 x 11"", Case",30.98,1.0,0.0,13.941,Manual Upload,Rejected,Urgent
7054.0,CA-2016-165330,12/11/2016,12/11/2016,Same Day,WB-21850,William Brown,Consumer,United States,Anaheim,California,92804.0,West,TEC-AC-10000057,Technology,Accessories,Microsoft Natural Ergonomic Keyboard 4000,119.96,4.0,0.0,25.1916,CRM,Pending,
7055.0,CA-2016-165330,12/11/2016,12/11/2016,Same Day,WB-21850,,Consumer,United States,Anaheim,California,92804.0,West,FUR-CH-10003774,Furniture,Chairs,"Global Wood Trimmed Manager's Task Chair, Khaki",363.92,5.0,0.2,-31.843,ERP,Pending,Duplicate?
7056.0,CA-2016-165330,12/11/2016,12/11/2016,Same Day,WB-21850,William Brown,Consumer,United States,Anaheim,California,92804.0,West,OFF-BI-10002824,Office Supplies,Binders,Recycled Easel Ring Binders,35.808,3.0,0.2,11.19,Legacy,Approved,Urgent
7057.0,CA-2016-165330,12/11/2016,12/11/2016,Same Day,WB-21850,William Brown,Consumer,United States,Anaheim,California,92804.0,West,OFF-BI-10004001,Office Supplies,Binders,GBC Recycled VeloBinder Covers,122.688,9.0,0.2,39.8736,CRM,Approved,
7058.0,CA-2016-165330,12/11/2016,12/11/2016,Same Day,WB-21850,William Brown,Consumer,United States,Anaheim,California,92804.0,West,FUR-TA-10004619,Furniture,Tables,Hon Non-Folding Utility Tables,892.136,7.0,0.2,111.517,ERP,Approved,
7059.0,CA-2016-165330,12/11/2016,12/11/2016,Same Day,WB-21850,William Brown,Consumer,United States,Anaheim,California,92804.0,West,OFF-ST-10000636,Office Supplies,Storage,Rogers Profile Extra Capacity Storage Tub,50.22,3.0,0.0,2.0088,CRM,,
7060.0,CA-2016-165330,12/11/2016,12/11/2016,Same Day,WB-21850,William Brown,Consumer,United States,Anaheim,California,92804.0,West,OFF-AP-10001469,Office Supplies,Appliances,Fellowes 8 Outlet Superior Workstation Surge Protector,83.42,2.0,0.0,24.1918,ERP,,Duplicate?
7061.0,CA-2016-165330,12/11/2016,12/11/2016,Same Day,WB-21850,William Brown,Consumer,United States,Anaheim,California,92804.0,West,OFF-BI-10002897,Office Supplies,Binders,"Black Avery Memo-Size 3-Ring Binder, 5 1/2"" x 8 1/2""",5.872,2.0,0.2,2.1286,ERP,,Duplicate?
7062.0,CA-2015-132633,2/3/2015,2/5/2015,Second Class,KH-16630,Ken Heidel,Corporate,United States,Pleasant Grove,Utah,84062.0,West,OFF-BI-10002432,Office Supplies,Binders,Wilson Jones Standard D-Ring Binders,12.144,3.0,0.2,4.0986,Legacy,Rejected,
7063.0,CA-2016-157742,12/29/2016,12/31/2016,Second Class,KL-16645,Ken Lonsdale,Consumer,United States,Springfield,Oregon,97477.0,West,OFF-EN-10002592,Office Supplies,Envelopes,"Peel & Seel Recycled Catalog Envelopes, Brown",27.792,3.0,0.2,10.422,ERP,Approved,Check later
7064.0,CA-2017-127712,8/31/2017,9/5/2017,Standard Class,MG-17890,Michael Granlund,Home Office,United States,Salem,Oregon,97301.0,West,OFF-SU-10002522,Office Supplies,Supplies,Acme Kleen Earth Office Shears,6.208,2.0,0.2,0.6984,CRM,Rejected,
7065.0,CA-2017-169474,2/4/2017,2/9/2017,Standard Class,JF-15355,Jay Fein,Consumer,United States,Rochester,New York,00000,East,OFF-AP-10003971,Office Supplies,Appliances,Belkin 6 Outlet Metallic Surge Strip,32.67,3.0,0.0,8.4942,ERP,Rejected,
7066.0,CA-2014-106726,12/6/2014,12/8/2014,First Class,RS-19765,Roland Schwarz,Corporate,United States,Los Angeles,California,90008.0,West,OFF-ST-10001496,Office Supplies,Storage,Standard Rollaway File with Lock,1261.33,7.0,0.0,327.9458,Manual Upload,,
7067.0,CA-2016-147473,5/30/2016,6/3/2016,Standard Class,NL-18310,Nancy Lomonaco,Home Office,United States,Los Angeles,California,90049.0,West,OFF-PA-10004782,Office Supplies,Paper,Xerox 228,38.88,6.0,0.0,18.6624,ERP,,Check later
7068.0,CA-2016-114209,5/21/2016,5/26/2016,Standard Class,AS-10285,Alejandro Savely,Corporate,United States,Dallas,Texas,75081.0,Central,OFF-BI-10000343,Office Supplies,Binders,"Pressboard Covers with Storage Hooks, 9 1/2"" x 11"", Light Blue",1.964,2.0,0.8,-3.2406,ERP,Pending,Urgent
7069.0,CA-2016-114209,5/21/2016,5/26/2016,Standard Class,AS-10285,Alejandro Savely,Corporate,United States,Dallas,Texas,75081.0,Central,OFF-PA-10003591,Office Supplies,Paper,Southworth 100% Cotton The Best Paper,82.656,9.0,0.2,30.996,CRM,Rejected,
7070.0,CA-2014-141901,8/9/2014,8/14/2014,Standard Class,GM-14500,Gene McClure,Consumer,United States,Fresno,California,93727.0,West,OFF-PA-10001667,Office Supplies,Paper,Great White Multi-Use Recycled Paper (20Lb. and 84 Bright),5.98,1.0,0.0,2.691,Legacy,Pending,Urgent
7071.0,CA-2016-164490,9/5/2016,9/10/2016,Second Class,SU-20665,Stephanie Ulpright,home office,United States,Chicago,Illinois,60653.0,Central,OFF-PA-10004971,Office Supplies,Paper,Xerox 196,9.248,2.0,0.2,3.3524,Legacy,Approved,Duplicate?
7072.0,CA-2016-112256,7/23/2016,7/28/2016,Standard Class,CK-12205,Chloris Kastensmidt,Consumer,United States,Mcallen,Texas,78501.0,Central,OFF-AR-10001216,Office Supplies,Art,Newell 339,4.448,2.0,0.2,0.3336,ERP,,
7073.0,CA-2016-112256,7/23/2016,7/28/2016,Standard Class,CK-12205,Chloris Kastensmidt,Consumer,United States,Mcallen,Texas,78501.0,Central,OFF-PA-10004355,Office Supplies,Paper,Xerox 231,5.184,1.0,0.2,1.8144,ERP,Rejected,Duplicate?
7074.0,CA-2016-112256,7/23/2016,7/28/2016,Standard Class,CK-12205,Chloris Kastensmidt,Consumer,United States,Mcallen,Texas,78501.0,Central,OFF-AR-10001953,Office Supplies,Art,Boston 1645 Deluxe Heavier-Duty Electric Pencil Sharpener,175.92,5.0,0.2,15.393,ERP,,
7075.0,CA-2016-112256,7/23/2016,7/28/2016,Standard Class,CK-12205,Chloris Kastensmidt,Consumer,United States,Mcallen,Texas,78501.0,Central,OFF-BI-10004364,Office Supplies,Binders,Storex Dura Pro Binders,4.752,4.0,0.8,-8.316,Manual Upload,Approved,Urgent
7076.0,CA-2016-112256,7/23/2016,7/28/2016,Standard Class,CK-12205,Chloris Kastensmidt,Consumer,United States,Mcallen,Texas,78501.0,Central,OFF-SU-10001165,Office Supplies,Supplies,Acme Elite Stainless Steel Scissors,13.344,2.0,0.2,1.0008,CRM,Approved,Check later
7077.0,CA-2016-167416,5/12/2016,5/17/2016,Standard Class,JM-15580,Jill Matthias,Consumer,United States,Seattle,Washington,98105.0,West,OFF-EN-10001141,Office Supplies,Envelopes,"Manila Recycled Extra-Heavyweight Clasp Envelopes, 6"" x 9""",54.9,5.0,0.0,26.901,Legacy,Rejected,Duplicate?
7078.0,CA-2016-106950,9/2/2016,9/6/2016,standard class,JE-15715,Joe Elijah,Consumer,United States,Charlotte,North Carolina,28205.0,South,OFF-BI-10000014,Office Supplies,Binders,Heavy-Duty E-Z-D Binders,22.911,7.0,0.7,-17.5651,ERP,Approved,Duplicate?
7079.0,CA-2016-106950,9/2/2016,9/6/2016,Standard Class,JE-15715,Joe Elijah,Consumer,United States,Charlotte,North Carolina,28205.0,South,OFF-AP-10000159,Office Supplies,Appliances,Belkin F9M820V08 8 Outlet Surge,309.456,9.0,0.2,34.8138,CRM,Pending,Duplicate?
7080.0,CA-2016-106950,9/2/2016,9/6/2016,Standard Class,JE-15715,Joe Elijah,Consumer,United States,Charlotte,North Carolina,28205.0,South,OFF-AR-10003560,Office Supplies,Art,Zebra Zazzle Fluorescent Highlighters,19.456,4.0,0.2,3.4048,ERP,Pending,
7081.0,CA-2016-106950,9/2/2016,9/6/2016,Standard Class,JE-15715,Joe Elijah,Consumer,United States,Charlotte,North Carolina,28205.0,South,FUR-TA-10001768,Furniture,Tables,Hon Racetrack Conference Tables,472.518,3.0,0.4,-149.6307,ERP,Pending,
7082.0,CA-2016-106950,9/2/2016,9/6/2016,Standard Class,JE-15715,Joe Elijah,Consumer,United States,Charlotte,North Carolina,28205.0,South,TEC-AC-10002049,Technology,Accessories,Plantronics Savi W720 Multi-Device Wireless Headset System,1012.68,3.0,0.2,303.804,CRM,Rejected,
7083.0,CA-2016-106950,9/2/2016,9/6/2016,Std Class,JE-15715,Joe Elijah,Consumer,United States,Charlotte,North Carolina,28205.0,South,OFF-BI-10003166,Office Supplies,Binders,GBC Plasticlear Binding Covers,17.22,5.0,0.7,-12.628,ERP,,Urgent
7084.0,CA-2017-118724,7/21/2017,7/25/2017,Second Class,AR-10825,Anthony Rawles,Corporate,United States,Concord,California,94521.0,West,OFF-AR-10003469,Office Supplies,Art,Nontoxic Chalk,3.52,2.0,0.0,1.6896,Legacy,Pending,
7085.0,CA-2017-118724,7/21/2017,7/25/2017,Second Class,AR-10825,Anthony Rawles,Corporate,United States,Concord,California,94521.0,West,TEC-PH-10002549,Technology,Phones,Polycom SoundPoint IP 450 VoIP phone,1626.192,9.0,0.2,121.9644,CRM,Approved,
7086.0,CA-2017-112004,9/25/2017,9/28/2017,First Class,AH-10075,Adam Hart,Corporate,United States,Chester,Pennsylvania,19013.0,East,OFF-BI-10003476,Office Supplies,Binders,Avery Metallic Poly Binders,8.595,5.0,0.7,-6.303,Legacy,,Duplicate?
7087.0,CA-2017-112004,9/25/2017,9/28/2017,First Class,AH-10075,Adam Hart,Corporate,United States,Chester,Pennsylvania,19013.0,East,OFF-SU-10000157,Office Supplies,Supplies,Compact Automatic Electric Letter Opener,190.896,2.0,0.2,-42.9516,Legacy,Approved,Check later
7088.0,US-2017-143175,8/3/2017,8/6/2017,Second Class,GA-14515,George Ashbrook,Consumer,United States,Los Angeles,California,90004.0,West,OFF-ST-10003123,Office Supplies,Storage,Fellowes Bases and Tops For Staxonsteel/High-Stak Systems,99.87,3.0,0.0,23.9688,ERP,Approved,
7089.0,CA-2015-105844,10/25/2015,10/27/2015,Second Class,JF-15415,Jennifer Ferguson,Consumer,United States,Sparks,Nevada,89431.0,West,OFF-AR-10001955,Office Supplies,Art,Newell 319,79.36,4.0,0.0,23.808,ERP,Pending,Urgent
7090.0,CA-2017-118864,6/15/2017,6/19/2017,Second Class,KH-16690,Kristen Hastings,Corporate,United States,Los Angeles,Cali,90032.0,West,TEC-PH-10001809,Technology,Phones,Panasonic KX T7736-B Digital phone,119.96,1.0,0.2,7.4975,Manual Upload,Rejected,Urgent
7091.0,CA-2015-119480,1/9/2015,1/13/2015,Standard Class,CC-12685,Craig Carroll,Consumer,United States,Henderson,Kentucky,42420.0,South,OFF-PA-10000474,Office Supplies,Paper,Easy-staple paper,106.32,3.0,0.0,49.9704,Legacy,,
7092.0,CA-2015-119480,1/9/2015,1/13/2015,Standard Class,CC-12685,Craig Carroll,Consumer,United States,Henderson,Kentucky,42420.0,South,OFF-AP-10001205,Office Supplies,Appliances,Belkin 5 Outlet SurgeMaster Power Centers,163.44,3.0,0.0,45.7632,ERP,Approved,Duplicate?
7093.0,CA-2015-119480,1/9/2015,1/13/2015,Standard Class,CC-12685,Craig Carroll,Consumer,United States,Henderson,Kentucky,42420.0,South,OFF-AR-10004691,Office Supplies,Art,Boston 1730 StandUp Electric Pencil Sharpener,42.76,2.0,0.0,11.1176,Legacy,Pending,
7094.0,CA-2015-119480,1/9/2015,1/13/2015,Standard Class,CC-12685,Craig Carroll,Consumer,United States,Henderson,Kentucky,42420.0,South,OFF-PA-10004996,Office Supplies,Paper,"Speediset Carbonless Redi-Letter 7"" x 8 1/2""",51.55,5.0,0.0,24.2285,CRM,Pending,Urgent
7095.0,US-2015-153374,2/9/2015,2/13/2015,Second Class,JF-15565,Jill Fjeld,Consumer,United States,Decatur,Illinois,62521.0,Central,TEC-AC-10001908,Technology,Accessories,Logitech Wireless Headset h800,479.952,6.0,0.2,89.991,ERP,Pending,Urgent
7096.0,CA-2016-101980,2016/08/19,8/20/2016,First Class,RP-19390,Resi Pölking,Consumer,United States,New York City,New York,10009.0,East,OFF-BI-10000666,Office Supplies,Binders,Surelock Post Binders,146.688,6.0,0.2,55.008,CRM,Pending,
7097.0,CA-2016-101980,8/19/2016,8/20/2016,First Class,RP-19390,Resi Pölking,Consumer,United States,New York City,New York,10009.0,East,OFF-BI-10004318,Office Supplies,Binders,Ibico EB-19 Dual Function Manual Binding System,276.784,2.0,0.2,89.9548,ERP,Rejected,Check later
7098.0,CA-2016-101980,8/19/2016,8/20/2016,First Class,RP-19390,Resi Pölking,Consumer,United States,New York City,New York,10009.0,East,OFF-BI-10003429,Office Supplies,Binders,"Cardinal HOLDit! Binder Insert Strips,Extra Strips",25.32,5.0,0.2,9.1785,Legacy,Pending,
7099.0,CA-2017-144596,11/6/2017,11/10/2017,Standard Class,CD-11980,Carol Darley,Consumer,United States,New York City,New York,10011.0,East,OFF-PA-10003302,Office Supplies,Paper,Xerox 1906,318.96,9.0,0.0,-9999.0,Manual Upload,Rejected,Duplicate?
7100.0,CA-2015-124933,12/26/2015,12/30/2015,Second Class,DF-13135,David Flashing,Consumer,United States,New York City,New York,10009.0,East,OFF-PA-10003302,Office Supplies,Paper,Xerox 1906,212.64,6.0,0.0,99.9408,Legacy,Pending,
7101.0,CA-2014-159625,11/23/2014,11/28/2014,Standard Class,SM-20005,Sally Matthias,Consumer,United States,Scottsdale,Arizona,85254.0,West,OFF-EN-10002621,Office Supplies,Envelopes,Staple envelope,23.472,3.0,0.2,8.802,Legacy,Pending,Duplicate?
7102.0,CA-2016-144337,8/1/2016,8/5/2016,Second Class,SG-20890,Susan Gilcrest,Corporate,United States,Amarillo,Texas,79109.0,Central,OFF-PA-10000249,Office Supplies,Paper,Easy-staple paper,19.648,2.0,0.2,6.6312,Manual Upload,Approved,
7103.0,CA-2014-117478,9/21/2014,9/24/2014,First Class,LH-16750,Larry Hughes,Consumer,United States,Philadelphia,Pennsylvania,19140.0,East,OFF-BI-10000050,Office Supplies,Binders,"Angle-D Binders with Locking Rings, Label Holders",6.57,3.0,0.7,-5.037,CRM,Approved,Urgent
7104.0,CA-2017-147410,9/4/2017,9/8/2017,Standard Class,EJ-14155,Eva Jacobs,Consumer,United States,Santa Ana,California,92704.0,West,OFF-ST-10003805,Office Supplies,Storage,"24 Capacity Maxi Data Binder Racks, Pearl",421.1,2.0,0.0,105.275,CRM,,Urgent
7105.0,CA-2017-128944,6/19/2017,6/21/2017,Second Class,KH-16330,Katharine Harms,Corporate,United States,Newark,Ohio,43055.0,East,FUR-CH-10000785,Furniture,Chairs,Global Ergonomic Managers Chair,760.116,6.0,0.3,-43.4352,ERP,Approved,
7106.0,CA-2017-128944,6/19/2017,6/21/2017,Second Class,KH-16330,Katharine Harms,Corporate,United States,Newark,Ohio,43055.0,East,FUR-FU-10004909,Furniture,Furnishings,Contemporary Wood/Metal Frame,38.784,3.0,0.2,7.272,CRM,Pending,
7107.0,CA-2017-128944,6/19/2017,6/21/2017,Second Class,KH-16330,Katharine Harms,Corporate,United States,Newark,Ohio,43055.0,East,TEC-AC-10001553,Technology,Accessories,"Memorex 25GB 6X Branded Blu-Ray Recordable Disc, 15/Pack",122.328,9.0,0.2,1.5291,CRM,Pending,Check later
7108.0,CA-2016-109666,4/19/2016,4/26/2016,Standard Class,KM-16720,Kunst Miller,Consumer,United States,New York City,New York,10035.0,East,TEC-PH-10004774,Technology,Phones,Gear Head AU3700S Headset,25.98,2.0,0.0,0.7794,CRM,Pending,Check later
7109.0,CA-2016-109666,4/19/2016,4/26/2016,Standard Class,KM-16720,Kunst Miller,Consumer,United States,New York City,New York,10035.0,East,OFF-AR-10004582,Office Supplies,Art,BIC Brite Liner Grip Highlighters,3.28,2.0,0.0,1.476,Legacy,Pending,
7110.0,CA-2016-109666,4/19/2016,4/26/2016,Standard Class,KM-16720,Kunst Miller,Consumer,United States,New York City,New York,10035.0,East,OFF-ST-10000991,Office Supplies,Storage,Space Solutions HD Industrial Steel Shelving.,459.88,4.0,0.0,13.7964,ERP,,
7111.0,CA-2016-109666,4/19/2016,4/26/2016,Standard Class,KM-16720,Kunst Miller,Consumer,United States,New York City,New York,10035.0,East,OFF-SU-10002522,Office Supplies,Supplies,Acme Kleen Earth Office Shears,7.76,2.0,0.0,2.2504,ERP,Pending,Check later
7112.0,CA-2016-109666,4/19/2016,4/26/2016,Standard Class,KM-16720,Kunst Miller,Consumer,United States,New York City,New York,10035.0,East,OFF-AR-10004022,Office Supplies,Art,Panasonic KP-380BK Classic Electric Pencil Sharpener,71.96,2.0,0.0,17.99,Legacy,Pending,
7113.0,CA-2016-109666,4/19/2016,4/26/2016,Standard Class,KM-16720,Kunst Miller,Consumer,United States,New York City,New York,10035.0,East,OFF-SU-10001218,Office Supplies,Supplies,Fiskars Softgrip Scissors,54.9,5.0,0.0,15.372,CRM,Rejected,
7114.0,CA-2016-109666,4/19/2016,4/26/2016,Standard Class,KM-16720,Kunst Miller,Consumer,United States,New York City,New York,10035.0,East,OFF-BI-10000174,Office Supplies,Binders,"Wilson Jones Clip & Carry Folder Binder Tool for Ring Binders, Clear",9.28,2.0,0.2,3.248,ERP,,
7115.0,US-2016-102239,5/5/2016,5/6/2016,First Class,LW-16990,Lindsay Williams,Corporate,United States,Henderson,Nevada,89015.0,West,FUR-TA-10003392,Furniture,Tables,Global Adaptabilities Conference Tables,1685.88,6.0,0.0,320.3172,CRM,Pending,
7116.0,US-2016-102239,5/5/2016,5/6/2016,First Class,LW-16990,Lindsay Williams,Corporate,United States,Henderson,Nevada,89015.0,West,OFF-BI-10001890,Office Supplies,Binders,Avery Poly Binder Pockets,5.728,2.0,0.2,2.0048,Manual Upload,,Check later
7117.0,CA-2014-143168,10/18/2014,10/23/2014,Second Class,IG-15085,Ivan Gibson,Consumer,United States,Seattle,Washington,98103.0,West,OFF-PA-10000167,Office Supplies,Paper,Xerox 1925,61.96,2.0,0.0,27.882,Manual Upload,Approved,
7118.0,CA-2014-143168,10/18/2014,10/23/2014,Second Class,IG-15085,Ivan Gibson,Consumer,United States,Seattle,Washington,98103.0,West,OFF-BI-10003784,Office Supplies,Binders,Computer Printout Index Tabs,1.344,1.0,0.2,0.4704,CRM,,Duplicate?
7119.0,CA-2017-104906,2/13/2017,2/17/2017,Standard Class,JP-15460,Jennifer Patt,Corporate,United States,New York City,New York,10009.0,East,OFF-PA-10001184,Office Supplies,Paper,Xerox 1903,17.94,3.0,0.0,8.7906,CRM,Rejected,Urgent
7120.0,CA-2017-118122,11/17/2017,11/24/2017,Standard Class,GG-14650,Greg Guthrie,Corporate,United States,Seattle,Washington,98103.0,West,OFF-BI-10002103,Office Supplies,Binders,"Cardinal Slant-D Ring Binder, Heavy Gauge Vinyl",13.904,2.0,0.2,4.5188,CRM,Rejected,Check later
7121.0,US-2014-147774,1/20/2014,1/26/2014,Standard Class,MM-18280,Muhammed MacIntyre,Corporate,United States,Smyrna,Tennessee,37167.0,South,OFF-BI-10003091,Office Supplies,Binders,GBC DocuBind TL200 Manual Binding Machine,67.194,1.0,0.7,-51.5154,Legacy,Rejected,
7122.0,CA-2017-166926,12/1/2017,12/8/2017,Standard Class,SO-20335,Sean O'Donnell,Consumer,United States,Seattle,Washington,98105.0,West,OFF-PA-10001593,Office Supplies,Paper,Xerox 1947,41.86,7.0,0.0,18.837,ERP,Rejected,
7123.0,CA-2017-166926,12/1/2017,12/8/2017,Standard Class,SO-20335,Sean O'Donnell,Consumer,United States,Seattle,Washington,98105.0,West,FUR-BO-10002598,Furniture,Bookcases,"Hon Metal Bookcases, Putty",141.96,2.0,0.0,41.1684,CRM,Pending,
7124.0,CA-2015-128013,8/9/2015,8/16/2015,Standard Class,MF-18250,Monica Federle,Corporate,United States,New York City,New York,10035.0,East,FUR-FU-10000320,Furniture,Furnishings,OIC Stacking Trays,10.02,3.0,0.0,4.4088,CRM,Pending,Urgent
7125.0,CA-2015-128013,8/9/2015,8/16/2015,Standard Class,MF-18250,Monica Federle,Corporate,United States,New York City,New York,10035.0,East,OFF-PA-10001815,Office Supplies,Paper,Xerox 1885,144.12,3.0,0.0,69.1776,CRM,,
7126.0,CA-2016-123176,9/27/2016,9/29/2016,Second Class,JG-15160,James Galang,Consumer,United States,Atlanta,Georgia,30318.0,South,OFF-PA-10003971,Office Supplies,Paper,Xerox 1965,17.94,3.0,0.0,8.7906,CRM,Rejected,
7127.0,CA-2016-123176,9/27/2016,9/29/2016,Second Class,JG-15160,James Galang,Consumer,United States,Atlanta,Georgia,30318.0,South,OFF-AR-10004685,Office Supplies,Art,"Binney & Smith Crayola Metallic Colored Pencils, 8-Color Set",13.89,3.0,0.0,4.5837,CRM,Rejected,Check later
7128.0,US-2016-117541,11/14/2016,11/20/2016,Standard Class,JM-16195,Justin MacKendrick,Consumer,United States,Newark,Delaware,19711.0,East,OFF-PA-10001609,Office Supplies,Paper,Tops Wirebound Message Log Books,16.45,5.0,0.0,7.567,Legacy,Rejected,Urgent
7129.0,US-2016-117541,11/14/2016,20/11/2016,Standard Class,JM-16195,Justin MacKendrick,Consumer,United States,Newark,Delaware,19711.0,East,FUR-FU-10000550,Furniture,Furnishings,Stacking Trays by OIC,19.92,4.0,0.0,6.5736,Legacy,Approved,
7130.0,CA-2016-166282,4/16/2016,4/22/2016,Standard Class,PK-19075,Pete Kriz,Consumer,United States,Nashville,Tennessee,37211.0,South,TEC-AC-10004209,Technology,Accessories,Memorex Froggy Flash Drive 4 GB,35.168,4.0,0.2,8.3524,Manual Upload,Rejected,
7131.0,CA-2016-166282,4/16/2016,4/22/2016,Standard Class,PK-19075,Pete Kriz,Consumer,United States,Nashville,Tennessee,37211.0,South,OFF-PA-10003022,Office Supplies,Paper,Standard Line While You Were Out Hardbound Telephone Message Book,123.088,7.0,0.2,40.0036,CRM,Rejected,Duplicate?
7132.0,CA-2017-141439,11/26/2017,12/1/2017,Standard Class,TT-21460,Tonja Turnell,Home Office,United States,Richmond,Indiana,47374.0,Central,FUR-TA-10001039,Furniture,Tables,KI Adjustable-Height Table,257.94,3.0,0.0,67.0644,CRM,Pending,Urgent
7133.0,CA-2017-141439,11/26/2017,12/1/2017,Standard Class,TT-21460,Tonja Turnell,Home Office,United States,Richmond,Indiana,47374.0,Central,TEC-PH-10002624,Technology,Phones,Samsung Galaxy S4 Mini,1879.96,4.0,0.0,545.1884,ERP,Pending,Urgent
7134.0,CA-2017-141439,11/26/2017,12/1/2017,Standard Class,TT-21460,Tonja Turnell,Home Office,United States,Richmond,Indiana,47374.0,Central,FUR-FU-10001473,Furniture,Furnishings,DAX Wood Document Frame,27.46,2.0,0.0,9.8856,Legacy,Approved,
7135.0,CA-2017-141439,11/26/2017,12/1/2017,Standard Class,TT-21460,Tonja Turnell,Home Office,United States,Richmond,Indiana,47374.0,Central,TEC-PH-10001819,Technology,Phones,Innergie mMini Combo Duo USB Travel Charging Kit,89.98,2.0,0.0,43.1904,Legacy,,Urgent
7136.0,CA-2017-141439,11/26/2017,12/1/2017,Standard Class,TT-21460,Tonja Turnell,Home Office,United States,Richmond,Indiana,47374.0,Central,FUR-CH-10004287,Furniture,Chairs,SAFCO Arco Folding Chair,828.6,3.0,0.0,240.294,ERP,Rejected,
7137.0,CA-2015-163965,11/20/2015,11/27/2015,Standard Class,SS-20875,Sung Shariari,Consumer,United States,Miami,Florida,33180.0,South,OFF-BI-10004728,Office Supplies,Binders,Wilson Jones Turn Tabs Binder Tool for Ring Binders,7.23,5.0,0.7,-5.784,Manual Upload,Pending,
7138.0,CA-2015-163965,11/20/2015,11/27/2015,Standard Class,SS-20875,Sung Shariari,Consumer,United States,Miami,Florida,33180.0,South,OFF-ST-10000918,Office Supplies,Storage,Crate-A-Files,17.44,2.0,0.2,1.308,ERP,Pending,
7139.0,CA-2015-163965,11/20/2015,11/27/2015,Standard Class,SS-20875,Sung Shariari,Consumer,United States,Miami,Florida,33180.0,South,OFF-BI-10004593,Office Supplies,Binders,Ibico Laser Imprintable Binding System Covers,62.88,4.0,0.7,-50.304,Legacy,Rejected,Urgent
7140.0,CA-2015-163965,11/20/2015,11/27/2015,Standard Class,SS-20875,Sung Shariari,Consumer,United States,Miami,Florida,33180.0,South,FUR-BO-10001337,Furniture,Bookcases,O'Sullivan Living Dimensions 2-Shelf Bookcases,290.352,3.0,0.2,-36.294,Legacy,Pending,Urgent
7141.0,CA-2017-128783,9/7/2017,9/7/2017,Same Day,TG-21640,Trudy Glocke,Consumer,United States,Saint Charles,Missouri,63301.0,Central,TEC-AC-10002473,Technology,Accessories,Maxell 4.7GB DVD-R,113.52,4.0,0.0,46.5432,CRM,,
7142.0,CA-2017-128783,9/7/2017,9/7/2017,Same Day,TG-21640,Trudy Glocke,Consumer,United States,Saint Charles,Missouri,63301.0,Central,FUR-FU-10003623,Furniture,Furnishings,"DataProducts Ampli Magnifier Task Lamp, Black,",135.3,5.0,0.0,37.884,CRM,Rejected,
7143.0,CA-2014-122217,11/24/2014,29/11/2014,Standard Class,HP-14815,Harold Pawlan,Home Office,United States,Virginia Beach,Virginia,23464.0,South,FUR-FU-10002045,Furniture,Furnishings,"Executive Impressions 14""",111.15,5.0,0.0,48.906,Legacy,Pending,Duplicate?
7144.0,US-2017-141558,3/11/2017,3/16/2017,Standard Class,MH-17290,Marc Harrigan,Home Office,United States,Philadelphia,Pennsylvania,19140.0,East,TEC-PH-10002555,Technology,Phones,Nortel Meridian M5316 Digital phone,776.85,5.0,0.4,-181.265,CRM,Pending,
7145.0,US-2017-141558,3/11/2017,3/16/2017,Standard Class,MH-17290,Marc Harrigan,Home Office,United States,Philadelphia,Pennsylvania,19140.0,East,OFF-BI-10002794,Office Supplies,Binders,"Avery Trapezoid Ring Binder, 3"" Capacity, Black, 1040 sheets",12.294,1.0,0.7,-8.6058,ERP,Rejected,Urgent
7146.0,US-2017-141558,3/11/2017,3/16/2017,Standard Class,MH-17290,Marc Harrigan,Home Office,United States,Philadelphia,Pennsylvania,19140.0,East,FUR-TA-10004086,Furniture,Tables,KI Adjustable-Height Table,154.764,3.0,0.4,-46.4292,CRM,Approved,Duplicate?
7147.0,US-2017-141558,3/11/2017,3/16/2017,Standard Class,MH-17290,Marc Harrigan,Home Office,United States,Philadelphia,Pennsylvania,19140.0,East,OFF-ST-10004946,Office Supplies,Storage,Desktop 3-Pocket Hot File,43.28,1.0,0.2,3.246,CRM,Rejected,Urgent
7148.0,CA-2016-139941,6/12/2016,6/17/2016,Standard Class,CB-12415,Christy Brittain,Consumer,United States,Long Beach,New York,11561.0,East,OFF-PA-10000241,Office Supplies,Paper,"IBM Multi-Purpose Copy Paper, 8 1/2 x 11"", Case",92.94,3.0,0.0,41.823,Manual Upload,Approved,
7149.0,CA-2016-139941,6/12/2016,6/17/2016,Standard Class,CB-12415,Christy Brittain,Consumer,United States,Long Beach,New York,11561.0,East,OFF-AP-10004036,Office Supplies,Appliances,Bionaire 99.97% HEPA Air Cleaner,52.56,3.0,0.0,18.396,Legacy,Rejected,Duplicate?
7150.0,CA-2015-166583,6/26/2015,Jun 30 2015,Standard Class,VD-21670,Valerie Dominguez,Consumer,United States,Houston,Texas,77070.0,Central,TEC-PH-10001578,Technology,Phones,Polycom SoundStation2 EX Conference phone,971.88,3.0,0.2,109.3365,ERP,,
7151.0,CA-2017-100412,12/22/2017,12/26/2017,Standard Class,SR-20425,Sharelle Roach,Home Office,United States,Tuscaloosa,Alabama,35401.0,South,FUR-CH-10002647,Furniture,Chairs,"Situations Contoured Folding Chairs, 4/Set",141.96,2.0,0.0,35.49,Manual Upload,Rejected,
7152.0,CA-2017-142909,12/22/2017,12/25/2017,Second Class,AG-10330,Alex Grayson,Consumer,United States,Mesa,Arizona,85204.0,West,FUR-TA-10003008,Furniture,Tables,"Lesro Round Back Collection Coffee Table, End Table",182.55,2.0,0.5,-135.087,CRM,Approved,Duplicate?
7153.0,CA-2014-137911,10/9/2014,10/15/2014,Standard Class,BP-11095,Bart Pistole,Corporate,United States,Jacksonville,North Carolina,28540.0,South,OFF-PA-10004071,Office Supplies,Paper,"Eaton Premium Continuous-Feed Paper, 25% Cotton, Letter Size, White, 1000 Shts/Box",88.768,2.0,0.2,31.0688,ERP,Rejected,Duplicate?
7154.0,CA-2015-106208,12/10/2015,12/15/2015,Standard Class,JW-16075,Julia West,Consumer,United States,Chicago,Illinois,60610.0,Central,OFF-AP-10004980,Office Supplies,Appliances,3M Replacement Filter for Office Air Cleaner for 20' x 33' Room,53.088,7.0,0.8,-108.8304,Manual Upload,,Check later
7155.0,US-2015-136749,12/25/2015,12/27/2015,Second Class,LH-16900,Lena Hernandez,Consumer,United States,Columbus,Georgia,31907.0,South,FUR-FU-10000747,Furniture,Furnishings,Tenex B1-RE Series Chair Mats for Low Pile Carpets,275.88,6.0,0.0,46.8996,Manual Upload,Pending,Duplicate?
7156.0,US-2015-136749,12/25/2015,12/27/2015,Second Class,LH-16900,Lena Hernandez,Consumer,United States,Columbus,Georgia,31907.0,South,OFF-BI-10004492,Office Supplies,Binders,Tuf-Vin Binders,157.9,5.0,0.0,74.213,Legacy,Approved,
7157.0,CA-2017-126718,29-04-2017,5/4/2017,Standard Class,KT-16480,Kean Thornton,Consumer,United States,Orange,New Jersey,7050.0,East,OFF-LA-10004055,Office Supplies,Labels,Color-Coded Legal Exhibit Labels,4.91,1.0,0.0,2.4059,Legacy,Pending,
7158.0,CA-2016-131380,3/28/2016,3/31/2016,Second Class,CC-12220,Chris Cortes,Consumer,United States,Los Angeles,California,90032.0,West,OFF-ST-10002485,Office Supplies,Storage,Rogers Deluxe File Chest,87.92,4.0,0.0,0.8792,CRM,Rejected,Duplicate?
7159.0,CA-2016-131380,3/28/2016,3/31/2016,Second Class,CC-12220,Chris Cortes,Consumer,United States,Los Angeles,California,90032.0,West,OFF-PA-10001243,Office Supplies,Paper,Xerox 1983,5.98,1.0,0.0,2.9302,CRM,Approved,Urgent
7160.0,CA-2015-145835,5/13/2015,5/18/2015,Second Class,BF-11170,Ben Ferrer,Home Office,United States,Chicago,Illinois,60623.0,Central,TEC-PH-10004447,Technology,Phones,Toshiba IPT2010-SD IP Telephone,222.384,2.0,0.2,16.6788,CRM,Rejected,Duplicate?
7161.0,CA-2015-145835,5/13/2015,5/18/2015,Second Class,BF-11170,Ben Ferrer,Home Office,United States,Chicago,Illinois,60623.0,Central,OFF-FA-10002280,Office Supplies,Fasteners,Advantus Plastic Paper Clips,16.0,4.0,0.2,5.6,ERP,Rejected,
7162.0,CA-2014-138709,7/4/2014,Jul 09 2014,Standard Class,MS-17770,Maxwell Schwartz,Consumer,United States,Richmond,Virginia,23223.0,South,OFF-PA-10004734,Office Supplies,Paper,Southworth Structures Collection,21.84,3.0,0.0,10.92,Legacy,Approved,Check later
7163.0,CA-2014-138709,7/4/2014,7/9/2014,standard class,MS-17770,Maxwell Schwartz,Consumer,United States,Richmond,Virginia,23223.0,South,OFF-BI-10000145,Office Supplies,Binders,Zipper Ring Binder Pockets,15.6,5.0,0.0,7.644,Manual Upload,Pending,Urgent
7164.0,CA-2014-122070,4/22/2014,4/24/2014,Second Class,AH-10030,Aaron Hawkins,Corporate,United States,Troy,New York,12180.0,East,OFF-EN-10004773,Office Supplies,Envelopes,Staple envelope,247.84,8.0,0.0,121.4416,Legacy,Pending,
7165.0,CA-2014-122070,4/22/2014,4/24/2014,Second Class,AH-10030,Aaron Hawkins,Corporate,United States,Troy,New York,12180.0,East,OFF-BI-10004970,Office Supplies,Binders,"ACCOHIDE 3-Ring Binder, Blue, 1""",9.912,3.0,0.2,3.3453,CRM,Pending,
7166.0,CA-2016-158610,9/19/2016,9/22/2016,First Class,CK-12595,Clytie Kelty,Consumer,United States,Providence,Rhode Island,2908.0,East,OFF-ST-10000604,Office Supplies,Storage,Home/Office Personal File Carts,69.52,2.0,0.0,17.38,CRM,Rejected,Check later
7167.0,CA-2014-117464,7/22/2014,7/24/2014,Second Class,NP-18325,Naresj Patel,Consumer,United States,San Francisco,California,94122.0,West,OFF-AR-10003190,Office Supplies,Art,Newell 32,11.52,4.0,0.0,3.2256,ERP,,
7168.0,CA-2014-117464,7/22/2014,7/24/2014,Second Class,NP-18325,Naresj Patel,Consumer,United States,San Francisco,California,94122.0,West,FUR-CH-10000155,Furniture,Chairs,Global Comet Stacking Armless Chair,717.72,3.0,0.2,71.772,Legacy,Pending,Urgent
7169.0,CA-2014-117464,7/22/2014,7/24/2014,Second Class,NP-18325,Naresj Patel,Consumer,United States,San Francisco,California,94122.0,West,OFF-ST-10003058,Office Supplies,Storage,Eldon Mobile Mega Data Cart  Mega Stackable  Add-On Trays,236.5,10.0,0.0,68.585,ERP,,Check later
7170.0,CA-2014-117464,7/22/2014,7/24/2014,Second Class,NP-18325,Naresj Patel,Consumer,United States,San Francisco,Cali,94122.0,West,FUR-TA-10004767,Furniture,Tables,Safco Drafting Table,170.352,3.0,0.2,19.1646,CRM,,Check later
7171.0,US-2017-168613,10/8/2017,10/14/2017,Standard Class,GM-14440,Gary McGarr,Consumer,United States,New York City,New York,10009.0,East,FUR-CH-10002372,Furniture,Chairs,Office Star - Ergonomically Designed Knee Chair,145.764,2.0,0.1,3.2392,Legacy,,
7172.0,CA-2017-125381,4/25/2017,4/27/2017,Second Class,SG-20605,Speros Goranitis,Consumer,United States,San Francisco,California,94109.0,West,TEC-AC-10000158,Technology,Accessories,Sony 64GB Class 10 Micro SDHC R40 Memory Card,107.97,3.0,0.0,22.6737,ERP,Pending,Duplicate?
7173.0,US-2017-141677,3/26/2017,3/30/2017,Standard Class,HK-14890,Heather Kirkland,Corporate,United States,Houston,Texas,77070.0,Central,TEC-AC-10000158,Technology,Accessories,Sony 64GB Class 10 Micro SDHC R40 Memory Card,143.96,5.0,0.2,1.7995,CRM,,
7174.0,US-2017-141677,3/26/2017,3/30/2017,Standard Class,HK-14890,Heather Kirkland,Corporate,United States,Houston,Texas,77070.0,Central,TEC-CO-10002313,Technology,Copiers,Canon PC1080F Personal Copier,2399.96,5.0,0.2,569.9905,ERP,Pending,
7175.0,US-2017-141677,3/26/2017,3/30/2017,Standard Class,HK-14890,Heather Kirkland,Corporate,United States,Houston,Texas,77070.0,Central,OFF-PA-10002581,Office Supplies,Paper,Xerox 1951,74.352,3.0,0.2,23.235,Manual Upload,Pending,Urgent
7176.0,US-2017-141677,3/26/2017,3/30/2017,Standard Class,HK-14890,Heather Kirkland,Corporate,United States,Houston,Texas,77070.0,Central,OFF-AP-10001205,Office Supplies,Appliances,Belkin 5 Outlet SurgeMaster Power Centers,87.168,8.0,0.8,-226.6368,CRM,Approved,Check later
7177.0,US-2017-141677,3/26/2017,3/30/2017,Standard Class,HK-14890,Heather Kirkland,Corporate,United States,Houston,Texas,77070.0,Central,OFF-ST-10000344,Office Supplies,Storage,"Neat Ideas Personal Hanging Folder Files, Black",32.232,3.0,0.2,2.4174,Legacy,Approved,Urgent
7178.0,CA-2017-133067,5/4/2017,5/10/2017,Standard Class,MY-18295,Muhammed Yedwab,Corporate,United States,Philadelphia,Pennsylvania,19140.0,East,OFF-BI-10002897,Office Supplies,Binders,"Black Avery Memo-Size 3-Ring Binder, 5 1/2"" x 8 1/2""",2.202,2.0,0.7,-1.5414,CRM,Approved,Duplicate?
7179.0,CA-2017-133067,5/4/2017,5/10/2017,Standard Class,MY-18295,Muhammed Yedwab,Corporate,United States,Philadelphia,Pennsylvania,19140.0,East,OFF-BI-10003694,Office Supplies,Binders,"Avery 3 1/2"" Diskette Storage Pages, 10/Pack",9.396,3.0,0.7,-7.5168,ERP,Pending,Urgent
7180.0,US-2016-144351,11/14/2016,11/18/2016,Standard Class,RC-19960,Ryan Crowe,Consumer,United States,Baltimore,Maryland,21215.0,East,TEC-PH-10001644,Technology,Phones,"BlueLounge Milo Smartphone Stand, White/Metallic",89.97,3.0,0.0,25.1916,CRM,,Duplicate?
7181.0,CA-2014-106054,1/6/2014,1/7/2014,First Class,JO-15145,Jack O'Briant,Corporate,United States,Athens,Georgia,30605.0,South,OFF-AR-10002399,Office Supplies,Art,"Dixon Prang Watercolor Pencils, 10-Color Set with Brush",12.78,3.0,0.0,5.2398,Legacy,Pending,Duplicate?
7182.0,CA-2016-138667,12/27/2016,12/30/2016,Second Class,MW-18220,Mitch Webber,Consumer,United States,Lancaster,Ohio,43130.0,East,TEC-AC-10003063,Technology,Accessories,Micro Innovations USB RF Wireless Keyboard with Mouse,40.0,2.0,0.2,0.5,Legacy,Pending,Urgent
7183.0,CA-2017-150609,4/30/2017,5/4/2017,Standard Class,NZ-18565,Nick Zandusky,HOME OFFICE,United States,Los Angeles,California,90032.0,West,OFF-BI-10002071,Office Supplies,Binders,Fellowes Black Plastic Comb Bindings,23.24,5.0,0.2,7.553,CRM,Approved,
7184.0,CA-2017-128853,4/21/2017,4/23/2017,First Class,JM-15250,Janet Martin,Consumer,United States,Baltimore,Maryland,21215.0,East,FUR-CH-10004218,Furniture,Chairs,"Global Fabric Manager's Chair, Dark Gray",908.82,9.0,0.0,227.205,CRM,,Duplicate?
7185.0,CA-2017-133102,8/17/2017,8/24/2017,Standard Class,ED-13885,Emily Ducich,Home Office,United States,Houston,Texas,77095.0,Central,OFF-SU-10000432,Office Supplies,Supplies,Acco Side-Punched Conventional Columnar Pads,5.552,2.0,0.2,-1.041,Manual Upload,Approved,Urgent
7186.0,CA-2017-133102,8/17/2017,8/24/2017,Standard Class,ED-13885,Emily Ducich,Home Office,United States,Houston,Texas,77095.0,Central,OFF-AR-10003183,Office Supplies,Art,Avery Fluorescent Highlighter Four-Color Set,8.016,3.0,0.2,1.002,CRM,Pending,
7187.0,CA-2017-133102,8/17/2017,8/24/2017,Standard Class,ED-13885,Emily Ducich,Home Office,United States,Houston,Texas,77095.0,Central,FUR-CH-10002017,Furniture,Chairs,SAFCO Optional Arm Kit for Workspace Cribbage Stacking Chair,74.592,4.0,0.3,-2.1312,ERP,,Urgent
7188.0,CA-2017-133102,8/17/2017,8/24/2017,Standard Class,ED-13885,Emily Ducich,Home Office,United States,Houston,Texas,00000,Central,FUR-FU-10003247,Furniture,Furnishings,36X48 HARDFLOOR CHAIRMAT,16.784,2.0,0.6,-22.2388,CRM,Approved,Check later
7189.0,CA-2017-133102,8/17/2017,8/24/2017,Standard Class,ED-13885,Emily Ducich,Home Office,United States,Houston,Texas,77095.0,Central,OFF-AP-10001563,Office Supplies,Appliances,Belkin Premiere Surge Master II 8-outlet surge protector,38.864,4.0,0.8,-99.1032,Manual Upload,Approved,
7190.0,CA-2016-164399,12 Nov 2016,11/15/2016,First Class,DW-13480,Dianna Wilson,Home Office,United States,San Diego,California,92024.0,West,TEC-PH-10004908,Technology,Phones,Panasonic KX TS3282W Corded phone,203.976,3.0,0.2,25.497,Legacy,Rejected,Check later
7191.0,CA-2016-164399,11/12/2016,11/15/2016,First Class,DW-13480,Dianna Wilson,Home Office,United States,San Diego,California,92024.0,West,FUR-TA-10003392,Furniture,Tables,Global Adaptabilities Conference Tables,674.352,3.0,0.2,-8.4294,Legacy,Pending,Check later
7192.0,CA-2016-116918,10/1/2016,10/6/2016,Second Class,JK-15205,Jamie Kunitz,Consumer,United States,Hialeah,Florida,33012.0,South,OFF-BI-10004140,Office Supplies,Binders,Avery Non-Stick Binders,5.388,4.0,0.7,-4.49,ERP,Pending,Urgent
7193.0,CA-2016-116918,10/1/2016,10/6/2016,Second Class,JK-15205,Jamie Kunitz,Consumer,United States,Hialeah,Florida,33012.0,South,OFF-AR-10003631,Office Supplies,Art,Staples in misc. colors,30.976,8.0,0.2,5.0336,CRM,Rejected,
7194.0,CA-2016-110492,2/12/2016,2/14/2016,First Class,JS-15880,John Stevenson,Consumer,United States,Atlanta,Georgia,30318.0,South,OFF-ST-10003716,Office Supplies,Storage,Tennsco Double-Tier Lockers,1350.12,6.0,0.0,175.5156,Legacy,Pending,Duplicate?
7195.0,CA-2016-110492,2/12/2016,2/14/2016,First Class,JS-15880,John Stevenson,Consumer,United States,Atlanta,Georgia,30318.0,South,OFF-BI-10003274,Office Supplies,Binders,"Avery Durable Slant Ring Binders, No Labels",15.92,4.0,0.0,7.4824,Legacy,,Urgent
7196.0,CA-2016-147683,11/13/2016,11/17/2016,Standard Class,PO-19180,Philisse Overcash,Home Office,United States,Seattle,Washington,98103.0,West,FUR-FU-10004848,Furniture,Furnishings,DAX Solid Wood Frames,19.54,2.0,0.0,7.2298,CRM,,
7197.0,CA-2014-116785,4/26/2014,4/30/2014,Standard Class,MH-17290,Marc Harrigan,Home Office,United States,Los Angeles,California,90036.0,West,OFF-AR-10003504,Office Supplies,Art,Newell 347,21.4,5.0,0.0,6.206,Legacy,Rejected,Duplicate?
7198.0,CA-2014-116785,4/26/2014,4/30/2014,Standard Class,MH-17290,Marc Harrigan,Home Office,United States,Los Angeles,California,90036.0,West,OFF-LA-10000305,Office Supplies,Labels,Avery 495,12.6,2.0,0.0,5.796,Legacy,Rejected,
7199.0,US-2015-156797,8/11/2015,8/15/2015,Standard Class,PO-19180,Philisse Overcash,Home Office,United States,New York City,New York,10035.0,East,OFF-AR-10001427,Office Supplies,Art,Newell 330,11.96,2.0,0.0,3.1096,ERP,Rejected,Urgent
7200.0,US-2015-156797,8/11/2015,8/15/2015,Standard Class,PO-19180,Philisse Overcash,Home Office,United States,New York City,New York,10035.0,East,TEC-PH-10004614,Technology,Phones,AT&T 841000 Phone,138.0,2.0,0.0,34.5,ERP,Approved,Check later
7201.0,CA-2016-104276,11/27/2016,12/3/2016,Standard Class,HF-14995,Herbert Flentye,Consumer,United States,Fort Lauderdale,Florida,33311.0,South,TEC-PH-10001944,Technology,Phones,Wi-Ex zBoost YX540 Cellular Phone Signal Booster,116.76,1.0,0.2,14.595,Manual Upload,,Urgent
7202.0,CA-2016-104276,11/27/2016,12/3/2016,Standard Class,HF-14995,HerbertFlentye,Consumer,United States,Fort Lauderdale,Florida,33311.0,South,FUR-TA-10001039,Furniture,Tables,KI Adjustable-Height Table,331.023,7.0,0.45,-114.3534,Legacy,Pending,
7203.0,CA-2016-120369,10/28/2016,10/28/2016,Same Day,VB-21745,Victoria Brennan,Corporate,United States,Rochester,New York,14609.0,East,FUR-FU-10003806,Furniture,Furnishings,"Tenex Chairmat w/ Average Lip, 45"" x 53""",756.8,5.0,0.0,75.68,CRM,,
7204.0,CA-2014-118276,12/29/2014,1/2/2015,Standard Class,MG-17890,Michael Granlund,Home Office,United States,Saint Charles,Illinois,60174.0,Central,FUR-FU-10002111,Furniture,Furnishings,"Master Caster Door Stop, Large Brown",8.736,3.0,0.6,-4.8048,CRM,Pending,Duplicate?
7205.0,CA-2015-136658,9/10/2015,9/17/2015,Standard Class,BO-11425,Bobby Odegard,Consumer,United States,New York City,New York,10024.0,East,OFF-AR-10000817,Office Supplies,Art,Manco Dry-Lighter Erasable Highlighter,6.08,2.0,0.0,2.0672,Manual Upload,Approved,
7206.0,CA-2017-137414,10/2/2017,10/6/2017,Standard Class,CM-12115,Chad McGuire,Consumer,United States,San Francisco,California,94109.0,West,FUR-FU-10001424,Furniture,Furnishings,Dax Clear Box Frame,17.46,2.0,0.0,5.9364,Manual Upload,Approved,Urgent
7207.0,CA-2017-137414,10/2/2017,10/6/2017,Standard Class,CM-12115,Chad McGuire,Consumer,United States,San Francisco,California,94109.0,West,TEC-MA-10002930,Technology,Machines,Ricoh - Ink Collector Unit for GX3000 Series Printers,369.16,11.0,0.2,32.3015,Legacy,Approved,
7208.0,CA-2016-143476,9/11/2016,9/13/2016,First Class,LC-16930,Linda Cazamias,Corporate,United States,Phoenix,Arizona,85023.0,West,OFF-AR-10003759,Office Supplies,Art,"Crayola Anti Dust Chalk, 12/Pack",2.912,2.0,0.2,0.91,Legacy,,Check later
7209.0,CA-2016-143476,9/11/2016,9/13/2016,First Class,LC-16930,Linda Cazamias,Corporate,United States,Phoenix,Arizona,85023.0,West,OFF-PA-10001837,Office Supplies,Paper,Xerox 1976,20.736,4.0,0.2,7.2576,Manual Upload,Approved,Urgent
7210.0,CA-2016-143476,9/11/2016,9/13/2016,First Class,LC-16930,Linda Cazamias,Corporate,United States,Phoenix,Arizona,85023.0,West,OFF-PA-10001667,Office Supplies,Paper,Great White Multi-Use Recycled Paper (20Lb. and 84 Bright),9.568,2.0,0.2,2.99,Legacy,,
7211.0,US-2016-119046,6/2/2016,6/6/2016,Standard Class,EH-13765,Edward Hooks,corporate,United States,Seattle,Washington,98115.0,West,OFF-PA-10000246,Office Supplies,Paper,Riverleaf Stik-Withit Designer Note Cubes,30.18,3.0,0.0,13.8828,Legacy,,
7212.0,US-2016-119046,6/2/2016,6/6/2016,Standard Class,EH-13765,Edward Hooks,Corporate,United States,Seattle,Washington,98115.0,West,OFF-BI-10001078,Office Supplies,Binders,"Acco PRESSTEX Data Binder with Storage Hooks, Dark Blue, 14 7/8"" X 11""",51.648,12.0,0.2,18.7224,ERP,Pending,Check later
7213.0,US-2016-119046,6/2/2016,6/6/2016,Standard Class,EH-13765,Edward Hooks,Corporate,United States,Seattle,Washington,98115.0,West,OFF-BI-10000138,Office Supplies,Binders,Acco Translucent Poly Ring Binders,11.232,3.0,0.2,3.9312,Legacy,Rejected,
7214.0,CA-2017-154949,10/15/2017,10/19/2017,Standard Class,MC-17275,Marc Crier,Consumer,United States,Camarillo,California,93010.0,West,OFF-LA-10002034,Office Supplies,Labels,Avery 478,14.73,3.0,0.0,7.2177,CRM,Pending,
7215.0,CA-2015-103072,9/27/2015,9/30/2015,Second Class,HW-14935,Helen Wasserman,Corporate,United States,Detroit,Michigan,48205.0,Central,OFF-AR-10000127,Office Supplies,Art,Newell 321,16.4,5.0,0.0,4.756,ERP,Approved,Duplicate?
7216.0,CA-2015-103072,9/27/2015,9/30/2015,Second Class,HW-14935,Helen Wasserman,Corporate,United States,Detroit,Michigan,48205.0,Central,OFF-PA-10003172,Office Supplies,Paper,Xerox 1996,25.92,4.0,0.0,12.4416,Manual Upload,Pending,
7217.0,CA-2015-150770,5/3/2015,5/6/2015,First Class,LC-16870,Lena Cacioppo,Consumer,United States,San Francisco,California,94109.0,West,OFF-AR-10001246,Office Supplies,Art,Newell 317,8.82,3.0,0.0,2.5578,Manual Upload,Approved,
7218.0,CA-2015-150770,5/3/2015,5/6/2015,First Class,LC-16870,Lena Cacioppo,Consumer,United States,San Francisco,California,94109.0,West,OFF-BI-10002026,Office Supplies,Binders,Ibico Recycled Linen-Style Covers,62.496,2.0,0.2,21.8736,CRM,Rejected,
7219.0,CA-2015-150770,5/3/2015,5/6/2015,First Class,LC-16870,Lena Cacioppo,Consumer,United States,San Francisco,California,94109.0,West,TEC-AC-10000844,Technology,Accessories,Logitech Gaming G510s - Keyboard,339.96,4.0,0.0,122.3856,CRM,Approved,Urgent
7220.0,CA-2015-150770,5/3/2015,5/6/2015,First Class,LC-16870,Lena Cacioppo,Consumer,United States,San Francisco,California,94109.0,West,OFF-BI-10001575,Office Supplies,Binders,GBC Linen Binding Covers,49.568,2.0,0.2,17.3488,Legacy,Approved,
7221.0,CA-2017-154760,1/9/2017,1/13/2017,Standard Class,BP-11290,Beth Paige,Consumer,United States,Philadelphia,Pennsylvania,19140.0,East,OFF-BI-10004632,Office Supplies,Binders,Ibico Hi-Tech Manual Binding System,274.491,3.0,0.7,-228.7425,CRM,Approved,
7222.0,US-2017-104437,1/27/2017,1/31/2017,Standard Class,TG-21310,Toby Gnade,Consumer,United States,New York City,New York,10035.0,East,TEC-PH-10000193,Technology,Phones,Jensen SMPS-640 - speaker phone,137.94,3.0,0.0,35.8644,Manual Upload,,Check later
7223.0,CA-2017-113075,9/2/2017,9/6/2017,Standard Class,MC-18100,Mick Crebagga,Consumer,United States,Chicago,Illinois,60623.0,Central,TEC-AC-10003441,Technology,Accessories,Kingston Digital DataTraveler 32GB USB 2.0,40.68,3.0,0.2,-7.119,Legacy,Rejected,
7224.0,CA-2016-109953,7/14/2016,7/18/2016,Standard Class,RB-19360,Raymond Buch,Consumer,United States,San Francisco,California,94122.0,West,TEC-PH-10004093,Technology,Phones,Panasonic Kx-TS550,110.376,3.0,0.2,12.4173,CRM,Approved,Duplicate?
7225.0,CA-2016-109953,7/14/2016,7/18/2016,Standard Class,RB-19360,Raymond Buch,Consumer,United States,San Francisco,California,94122.0,West,OFF-AP-10002998,Office Supplies,Appliances,Holmes 99% HEPA Air Purifier,151.62,7.0,0.0,50.0346,CRM,Rejected,
7226.0,CA-2016-109953,7/14/2016,7/18/2016,Standard Class,RB-19360,Raymond Buch,Consumer,United States,San Francisco,California,94122.0,West,FUR-FU-10000073,Furniture,Furnishings,Deflect-O Glasstique Clear Desk Accessories,30.8,4.0,0.0,10.164,ERP,,
7227.0,CA-2017-127397,2/24/2017,2/28/2017,Standard Class,ES-14080,Erin Smith,Corporate,United States,Philadelphia,Pennsylvania,19134.0,East,OFF-PA-10001125,Office Supplies,Paper,Xerox 1988,123.92,5.0,0.2,38.725,CRM,,
7228.0,CA-2017-127397,02/24/2017,2/28/2017,Standard Class,ES-14080,Erin Smith,Corporate,United States,Philadelphia,Pennsylvania,19134.0,East,TEC-AC-10003033,Technology,Accessories,Plantronics CS510 - Over-the-Head monaural Wireless Headset System,1319.8,5.0,0.2,214.4675,Legacy,,Check later
7229.0,CA-2014-157546,7/20/2014,7/22/2014,First Class,RD-19720,Roger Demir,Consumer,United States,San Francisco,California,94122.0,West,OFF-BI-10002498,Office Supplies,Binders,Clear Mylar Reinforcing Strips,89.712,6.0,0.2,30.2778,Legacy,Approved,Duplicate?
7230.0,CA-2014-157546,7/20/2014,7/22/2014,First Class,RD-19720,Roger Demir,Consumer,United States,San Francisco,California,94122.0,West,OFF-PA-10004569,Office Supplies,Paper,"Wirebound Message Books, Two 4 1/4"" x 5"" Forms per Page",22.83,3.0,0.0,10.7301,ERP,Approved,Urgent
7231.0,CA-2017-153843,3/13/2017,3/15/2017,First Class,SC-20380,Shahid Collister,Consumer,United States,Fairfield,Connecticut,6824.0,East,OFF-BI-10002353,Office Supplies,Binders,GBC VeloBind Cover Sets,30.88,2.0,0.0,15.44,CRM,Rejected,Duplicate?
7232.0,CA-2017-153843,3/13/2017,3/15/2017,First Class,SC-20380,Shahid Collister,Consumer,United States,Fairfield,Connecticut,6824.0,East,OFF-AP-10001564,Office Supplies,Appliances,Hoover Commercial Lightweight Upright Vacuum with E-Z Empty Dirt Cup,465.16,2.0,0.0,120.9416,Legacy,Approved,
7233.0,CA-2017-153843,3/13/2017,3/15/2017,First Class,SC-20380,Shahid Collister,Consumer,United States,Fairfield,Connecticut,6824.0,East,OFF-PA-10003673,Office Supplies,Paper,Strathmore Photo Mount Cards,27.12,4.0,0.0,12.4752,ERP,,Urgent
7234.0,CA-2016-137337,3/8/2016,3/12/2016,Standard Class,GB-14575,Giulietta Baptist,Consumer,United States,New York City,New York,10011.0,East,FUR-FU-10003347,Furniture,Furnishings,Coloredge Poster Frame,113.6,8.0,0.0,44.304,Legacy,Pending,
7235.0,CA-2016-137337,3/8/2016,3/12/2016,Standard Class,GB-14575,Giulietta Baptist,Consumer,United States,New York City,New York,10011.0,East,OFF-PA-10001934,Office Supplies,Paper,Xerox 1993,12.96,2.0,0.0,6.3504,Manual Upload,Pending,
7236.0,CA-2016-137337,3/8/2016,3/12/2016,Standard Class,GB-14575,Giulietta Baptist,Consumer,United States,New York City,New York,10011.0,East,OFF-BI-10000632,Office Supplies,Binders,Satellite Sectional Post Binders,69.456,2.0,0.2,22.5732,Legacy,Rejected,
7237.0,CA-2014-138737,12/7/2014,12/10/2014,First Class,FP-14320,Frank Preis,Consumer,United States,Los Angeles,California,90049.0,West,OFF-AR-10003190,Office Supplies,Art,Newell 32,8.64,3.0,0.0,2.4192,Legacy,,
7238.0,CA-2016-164924,7/10/2016,7/10/2016,Same Day,EA-14035,Erin Ashbrook,Corporate,United States,Philadelphia,Pennsylvania,19143.0,East,TEC-MA-10000904,Technology,Machines,"Brother MFC-9340CDW LED All-In-One Printer, Copier Scanner",341.991,3.0,0.7,-319.1916,ERP,Pending,Duplicate?
7239.0,CA-2016-101651,12/24/2016,12/30/2016,Standard Class,SC-20305,Sean Christensen,Consumer,United States,San Jose,California,95123.0,West,FUR-FU-10000771,Furniture,Furnishings,"Eldon 200 Class Desk Accessories, Smoke",43.96,7.0,0.0,18.4632,CRM,Approved,Duplicate?
7240.0,CA-2016-101651,12/24/2016,12/30/2016,Standard Class,SC-20305,Sean Christensen,Consumer,United States,San Jose,California,95123.0,West,OFF-EN-10001990,Office Supplies,Envelopes,Staple envelope,39.76,7.0,0.0,18.6872,Manual Upload,Approved,Check later
7241.0,CA-2017-136651,4/23/2017,4/25/2017,Second Class,JF-15355,Jay Fein,Consumer,United States,Pasadena,California,91104.0,West,FUR-FU-10002445,Furniture,Furnishings,"DAX Two-Tone Rosewood/Black Document Frame, Desktop, 5 x 7",66.36,7.0,0.0,26.544,Manual Upload,Approved,
7242.0,CA-2017-136651,4/23/2017,4/25/2017,Second Class,JF-15355,Jay Fein,Consumer,United States,Pasadena,California,91104.0,West,OFF-BI-10003638,Office Supplies,Binders,GBC Durable Plastic Covers,92.88,6.0,0.2,30.186,Manual Upload,Pending,Duplicate?
7243.0,CA-2017-136651,4/23/2017,4/25/2017,Second Class,JF-15355,Jay Fein,CONSUMER,United States,Pasadena,California,91104.0,West,FUR-FU-10004864,Furniture,Furnishings,Eldon 500 Class Desk Accessories,24.14,2.0,0.0,7.9662,Legacy,Approved,Duplicate?
7244.0,CA-2017-118892,8/17/2017,8/22/2017,Second Class,TP-21415,Tom Prescott,Consumer,United States,Philadelphia,Pennsylvania,19134.0,East,FUR-CH-10002024,Furniture,Chairs,HON 5400 Series Task Chairs for Big and Tall,4416.174,9.0,0.3,-630.882,ERP,Approved,
7245.0,US-2017-151127,5/22/2017,5/25/2017,First Class,RL-19615,Rob Lucas,Consumer,United States,Los Angeles,California,90049.0,West,OFF-AR-10002445,Office Supplies,Art,SANFORD Major Accent Highlighters,49.56,7.0,0.0,18.8328,CRM,Rejected,Urgent
7246.0,CA-2017-145807,2/9/2017,2/13/2017,Standard Class,SB-20170,Sarah Bern,Consumer,United States,Los Angeles,California,90032.0,West,OFF-ST-10001370,Office Supplies,Storage,Sensible Storage WireTech Storage Systems,354.9,5.0,0.0,17.745,ERP,Rejected,
7247.0,US-2014-127978,3/3/2014,3/8/2014,Standard Class,JS-15595,Jill Stevenson,Corporate,United States,Columbus,Ohio,43229.0,East,OFF-LA-10000305,Office Supplies,Labels,Avery 495,15.12,3.0,0.2,4.914,CRM,,
7248.0,US-2014-127978,3/3/2014,3/8/2014,Standard Class,JS-15595,Jill Stevenson,Corporate,United States,Columbus,Ohio,43229.0,East,FUR-BO-10001972,Furniture,Bookcases,O'Sullivan 4-Shelf Bookcase in Odessa Pine,302.45,5.0,0.5,-199.617,Legacy,Approved,
7249.0,US-2014-127978,3/3/2014,3/8/2014,Standard Class,JS-15595,Jill Stevenson,Corporate,United States,Columbus,Ohio,43229.0,East,OFF-ST-10002486,Office Supplies,Storage,Eldon Shelf Savers Cubes and Bins,44.672,8.0,0.2,-10.0512,Legacy,,
7250.0,CA-2015-158491,6/4/2015,6/9/2015,Second Class,BP-11155,Becky Pak,Consumer,United States,Los Angeles,California,90008.0,West,TEC-AC-10001874,Technology,Accessories,Logitech Wireless Anywhere Mouse MX for PC and Mac,119.98,2.0,0.0,35.994,CRM,Pending,Urgent
7251.0,CA-2015-158491,6/4/2015,6/9/2015,Second Class,BP-11155,Becky Pak,Consumer,United States,Los Angeles,California,90008.0,West,TEC-AC-10003870,Technology,Accessories,Logitech Z-906 Speaker sys - home theater - 5.1-CH,989.97,3.0,0.0,395.988,Manual Upload,Approved,Check later
7252.0,CA-2016-116764,8/27/2016,02/09/2016,Standard Class,EM-13825,Elizabeth Moffitt,Corporate,United States,Hollywood,Florida,33021.0,South,OFF-LA-10002473,Office Supplies,Labels,Avery 484,9.216,4.0,0.2,3.3408,ERP,Pending,Duplicate?
7253.0,CA-2016-152457,9/12/2016,9/18/2016,Standard Class,SC-20695,Steve Chapman,Corporate,United States,Roseville,Michigan,48066.0,Central,OFF-PA-10003790,Office Supplies,Paper,Xerox 1991,68.52,3.0,0.0,31.5192,Manual Upload,Approved,
7254.0,CA-2016-152730,5/30/2016,6/4/2016,Standard Class,EM-14140,Eugene Moren,Home Office,United States,Superior,Wisconsin,54880.0,Central,OFF-AP-10002684,Office Supplies,Appliances,"Acco 7-Outlet Masterpiece Power Center, Wihtout Fax/Phone Line Protection",364.74,3.0,0.0,109.422,Manual Upload,Approved,Urgent
7255.0,CA-2016-152730,5/30/2016,6/4/2016,Standard Class,EM-14140,Eugene Moren,Home Office,United States,Superior,Wisconsin,54880.0,Central,FUR-FU-10001037,Furniture,Furnishings,"DAX Charcoal/Nickel-Tone Document Frame, 5 x 7",47.4,5.0,0.0,21.33,ERP,Pending,
7256.0,CA-2016-152730,5/30/2016,6/4/2016,Standard Class,EM-14140,Eugene Moren,Home Office,United States,Superior,Wisconsin,54880.0,Central,OFF-ST-10000876,Office Supplies,Storage,Eldon Simplefile Box Office,49.76,4.0,0.0,13.9328,Manual Upload,Approved,
7257.0,CA-2016-152730,5/30/2016,6/4/2016,Standard Class,EM-14140,Eugene Moren,Home Office,United States,Superior,Wisconsin,54880.0,Central,OFF-AR-10003732,Office Supplies,Art,Newell 333,5.56,2.0,0.0,1.4456,Manual Upload,Approved,Check later
7258.0,CA-2016-152730,5/30/2016,6/4/2016,Standard Class,EM-14140,Eugene Moren,Home Office,United States,Superior,Wisconsin,54880.0,Central,OFF-PA-10000994,Office Supplies,Paper,Xerox 1915,629.1,6.0,0.0,301.968,Manual Upload,Pending,
7259.0,CA-2016-152730,5/30/2016,6/4/2016,Standard Class,EM-14140,Eugene Moren,Home Office,United States,Superior,Wisconsin,54880.0,Central,OFF-AR-10000940,Office Supplies,Art,Newell 343,14.7,5.0,0.0,3.969,Legacy,Rejected,Urgent
7260.0,CA-2016-152730,5/30/2016,6/4/2016,Standard Class,EM-14140,Eugene Moren,Home Office,United States,Superior,Wisconsin,54880.0,Central,OFF-PA-10004888,Office Supplies,Paper,Xerox 217,45.36,7.0,0.0,21.7728,ERP,,Check later
7261.0,CA-2016-152730,5/30/2016,6/4/2016,Standard Class,EM-14140,Eugene Moren,Home Office,United States,Superior,Wisconsin,54880.0,Central,TEC-PH-10000441,Technology,Phones,VTech DS6151,125.99,1.0,0.0,35.2772,ERP,Rejected,
7262.0,CA-2017-137001,6/10/2017,6/13/2017,Second Class,GZ-14545,George Zrebassa,Corporate,United States,Thousand Oaks,California,91360.0,West,OFF-AR-10001231,Office Supplies,Art,"Sanford EarthWrite Recycled Pencils, Medium Soft, #2",14.7,7.0,0.0,4.116,Legacy,,Urgent
7263.0,CA-2017-156363,10/22/2017,10/28/2017,Standard Class,ML-17395,Marina Lichtenstein,Corporate,United States,Philadelphia,Pennsylvania,19134.0,East,TEC-PH-10003988,Technology,Phones,"LF Elite 3D Dazzle Designer Hard Case Cover, Lf Stylus Pen and Wiper For Apple Iphone 5c Mini Lite",32.7,5.0,0.4,-6.54,CRM,Rejected,
7264.0,CA-2017-156363,10/22/2017,10/28/2017,Standard Class,ML-17395,Marina Lichtenstein,Corporate,United States,Philadelphia,Pennsylvania,19134.0,East,OFF-EN-10003068,Office Supplies,Envelopes,#6 3/4 Gummed Flap White Envelopes,31.68,4.0,0.2,11.088,ERP,Pending,
7265.0,CA-2017-122056,6/13/2017,6/17/2017,Standard Class,PG-18895,Paul Gonzalez,Consumer,United States,Springfield,Virginia,22153.0,South,OFF-AR-10004260,Office Supplies,Art,Boston 1799 Powerhouse Electric Pencil Sharpener,181.86,7.0,0.0,50.9208,CRM,,
7266.0,US-2014-143721,11/23/2014,11/26/2014,Second Class,DK-12835,Damala Kotsonis,Corporate,United States,Houston,Texas,77095.0,Central,FUR-CH-10001973,Furniture,Chairs,Office Star Flex Back Scooter Chair with White Frame,155.372,2.0,0.3,-35.5136,ERP,Rejected,
7267.0,CA-2017-122987,8/16/2017,8/16/2017,Same Day,SJ-20215,Sarah Jordon,Consumer,United States,Columbia,Tennessee,38401.0,South,OFF-BI-10002824,Office Supplies,Binders,Recycled Easel Ring Binders,13.428,3.0,0.7,-11.19,CRM,,
7268.0,CA-2017-122987,8/16/2017,8/16/2017,Same Day,SJ-20215,Sarah Jordon,Consumer,United States,Columbia,Tennessee,38401.0,South,OFF-ST-10004950,Office Supplies,Storage,Acco Perma 3000 Stacking Storage Drawers,67.136,4.0,0.2,-0.8392,ERP,Approved,
7269.0,CA-2016-133368,1/14/2016,1/20/2016,Standard Class,AG-10675,Anna Gayman,Consumer,United States,Concord,North Carolina,28027.0,South,OFF-PA-10004039,Office Supplies,Paper,Xerox 1882,89.568,2.0,0.2,32.4684,Legacy,Approved,
7270.0,CA-2016-133368,1/14/2016,1/20/2016,Standard Class,AG-10675,Anna Gayman,Consumer,United States,Concord,North Carolina,28027.0,South,FUR-FU-10003374,Furniture,Furnishings,Electrix Fluorescent Magnifier Lamps & Weighted Base,315.776,8.0,0.2,31.5776,CRM,Pending,
7271.0,CA-2016-123337,9/16/2016,9/22/2016,Standard Class,KD-16495,Keith Dawkins,Corporate,United States,San Jose,California,95123.0,West,FUR-BO-10001918,Furniture,Bookcases,"Sauder Forest Hills Library with Doors, Woodland Oak Finish",273.666,2.0,0.15,-12.8784,CRM,,Duplicate?
7272.0,CA-2016-123337,9/16/2016,9/22/2016,Standard Class,KD-16495,Keith Dawkins,Corporate,United States,San Jose,California,95123.0,West,OFF-AP-10002287,Office Supplies,Appliances,"Eureka Sanitaire  Multi-Pro Heavy-Duty Upright, Disposable Bags",17.48,4.0,0.0,4.5448,Manual Upload,Pending,
7273.0,US-2016-150357,10/10/2016,10/14/2016,Standard Class,EB-13975,Erica Bern,Corporate,United States,Greensboro,North Carolina,27405.0,South,OFF-SU-10004498,Office Supplies,Supplies,Martin-Yale Premier Letter Opener,20.608,2.0,0.2,-4.3792,Manual Upload,Rejected,Urgent
7274.0,US-2016-150357,10/10/2016,10/14/2016,Standard Class,EB-13975,Erica Bern,Corporate,United States,Greensboro,North Carolina,27405.0,South,OFF-BI-10002557,Office Supplies,Binders,Presstex Flexible Ring Binders,4.095,3.0,0.7,-2.73,Legacy,Rejected,
7275.0,CA-2015-144519,11/13/2015,11/17/2015,Standard Class,AW-10930,Arthur Wiediger,Home Office,United States,Helena,Montana,59601.0,West,TEC-PH-10004908,Technology,Phones,Panasonic KX TS3282W Corded phone,339.96,5.0,0.2,42.495,ERP,Rejected,Urgent
7276.0,CA-2015-144519,11/13/2015,11/17/2015,Standard Class,AW-10930,Arthur Wiediger,Home Office,United States,Helena,Montana,59601.0,West,FUR-FU-10000794,Furniture,Furnishings,"Eldon Stackable Tray, Side-Load, Legal, Smoke",63.98,7.0,0.0,21.7532,Manual Upload,Rejected,Duplicate?
7277.0,CA-2014-120670,11/2/2014,11/6/2014,Standard Class,JK-16120,Julie Kriz,Home Office,United States,Fort Lauderdale,Florida,33311.0,South,TEC-AC-10004171,Technology,Accessories,Razer Kraken 7.1 Surround Sound Over Ear USB Gaming Headset,799.92,10.0,0.2,239.976,Manual Upload,,
7278.0,CA-2016-157217,7/19/2016,7/21/2016,First Class,TC-21535,Tracy Collins,Home Office,United States,San Francisco,California,94110.0,West,TEC-PH-10002070,Technology,Phones,Griffin GC36547 PowerJolt SE Lightning Charger,35.984,2.0,0.2,4.498,Manual Upload,,
7279.0,CA-2016-157217,7/19/2016,7/21/2016,First Class,TC-21535,Tracy Collins,Home Office,United States,San Francisco,California,94110.0,West,TEC-AC-10003095,Technology,Accessories,Logitech G35 7.1-Channel Surround Sound Headset,389.97,3.0,0.0,132.5898,CRM,Approved,Duplicate?
7280.0,CA-2016-108224,5/14/2016,5/14/2016,Same Day,TH-21235,Tiffany House,Corporate,United States,Yuma,Arizona,85364.0,West,TEC-AC-10003832,Technology,Accessories,Imation 16GB Mini TravelDrive USB 2.0 Flash Drive,185.528,7.0,0.2,48.7011,Legacy,Rejected,Check later
7281.0,CA-2015-162782,2/21/2015,2/27/2015,Standard Class,PW-19240,Pierre Wener,Consumer,United States,Columbia,Maryland,21044.0,East,OFF-BI-10003527,Office Supplies,Binders,Fellowes PB500 Electric Punch Plastic Comb Binding Machine with Manual Bind,2541.98,2.0,0.0,1270.99,Legacy,Pending,Urgent
7282.0,CA-2017-159282,10/16/2017,10/21/2017,Standard Class,GH-14410,Gary Hansen,Home Office,United States,Yuma,Arizona,85364.0,West,TEC-MA-10001148,Technology,Machines,Swingline SM12-08 MicroCut Jam Free Shredder,599.985,5.0,0.7,-479.988,Manual Upload,Pending,
7283.0,CA-2017-155936,6/22/2017,6/29/2017,Standard Class,JK-15730,Joe Kamberova,Consumer,United States,Chicago,Illinois,60653.0,Central,OFF-BI-10002432,Office Supplies,Binders,Wilson Jones Standard D-Ring Binders,3.036,3.0,0.8,-5.0094,ERP,Approved,
7284.0,CA-2017-169439,9/9/2017,9/13/2017,Standard Class,LC-17140,Logan Currie,Consumer,United States,Cleveland,Ohio,44105.0,East,OFF-AR-10001374,Office Supplies,Art,"BIC Brite Liner Highlighters, Chisel Tip",25.92,5.0,0.2,3.888,CRM,Approved,Duplicate?
7285.0,CA-2017-169439,9/9/2017,9/13/2017,Standard Class,LC-17140,Logan Currie,Consumer,United States,Cleveland,Ohio,44105.0,East,FUR-FU-10000723,Furniture,Furnishings,"Deflect-o EconoMat Studded, No Bevel Mat for Low Pile Carpeting",66.112,2.0,0.2,-9.0904,CRM,,
7286.0,CA-2017-151183,10/14/2017,10/19/2017,Standard Class,BK-11260,Berenike Kampe,Consumer,United States,San Francisco,California,94110.0,West,TEC-AC-10003614,Technology,Accessories,"Verbatim 25 GB 6x Blu-ray Single Layer Recordable Disc, 10/Pack",46.36,4.0,0.0,15.2988,CRM,Approved,
7287.0,CA-2016-149965,6/20/2016,6/25/2016,Standard Class,BS-11365,Bill Shonely,Corporate,United States,Oklahoma City,Oklahoma,73120.0,Central,TEC-AC-10004877,Technology,Accessories,Imation 30456 USB Flash Drive 8GB,6.9,1.0,0.0,0.552,Manual Upload,,
7288.0,CA-2016-149965,6/20/2016,6/25/2016,Standard Class,BS-11365,Bill Shonely,Corporate,United States,Oklahoma City,Oklahoma,73120.0,Central,FUR-FU-10004270,Furniture,Furnishings,"Executive Impressions 13"" Clairmont Wall Clock",57.69,3.0,0.0,23.6529,Legacy,Pending,
7289.0,CA-2014-158281,9/2/2014,9/7/2014,Standard Class,AG-10525,Andy Gerbode,Corporate,United States,Houston,Texas,77095.0,Central,TEC-MA-10002210,Technology,Machines,Epson TM-T88V Direct Thermal Printer - Monochrome - Desktop,559.71,3.0,0.4,-121.2705,CRM,Pending,Duplicate?
7290.0,CA-2016-153661,1/30/2016,1/31/2016,First Class,SC-20725,Steven Cartwright,Consumer,United States,San Francisco,California,94122.0,West,OFF-ST-10000675,Office Supplies,Storage,"File Shuttle II and Handi-File, Black",305.01,9.0,0.0,76.2525,Legacy,Approved,Urgent
7291.0,CA-2016-153661,1/30/2016,1/31/2016,First Class,SC-20725,Steven Cartwright,Consumer,United States,San Francisco,California,94122.0,West,OFF-BI-10004781,Office Supplies,Binders,GBC Wire Binding Strips,50.784,2.0,0.2,17.7744,Legacy,Pending,Urgent
7292.0,CA-2016-153661,1/30/2016,1/31/2016,First Class,SC-20725,Steven Cartwright,Consumer,United States,San Francisco,California,94122.0,West,OFF-LA-10004689,Office Supplies,Labels,Avery 512,26.01,9.0,0.0,12.2247,Legacy,Rejected,
7293.0,CA-2017-109183,12/4/2017,12/9/2017,Standard Class,LR-16915,Lena Radford,Consumer,United States,Nashville,Tennessee,37211.0,South,TEC-MA-10001856,Technology,Machines,Okidata C610n Printer,649.0,2.0,0.5,-272.58,ERP,Rejected,Duplicate?
7294.0,CA-2016-113656,1/23/2016,1/29/2016,Standard Class,CB-12415,Christy Brittain,Consumer,United States,Los Angeles,California,90036.0,West,FUR-FU-10000719,Furniture,Furnishings,"DAX Cubicle Frames, 8-1/2 x 11",59.99,7.0,0.0,21.5964,Manual Upload,Rejected,
7295.0,CA-2015-148964,5/26/2015,5/31/2015,Standard Class,RD-19900,Ruben Dartt,Consumer,United States,Bellevue,Washington,98006.0,West,FUR-FU-10003849,Furniture,Furnishings,"DAX Metal Frame, Desktop, Stepped-Edge",20.24,1.0,0.0,7.8936,Manual Upload,Pending,
7296.0,CA-2014-111899,5/4/2014,5/5/2014,First Class,NC-18340,Nat Carroll,Consumer,United States,Houston,Texas,77036.0,Central,OFF-AR-10001725,Office Supplies,Art,Boston Home & Office Model 2000 Electric Pencil Sharpeners,37.84,2.0,0.2,2.838,CRM,,
7297.0,CA-2014-111899,5/4/2014,5/5/2014,First Class,NC-18340,Nat Carroll,Consumer,United States,Houston,Texas,77036.0,Central,OFF-FA-10000840,Office Supplies,Fasteners,OIC Thumb-Tacks,5.472,6.0,0.2,1.8468,CRM,Approved,Check later
7298.0,CA-2015-101126,2/10/2015,2/14/2015,Second Class,NB-18655,Nona Balk,Corporate,United States,Philadelphia,Pennsylvania,19143.0,East,OFF-ST-10000943,Office Supplies,Storage,Eldon ProFile File 'N Store Portable File Tub Letter/Legal Size Black,77.24,5.0,0.2,7.724,Manual Upload,,Duplicate?
7299.0,CA-2014-163468,11/18/2014,11/21/2014,First Class,JK-15730,Joe Kamberova,Consumer,United States,Des Plaines,Illinois,60016.0,Central,FUR-TA-10002533,Furniture,Tables,BPI Conference Tables,292.1,4.0,0.5,-175.26,Manual Upload,,
7300.0,CA-2014-163468,11/18/2014,11/21/2014,First Class,JK-15730,Joe Kamberova,Consumer,United States,Des Plaines,Illinois,60016.0,Central,FUR-FU-10001546,Furniture,Furnishings,Dana Swing-Arm Lamps,8.544,2.0,0.6,-7.476,Legacy,,Check later
7301.0,CA-2014-163468,11/18/2014,11/21/2014,First Class,JK-15730,Joe Kamberova,Consumer,United States,Des Plaines,Illinois,60016.0,CENTRAL,FUR-BO-10003546,Furniture,Bookcases,Hon 4-Shelf Metal Bookcases,424.116,6.0,0.3,-30.294,Manual Upload,,
7302.0,CA-2014-163468,11/18/2014,11/21/2014,First Class,JK-15730,Joe Kamberova,Consumer,United States,Des Plaines,Illinois,60016.0,Central,OFF-BI-10004728,Office Supplies,Binders,Wilson Jones Turn Tabs Binder Tool for Ring Binders,2.892,3.0,0.8,-4.9164,ERP,Rejected,Duplicate?
7303.0,CA-2014-163468,11/18/2014,11/21/2014,First Class,JK-15730,Joe Kamberova,Consumer,United States,Des Plaines,Illinois,60016.0,Central,OFF-ST-10000025,Office Supplies,Storage,Fellowes Stor/Drawer Steel Plus Storage Drawers,381.72,5.0,0.2,-66.801,CRM,Pending,Duplicate?
7304.0,US-2017-117450,9/4/2017,9/8/2017,Standard Class,DO-13645,Doug O'Connell,Consumer,United States,Boynton Beach,Florida,33437.0,South,FUR-CH-10003817,Furniture,Chairs,"Global Value Steno Chair, Gray",97.184,2.0,0.2,6.074,ERP,Pending,Duplicate?
7305.0,US-2017-117450,9/4/2017,9/8/2017,Standard Class,DO-13645,Doug O'Connell,Consumer,United States,Boynton Beach,Florida,33437.0,South,OFF-PA-10000289,Office Supplies,Paper,Xerox 213,10.368,2.0,0.2,3.6288,ERP,Rejected,
7306.0,CA-2014-137274,3/29/2014,4/2/2014,Standard Class,MG-18145,Mike Gockenbach,Consumer,United States,Plano,Texas,75023.0,Central,FUR-TA-10001889,Furniture,Tables,Bush Advantage Collection Racetrack Conference Table,890.841,3.0,0.3,-152.7156,CRM,Rejected,
7307.0,CA-2016-144092,11/5/2016,11/7/2016,Second Class,LH-17155,Logan Haushalter,Consumer,United States,San Jose,California,95123.0,West,TEC-AC-10002305,Technology,Accessories,KeyTronic E03601U1 - Keyboard - Beige,72.0,4.0,0.0,12.96,ERP,Approved,Urgent
7308.0,CA-2016-144092,11/5/2016,11/7/2016,Second Class,LH-17155,Logan Haushalter,Consumer,United States,San Jose,California,95123.0,West,FUR-CH-10004875,Furniture,Chairs,Harbour Creations 67200 Series Stacking Chairs,113.888,2.0,0.2,9.9652,ERP,Approved,Duplicate?
7309.0,CA-2016-144092,11/5/2016,11/7/2016,Second Class,LH-17155,Logan Haushalter,Consumer,United States,San Jose,California,95123.0,West,OFF-EN-10001434,Office Supplies,Envelopes,"Strathmore #10 Envelopes, Ultimate White",158.13,3.0,0.0,77.4837,CRM,Rejected,
7310.0,CA-2017-112172,6/10/2017,6/14/2017,Second Class,MM-18280,Muhammed MacIntyre,Corporate,United States,New York City,New York,10024.0,East,OFF-FA-10004395,Office Supplies,Fasteners,Plymouth Boxed Rubber Bands by Plymouth,14.13,3.0,0.0,0.7065,Manual Upload,Rejected,
7311.0,CA-2015-121699,8/10/2015,8/14/2015,Standard Class,BD-11320,Bill Donatelli,Consumer,United States,Detroit,Michigan,48227.0,Central,OFF-BI-10004632,Office Supplies,Binders,GBC Binding covers,64.75,5.0,0.0,29.1375,ERP,Rejected,Check later
7312.0,CA-2015-162761,10/9/2015,10/13/2015,Standard Class,SC-20575,Sonia Cooley,Consumer,United States,Miami,Florida,33178.0,South,OFF-BI-10000145,Office Supplies,Binders,Zipper Ring Binder Pockets,1.872,2.0,0.7,-1.3104,ERP,Rejected,
7313.0,CA-2015-162761,10/9/2015,10/13/2015,Standard Class,SC-20575,Sonia Cooley,Consumer,United States,Miami,Florida,33178.0,South,OFF-BI-10002498,Office Supplies,Binders,Clear Mylar Reinforcing Strips,11.214,2.0,0.7,-8.5974,ERP,Rejected,
7314.0,CA-2015-162761,10/9/2015,10/13/2015,Standard Class,SC-20575,Sonia Cooley,Consumer,United States,Miami,Florida,33178.0,South,OFF-AR-10001761,Office Supplies,Art,Avery Hi-Liter Smear-Safe Highlighters,37.376,8.0,0.2,7.4752,CRM,Rejected,Check later
7315.0,CA-2016-121377,5/28/2016,6/2/2016,Standard Class,TN-21040,Tanja Norvell,Home Office,United States,Park Ridge,Illinois,60068.0,Central,TEC-PH-10001817,Technology,Phones,Wilson Electronics DB Pro Signal Booster,286.4,1.0,0.99,25.06,ERP,Rejected,
7316.0,CA-2017-115322,5/11/2017,5/16/2017,Second Class,ZC-21910,Zuschuss Carroll ,Consumer,United States,New York City,New York,10024.0,East,OFF-AR-10004456,Office Supplies,Art,Panasonic KP-4ABK Battery-Operated Pencil Sharpener,43.92,3.0,0.0,12.7368,CRM,Pending,Urgent
7317.0,CA-2016-132066,10/16/2016,10/20/2016,Standard Class,NB-18655,Nona Balk,Corporate,United States,New York City,New York,10011.0,East,FUR-TA-10001539,Furniture,Tables,Chromcraft Rectangular Conference Tables,142.182,1.0,0.4,-37.9152,Legacy,Pending,Urgent
7318.0,CA-2017-158120,11/17/2017,11/21/2017,Standard Class,KH-16330,Katharine Harms,Corporate,United States,Hillsboro,Oregon,97123.0,West,OFF-PA-10003205,Office Supplies,Paper,"Wirebound Message Forms, Four 2 3/4 x 5 Forms per Page, Pink Paper",19.608,3.0,0.2,6.6177,Manual Upload,Approved,Duplicate?
7319.0,CA-2017-158120,11/17/2017,11/21/2017,Standard Class,KH-16330,Katharine Harms,Corporate,United States,Hillsboro,Oregon,97123.0,West,OFF-BI-10002813,Office Supplies,Binders,Avery Reinforcements for Hole-Punch Pages,4.158,7.0,0.7,-3.465,Manual Upload,,
7320.0,CA-2017-100097,11/26/2017,11/29/2017,Second Class,MN-17935,Michael Nguyen,Consumer,United States,New York City,New York,10009.0,East,TEC-PH-10002310,Technology,Phones,Plantronics Calisto P620-M USB Wireless Speakerphone System,979.95,5.0,0.0,264.5865,CRM,,
7321.0,CA-2017-100097,26-11-2017,11/29/2017,Second Class,MN-17935,Michael Nguyen,Consumer ,United States,New York City,New York,10009.0,East,FUR-FU-10003623,Furniture,Furnishings,"DataProducts Ampli Magnifier Task Lamp, Black,",135.3,5.0,0.0,37.884,Legacy,Approved,Urgent
7322.0,CA-2017-167626,9/3/2017,9/7/2017,Standard Class,MY-18295,Muhammed Yedwab,Corporate,United States,Chicago,Illinois,60623.0,Central,OFF-PA-10003424,Office Supplies,Paper,"""While you Were Out"" Message Book, One Form per Page",8.904,3.0,0.2,3.339,Legacy,Rejected,Check later
7323.0,CA-2017-167626,9/3/2017,9/7/2017,Standard Class,MY-18295,Muhammed Yedwab,Corporate,United States,Chicago,Illinois,60623.0,Central,TEC-AC-10004353,Technology,Accessories,Hypercom P1300 Pinpad,100.8,2.0,0.2,21.42,ERP,Pending,
7324.0,US-2017-126053,12/5/2017,12/8/2017,First Class,CS-11950,Carlos Soltero,Consumer,United States,New York City,New York,10024.0,East,FUR-FU-10001934,Furniture,Furnishings,Magnifier Swing Arm Lamp,41.96,2.0,0.0,10.9096,ERP,,
7325.0,US-2017-126053,12/5/2017,12/8/2017,First Class,CS-11950,Carlos Soltero,Consumer,United States,New York City,New York,10024.0,East,OFF-LA-10003766,Office Supplies,Labels,Self-Adhesive Removable Labels,9.45,3.0,0.0,4.536,Legacy,Approved,Duplicate?
7326.0,US-2017-128447,11/10/2017,11/17/2017,Standard Class,MC-17845,Michael Chen,Consumer,United States,Pasco,Washington,99301.0,West,OFF-AP-10004540,Office Supplies,Appliances,"Eureka The Boss Lite 10-Amp Upright Vacuum, Blue",400.8,5.0,0.0,112.224,Legacy,Approved,
7327.0,US-2017-128447,11/10/2017,11/17/2017,Standard Class,MC-17845,Michael Chen,Consumer,United States,Pasco,Washington,99301.0,West,OFF-BI-10001543,Office Supplies,Binders,GBC VeloBinder Manual Binding System,28.792,1.0,0.2,10.0772,CRM,,Duplicate?
7328.0,US-2014-131275,3/18/2014,3/24/2014,Standard Class,SC-20050,Sample Company A,Home Office,United States,Burbank,California,91505.0,West,FUR-FU-10004597,Furniture,Furnishings,Eldon Cleatmat Chair Mats for Medium Pile Carpets,111.0,2.0,0.0,14.43,Manual Upload,Pending,
7329.0,US-2014-131275,3/18/2014,3/24/2014,Standard Class,SC-20050,Sample Company A,Home Office,United States,Burbank,California,91505.0,West,TEC-MA-10001148,Technology,Machines,Swingline SM12-08 MicroCut Jam Free Shredder,1279.968,4.0,0.2,415.9896,CRM,Approved,Check later
7330.0,US-2014-131275,3/18/2014,3/24/2014,Standard Class,SC-20050,Sample Company A,Home Office,United States,Burbank,California,91505.0,West,OFF-ST-10000078,Office Supplies,Storage,Tennsco 6- and 18-Compartment Lockers,1856.19,7.0,0.0,334.1142,Manual Upload,,Duplicate?
7331.0,CA-2016-149349,11/12/2016,11/13/2016,First Class,SP-20650,Stephanie Phelps,Corporate,United States,Chicago,Illinois,60623.0,Central,FUR-FU-10001037,Furniture,Furnishings,"DAX Charcoal/Nickel-Tone Document Frame, 5 x 7",22.752,6.0,0.6,-8.532,Manual Upload,Approved,
7332.0,CA-2017-115119,10/26/2017,10/30/2017,Standard Class,SC-20440,Shaun Chance,Corporate,United States,Lancaster,Pennsylvania,17602.0,East,TEC-PH-10001433,Technology,Phones,Cisco Small Business SPA 502G VoIP phone,61.542,1.0,0.4,-13.3341,Manual Upload,Rejected,Urgent
7333.0,CA-2017-115119,10/26/2017,10/30/2017,Standard Class,SC-20440,Shaun Chance,Corporate ,United States,Lancaster,Pennsylvania,17602.0,East,OFF-BI-10003007,Office Supplies,Binders,"Premium Transparent Presentation Covers, No Pattern/Clear, 8 1/2"" x 11""",81.438,7.0,0.7,-65.1504,Manual Upload,Pending,Check later
7334.0,CA-2015-125563,4/11/2015,4/17/2015,Standard Class,PR-18880,Patrick Ryan,Consumer,United States,Tampa,Florida,33614.0,South,FUR-FU-10001290,Furniture,Furnishings,Executive Impressions Supervisor Wall Clock,67.36,2.0,0.2,10.104,Legacy,,
7335.0,CA-2015-125563,4/11/2015,4/17/2015,Standard Class,PR-18880,Patrick Ryan,Consumer,United States,Tampa,Florida,33614.0,South,FUR-FU-10000087,Furniture,Furnishings,"Executive Impressions 14"" Two-Color Numerals Wall Clock",54.528,3.0,0.2,14.3136,Legacy,Rejected,
7336.0,CA-2015-113152,12/25/2015,12/30/2015,Standard Class,JK-15625,Jim Karlsson,Consumer,United States,New York City,New York,10024.0,East,TEC-AC-10002049,Technology,Accessories,Plantronics Savi W720 Multi-Device Wireless Headset System,843.9,2.0,0.0,371.316,CRM,Rejected,Urgent
7337.0,CA-2015-113152,12/25/2015,12/30/2015,Standard Class,JK-15625,Jim Karlsson,Consumer,United States,New York City,New York,10024.0,East,FUR-BO-10002613,Furniture,Bookcases,"Atlantic Metals Mobile 4-Shelf Bookcases, Custom Colors",449.568,2.0,0.2,56.196,ERP,Rejected,Check later
7338.0,CA-2017-165155,9/21/2017,9/23/2017,First Class,BM-11575,Brendan Murry,Corporate,United States,Los Angeles,California,90045.0,West,OFF-ST-10004950,Office Supplies,Storage,"Tenex Personal Filing Tote With Secure Closure Lid, Black/Frost",15.51,1.0,0.0,3.8775,CRM,Rejected,
7339.0,CA-2014-163412,12/20/2014,12/23/2014,Second Class,SM-20950,Suzanne McNair,Corporate,United States,New York City,New York,10035.0,East,FUR-CH-10004875,Furniture,Chairs,Harbour Creations 67200 Series Stacking Chairs,192.186,3.0,0.1,36.3018,Manual Upload,Approved,
7340.0,CA-2015-159590,7/18/2015,7/21/2015,First Class,KC-16255,Karen Carlisle,Corporate,United States,New York City,New York,10009.0,East,OFF-AR-10003190,Office Supplies,Art,Newell 32,5.76,2.0,0.0,1.6128,Manual Upload,Rejected,
7341.0,CA-2014-116190,7/26/2014,8/1/2014,Standard Class,SG-20470,Sheri Gordon,Consumer,United States,Atlanta,Georgia,30318.0,South,FUR-CH-10000553,Furniture,Chairs,"Metal Folding Chairs, Beige, 4/Carton",67.88,2.0,0.0,18.3276,ERP,Rejected,Urgent
7342.0,CA-2014-116190,7/26/2014,8/1/2014,Standard Class,SG-20470,Sheri Gordon,Consumer,United States,Atlanta,Georgia,30318.0,South,OFF-LA-10002762,Office Supplies,Labels,Avery 485,162.89,13.0,0.0,76.5583,Manual Upload,,Check later
7343.0,CA-2014-116190,7/26/2014,8/1/2014,Standard Class,SG-20470,Sheri Gordon,Consumer,United States,Atlanta,Georgia,30318.0,South,FUR-FU-10000719,Furniture,Furnishings,"DAX Cubicle Frames, 8-1/2 x 11",25.71,3.0,0.0,9.2556,ERP,Pending,
7344.0,CA-2014-168473,12/26/2014,1/1/2015,Standard Class,TB-21520,Tracy Blumstein,Consumer,United States,New York City,New York,10009.0,East,OFF-ST-10000563,Office Supplies,Storage,Fellowes Bankers Box Stor/Drawer Steel Plus,191.88,6.0,0.0,19.188,ERP,Approved,
7345.0,CA-2017-168389,12/11/2017,12/17/2017,Standard Class,DV-13045,Darrin Van Huff,Corporate,United States,Jacksonville,Florida,32216.0,South,FUR-TA-10004289,Furniture,Tables,BoxOffice By Design Rectangular and Half-Moon Meeting Room Tables,721.875,6.0,0.45,-420.0,CRM,,
7346.0,CA-2017-168389,12/11/2017,12/17/2017,Standard Class,DV-13045,Darrin Van Huff,Corporate,United States,Jacksonville,Florida,32216.0,South,TEC-PH-10003555,Technology,Phones,Motorola HK250 Universal Bluetooth Headset,73.568,4.0,0.2,-16.5528,CRM,,Duplicate?
7347.0,CA-2017-168389,12/11/2017,12/17/2017,Standard Class,DV-13045,Darrin Van Huff,Corporate,United States,Jacksonville,Florida,32216.0,South,OFF-AR-10001958,Office Supplies,Art,Stanley Bostitch Contemporary Electric Pencil Sharpeners,13.584,1.0,0.2,1.3584,Manual Upload,,Check later
7348.0,CA-2017-168389,12/11/2017,12/17/2017,Standard Class,DV-13045,Darrin Van Huff,Corporate,United States,Jacksonville,Florida,32216.0,South,FUR-CH-10000225,Furniture,Chairs,"Global Geo Office Task Chair, Gray",64.784,1.0,0.2,-12.147,Legacy,Approved,Urgent
7349.0,CA-2014-130421,3/3/2014,3/7/2014,Std Class,SC-20020,Sam Craven,Consumer,United States,Houston,Texas,77095.0,Central,OFF-AP-10002534,Office Supplies,Appliances,3.6 Cubic Foot Counter Height Office Refrigerator,176.772,3.0,0.8,-459.6072,ERP,Pending,Duplicate?
7350.0,CA-2017-142125,10/21/2017,10/27/2017,Standard Class,JB-15400,Jennifer Braxton,Corporate,United States,Milwaukee,Wisconsin,53209.0,Central,OFF-BI-10000301,Office Supplies,Binders,GBC Instant Report Kit,38.82,6.0,0.0,19.41,ERP,Pending,Check later
7351.0,CA-2017-142125,10/21/2017,10/27/2017,Standard Class,JB-15400,Jennifer Braxton,Corporate,United States,Milwaukee,Wisconsin,53209.0,Central,OFF-BI-10003460,Office Supplies,Binders,Acco 3-Hole Punch,21.9,5.0,0.0,10.512,Manual Upload,Pending,Duplicate?
7352.0,CA-2017-141138,11/10/2017,11/16/2017,Standard Class,GH-14425,Gary Hwang,Consumer,United States,Modesto,California,95351.0,West,TEC-AC-10001772,Technology,Accessories,Memorex Mini Travel Drive 16 GB USB 2.0 Flash Drive,111.79,7.0,0.0,43.5981,CRM,,Duplicate?
7353.0,CA-2017-152135,3/16/2017,3/18/2017,Second Class,MG-17650,Matthew Grinstein,Home Office,United States,Lakewood,Ohio,44107.0,East,TEC-PH-10003505,Technology,Phones,Geemarc AmpliPOWER60,445.44,8.0,0.4,-81.664,ERP,Rejected,
7354.0,CA-2016-151974,9/22/2016,9/29/2016,Standard Class,RD-19660,Robert Dilbeck,Home Office,United States,Philadelphia,Pennsylvania,19134.0,East,OFF-LA-10004484,Office Supplies,Labels,Avery 476,16.52,5.0,0.2,5.369,Manual Upload,,
7355.0,CA-2017-154102,2/6/2017,2/13/2017,Standard Class,SN-20560,Skye Norling,Home Office,United States,San Francisco,California,94109.0,West,OFF-PA-10001593,Office Supplies,Paper,Xerox 1947,29.9,5.0,0.0,13.455,ERP,Rejected,Duplicate?
7356.0,CA-2015-139780,12/31/2015,1/2/2016,Second Class,AH-10690,Anna Häberlin,Corporate,United States,Detroit,Michigan,48205.0,Central,OFF-BI-10004139,Office Supplies,Binders,Fellowes Presentation Covers for Comb Binding Machines,116.4,8.0,0.0,52.38,Legacy,Approved,Duplicate?
7357.0,CA-2016-114748,10/9/2016,10/14/2016,Standard Class,MZ-17335,Maria Zettner,Home Office,United States,Phoenix,Arizona,85023.0,West,OFF-AR-10001315,Office Supplies,Art,Newell 310,1.408,1.0,0.2,0.1584,CRM,Pending,Urgent
7358.0,CA-2016-114748,10/9/2016,10/14/2016,Standard Class,MZ-17335,Maria Zettner,Home Office,United States,Phoenix,Arizona,85023.0,West,FUR-FU-10001488,Furniture ,Furnishings,"Tenex 46"" x 60"" Computer Anti-Static Chairmat, Rectangular Shaped",169.568,2.0,0.2,0.0,CRM,Approved,Check later
7359.0,US-2014-115189,12/30/2014,1/3/2015,Second Class,AR-10345,Alex Russell,Corporate,United States,Philadelphia,Pennsylvania,19143.0,East,TEC-PH-10002170,Technology,Phones,ClearSounds CSC500 Amplified Spirit Phone Corded phone,251.964,6.0,0.4,-50.3928,Legacy,Approved,
7360.0,US-2014-115189,12/30/2014,1/3/2015,Second Class,AR-10345,Alex Russell,Corporate,United States,Philadelphia,Pennsylvania,19143.0,East,FUR-TA-10004575,Furniture,Tables,Hon 5100 Series Wood Tables,523.764,3.0,0.4,-192.0468,CRM,Approved,
7361.0,CA-2016-163594,4/12/2016,4/14/2016,First Class,JF-15295,Jason Fortune-,Consumer,United States,Los Angeles,California,90036.0,West,OFF-PA-10000809,Office Supplies,Paper,Xerox 206,19.44,3.0,0.0,9.3312,Manual Upload,,
7362.0,CA-2016-163594,4/12/2016,4/14/2016,First Class,JF-15295,Jason Fortune-,Consumer,United States,Los Angeles,California,90036.0,West,FUR-CH-10000225,Furniture,Chairs,"Global Geo Office Task Chair, Gray",194.352,3.0,0.2,-36.441,CRM,,Duplicate?
7363.0,CA-2016-163594,4/12/2016,4/14/2016,First Class,JF-15295,Jason Fortune-,Consumer,United States,Los Angeles,California,90036.0,West,OFF-BI-10003707,Office Supplies,Binders,Aluminum Screw Posts,36.624,3.0,0.2,13.734,CRM,Pending,Urgent
7364.0,CA-2016-127243,11/28/2016,12/4/2016,Standard Class,DS-13180,David Smith,Corporate,United States,Philadelphia,Pennsylvania,19140.0,East,TEC-PH-10004539,Technology,Phones,Wireless Extenders zBoost YX545 SOHO Signal Booster,340.182,3.0,0.4,-73.7061,CRM,Pending,
7365.0,CA-2016-127243,11/28/2016,12/4/2016,Standard Class,DS-13180,David Smith,Corporate,United States,Philadelphia,Pennsylvania,19140.0,East,OFF-FA-10004076,Office Supplies,Fasteners,Translucent Push Pins by OIC,12.672,8.0,0.2,2.6928,Manual Upload,Approved,
7366.0,CA-2016-127243,11/28/2016,12/4/2016,Standard Class,DS-13180,David Smith,Corporate,United States,Philadelphia,Pennsylvania,19140.0,East,OFF-BI-10003166,Office Supplies,Binders,GBC Plasticlear Binding Covers,6.888,2.0,0.7,-5.0512,CRM,Pending,Check later
7367.0,CA-2016-127243,11/28/2016,12/4/2016,Standard Class,DS-13180,,Corporate,United States,Philadelphia,Pennsylvania,19140.0,East,OFF-ST-10002301,Office Supplies,Storage,Tennsco Commercial Shelving,32.544,2.0,0.2,-7.7292,CRM,Pending,Check later
7368.0,CA-2016-127243,11/28/2016,12/4/2016,Standard Class,DS-13180,David Smith,Corporate,United States,Philadelphia,Pennsylvania,19140.0,East,FUR-CH-10002647,Furniture ,Chairs,"Situations Contoured Folding Chairs, 4/Set",347.802,7.0,0.3,-24.843,Manual Upload,Pending,Check later
7369.0,CA-2017-161851,4/15/2017,4/17/2017,First Class,BP-11095,Bart Pistole,Corporate,United States,Miami,Florida,33180.0,South,OFF-BI-10004654,Office Supplies,Binders,VariCap6 Expandable Binder,15.57,3.0,0.7,-11.937,Legacy,Pending,
7370.0,CA-2015-110345,3/9/2015,3/11/2015,Second Class,TG-21310,Toby Gnade,Consumer,United States,Raleigh,North Carolina,27604.0,South,OFF-LA-10001175,Office Supplies,Labels,Avery 514,4.608,2.0,0.2,1.6704,Manual Upload,Pending,
7371.0,CA-2014-107769,10/28/2014,11/1/2014,Standard Class,BT-11395,Bill Tyler,Corporate,United States,Garden City,Kansas,67846.0,Central,TEC-PH-10001336,Technology,Phones,Digium D40 VoIP phone,257.98,2.0,0.0,74.8142,ERP,,Urgent
7372.0,US-2017-123862,1/7/2017,1/9/2017,Second Class,JF-15190,Jamie Frazer,Consumer,United States,Long Beach,California,90805.0,West,OFF-ST-10000760,Office Supplies,Storage,Eldon Fold 'N Roll Cart System,153.78,11.0,0.0,44.5962,Manual Upload,,
7373.0,US-2017-123862,1/7/2017,1/9/2017,Second Class,JF-15190,Jamie Frazer,Consumer,United States,Long Beach,California,90805.0,West,OFF-ST-10002301,Office Supplies,Storage,Tennsco Commercial Shelving,61.02,3.0,0.0,0.6102,CRM,Approved,
7374.0,US-2017-123862,1/7/2017,1/9/2017,Second Class,JF-15190,Jamie Frazer,Consumer,United States,Long Beach,California,90805.0,West,OFF-SU-10004884,Office Supplies,Supplies,Acme Galleria Hot Forged Steel Scissors with Colored Handles,110.11,7.0,0.0,31.9319,Legacy,Pending,
7375.0,US-2017-123862,1/7/2017,1/9/2017,Second Class,JF-15190,Jamie Frazer,Consumer,United States,Long Beach,California,90805.0,West,OFF-FA-10003112,Office Supplies,Fasteners,Staples,7.89,1.0,0.0,3.5505,ERP,Approved,Urgent
7376.0,CA-2017-100580,8/13/2017,8/20/2017,Standard Class,MK-17905,Michael Kennedy,Corporate,United States,San Diego,California,92037.0,West,OFF-BI-10000069,Office Supplies,Binders,"GBC Prepunched Paper, 19-Hole, for Binding Systems, 24-lb",36.024,3.0,0.2,11.7078,ERP,,Urgent
7377.0,US-2017-145597,11/2/2017,11/5/2017,First Class,GG-14650,Greg Guthrie,Corporate,United States,Bloomington,Illinois,61701.0,Central,OFF-AR-10001958,Office Supplies,Art,Stanley Bostitch Contemporary Electric Pencil Sharpeners,54.336,4.0,0.2,5.4336,ERP,Approved,Duplicate?
7378.0,CA-2014-132787,9/19/2014,9/23/2014,Standard Class,MC-18130,Mike Caudle,Corporate,United States,Seattle,Washington,98115.0,West,OFF-ST-10001321,Office Supplies,Storage,"Decoflex Hanging Personal Folder File, Blue",92.52,6.0,0.0,24.9804,CRM,Rejected,
7379.0,CA-2015-136224,5/31/2015,5/31/2015,Same Day,ML-18265,Muhammed Lee,Consumer,United States,Fayetteville,North Carolina,28314.0,South,OFF-AR-10003504,Office Supplies,Art,Newell 347,10.272,3.0,0.2,1.1556,Legacy,Pending,
7380.0,CA-2016-105732,9/13/2016,9/18/2016,Standard Class,AG-10270,Alejandro Grove,Consumer,United States,Omaha,Nebraska,68104.0,Central,OFF-ST-10000419,Office Supplies,Storage,"Rogers Jumbo File, Granite",40.74,3.0,0.0,50000.0,Manual Upload,Pending,Duplicate?
7381.0,CA-2016-105732,9/13/2016,9/18/2016,Standard Class,AG-10270,Alejandro Grove,Consumer,United States,Omaha,Nebraska,68104.0,Central,OFF-LA-10004559,Office Supplies,Labels,Avery 49,14.4,5.0,0.0,7.056,Legacy,Approved,Duplicate?
7382.0,CA-2016-105732,9/13/2016,9/18/2016,Standard Class,AG-10270,Alejandro Grove,Consumer,United States,Omaha,Nebraska,68104.0,Central,TEC-PH-10001644,Technology,Phones,"BlueLounge Milo Smartphone Stand, White/Metallic",149.95,5.0,0.0,41.986,Manual Upload,Approved,Urgent
7383.0,CA-2016-105732,9/13/2016,9/18/2016,Standard Class,AG-10270,Alejandro Grove,Consumer,United States,Omaha,Nebraska,68104.0,Central,OFF-SU-10004782,Office Supplies,Supplies,"Elite 5"" Scissors",16.9,2.0,0.0,5.07,Legacy,Pending,Duplicate?
7384.0,CA-2016-105732,9/13/2016,9/18/2016,Standard Class,AG-10270,Alejandro Grove,Consumer,United States,Omaha,Nebraska,68104.0,Central,OFF-PA-10002250,Office Supplies,Paper,Things To Do Today Pad,17.61,3.0,0.0,8.4528,Legacy,,
7385.0,CA-2016-105732,9/13/2016,9/18/2016,Standard Class,AG-10270,Alejandro Grove,Consumer,United States,Omaha,Nebraska,68104.0,Central,OFF-AP-10001394,Office Supplies,Appliances,Harmony Air Purifier,378.0,2.0,0.0,136.08,CRM,,Urgent
7386.0,CA-2016-105732,9/13/2016,9/18/2016,Standard Class,AG-10270,Alejandro Grove,Consumer,United States,Omaha,Nebraska,68104.0,Central,OFF-PA-10001838,Office Supplies,Paper,"Adams Telephone Message Book W/Dividers/Space For Phone Numbers, 5 1/4""X8 1/2"", 300/Messages",17.64,3.0,0.0,8.6436,ERP,Approved,
7387.0,CA-2016-105732,9/13/2016,9/18/2016,Standard Class,AG-10270,Alejandro Grove,Consumer,United States,Omaha,Nebraska,68104.0,Central,OFF-ST-10004340,Office Supplies,Storage,"Fellowes Mobile File Cart, Black",373.08,6.0,0.0,100.7316,CRM,,Duplicate?
7388.0,CA-2016-105732,9/13/2016,9/18/2016,Standard Class,AG-10270,Alejandro Grove,Consumer,United States,Omaha,Nebraska,68104.0,Central,FUR-FU-10003664,Furniture,Furnishings,"Electrix Architect's Clamp-On Swing Arm Lamp, Black",1336.44,14.0,0.0,387.5676,CRM,Approved,Check later
7389.0,CA-2016-105732,9/13/2016,9/18/2016,Standard Class,AG-10270,Alejandro Grove,Consumer,United States,Omaha,Nebraska,68104.0,Central,TEC-PH-10004897,Technology,Phones,Mediabridge Sport Armband iPhone 5s,29.97,3.0,0.0,0.2997,ERP,Pending,Duplicate?
7390.0,CA-2017-108035,11/29/2017,12/3/2017,Standard Class,TT-21070,Ted Trevino,Consumer,United States,Chattanooga,Tennessee,37421.0,South,FUR-CH-10000454,Furniture,Chairs,"Hon Deluxe Fabric Upholstered Stacking Chairs, Rounded Back",390.368,2.0,0.2,48.796,CRM,Approved,Duplicate?
7391.0,CA-2017-108035,11/29/2017,12/3/2017,Standard Class,TT-21070,Ted Trevino,CONSUMER,United States,Chattanooga,Tennessee,37421.0,South,FUR-FU-10004017,Furniture,Furnishings,"Executive Impressions 13"" Chairman Wall Clock",101.52,5.0,0.2,19.035,ERP,,
7392.0,CA-2017-160031,12/4/2017,12/7/2017,Second Class,LT-16765,Larry Tron,Consumer,United States,Fairfield,Ohio,45014.0,East,OFF-PA-10000241,Office Supplies,Paper,"IBM Multi-Purpose Copy Paper, 8 1/2 x 11"", Case",74.352,3.0,0.2,23.235,ERP,Pending,
7393.0,CA-2017-147844,5/2/2017,5/6/2017,Standard Class,DD-13570,Dorothy Dickinson,Consumer,United States,Los Angeles,California,90049.0,West,OFF-PA-10003016,Office Supplies,Paper,"Adams ""While You Were Out"" Message Pads",15.7,5.0,0.0,7.065,CRM,Pending,Check later
7394.0,CA-2017-147844,5/2/2017,5/6/2017,Standard Class,DD-13570,Dorothy Dickinson,Consumer,United States,Los Angeles,California,90049.0,West,OFF-AR-10001615,Office Supplies,Art,Newell 34,59.52,3.0,0.0,15.4752,Manual Upload,Rejected,Urgent
7395.0,CA-2017-147844,5/2/2017,5/6/2017,Standard Class,DD-13570,Dorothy Dickinson,Consumer,United States,Los Angeles,California,90049.0,West,OFF-PA-10002713,Office Supplies,Paper,"Adams Phone Message Book, 200 Message Capacity, 8 1/16 x 11",34.4,5.0,0.0,15.824,ERP,Rejected,
7396.0,CA-2016-110975,12/25/2016,30/12/2016,Standard Class,DB-12970,Darren Budd,Corporate,United States,New York City,New York,10024.0,East,FUR-TA-10002958,Furniture,Tables,"Bevis Oval Conference Table, Walnut",313.176,2.0,0.4,-120.0508,Manual Upload,,Duplicate?
7397.0,CA-2016-110975,12/25/2016,12/30/2016,Standard Class,DB-12970,Darren Budd,Corporate,United States,New York City,New York,10024.0,East,FUR-CH-10003746,Furniture,Chairs,Hon 4070 Series Pagoda Round Back Stacking Chairs,866.646,3.0,0.1,173.3292,Legacy,Approved,Duplicate?
7398.0,CA-2014-141649,9/30/2014,9/30/2014,Same Day,DM-12955,Dario Medina,Corporate,United States,Fairfield,Ohio,45014.0,East,OFF-AP-10003217,Office Supplies,Appliances,Eureka Sanitaire  Commercial Upright,795.408,6.0,0.2,59.6556,Manual Upload,Approved,Check later
7399.0,CA-2014-124807,7/12/2014,7/15/2014,Second Class,ME-17725,Max Engle,Consumer,United States,Chicago,Illinois,60610.0,Central,OFF-PA-10001526,Office Supplies,Paper,Xerox 1949,35.856,9.0,0.2,12.9978,ERP,Approved,
7400.0,CA-2014-124807,7/12/2014,7/15/2014,Second Class,ME-17725,Max Engle,Consumer,United States,Chicago,Illinois,60610.0,Central,TEC-AC-10002857,Technology,Accessories,"Verbatim 25 GB 6x Blu-ray Single Layer Recordable Disc, 1/Pack",23.84,4.0,0.2,3.278,ERP,Approved,Urgent
7401.0,CA-2016-110009,9/8/2016,9/13/2016,Standard Class,TR-21325,Toby Ritter,Consumer,United States,Seattle,Washington,98103.0,West,FUR-FU-10003039,Furniture,Furnishings,"Howard Miller 11-1/2"" Diameter Grantwood Wall Clock",43.13,1.0,0.0,14.6642,Legacy,,Duplicate?
7402.0,CA-2016-110009,9/8/2016,9/13/2016,Standard Class,TR-21325,Toby Ritter,Consumer,United States,Seattle,Washington,98103.0,West,OFF-PA-10002615,Office Supplies,Paper,"Ampad Gold Fibre Wirebound Steno Books, 6"" x 9"", Gregg Ruled",30.87,7.0,0.0,14.2002,Legacy,,Check later
7403.0,CA-2017-168172,8/6/2017,8/10/2017,Standard Class,SH-20395,Shahid Hopkins,Consumer,United States,New York City,New York,10011.0,East,OFF-SU-10002573,Office Supplies,Supplies,"Acme 10"" Easy Grip Assistive Scissors",70.12,4.0,0.0,21.036,CRM,Approved,
7404.0,CA-2015-100146,5/14/2015,5/19/2015,Standard Class,CB-12535,Claudia Bergmann,Corporate,United States,Camarillo,California,93010.0,West,FUR-BO-10004015,Furniture,Bookcases,"Bush Andora Bookcase, Maple/Graphite Gray Finish",509.9575,5.0,0.15,41.9965,CRM,Approved,Check later
7405.0,CA-2015-100146,5/14/2015,5/19/2015,Standard Class,CB-12535,Claudia Bergmann,Corporate,United States,Camarillo,California,93010.0,West,FUR-FU-10001979,Furniture,Furnishings,Dana Halogen Swing-Arm Architect Lamp,122.91,3.0,0.0,34.4148,Manual Upload,Pending,Check later
7406.0,CA-2015-100146,5/14/2015,5/19/2015,Standard Class,CB-12535,Claudia Bergmann,Corporate,United States,Camarillo,California,93010.0,West,FUR-CH-10003833,Furniture,Chairs,Novimex Fabric Task Chair,97.568,2.0,0.2,-6.098,ERP,Pending,
7407.0,CA-2015-100146,5/14/2015,5/19/2015,Standard Class,CB-12535,Claudia Bergmann,Corporate,United States,Camarillo,California,93010.0,West,FUR-CH-10004495,Furniture,Chairs,"Global Leather and Oak Executive Chair, Black",722.352,3.0,0.2,81.2646,Manual Upload,Approved,
7408.0,CA-2017-152079,1/20/2017,1/21/2017,First Class,ML-17410,Maris LaWare,Consumer,United States,Chicago,Illinois,60653.0,Central,OFF-LA-10001613,Office Supplies,Labels,Avery File Folder Labels,11.52,5.0,0.2,4.176,Manual Upload,,Duplicate?
7409.0,CA-2016-129728,5/30/2016,6/6/2016,Standard Class,JG-15310,Jason Gross,Corporate,United States,Los Angeles,California,90032.0,West,FUR-FU-10003247,Furniture,Furnishings,36X48 HARDFLOOR CHAIRMAT,167.84,8.0,0.0,11.7488,ERP,Approved,
7410.0,CA-2014-121769,4/8/2014,4/12/2014,Standard Class,JS-15880,John Stevenson,Consumer,United States,Toledo,Ohio,43615.0,East,FUR-TA-10004442,Furniture,Tables,Riverside Furniture Stanwyck Manor Table Series,172.11,1.0,0.4,-94.6605,Legacy,Rejected,Check later
7411.0,CA-2014-103058,7/23/2014,7/24/2014,First Class,AG-10270,Alejandro Grove,Consumer,United States,New York City,New York,10011.0,East,TEC-AC-10001314,Technology,Accessories,Case Logic 2.4GHz Wireless Keyboard,99.98,2.0,0.0,7.9984,CRM,Approved,Urgent
7412.0,CA-2017-121125,5/30/2017,6/3/2017,Standard Class,MG-17890,Michael Granlund,HomeOffice,United States,Tigard,Oregon,97224.0,West,TEC-PH-10001619,Technology,Phones,LG G3,156.792,1.0,0.2,17.6391,Legacy,,
7413.0,CA-2017-121125,5/30/2017,6/3/2017,Standard Class,MG-17890,Michael Granlund,Home Office,United States,Tigard,Oregon,97224.0,West,TEC-AC-10002323,Technology,Accessories,SanDisk Ultra 32 GB MicroSDHC Class 10 Memory Card,35.36,2.0,0.2,-3.094,ERP,Pending,
7414.0,CA-2017-121125,5/30/2017,6/3/2017,Standard Class,MG-17890,Michael Granlund,Home Office,United States,Tigard,Oregon,97224.0,West,FUR-FU-10000820,Furniture,Furnishings,Tensor Brushed Steel Torchiere Floor Lamp,13.592,1.0,0.2,-0.3398,ERP,,
7415.0,US-2016-114013,3/13/2016,3/15/2016,Second Class,SC-20770,Stewart Carmichael,Corporate,United States,Philadelphia,Pennsylvania,19134.0,East,FUR-CH-10004287,Furniture,Chairs,SAFCO Arco Folding Chair,386.68,2.0,0.3,-5.524,ERP,Rejected,
7416.0,US-2016-114013,3/13/2016,3/15/2016,Second Class,SC-20770,Stewart Carmichael,Corporate,United States,Philadelphia,Pennsylvania,19134.0,East,TEC-AC-10000474,Technology,Accessories,Kensington Expert Mouse Optical USB Trackball for PC or Mac,379.96,5.0,0.2,47.495,CRM,Approved,
7417.0,US-2016-114013,3/13/2016,3/15/2016,Second Class,SC-20770,Stewart Carmichael,Corporate,United States,Philadelphia,Pennsylvania,19134.0,East,TEC-PH-10001494,Technology,Phones,Polycom CX600 IP Phone VoIP phone,539.91,3.0,0.4,-116.9805,Manual Upload,Rejected,Urgent
7418.0,US-2016-114013,3/13/2016,3/15/2016,Second Class,SC-20770,Stewart Carmichael,Corporate,United States,Philadelphia,Pennsylvania,19134.0,East,OFF-PA-10004996,Office Supplies,Paper,"Speediset Carbonless Redi-Letter 7"" x 8 1/2""",41.24,5.0,0.2,13.9185,ERP,,Duplicate?
7419.0,US-2016-114013,3/13/2016,3/15/2016,Second Class,SC-20770,Stewart Carmichael,Corporate,United States,Philadelphia,Pennsylvania,19134.0,East,OFF-BI-10004318,Office Supplies,Binders,Ibico EB-19 Dual Function Manual Binding System,51.897,1.0,0.7,-41.5176,CRM,Approved,
7420.0,US-2016-114013,3/13/2016,3/15/2016,Second Class,SC-20770,Stewart Carmichael,Corporate,United States,Philadelphia,Pennsylvania,19134.0,East,OFF-ST-10002574,Office Supplies,Storage,"SAFCO Commercial Wire Shelving, Black",552.56,5.0,0.2,-138.14,CRM,Approved,Check later
7421.0,US-2016-114013,3/13/2016,3/15/2016,Second Class,SC-20770,Stewart Carmichael,Corporate,United States,Philadelphia,Pennsylvania,19134.0,East,OFF-BI-10002353,Office Supplies,Binders,GBC VeloBind Cover Sets,23.16,5.0,0.7,-15.44,CRM,,
7422.0,US-2016-114013,3/13/2016,3/15/2016,Second Class,SC-20770,Stewart Carmichael,Corporate,United States,Philadelphia,Pennsylvania,19134.0,East,OFF-ST-10003641,Office Supplies,Storage,Space Solutions Industrial Galvanized Steel Shelving.,126.08,2.0,0.2,-28.368,Manual Upload,Rejected,Urgent
7423.0,US-2016-114013,3/13/2016,3/15/2016,Second Class,SC-20770,Stewart Carmichael,Corporate,United States,Philadelphia,Pennsylvania,19134.0,East,TEC-MA-10001148,Technology,Machines,Okidata MB491 Multifunction Printer,449.1,3.0,0.7,-643.71,CRM,,Urgent
7424.0,CA-2017-135069,4/10/2017,4/14/2017,Standard Class,BS-11755,Bruce Stewart,Consumer,United States,Philadelphia,Pennsylvania,19143.0,East,OFF-AP-10000026,Office Supplies,Appliances,Tripp Lite Isotel 6 Outlet Surge Protector with Fax/Modem Protection,195.104,4.0,0.2,21.9492,Legacy,Approved,
7425.0,CA-2017-135069,4/10/2017,4/14/2017,Standard Class,BS-11755,Bruce Stewart,Consumer,United States,Philadelphia,Pennsylvania,19143.0,East,FUR-FU-10003878,Furniture,Furnishings,"Linden 10"" Round Wall Clock, Black",36.672,3.0,0.2,6.4176,Manual Upload,Pending,Duplicate?
7426.0,CA-2016-101693,6/25/2016,6/27/2016,Second Class,LC-17140,Logan Currie,Consumer,United States,Houston,Texas,77070.0,Central,FUR-CH-10001146,Furniture,Chairs,"Global Value Mid-Back Manager's Chair, Gray",85.246,2.0,0.3,-6.089,ERP,Rejected,Urgent
7427.0,CA-2016-101693,6/25/2016,6/27/2016,Second Class,LC-17140,Logan Currie,Consumer,United States,Houston,Texas,77070.0,Central,FUR-FU-10003919,Furniture,Furnishings,Eldon Executive Woodline II Cherry Finish Desk Accessories,32.712,2.0,0.6,-26.1696,ERP,Rejected,Check later
7428.0,US-2014-164763,3/17/2014,3/21/2014,Standard Class,MH-17440,Mark Haberlin,Corporate,United States,Jackson,Mississippi,39212.0,South,OFF-BI-10000605,Office Supplies,Binders,"Acco Pressboard Covers with Storage Hooks, 9 1/2"" x 11"", Executive Red",11.43,3.0,0.0,5.3721,Manual Upload,Pending,Check later
7429.0,US-2014-164763,3/17/2014,3/21/2014,Standard Class,MH-17440,Mark Haberlin,Corporate,United States,Jackson,Mississippi,39212.0,South,OFF-BI-10000309,Office Supplies,Binders,"GBC Twin Loop Wire Binding Elements, 9/16"" Spine, Black",30.44,2.0,0.0,14.9156,CRM,Approved,Urgent
7430.0,US-2014-164763,3/17/2014,3/21/2014,Standard Class,MH-17440,Mark Haberlin,Corporate,United States,Jackson,Mississippi,39212.0,South,OFF-PA-10003349,Office Supplies,Paper,Xerox 1957,12.96,2.0,0.0,6.3504,Legacy,Approved,
7431.0,US-2014-164763,3/17/2014,3/21/2014,Standard Class,MH-17440,Mark Haberlin,Corporate,United States,Jackson,Mississippi,39212.0,South,OFF-PA-10003063,Office Supplies,Paper,EcoTones Memo Sheets,16.0,4.0,0.0,7.68,ERP,Rejected,
7432.0,US-2014-164763,3/17/2014,3/21/2014,Standard Class,MH-17440,Mark Haberlin,Corporate,United States,Jackson,Mississippi,39212.0,South,OFF-AP-10003971,Office Supplies,Appliances,Belkin 6 Outlet Metallic Surge Strip,32.67,3.0,0.0,8.4942,Manual Upload,Rejected,Urgent
7433.0,CA-2014-161249,8/9/2014,8/13/2014,Standard Class,RD-19720,Roger Demir,Consumer,United States,Phoenix,Arizona,85023.0,West,OFF-FA-10004838,Office Supplies,Fasteners,"Super Bands, 12/Pack",4.464,3.0,0.2,-0.9486,Legacy,Pending,Urgent
7434.0,CA-2014-161249,8/9/2014,8/13/2014,Standard Class,RD-19720,Roger Demir,Consumer,United States,Phoenix,Arizona,85023.0,West,OFF-BI-10001097,Office Supplies,Binders,Avery Hole Reinforcements,9.345,5.0,0.7,-6.5415,ERP,,
7435.0,CA-2015-148180,7/26/2015,7/31/2015,Standard Class,BP-11095,Bart Pistole,Corporate,United States,Oxnard,California,93030.0,West,OFF-BI-10000605,Office Supplies,Binders,"Acco Pressboard Covers with Storage Hooks, 9 1/2"" x 11"", Executive Red",9.144,3.0,0.2,3.0861,CRM,Approved,Urgent
7436.0,CA-2015-148180,7/26/2015,7/31/2015,Standard Class,BP-11095,Bart Pistole,Corporate,United States,Oxnard,California,93030.0,West,OFF-BI-10003314,Office Supplies,Binders,Tuff Stuff Recycled Round Ring Binders,23.136,6.0,0.2,8.3868,CRM,Rejected,
7437.0,CA-2015-148180,7/26/2015,7/31/2015,Standard Class,BP-11095,Bart Pistole,Corporate,United States,Oxnard,California,93030.0,West,OFF-AR-10002067,Office Supplies,Art,Newell 334,99.2,5.0,0.0,25.792,Legacy,Pending,Urgent
7438.0,CA-2014-165568,2/15/2014,2/19/2014,Standard Class,BF-11020,Barry Französisch,Corporate,United States,Seattle,Washington,98105.0,West,OFF-BI-10001031,Office Supplies,Binders,Pressboard Data Binders by Wilson Jones,21.36,5.0,0.2,7.209,ERP,Pending,Check later
7439.0,CA-2015-145457,3/24/2015,3/27/2015,Second Class,CP-12085,Cathy Prescott,Corporate,United States,Covington,Washington,98042.0,West,FUR-FU-10003832,Furniture,Furnishings,"Eldon Expressions Punched Metal & Wood Desk Accessories, Black & Cherry",46.9,5.0,0.0,13.132,CRM,Rejected,Urgent
7440.0,US-2017-163657,9/2/2017,9/6/2017,Standard Class,JL-15235,Janet Lee,Consumer,United States,Los Angeles,California,90049.0,West,OFF-BI-10000138,Office Supplies,Binders,Acco Translucent Poly Ring Binders,18.72,5.0,0.2,6.552,Legacy,Pending,
7441.0,US-2017-163657,9/2/2017,9/6/2017,Standard Class,JL-15235,Janet Lee,Consumer,United States,Los Angeles,California,90049.0,West,FUR-TA-10004607,Furniture,Tables,Hon 2111 Invitation Series Straight Table,236.528,2.0,0.2,-2.9566,Manual Upload,Rejected,Check later
7442.0,CA-2015-120446,2015/11/16,11/18/2015,First Class,JG-15805,John Grady,Corporate ,United States,San Diego,California,92105.0,West,OFF-LA-10003148,Office Supplies,Labels,Avery 51,18.9,3.0,0.0,8.694,CRM,,Urgent
7443.0,CA-2014-109932,12/9/2014,12/11/2014,First Class,VP-21760,Victoria Pisteka,Corporate,United States,Brownsville,Texas,78521.0,Central,OFF-PA-10001804,Office Supplies,Paper,Xerox 195,10.688,2.0,0.2,3.7408,CRM,Approved,
7444.0,CA-2014-109932,12/9/2014,12/11/2014,First Class,VP-21760,Victoria Pisteka,Corporate,United States,Brownsville,Texas,78521.0,Central,OFF-ST-10000036,Office Supplies,Storage,"Recycled Data-Pak for Archival Bound Computer Printouts, 12-1/2 x 12-1/2 x 16",237.096,3.0,0.2,20.7459,CRM,Approved,Duplicate?
7445.0,CA-2017-127474,2/3/2017,2/7/2017,Second Class,RD-19810,Ross DeVincentis,Home Office,United States,Chicago,Illinois,60610.0,Central,OFF-PA-10001166,Office Supplies,Paper,Xerox 2,5.184,1.0,0.2,1.8144,Manual Upload,Pending,Duplicate?
7446.0,CA-2017-127474,2/3/2017,2/7/2017,Second Class,RD-19810,ROSS DEVINCENTIS,Home Office,United States,Chicago,Illinois,60610.0,Central,OFF-PA-10001033,Office Supplies,Paper,Xerox 1893,65.584,2.0,0.2,23.7742,CRM,Approved,
7447.0,CA-2017-127474,2/3/2017,2/7/2017,Second Class,RD-19810,Ross DeVincentis,Home Office,United States,Chicago,Illinois,60610.0,Central,FUR-FU-10004597,Furniture,Furnishings,Eldon Cleatmat Chair Mats for Medium Pile Carpets,22.2,1.0,0.6,-26.085,Manual Upload,,Duplicate?
7448.0,CA-2017-127474,2/3/2017,2/7/2017,Second Class,RD-19810,Ross DeVincentis,Home Office,United States,Chicago,Illinois,60610.0,Central,OFF-PA-10000418,Office Supplies,Paper,Xerox 189,419.4,5.0,0.2,146.79,Legacy,,Urgent
7449.0,CA-2017-115448,11/11/2017,11/14/2017,First Class,MH-18025,Michelle Huthwaite,Consumer,United States,Knoxville,Tennessee,37918.0,South,FUR-FU-10004090,Furniture,Furnishings,"Executive Impressions 14"" Contract Wall Clock",88.92,5.0,0.2,14.4495,ERP,Pending,Check later
7450.0,CA-2017-105669,9/17/2017,9/22/2017,Second Class,SJ-20125,Sanjit Jacobs,Home Office,United States,Houston,Texas,77036.0,Central,OFF-AR-10000390,Office Supplies,Art,Newell Chalk Holder,9.912,3.0,0.2,3.2214,Legacy,Pending,Urgent
7451.0,CA-2017-105669,9/17/2017,9/22/2017,Second Class,SJ-20125,Sanjit Jacobs,Home Office,United States,Houston,Texas,77036.0,Central,FUR-CH-10003774,Furniture,Chairs,"Global Wood Trimmed Manager's Task Chair, Khaki",318.43,5.0,0.3,-77.333,Manual Upload,Rejected,Duplicate?
7452.0,CA-2017-105669,9/17/2017,9/22/2017,Second Class,SJ-20125,Sanjit Jacobs,Home Office,United States,Houston,Texas,77036.0,Central,OFF-BI-10002412,Office Supplies,Binders,Wilson Jones Snap Scratch Pad Binder Tool for Ring Binders,5.8,5.0,0.8,-10.15,Legacy,Pending,Check later
7453.0,CA-2017-105669,9/17/2017,9/22/2017,Second Class,SJ-20125,Sanjit Jacobs,Home Office,United States,Houston,Texas,77036.0,Central,TEC-PH-10002415,Technology,Phones,Polycom VoiceStation 500 Conference phone,1415.76,6.0,0.2,88.485,ERP,,Check later
7454.0,CA-2017-134796,6/25/2017,7/1/2017,Standard Class,FM-14380,Fred McMath,Consumer,United States,Bolingbrook,Illinois,60440.0,Central,TEC-PH-10003505,Technology,Phones,Geemarc AmpliPOWER60,148.48,2.0,0.2,16.704,ERP,Approved,Check later
7455.0,CA-2016-137743,7/30/2016,8/4/2016,Standard Class,KH-16360,Katherine Hughes,Consumer,United States,Chicago,Illinois,60623.0,Central,OFF-LA-10003663,Office Supplies,Labels,Avery 498,9.248,4.0,0.2,3.1212,Legacy,Pending,
7456.0,CA-2016-137743,7/30/2016,Aug 04 2016,Standard Class,KH-16360,Katherine Hughes,Consumer,United States,Chicago,Illinois,60623.0,Central,OFF-ST-10001780,Office Supplies,Storage,Tennsco 16-Compartment Lockers with Coat Rack,1036.624,2.0,0.2,51.8312,Manual Upload,Approved,Duplicate?
7457.0,CA-2015-137974,4/16/2015,4/18/2015,First Class,LL-16840,Lauren Leatherbury,Consumer,United States,Waynesboro,Virginia,22980.0,South,TEC-PH-10002033,Technology,Phones,Konftel 250 Conference phone - Charcoal black,569.64,2.0,0.0,148.1064,Manual Upload,,Check later
7458.0,CA-2015-137974,4/16/2015,4/18/2015,First Class,LL-16840,Lauren Leatherbury,Consumer,United States,Waynesboro,Virginia,22980.0,South,OFF-BI-10001036,Office Supplies,Binders,Cardinal EasyOpen D-Ring Binders,9.14,1.0,0.0,4.57,CRM,Pending,Urgent
7459.0,CA-2015-137974,4/16/2015,4/18/2015,First Class,LL-16840,Lauren Leatherbury,Consumer,United States,Waynesboro,Virginia,22980.0,South,FUR-FU-10001468,Furniture,Furnishings,Tenex Antistatic Computer Chair Mats,1196.86,7.0,0.0,119.686,Manual Upload,Pending,Duplicate?
7460.0,CA-2015-137974,4/16/2015,4/18/2015,First Class,LL-16840,Lauren Leatherbury,Consumer,United States,Waynesboro,Virginia,22980.0,South,FUR-BO-10001519,Furniture,Bookcases,O'Sullivan 3-Shelf Heavy-Duty Bookcases,523.26,9.0,0.0,125.5824,ERP,Pending,Check later
7461.0,US-2015-136987,4/11/2015,4/14/2015,Second Class,AR-10540,Andy Reiter,Consumer,United States,Los Angeles,California,90004.0,West,TEC-CO-10001943,Technology,Copiers,Canon PC-428 Personal Copier,639.968,4.0,0.2,215.9892,Legacy,,Check later
7462.0,US-2015-136987,4/11/2015,4/14/2015,Second Class,AR-10540,Andy Reiter,Consumer,United States,Los Angeles,California,90004.0,West,OFF-PA-10003127,Office Supplies,Paper,Easy-staple paper,52.76,2.0,0.0,24.2696,Manual Upload,Rejected,
7463.0,CA-2015-138485,2/27/2015,3/1/2015,Second Class,NP-18670,Nora Paige,Consumer,United States,Seattle,Washington,98105.0,West,TEC-AC-10002076,Technology,Accessories,Microsoft Natural Keyboard Elite,538.92,9.0,0.0,80.838,Legacy,Approved,
7464.0,CA-2016-103709,9/8/2016,9/15/2016,Standard Class,LP-17095,Liz Preis,Consumer,United States,Visalia,California,93277.0,West,OFF-AR-10003338,Office Supplies,Art,"Eberhard Faber 3 1/2"" Golf Pencils",14.88,2.0,0.0,3.72,Manual Upload,,Check later
7465.0,CA-2016-103709,9/8/2016,9/15/2016,Standard Class,LP-17095,Liz Preis,Consumer,United States,Visalia,California,93277.0,West,OFF-PA-10004610,Office Supplies,Paper,Xerox 1900,34.24,8.0,0.0,15.408,Legacy,,Urgent
7466.0,CA-2016-103709,9/8/2016,9/15/2016,Standard Class,LP-17095,Liz Preis,Consumer,United States,Visalia,California,93277.0,West,OFF-ST-10001272,Office Supplies,Storage,"Mini 13-1/2 Capacity Data Binder Rack, Pearl",261.74,2.0,0.0,65.435,Manual Upload,,
7467.0,CA-2016-138282,5/19/2016,5/23/2016,Standard Class,AH-10690,Anna Häberlin,Corporate,United States,Los Angeles,California,90008.0,West,OFF-AP-10001366,Office Supplies,Appliances,Staple holder,87.84,8.0,0.0,23.7168,ERP,,
7468.0,CA-2017-148985,11/11/2017,11/15/2017,Second Class,TB-21190,Thomas Brumley,Home Office,United States,Los Angeles,California,90045.0,West,FUR-FU-10001424,Furniture,Furnishings,Dax Clear Box Frame,34.92,4.0,0.0,11.8728,CRM,Rejected,Duplicate?
7469.0,CA-2014-138100,9/15/2014,9/20/2014,Standard Class,AA-10315,Alex Avila,Consumer,United States,New York City,New York,10011.0,East,OFF-PA-10000349,Office Supplies,Paper,Easy-staple paper,14.94,3.0,0.0,7.0218,Legacy,,
7470.0,CA-2014-138100,9/15/2014,9/20/2014,Standard Class,AA-10315,Alex Avila,Consumer,United States,New York City,New York,10011.0,East,FUR-FU-10002456,Furniture,Furnishings,"Master Caster Door Stop, Large Neon Orange",14.56,2.0,0.0,6.2608,Manual Upload,Pending,Check later
7471.0,CA-2015-100734,9/15/2015,9/20/2015,Standard Class,AC-10615,Ann Chong,Corporate,United States,Philadelphia,Pennsylvania,19143.0,East,OFF-BI-10002609,Office Supplies,Binders,Avery Hidden Tab Dividers for Binding Systems,3.576,4.0,0.7,-2.8608,CRM,Pending,Check later
7472.0,CA-2015-100734,9/15/2015,9/20/2015,Standard Class,AC-10615,Ann Chong,Corporate,United States,Philadelphia,Pennsylvania,19143.0,East,OFF-ST-10001522,Office Supplies,Storage,"Gould Plastics 18-Pocket Panel Bin, 34w x 5-1/4d x 20-1/2h",147.184,2.0,0.2,-29.4368,Legacy,,
7473.0,CA-2016-139997,7/1/2016,7/3/2016,First Class,EM-14140,Eugene Moren,Home Office,United States,Lehi,Utah,84043.0,West,TEC-CO-10000971,Technology,Copiers,Hewlett Packard 310 Color Digital Copier,1499.95,5.0,0.0,449.985,CRM,,
7474.0,CA-2016-109652,4/10/2016,4/15/2016,Standard Class,QJ-19255,Quincy Jones,Corporate,United States,Chicago,Illinois,60653.0,Central,OFF-AR-10000034,Office Supplies,Art,"BIC Brite Liner Grip Highlighters, Assorted, 5/Pack",13.568,4.0,0.2,3.2224,ERP,Rejected,
7475.0,CA-2014-167199,06-01-2014,1/10/2014,Standard Class,ME-17320,Maria Etezadi,Home Office,United States,Henderson,Kentucky,42420.0,South,FUR-CH-10004063,Furniture,Chairs,Global Deluxe High-Back Manager's Chair,2573.82,9.0,0.0,746.4078,Legacy,Pending,
7476.0,CA-2014-167199,1/6/2014,1/10/2014,Standard Class,ME-17320,Maria Etezadi,Home Office,United States,Henderson,Kentucky,42420.0,South,OFF-BI-10004632,Office Supplies,Binders,Ibico Hi-Tech Manual Binding System,609.98,2.0,0.0,274.491,Manual Upload,Approved,
7477.0,CA-2014-167199,1/6/2014,1/10/2014,Standard Class,ME-17320,Maria Etezadi,Home Office,United States,Henderson,Kentucky,42420.0,South,OFF-AR-10001662,Office Supplies,Art,Rogers Handheld Barrel Pencil Sharpener,5.48,2.0,0.0,1.4796,ERP,Rejected,Duplicate?
7478.0,CA-2014-167199,1/6/2014,1/10/2014,Standard Class,ME-17320,Maria Etezadi,Home Office,United States,Henderson,Kentucky,42420.0,South,TEC-PH-10004977,Technology,Phones,GE 30524EE4,391.98,2.0,0.0,113.6742,Manual Upload,Pending,Urgent
7479.0,CA-2014-167199,1/6/2014,1/10/2014,Standard Class,ME-17320,Maria Etezadi,Home Office,United States,Henderson,Kentucky,42420.0,South,TEC-PH-10004539,Technology,Phones,Wireless Extenders zBoost YX545 SOHO Signal Booster,755.96,4.0,0.0,204.1092,CRM,Pending,
7480.0,CA-2014-167199,1/6/2014,1/10/2014,Standard Class,ME-17320,Maria Etezadi,Home Office,United States,Henderson,Kentucky,42420.0,South,OFF-FA-10001883,Office Supplies,Fasteners,"Alliance Super-Size Bands, Assorted Sizes",31.12,4.0,0.0,0.3112,CRM,Rejected,Urgent
7481.0,CA-2014-167199,1/6/2014,1/10/2014,Standard Class,ME-17320,Maria Etezadi,Home Office,United States,Henderson,Kentucky,42420.0,South,OFF-PA-10000955,Office Supplies,Paper,Southworth 25% Cotton Granite Paper & Envelopes,6.54,1.0,0.0,3.0084,CRM,Pending,Duplicate?
7482.0,CA-2016-124583,9/1/2016,9/3/2016,Second Class,LB-16795,Laurel Beltran,Home Office,United States,Huntington Beach,California,92646.0,West,OFF-EN-10002500,Office Supplies,Envelopes,Globe Weis Peel & Seel First Class Envelopes,12.78,1.0,0.0,5.751,CRM,Approved,
7483.0,CA-2014-113964,9/23/2014,9/30/2014,Standard Class,JP-16135,Julie Prescott,Home Office,United States,New York City,New York,10011.0,East,OFF-BI-10004654,Office Supplies,Binders,Avery Binding System Hidden Tab Executive Style Index Sets,18.464,4.0,0.2,6.924,Legacy,Rejected,Urgent
7484.0,CA-2014-129938,12/15/2014,12/17/2014,Second Class,EB-13705,Ed Braxton,Corporate,United States,Philadelphia,Pennsylvania,19140.0,East,FUR-CH-10003774,Furniture,Chairs,"Global Wood Trimmed Manager's Task Chair, Khaki",445.802,7.0,0.3,-108.2662,Legacy,Approved,
7485.0,CA-2017-135111,28-12-2017,1/2/2018,Standard Class,CS-12400,Christopher Schild,Home Office,United States,Fargo,North Dakota,58103.0,Central,OFF-AR-10004707,Office Supplies,Art,Staples in misc. colors,2.48,1.0,0.0,0.868,Manual Upload,Approved,
7486.0,CA-2017-135111,12/28/2017,1/2/2018,Standard Class,CS-12400,Christopher Schild,Home Office,United States,Fargo,North Dakota,58103.0,Central,OFF-BI-10004040,Office Supplies,Binders,Wilson Jones Impact Binders,25.9,5.0,0.0,12.691,Legacy,,Check later
7487.0,US-2015-134558,12/19/2015,12/24/2015,Second Class,PM-19135,Peter McVee,Home Office,United States,Dover,New Hampshire,3820.0,East,OFF-PA-10001184,Office Supplies,Paper,Xerox 1903,29.9,5.0,0.0,14.651,Legacy,Pending,Urgent
7488.0,US-2015-134558,12/19/2015,12/24/2015,Second Class,PM-19135,Peter McVee,HOME OFFICE,United States,Dover,New Hampshire,3820.0,East,TEC-AC-10004145,Technology,Accessories,Logitech diNovo Edge Keyboard,2249.91,9.0,0.0,517.4793,ERP,Approved,Duplicate?
7489.0,US-2015-134558,12/19/2015,12/24/2015,Second Class,PM-19135,Peter McVee,Home Office,United States,Dover,New Hampshire,3820.0,East,FUR-TA-10003473,Furniture,Tables,Bretford Rectangular Conference Table Tops,1053.164,4.0,0.3,-105.3164,CRM,Pending,
7490.0,CA-2017-157196,11/5/2017,11/9/2017,Standard Class,AA-10645,Anna Andreadi,Consumer,United States,San Diego,California,92105.0,West,OFF-PA-10003172,Office Supplies,Paper,Xerox 1996,12.96,2.0,0.0,6.2208,Manual Upload,Pending,
7491.0,CA-2015-108672,9/10/2015,9/16/2015,Standard Class,FA-14230,Frank Atkinson,Corporate,United States,Los Angeles,California,90032.0,West,FUR-FU-10003799,Furniture,Furnishings,"Seth Thomas 13 1/2"" Wall Clock",106.68,6.0,0.0,33.0708,ERP,Rejected,
7492.0,US-2017-118598,11/16/2017,11/16/2017,Same Day,CM-12190,Charlotte Melton,Consumer,United States,Utica,New York,13501.0,East,TEC-PH-10002583,Technology,Phones,iOttie HLCRIO102 Car Mount,119.94,6.0,0.0,5.997,Manual Upload,Pending,Check later
7493.0,US-2017-160836,9/11/2017,9/16/2017,Standard Class,CC-12475,Cindy Chapman,Consumer,United States,Houston,Texas,77070.0,Central,OFF-PA-10004239,Office Supplies,Paper,Xerox 1953,10.272,3.0,0.2,3.21,ERP,Pending,Duplicate?
7494.0,US-2017-160836,9/11/2017,9/16/2017,Standard Class,CC-12475,Cindy Chapman,Consumer,United States,Houston,Texas,77070.0,Central,FUR-TA-10002855,Furniture,Tables,Bevis Round Conference Table Top & Single Column Base,512.19,5.0,0.3,-65.853,Legacy,Approved,
7495.0,US-2017-160836,9/11/2017,9/16/2017,Standard Class,CC-12475,Cindy Chapman,Consumer,United States,Houston,Texas,77070.0,Central,OFF-AP-10001626,Office Supplies,Appliances,"Commercial WindTunnel Clean Air Upright Vacuum, Replacement Belts, Filtration Bags",1.556,2.0,0.8,-4.2012,CRM,,Urgent
7496.0,CA-2017-121048,7/14/2017,7/18/2017,Standard Class,TC-21295,Toby Carlisle,Consumer,United States,Westminster,California,92683.0,West,OFF-BI-10004022,Office Supplies,Binders,Acco Suede Grain Vinyl Round Ring Binder,4.448,2.0,0.2,1.4456,Manual Upload,Approved,Duplicate?
7497.0,CA-2017-121048,7/14/2017,7/18/2017,Standard Class,TC-21295,Toby Carlisle,Consumer,United States,Westminster,California,92683.0,West,FUR-FU-10003601,Furniture,Furnishings,"Deflect-o RollaMat Studded, Beveled Mat for Medium Pile Carpeting",276.69,3.0,0.0,49.8042,ERP,Approved,
7498.0,CA-2017-121048,7/14/2017,7/18/2017,Standard Class,TC-21295,Toby Carlisle,Consumer,United States,Westminster,California,92683.0,West,OFF-FA-10000490,Office Supplies,Fasteners,"OIC Binder Clips, Mini, 1/4"" Capacity, Black",4.96,4.0,0.0,2.3312,Manual Upload,,
7499.0,CA-2017-121048,7/14/2017,7/18/2017,Standard Class,TC-21295,Toby Carlisle,Consumer,United States,Westminster,California,92683.0,West,OFF-AR-10004042,Office Supplies,Art,"BOSTON Model 1800 Electric Pencil Sharpeners, Putty/Woodgrain",71.92,4.0,0.0,20.8568,CRM,,Check later
7500.0,CA-2017-121048,7/14/2017,7/18/2017,Standard Class,TC-21295,Toby Carlisle,Consumer,United States,Westminster,California,92683.0,West,FUR-FU-10002960,Furniture,Furnishings,"Eldon 200 Class Desk Accessories, Burgundy",18.84,3.0,0.0,7.9128,Legacy,,Duplicate?
7501.0,CA-2017-121048,7/14/2017,7/18/2017,Standard Class,TC-21295,Toby Carlisle,consumer,United States,Westminster,California,92683.0,West,TEC-AC-10000991,Technology,Accessories,Sony Micro Vault Click 8 GB USB 2.0 Flash Drive,140.97,3.0,0.0,19.7358,CRM,,
7502.0,CA-2017-121048,7/14/2017,7/18/2017,Standard Class,TC-21295,Toby Carlisle,Consumer,United States,Westminster,California,92683.0,West,TEC-PH-10004977,Tech,Phones,GE 30524EE4,470.376,3.0,2.0,52.9173,CRM,,Check later
7503.0,US-2017-120147,3/30/2017,3/30/2017,Same Day,TB-21400,Tom Boeckenhauer,Consumer,United States,Los Angeles,California,90036.0,West,OFF-AR-10000817,Office Supplies,Art,Manco Dry-Lighter Erasable Highlighter,6.08,2.0,0.0,2.0672,ERP,Pending,Duplicate?
7504.0,US-2017-120147,3/30/2017,3/30/2017,Same Day,TB-21400,Tom Boeckenhauer,Consumer,United States,Los Angeles,California,90036.0,West,TEC-PH-10002447,Technology,Phones,AT&T CL83451 4-Handset Telephone,164.792,1.0,0.2,18.5391,ERP,Pending,Check later
7505.0,CA-2016-158043,1/31/2016,2/4/2016,Second Class,JK-15325,Jason Klamczynski,Corporate,United States,Atlantic City,New Jersey,8401.0,East,OFF-EN-10003134,Office Supplies,Envelopes,Staple envelope,23.36,2.0,0.0,11.68,ERP,Approved,
7506.0,US-2017-106579,6/8/2017,6/13/2017,Standard Class,BW-11200,Ben Wallace,Consumer,United States,Skokie,Illinois,60076.0,Central,OFF-BI-10000309,Office Supplies,Binders,"GBC Twin Loop Wire Binding Elements, 9/16"" Spine, Black",12.176,4.0,0.8,-18.8728,ERP,Pending,Urgent
7507.0,CA-2014-115889,11/2/2014,11/6/2014,Standard Class,SH-20395,Shahid Hopkins,Consumer,United States,San Francisco,California,94122.0,West,TEC-PH-10001615,Technology,Phones,AT&T CL82213,46.384,2.0,0.2,5.2182,Legacy,Rejected,
7508.0,CA-2014-115889,11/2/2014,11/6/2014,Standard Class,SH-20395,Shahid Hopkins,Consumer,United States,San Francisco,California,94122.0,West,OFF-ST-10003208,Office Supplies,Storage,Adjustable Depth Letter/Legal Cart,-500.0,2.0,0.0,105.2468,CRM,Approved,Check later
7509.0,US-2017-161935,7/14/2017,7/18/2017,Standard Class,JL-15835,John Lee,Consumer,United States,Columbus,Ohio,43229.0,East,OFF-PA-10000605,Office Supplies,Paper,Xerox 1950,9.248,2.0,0.2,3.3524,ERP,Pending,Check later
7510.0,US-2017-161935,14 Jul 2017,7/18/2017,standard class,JL-15835,John Lee,Consumer,United States,Columbus,Ohio,43229.0,East,TEC-PH-10000560,Technology,Phones,Samsung Galaxy S III - 16GB - pebble blue (T-Mobile),1889.946,9.0,0.4,-377.9892,ERP,Rejected,Urgent
7511.0,US-2017-161935,7/14/2017,7/18/2017,Standard Class,JL-15835,John Lee,Consumer,United States,Columbus,Ohio,43229.0,East,OFF-ST-10003455,Office Supplies,Storage,"Tenex File Box, Personal Filing Tote with Lid, Black",62.04,5.0,0.2,4.653,ERP,Pending,Check later
7512.0,US-2017-161935,7/14/2017,7/18/2017,Standard Class,JL-15835,John Lee,Consumer,United States,Columbus,Ohio,43229.0,East,FUR-FU-10002937,Furniture,Furnishings,"GE 48"" Fluorescent Tube, Cool White Energy Saver, 34 Watts, 30/Box",396.92,5.0,0.2,148.845,ERP,Approved,Urgent
7513.0,US-2017-161935,7/14/2017,7/18/2017,Standard Class,JL-15835,John Lee,Consumer,United States,Columbus,Ohio,43229.0,East,OFF-ST-10001837,Office Supplies,Storage,"SAFCO Mobile Desk Side File, Wire Frame",239.456,7.0,0.2,17.9592,ERP,,Duplicate?
7514.0,US-2017-161935,7/14/2017,7/18/2017,Standard Class,JL-15835,John Lee,Consumer,United States,Columbus,Ohio,43229.0,East,OFF-AR-10004757,Office Supplies,Art,Crayola Colored Pencils,13.12,5.0,0.2,2.132,Legacy,,Urgent
7515.0,US-2017-167920,12/9/2017,12/12/2017,Second Class,JL-15835,John Lee,Consumer,United States,Richmond,Kentucky,40475.0,South,OFF-BI-10004236,Office Supplies,Binders,"XtraLife ClearVue Slant-D Ring Binder, White, 3""",29.36,2.0,0.0,13.5056,Legacy,Pending,Duplicate?
7516.0,US-2017-167920,12/9/2017,12/12/2017,Second Class,JL-15835,John Lee,Consumer,United States,Richmond,Kentucky,40475.0,South,OFF-AP-10000159,Office Supplies,Appliances,Belkin F9M820V08 8 Outlet Surge,214.9,5.0,0.0,62.321,CRM,,Duplicate?
7517.0,US-2017-167920,12/9/2017,12/12/2017,Second Class,JL-15835,John Lee,Consumer,United States,Richmond,Kentucky,40475.0,South,OFF-BI-10003274,Office Supplies,Binders,"Avery Durable Slant Ring Binders, No Labels",15.92,4.0,0.0,7.4824,ERP,Rejected,
7518.0,US-2017-167920,12/9/2017,12/12/2017,Second Class,JL-15835,John Lee,Consumer,United States,Richmond,Kentucky,40475.0,South,TEC-AC-10001013,Technology,Accessories,Logitech ClearChat Comfort/USB Headset H390,146.45,5.0,0.0,48.3285,Manual Upload,Pending,Duplicate?
7519.0,US-2017-167920,12/9/2017,12/12/2017,Second Class,JL-15835,John Lee,Consumer,United States,Richmond,Kentucky,40475.0,South,OFF-ST-10004963,Office Supplies,Storage,Eldon Gobal File Keepers,15.14,1.0,0.0,0.6056,CRM,Rejected,
7520.0,US-2017-167920,12/9/2017,12/12/2017,Second Class,JL-15835,John Lee,Consumer,United States,Richmond,Kentucky,40475.0,South,OFF-LA-10004409,Office Supplies,Labels,Avery 492,5.76,2.0,0.0,2.6496,CRM,,Duplicate?
7521.0,US-2017-167920,12/9/2017,12/12/2017,Second Class,JL-15835,John Lee,Consumer,United States,Richmond,Kentucky,40475.0,South,TEC-CO-10001046,Technology,Copiers,Canon Imageclass D680 Copier / Fax,1399.98,2.0,0.0,629.991,ERP,Rejected,
7522.0,CA-2016-162383,9/5/2016,9/11/2016,Standard Class,MD-17350,Maribeth Dona,Consumer,United States,Lancaster,Ohio,43130.0,East,OFF-BI-10002824,Office Supplies,Binders,Recycled Easel Ring Binders,8.952,2.0,0.7,-7.46,ERP,Pending,Duplicate?
7523.0,CA-2016-162383,9/5/2016,9/11/2016,Standard Class,MD-17350,Maribeth Dona,Consumer,United States,Lancaster,Ohio,43130.0,East,OFF-BI-10001757,Office Supplies,Binders,Pressboard Hanging Data Binders for Unburst Sheets,8.856,6.0,0.7,-6.4944,Legacy,Pending,Check later
7524.0,CA-2016-162383,9/5/2016,9/11/2016,Standard Class,MD-17350,Maribeth Dona,Consumer,United States,Lancaster,Ohio,43130.0,East,FUR-CH-10004477,Furniture,Chairs,"Global Push Button Manager's Chair, Indigo",85.246,2.0,0.3,-1.2178,Legacy,Rejected,Check later
7525.0,CA-2014-125731,9/10/2014,9/16/2014,Standard Class,CL-12565,Clay Ludtke,Consumer,United States,Gresham,Oregon,97030.0,West,OFF-EN-10003072,Office Supplies,Envelopes,Peel & Seel Envelopes,21.728,7.0,0.2,7.6048,Legacy,,
7526.0,CA-2014-125731,9/10/2014,9/16/2014,Std Class,CL-12565,Clay Ludtke,Consumer,United States,Gresham,Oregon,97030.0,West,FUR-CH-10003973,Furniture,Chairs,GuestStacker Chair with Chrome Finish Legs,1487.04,5.0,0.2,148.704,ERP,,
7527.0,US-2017-106145,9/26/2017,9/26/2017,Same Day,RA-19885,Ruben Ausman,Corporate,United States,San Francisco,California,94109.0,West,OFF-EN-10001028,Office Supplies,Envelopes,Staple envelope,71.88,6.0,0.0,33.0648,Manual Upload,,Duplicate?
7528.0,US-2017-106145,9/26/2017,9/26/2017,Same Day,RA-19885,Ruben Ausman,Corporate,United States,San Francisco,California,94109.0,West,FUR-FU-10003829,Furniture,Furnishings,Stackable Trays,9.24,3.0,0.0,2.9568,CRM,,Urgent
7529.0,US-2017-106145,9/26/2017,9/26/2017,Same Day,RA-19885,Ruben Ausman,Corporate,United States,San Francisco,California,94109.0,West,OFF-PA-10002245,Office Supplies,Paper,Xerox 1895,35.88,0.0,0.0,16.146,Legacy,Approved,
7530.0,US-2017-106145,9/26/2017,9/26/2017,Same Day,RA-19885,Ruben Ausman,Corporate,United States,San Francisco,California,94109.0,West,OFF-BI-10002215,Office Supplies,Binders,"Wilson Jones Hanging View Binder, White, 1""",17.04,3.0,0.2,5.538,ERP,Approved,
7531.0,US-2017-106145,9/26/2017,9/26/2017,Same Day,RA-19885,Ruben Ausman,Corporate,United States,San Francisco,California,94109.0,West,OFF-BI-10003925,OfficeSupply,Binders,Fellowes PB300 Plastic Comb Binding Machine,931.176,3.0,0.2,314.2719,Manual Upload,,Check later
7532.0,CA-2016-107146,6/17/2016,6/19/2016,First Class,LC-16885,Lena Creighton,Consumer,United States,Longmont,Colorado,80501.0,West,FUR-FU-10002298,Furniture,Furnishings,"Rubbermaid ClusterMat Chairmats, Mat Size- 66"" x 60"", Lip 20"" x 11"" -90 Degree Angle",266.352,3.0,0.2,-13.3176,CRM,Approved,
7533.0,CA-2016-107146,6/17/2016,6/19/2016,First Class,LC-16885,Lena Creighton,Consumer,United States,Longmont,Colorado,80501.0,West,FUR-CH-10004853,Furniture,Chairs,"Global Manager's Adjustable Task Chair, Storm",483.136,4.0,0.2,54.3528,CRM,Rejected,
7534.0,US-2017-134642,2/25/2017,3/1/2017,Standard Class,SW-20245,Scot Wooten,Consumer,United States,Greenville,North Carolina,27834.0,South,FUR-CH-10002880,Furniture,Chairs,"Global High-Back Leather Tilter, Burgundy",196.784,2.0,0.2,-22.1382,Legacy,Pending,Duplicate?
7535.0,US-2017-134642,2/25/2017,3/1/2017,Standard Class,SW-20245,Scot Wooten,Consumer,United States,Greenville,North Carolina,27834.0,South,FUR-BO-10004709,Furniture,Bookcases,"Bush Westfield Collection Bookcases, Medium Cherry Finish",231.92,5.0,0.2,5.798,Legacy,,
7536.0,US-2017-160143,3/31/2017,4/7/2017,Standard Class,HG-14965,Henry Goldwyn,Corporate,United States,Los Angeles,California,90004.0,West,OFF-SU-10004231,Office Supplies,Supplies,Acme Tagit Stainless Steel Antibacterial Scissors,29.7,3.0,0.0,8.019,ERP,Pending,Duplicate?
7537.0,CA-2017-103415,12/3/2017,12/8/2017,Standard Class,MV-17485,Mark Van Huff,Consumer,United States,Houston,Texas,77041.0,Central,FUR-FU-10000820,Furniture,Furnishings,Tensor Brushed Steel Torchiere Floor Lamp,13.592,2.0,0.6,-14.2716,Legacy,,
7538.0,CA-2016-106460,2/19/2016,2/22/2016,Second Class,GT-14710,Greg Tran,Consumer,United States,San Francisco,California,94109.0,West,OFF-PA-10001736,Office Supplies,Paper,Xerox 1880,70.88,2.0,0.0,33.3136,ERP,Approved,
7539.0,US-2017-112347,12/2/2017,12/6/2017,Standard Class,BS-11380,Bill Stewart,Corporate,United States,Denver,Colorado,80219.0,West,OFF-ST-10003306,Office Supplies,Storage,Letter Size Cart,114.288,1.0,0.2,12.8574,CRM,,Urgent
7540.0,US-2017-112347,12/2/2017,12/6/2017,Standard Class,BS-11380,Bill Stewart,Corporate,United States,Denver,Colorado,80219.0,West,OFF-BI-10003707,Office Supplies,Binders,Aluminum Screw Posts,36.624,8.0,0.7,-24.416,Manual Upload,,Urgent
7541.0,US-2017-112347,12/2/2017,12/6/2017,Standard Class,BS-11380,Bill Stewart,Corporate,United States,Denver,Colorado,80219.0,West,FUR-BO-10003546,Furniture,Bookcases,Hon 4-Shelf Metal Bookcases,-500.0,8.0,0.7,-363.528,ERP,Approved,Urgent
7542.0,US-2017-112347,12/2/2017,12/6/2017,Standard Class,BS-11380,Bill Stewart,Corporate,United States,Denver,Colorado,80219.0,West,TEC-PH-10000213,Technology,Phones,Seidio BD2-HK3IPH5-BK DILEX Case and Holster Combo for Apple iPhone 5/5s - Black,49.616,2.0,0.2,4.9616,ERP,Approved,
7543.0,US-2017-112347,12/2/2017,12/6/2017,Standard Class,BS-11380,Bill Stewart,Corporate,United States,Denver,Colorado,80219.0,West,FUR-FU-10001488,Furniture,Furnishings,"Tenex 46"" x 60"" Computer Anti-Static Chairmat, Rectangular Shaped",508.704,6.0,0.2,0.0,CRM,Pending,
7544.0,US-2017-112347,12/2/2017,12/6/2017,Standard Class,BS-11380,Bill Stewart,Corporate,United States,Denver,Colorado,80219.0,West,TEC-PH-10004833,Technology,Phones,Macally Suction Cup Mount,57.36,6.0,0.2,-14.34,CRM,Rejected,Duplicate?
7545.0,US-2017-112347,12/2/2017,12/6/2017,Standard Class,BS-11380,Bill Stewart,Corporate,United States,Denver,Colorado,80219.0,West,FUR-CH-10002335,Furniture,Chairs,Hon GuestStacker Chair,906.68,5.0,0.2,68.001,Manual Upload,,Duplicate?
7546.0,CA-2014-103492,10/10/2014,10/15/2014,Standard Class,CM-12715,Craig Molinari,Corporate,United States,Huntsville,Texas,77340.0,Central,TEC-PH-10001128,Technology,Phones,Motorola Droid Maxx,719.952,6.0,0.2,71.9952,Manual Upload,Rejected,
7547.0,CA-2014-103492,10/10/2014,10/15/2014,Standard Class,CM-12715,Craig Molinari,Corporate,United States,Huntsville,Texas,77340.0,Central,TEC-PH-10004667,Technology,Phones,Cisco 8x8 Inc. 6753i IP Business Phone System,755.944,7.0,0.2,66.1451,Manual Upload,,
7548.0,CA-2014-103492,10/10/2014,10/15/2014,Standard Class,CM-12715,Craig Molinari,Corporate,United States,Huntsville,Texas,77340.0,Central,OFF-BI-10004817,Office Supplies,Binders,GBC Personal VeloBind Strips,11.98,5.0,0.8,-19.168,CRM,,Duplicate?
7549.0,CA-2014-103492,10/10/2014,10/15/2014,Standard Class,CM-12715,Craig Molinari,Corporate,United States,Huntsville,Texas,77340.0,Central,OFF-BI-10004140,Office Supplies,Binders,Avery Non-Stick Binders,0.898,1.0,0.8,-1.5715,ERP,Rejected,Urgent
7550.0,CA-2016-136595,9/5/2016,9/7/2016,First Class,EM-13825,Elizabeth Moffitt,Corporate,United States,Houston,Texas,77036.0,Central,FUR-FU-10004671,Furniture,Furnishings,"Executive Impressions 12"" Wall Clock",21.204,3.0,0.6,-11.6622,Legacy,Rejected,
7551.0,CA-2014-140396,11/20/2014,11/25/2014,Standard Class,KH-16330,Katharine Harms,Corporate,United States,New York City,New York,10024.0,East,OFF-EN-10002592,Office Supplies,Envelopes,"Peel & Seel Recycled Catalog Envelopes, Brown",34.74,3.0,0.0,17.37,Manual Upload,Rejected,
7552.0,CA-2014-140396,11/20/2014,11/25/2014,Standard Class,KH-16330,Katharine Harms,Corporate,United States,New York City,New York,10024.0,East,TEC-PH-10004447,Technology,Phones,Toshiba IPT2010-SD IP Telephone,833.94,6.0,0.0,216.8244,ERP,Rejected,Urgent
7553.0,CA-2014-140396,11/20/2014,11/25/2014,Standard Class,KH-16330,Katharine Harms,Corporate,United States,New York City,New York,10024.0,East,OFF-BI-10003669,Office Supplies,Binders,3M Organizer Strips,12.96,3.0,0.2,4.536,CRM,Pending,Urgent
7554.0,CA-2014-140396,11/20/2014,11/25/2014,Standard Class,KH-16330,Katharine Harms,Corporate,United States,New York City,New York,10024.0,East,OFF-PA-10000223,Office Supplies,Paper,Xerox 2000,25.92,4.0,0.0,12.4416,CRM,Pending,Duplicate?
7555.0,CA-2014-114181,5/10/2014,5/14/2014,Second Class,AF-10885,Art Foster,Consumer,United States,Philadelphia,Pennsylvania,19134.0,East,FUR-BO-10004467,Furniture,Bookcases,Bestar Classic Bookcase,349.965,7.0,0.5,-216.9783,ERP,Rejected,Check later
7556.0,CA-2014-114181,5/10/2014,5/14/2014,Second Class,AF-10885,Art Foster,Consumer,United States,Philadelphia,Pennsylvania,19134.0,East,OFF-AR-10000716,Office Supplies,Art,DIXON Ticonderoga Erasable Checking Pencils,22.32,5.0,0.2,5.301,ERP,Rejected,Duplicate?
7557.0,CA-2017-159506,11/27/2017,12/2/2017,Standard Class,JR-16210,Justin Ritter,Corporate,United States,Columbus,Indiana,47201.0,Central,OFF-PA-10003641,Office Supplies,Paper,Xerox 1909,158.28,6.0,0.0,72.8088,ERP,Rejected,Duplicate?
7558.0,CA-2017-159506,11/27/2017,12/2/2017,Standard Class,JR-16210,Justin Ritter,Corporate,United States,Columbus,Indiana,47201.0,Central,OFF-BI-10004519,Office Supplies,Binders,GBC DocuBind P100 Manual Binding Machine,497.94,3.0,0.0,224.073,Manual Upload,Pending,Duplicate?
7559.0,US-2014-137155,11/1/2014,11/5/2014,Standard Class,DL-12925,Daniel Lacy,Consumer,United States,Long Beach,NY,11561.0,East,OFF-AP-10002518,Office Supplies,Appliances,Kensington 7 Outlet MasterPiece Power Center,533.94,3.0,0.0,154.8426,Manual Upload,Approved,
7560.0,US-2014-137155,11/1/2014,11/5/2014,Standard Class,DL-12925,Daniel Lacy,Consumer,United States,Long Beach,New York,11561.0,East,OFF-PA-10000806,Office Supplies,Paper,Xerox 1934,167.94,3.0,0.0,82.2906,Legacy,,Check later
7561.0,US-2014-137155,11/1/2014,2014-11-05,Standard Class,DL-12925,Daniel Lacy,Consumer,United States,Long Beach,New York,11561.0,East,FUR-FU-10003142,Furniture,Furnishings,"Master Big Foot Doorstop, Beige",31.68,6.0,0.0,9.8208,Manual Upload,Pending,Duplicate?
7562.0,CA-2016-105746,12/30/2016,1/1/2017,First Class,BD-11605,Brian Dahlen,Consumer,United States,Lancaster,Pennsylvania,17602.0,East,FUR-CH-10000454,Furniture,Chairs,"Hon Deluxe Fabric Upholstered Stacking Chairs, Rounded Back",170.786,1.0,0.3,0.0,Manual Upload,,
7563.0,US-2016-104815,9/3/2016,9/7/2016,Standard Class,RB-19570,Rob Beeghly,Consumer,United States,Chicago,Illinois,60610.0,Central,FUR-BO-10003894,Furniture,Bookcases,"Safco Value Mate Steel Bookcase, Baked Enamel Finish on Steel, Black",198.744,4.0,0.3,0.0,CRM,,
7564.0,CA-2017-157672,10/5/2017,10/7/2017,First Class,RB-19795,Ross Baird,Home Office,United States,Denver,Colorado,80219.0,West,TEC-AC-10001714,Technology,Accessories,Logitech MX Performance Wireless Mouse,63.824,2.0,0.2,13.5626,Manual Upload,Pending,
7565.0,US-2016-166660,1/30/2016,2/1/2016,Second Class,TB-21250,Tim Brockman,Consumer,United States,Seattle,Washington,98103.0,West,FUR-CH-10001190,Furniture,Chairs,Global Deluxe High-Back Office Chair in Storm,435.168,4.0,0.2,-59.8356,Legacy,,
7566.0,US-2016-166660,1/30/2016,2/1/2016,Second Class,TB-21250,Tim Brockman,Consumer,United States,Seattle,Washington,98103.0,West,FUR-BO-10000468,Furniture,Bookcases,O'Sullivan 2-Shelf Heavy-Duty Bookcases,48.58,1.0,0.0,7.7728,Manual Upload,Rejected,Duplicate?
7567.0,CA-2017-140802,4/21/2017,4/23/2017,First Class,KN-16390,Katherine Nockton,Corporate,United States,Houston,Texas,77070.0,Central,TEC-AC-10001998,Technology,Accessories,Logitech LS21 Speaker System - PC Multimedia - 2.1-CH - Wired,47.976,3.0,0.2,8.3958,CRM,Pending,
7568.0,CA-2017-140802,4/21/2017,4/23/2017,First Class,KN-16390,Katherine Nockton,Corporate,United States,Houston,Texas,77070.0,Central,OFF-PA-10001534,Office Supplies,Paper,Xerox 230,20.736,4.0,0.2,7.2576,ERP,,Urgent
7569.0,CA-2014-133830,12/5/2014,12/10/2014,Standard Class,RL-19615,Rob Lucas,Consumer,United States,Los Angeles,California,90045.0,West,OFF-AR-10003045,Office Supplies,Art,Prang Colored Pencils,26.46,9.0,0.0,11.907,CRM,,
7570.0,CA-2014-133830,12/5/2014,12/10/2014,Standard Class,RL-19615,Rob Lucas,Consumer,United States,Los Angeles,California,90045.0,West,OFF-PA-10001363,Office Supplies,Paper,Xerox 1933,49.12,4.0,0.0,23.0864,Manual Upload,Rejected,Urgent
7571.0,CA-2014-133830,12/5/2014,12/10/2014,Standard Class,RL-19615,Rob Lucas,Consumer,United States,Los Angeles,California,90045.0,West,OFF-FA-10002280,Office Supplies,Fasteners,Advantus Plastic Paper Clips,15.0,3.0,0.0,7.2,Manual Upload,Approved,
7572.0,CA-2014-100916,10/21/2014,10/26/2014,Standard Class,FH-14275,Frank Hawley,Corporate,United States,Newport News,Virginia,23602.0,South,OFF-ST-10003479,Office Supplies,Storage,"Eldon Base for stackable storage shelf, platinum",194.7,5.0,0.0,9.735,Manual Upload,Pending,
7573.0,CA-2014-100916,10/21/2014,10/26/2014,Standard Class,FH-14275,Frank Hawley,Corporate,United States,Newport News,Virginia,23602.0,South,FUR-TA-10004607,Furniture,Tables,Hon 2111 Invitation Series Straight Table,591.32,4.0,0.0,112.3508,ERP,Pending,Duplicate?
7574.0,CA-2014-100916,10/21/2014,10/26/2014,Standard Class,FH-14275,FRANK HAWLEY,Corporate,United States,Newport News,Virginia,23602.0,South,OFF-AR-10001022,Office Supplies,Art,SANFORD Liquid Accent Tank-Style Highlighters,2.84,1.0,0.0,0.8804,Legacy,Pending,
7575.0,CA-2015-129532,12/8/2015,12/12/2015,Standard Class,YS-21880,Yana Sorensen,Corporate,United States,Los Angeles,California,90036.0,West,OFF-ST-10004186,Office Supplies,Storage,"Stur-D-Stor Shelving, Vertical 5-Shelf: 72""H x 36""W x 18 1/2""D",221.96,2.0,0.0,4.4392,CRM,,Urgent
7576.0,CA-2015-129532,12/8/2015,12/12/2015,Standard Class,YS-21880,Yana Sorensen,Corporate,United States,Los Angeles,California,90036.0,West,TEC-AC-10000865,Technology,Accessories,WD My Passport Ultra 500GB Portable External Hard Drive,236.0,4.0,0.0,40.12,Manual Upload,Rejected,
7577.0,CA-2014-134726,11/2/2014,11/7/2014,Second Class,SW-20755,Steven Ward,Corporate,United States,Seattle,Washington,98115.0,West,TEC-AC-10000023,Technology,Accessories,"Maxell 74 Minute CD-R Spindle, 50/Pack",41.94,2.0,0.0,15.0984,ERP,,
7578.0,CA-2014-134726,11/2/2014,11/7/2014,Second Class,SW-20755,Steven Ward,Corporate,United States,Seattle,Washington,98115.0,West,TEC-PH-10001750,Technology,Phones,Samsung Rugby III,52.792,1.0,0.2,4.6193,ERP,Approved,
7579.0,CA-2016-138597,12/18/2016,12/21/2016,First Class,PN-18775,Parhena Norris,Home Office,United States,Omaha,Nebraska,68104.0,Central,FUR-CH-10004997,Furniture,Chairs,Hon Every-Day Series Multi-Task Chairs,563.94,3.0,0.0,112.788,Manual Upload,Approved,Duplicate?
7580.0,CA-2015-123113,11/23/2015,11/27/2015,Second Class,AT-10735,Annie Thurman,Consumer,United States,Morristown,New Jersey,7960.0,East,OFF-AP-10000275,Office Supplies,Appliances,"Sanyo Counter Height Refrigerator with Crisper, 3.6 Cubic Foot, Stainless Steel/Black",2625.12,8.0,0.0,735.0336,Manual Upload,Rejected,
7581.0,CA-2015-123113,11/23/2015,11/27/2015,Second Class,AT-10735,Annie Thurman,Consumer,United States,Morristown,New Jersey,7960.0,East,OFF-AR-10004999,Office Supplies,Art,Newell 315,17.94,3.0,0.0,4.485,Legacy,Rejected,Duplicate?
7582.0,CA-2015-169656,8/13/2015,8/16/2015,First Class,EJ-13720,Ed Jacobs,Consumer,United States,Philadelphia,Pennsylvania,19143.0,East,OFF-ST-10003816,Office Supplies,Storage,Fellowes High-Stak Drawer Files,422.856,3.0,0.2,15.8571,Manual Upload,Rejected,
7583.0,CA-2015-142734,4/16/2015,4/21/2015,Standard Class,DM-13345,Denise Monton,Corporate,United States,New York City,New York,10024.0,East,FUR-CH-10003968,Furniture,Chairs,Novimex Turbo Task Chair,127.764,2.0,0.1,2.8392,Manual Upload,Pending,Duplicate?
7584.0,CA-2014-163223,3/21/2014,3/25/2014,standard class,KH-16690,Kristen Hastings,Corporate,United States,Springfield,Virginia,22153.0,South,TEC-PH-10000730,Technology,Phones,Samsung Galaxy S4 Active,3499.93,7.0,0.0,909.9818,ERP,Approved,Check later
7585.0,CA-2014-163223,3/21/2014,3/25/2014,Standard Class,KH-16690,Kristen Hastings,Corporate,United States,Springfield,Virginia,22153.0,South,OFF-LA-10004409,Office Supplies,Labels,Avery 492,14.4,5.0,0.0,6.624,ERP,,
7586.0,CA-2014-163223,3/21/2014,3/25/2014,Standard Class,KH-16690,Kristen Hastings,Corporate,United States,Springfield,Virginia,22153.0,South,OFF-PA-10000675,Office Supplies,Paper,Xerox 1919,0.01,3.0,0.0,60.2553,CRM,Rejected,Urgent
7587.0,CA-2014-163223,3/21/2014,3/25/2014,Standard Class,KH-16690,Kristen Hastings,Corporate,United States,Springfield,Virginia,22153.0,South,OFF-AR-10001573,Office Supplies,Art,American Pencil,9.32,4.0,0.0,2.7028,Manual Upload,Pending,
7588.0,CA-2014-163223,3/21/2014,3/25/2014,Standard Class,KH-16690,Kristen Hastings,Corporate,United States,Springfield,Virginia,22153.0,South,OFF-BI-10001597,Office Supplies,Binders,"Wilson Jones Ledger-Size, Piano-Hinge Binder, 2"", Blue",122.94,3.0,0.0,59.0112,ERP,Rejected,Check later
7589.0,CA-2017-122945,11/16/2017,11/22/2017,Standard Class,MB-18085,Mick Brown,Consumer,United States,Roseville,California,95661.0,West,FUR-FU-10001196,Furniture,Furnishings,DAX Cubicle Frames - 8x10,17.31,3.0,0.0,5.193,Manual Upload,,
7590.0,CA-2015-139738,9/25/2015,9/29/2015,Standard Class,DK-12895,Dana Kaydos,Consumer,United States,Rockford,Illinois,61107.0,Central,OFF-AR-10004602,Office Supplies,Art,Boston KS Multi-Size Manual Pencil Sharpener,128.744,7.0,0.2,12.8744,Manual Upload,Approved,
7591.0,CA-2016-158778,9/5/2016,9/9/2016,Standard Class,DB-13210,Dean Braden,Consumer,United States,Philadelphia,Pennsylvania,19134.0,East,FUR-FU-10000260,Furniture,Furnishings,"6"" Cubicle Wall Clock, Black",58.248,9.0,0.2,11.6496,ERP,Approved,
7592.0,CA-2016-158778,9/5/2016,9/9/2016,Standard Class,DB-13210,Dean Braden,Consumer,United States,Philadelphia,Pennsylvania,19134.0,East,FUR-CH-10001146,Furniture,Chairs,"Global Task Chair, Black",71.246,2.0,0.3,-19.3382,CRM,Approved,Urgent
7593.0,CA-2016-158778,9/5/2016,9/9/2016,Standard Class,DB-13210,Dean Braden,Consumer,United States,Philadelphia,Pennsylvania,19134.0,East,OFF-AR-10000896,Office Supplies,Art,Newell 329,7.872,3.0,0.2,0.5904,CRM,Approved,
7594.0,CA-2016-158778,9/5/2016,9/9/2016,Standard Class,DB-13210,Dean Braden,Consumer,United States,Philadelphia,Pennsylvania,19134.0,East,FUR-CH-10000309,Furniture,Chairs,Global Comet Stacking Arm Chair,887.271,3.0,0.3,-63.3765,CRM,Rejected,Check later
7595.0,CA-2017-119655,4/20/2017,4/24/2017,Standard Class,CV-12295,Christina VanderZanden,Consumer,United States,Detroit,Michigan,48234.0,Central,OFF-BI-10001989,Office Supplies,Binders,Premium Transparent Presentation Covers by GBC,146.86,7.0,0.0,70.4928,ERP,,
7596.0,CA-2017-119655,4/20/2017,4/24/2017,Standard Class,CV-12295,Christina VanderZanden,Consumer,United States,Detroit,Michigan,48234.0,Central,OFF-BI-10001036,Office Supplies,Binders,Cardinal EasyOpen D-Ring Binders,36.56,4.0,0.0,18.28,Manual Upload,Approved,Urgent
7597.0,CA-2015-164567,6/15/2015,6/19/2015,Standard Class,GK-14620,Grace Kelly,Corporate,United States,Los Angeles,California,90004.0,West,TEC-PH-10002103,Technology,Phones,Jabra SPEAK 410,225.576,-1.0,0.2,22.5576,Legacy,Approved,Urgent
7598.0,CA-2014-131947,9/17/2014,9/22/2014,Standard Class,JA-15970,Joseph Airdo,Consumer ,United States,Springfield,Oregon,,West,OFF-AR-10001473,Office Supplies,Art,Newell 313,5.248,2.0,0.2,0.4592,Manual Upload,Rejected,Urgent
7599.0,CA-2014-131947,9/17/2014,9/22/2014,Standard Class,JA-15970,Joseph Airdo,Consumer,United States,Springfield,Oregon,97477.0,West,OFF-AR-10000411,Office Supplies,Art,Boston 16701 Slimline Battery Pencil Sharpener,38.256,3.0,0.2,4.782,CRM,,
7600.0,CA-2014-131947,9/17/2014,9/22/2014,Standard Class,JA-15970,Joseph Airdo,Consumer,United States,Springfield,Oregon,97477.0,West,OFF-PA-10000246,Office Supplies,Paper,Riverleaf Stik-Withit Designer Note Cubes,40.24,5.0,0.2,50000.0,ERP,Approved,
7601.0,CA-2014-131947,9/17/2014,9/22/2014,Standard Class,JA-15970,Joseph Airdo,Consumer,United States,Springfield,Oregon,97477.0,West,TEC-MA-10004086,Technology,Machines,Plantronics Single Ear Headset,29.925,5.0,0.7,-21.945,CRM,Approved,
7602.0,CA-2014-131947,9/17/2014,9/22/2014,Standard Class,JA-15970,Joseph Airdo,Consumer,United States,Springfield,Oregon,97477.0,West,OFF-PA-10003039,Office Supplies,Paper,Xerox 1960,148.704,6.0,0.2,46.47,CRM,Rejected,
7603.0,CA-2014-131947,9/17/2014,9/22/2014,Standard Class,JA-15970,Joseph Airdo,Consumer,United States,Springfield,Oregon,97477.0,West,TEC-AC-10004633,Technology,Accessories,"Verbatim 25 GB 6x Blu-ray Single Layer Recordable Disc, 3/Pack",55.92,10.0,0.2,16.776,CRM,Approved,
7604.0,CA-2016-152520,7/8/2016,7/12/2016,Standard Class,TH-21115,Thea Hudgings,Corporate,United States,Providence,Rhode Island,2908.0,East,OFF-PA-10000289,Office Supplies,Paper,Xerox 213,12.96,2.0,0.0,6.2208,Manual Upload,,
7605.0,CA-2016-101791,5/27/2016,5/31/2016,Standard Class,BS-11665,Brian Stugart,Consumer,United States,Chicago,Illinois,60623.0,Central,FUR-FU-10003247,Furniture,Furnishings,36X48 HARDFLOOR CHAIRMAT,25.176,3.0,0.6,-33.3582,Manual Upload,Approved,Check later
7606.0,CA-2016-101791,5/27/2016,5/31/2016,Standard Class,BS-11665,Brian Stugart,Consumer,United States,Chicago,Illinois,60623.0,Central,FUR-FU-10002191,Furniture,Furnishings,G.E. Halogen Desk Lamp Bulbs,5.584,2.0,0.6,-1.6752,Manual Upload,,Check later
7607.0,CA-2016-101791,5/27/2016,5/31/2016,Standard Class,BS-11665,Brian Stugart,Consumer,United States,Chicago,Illinois,60623.0,Central,OFF-ST-10001496,Office Supplies,Storage,Standard Rollaway File with Lock,1297.368,9.0,0.2,97.3026,Legacy,Rejected,
7608.0,CA-2017-121195,12/24/2017,12/27/2017,First Class,NS-18505,Neola Schneider,Consumer,United States,Dallas,Texas,75220.0,Central,OFF-ST-10000585,Office Supplies,Storage,Economy Rollaway Files,264.32,2.0,0.2,19.824,Manual Upload,,Duplicate?
7609.0,CA-2017-163209,5/3/2017,5/7/2017,standard class,MK-18160,Mike Kennedy,Consumer,United States,San Francisco,California,94122.0,West,OFF-PA-10001166,Office Supplies,Paper,Xerox 2,25.92,4.0,0.0,12.4416,ERP,Pending,
7610.0,CA-2017-163209,5/3/2017,5/7/2017,Standard Class,MK-18160,Mike Kennedy,Consumer,United States,San Francisco,California,94122.0,West,OFF-AR-10003651,Office Supplies,Art,Newell 350,22.96,7.0,0.0,6.6584,Manual Upload,Pending,
7611.0,CA-2014-133354,2/22/2014,2/24/2014,First Class,SA-20830,Sue Ann Reed,Consumer,United States,Moreno Valley,California,92553.0,West,OFF-PA-10001800,Office Supplies,Paper,Xerox 220,19.44,3.0,0.0,9.3312,Manual Upload,Pending,Check later
7612.0,US-2015-130491,2/8/2015,2/11/2015,First Class,BH-11710,Brosina Hoffman,Consumer,United States,Garden City,Kansas,67846.0,Central,OFF-PA-10000791,Office Supplies,Paper,"Wirebound Message Books, Four 2 3/4 x 5 Forms per Page, 200 Sets per Book",9.54,2.0,0.0,4.293,Legacy,Approved,
7613.0,US-2015-130491,2/8/2015,2/11/2015,First Class,BH-11710,Brosina Hoffman,Consumer,United States,Garden City,Kansas,67846.0,Central,OFF-FA-10000134,Office Supplies,Fasteners,"Advantus Push Pins, Aluminum Head",5.81,1.0,0.0,1.8011,Manual Upload,Approved,Duplicate?
7614.0,US-2015-130491,2/8/2015,2/11/2015,First Class,BH-11710,Brosina Hoffman,Consumer,United States,Garden City,Kansas,67846.0,Central,OFF-AR-10001149,Office Supplies,Art,"Sanford Colorific Colored Pencils, 12/Box",5.76,2.0,0.0,1.728,ERP,Rejected,
7615.0,CA-2015-113740,8/24/2015,8/28/2015,Second Class,SC-20380,Shahid Collister,Consumer,United States,New York City,New York,10035.0,East,FUR-FU-10000010,Furniture,Furnishings,"DAX Value U-Channel Document Frames, Easel Back",14.91,3.0,0.0,4.6221,Manual Upload,Rejected,Check later
7616.0,CA-2014-148425,11/30/2014,12/4/2014,Standard Class,RF-19345,Randy Ferguson,Corporate,United States,Orlando,Florida,32839.0,South,OFF-BI-10000201,Office Supplies,Binders,"Avery Triangle Shaped Sheet Lifters, Black, 2/Pack",6.642,9.0,0.7,-4.428,ERP,,
7617.0,CA-2016-144309,12/10/2016,12/16/2016,Standard Class,CM-12235,Chris McAfee,Consumer,United States,Watertown,New York,13601.0,East,OFF-PA-10001776,Office Supplies,Paper,"Wirebound Message Books, Four 2 3/4"" x 5"" Forms per Page, 600 Sets per Book",18.54,2.0,0.99,8.7138,CRM,Rejected,
7618.0,CA-2016-144309,12/10/2016,12/16/2016,Standard Class,CM-12235,Chris McAfee,Consumer,United States,Watertown,New York,13601.0,East,OFF-BI-10003656,Office Supplies,Binders,Fellowes PB200 Plastic Comb Binding Machine,679.96,5.0,0.2,220.987,ERP,Pending,Duplicate?
7619.0,CA-2017-151225,10/27/2017,10/29/2017,First Class,JM-15655,Jim Mitchum,Corporate,United States,Los Angeles,California,90032.0,West,FUR-TA-10001539,Furniture,Tables,Chromcraft Rectangular Conference Tables,189.576,100.0,0.2,9.4788,CRM,,
7620.0,CA-2017-151225,10/27/2017,10/29/2017,First Class,JM-15655,Jim Mitchum,Corporate,United States,Los Angeles,California,90032.0,West,TEC-PH-10004100,Technology,Phones,Griffin GC17055 Auxiliary Audio Cable,71.96,5.0,0.2,7.196,CRM,Approved,Duplicate?
7621.0,US-2014-144078,11/25/2014,11/29/2014,Standard Class,RB-19435,Richard Bierner,Consumer,United States,Los Angeles,California,90004.0,West,TEC-PH-10001580,Technology,Phones,Logitech Mobile Speakerphone P710e - speaker phone,539.92,5.0,0.2,47.243,CRM,Approved,Check later
7622.0,US-2014-144078,11/25/2014,11/29/2014,Standard Class,RB-19435,Richard Bierner,Consumer,United States,Los Angeles,California,90004.0,West,FUR-CH-10002335,Furniture,Chairs,Hon GuestStacker Chair,725.344,4.0,0.2,54.4008,Manual Upload,Approved,Urgent
7623.0,US-2014-144078,11/25/2014,11/29/2014,Standard Class,RB-19435,Richard Bierner,Consumer,United States,Los Angeles,California,90004.0,West,OFF-AR-10004707,Office Supplies,Art,Staples in misc. colors,7.44,3.0,0.0,2.604,ERP,Rejected,
7624.0,CA-2014-124464,7/14/2014,7/20/2014,Standard Class,SS-20515,Shirley Schmidt,Home Office,United States,Newark,Delaware,19711.0,East,OFF-AP-10000576,office_supplies,Appliances,Belkin 7 Outlet SurgeMaster II,39.48,1.0,0.0,11.0544,Legacy,Approved,
7625.0,CA-2015-136805,5/23/2015,5/27/2015,Second Class,NM-18445,Nathan Mautz,Home Office,United States,Detroit,Michigan,48234.0,Central,OFF-AP-10001394,Office Supplies,Appliances,Harmony Air Purifier,850.5,5.0,0.1,245.7,Manual Upload,Rejected,Check later
7626.0,CA-2015-136805,5/23/2015,5/27/2015,Second Class,NM-18445,Nathan Mautz,Home Office,United States,Detroit,Michigan,48234.0,Central,FUR-FU-10003724,Furniture,Furnishings,Westinghouse Clip-On Gooseneck Lamps,75.33,9.0,0.0,19.5858,ERP,,Check later
7627.0,US-2015-159499,11/21/2015,11/23/2015,Second Class,EM-14095,Eudokia Martin,Corporate,United States,Phoenix,Arizona,85023.0,West,OFF-AP-10002867,Office Supplies,Appliances,Fellowes Command Center 5-outlet power strip,325.632,6.0,0.2,28.4928,CRM,Rejected,Duplicate?
7628.0,US-2015-159499,11/21/2015,11/23/2015,Second Class,EM-14095,Eudokia Martin,Corporate,United States,Phoenix,Arizona,85023.0,West,TEC-AC-10002718,Technology,Accessories,Belkin Standard 104 key USB Keyboard,23.344,2.0,0.2,-1.459,CRM,,Urgent
7629.0,US-2015-159499,11/21/2015,11/23/2015,Second Class,EM-14095,Eudokia Martin,Corporate,United States,Phoenix,Arizona,85023.0,West,OFF-LA-10003121,Office Supplies,Labels,Avery 506,16.52,5.0,0.2,5.369,Legacy,,
7630.0,CA-2014-162089,3/30/2014,4/1/2014,First Class,MP-17470,Mark Packer,Home Office,United States,Brownsville,Texas,78521.0,Central,OFF-EN-10002230,Office Supplies,Envelopes,Airmail Envelopes,335.72,5.0,0.2,113.3055,CRM,Approved,Check later
7631.0,CA-2014-162089,3/30/2014,4/1/2014,First Class,MP-17470,Mark Packer,Home Office,United States,Brownsville,Texas,78521.0,Central,TEC-PH-10001819,Technology,Phones,Innergie mMini Combo Duo USB Travel Charging Kit,251.944,100.0,0.2,88.1804,CRM,Pending,
7632.0,CA-2014-162089,3/30/2014,4/1/2014,First Class,MP-17470,Mark Packer,Home Office,United States,Brownsville,Texas,78521.0,Central,FUR-CH-10002304,Furniture,Chairs,"Global Stack Chair without Arms, Black",127.302,7.0,0.3,-9.093,CRM,Pending,
7633.0,US-2017-158526,12/29/2017,1/1/2018,Second Class,KH-16360,Katherine Hughes,Consumer,United States,Louisville,Kentucky,40214.0,South,FUR-CH-10002602,Furniture,Chairs,DMI Arturo Collection Mission-style Design Wood Chair,1207.84,8.0,0.0,314.0384,ERP,Rejected,
7634.0,US-2017-158526,12/29/2017,1/1/2018,Second Class,KH-16360,Katherine Hughes,Consumer,United States,Louisville,Kentucky,40214.0,South,OFF-BI-10002414,Office Supplies,Binders,GBC ProClick Spines for 32-Hole Punch,12.53,1.0,0.0,5.8891,Legacy,,Urgent
7635.0,US-2017-158526,12/29/2017,1/1/2018,Second Class,KH-16360,Katherine Hughes,Consumer,United States,Louisville,Kentucky,40214.0,South,OFF-AR-10003696,Office Supplies,Art,Panasonic KP-350BK Electric Pencil Sharpener with Auto Stop,34.58,1.0,0.0,10.0282,Manual Upload,Rejected,
7636.0,US-2017-158526,12/29/2017,1/1/2018,Second Class,KH-16360,Katherine Hughes,Consumer,United States,Louisville,Kentucky,40214.0,South,FUR-CH-10004495,Furniture,Chairs,"Global Leather and Oak Executive Chair, Black",300.98,1.0,0.0,87.2842,Manual Upload,,Check later
7637.0,US-2017-158526,12/29/2017,1/1/2018,Second Class,KH-16360,Katherine Hughes,Consumer,United States,Louisville,Kentucky,40214.0,South,FUR-CH-10001270,Furniture,Chairs,Harbour Creations Steel Folding Chair,258.75,3.0,0.0,77.625,ERP,Approved,Check later
7638.0,CA-2017-104885,3/2/2017,3/8/2017,Standard Class,DB-13555,Dorothy Badders,Corporate,United States,Newark,Delaware,19711.0,East,OFF-AR-10001615,Office Supplies,Art,Newell 34,59.52,3.0,0.0,15.4752,Manual Upload,,
7639.0,CA-2017-104885,3/2/2017,3/8/2017,Standard Class,DB-13555,Dorothy Badders,Corporate,United States,Newark,Delaware,19711.0,East,OFF-EN-10003286,Office Supplies,Envelopes,Staple envelope,57.96,7.0,0.0,27.2412,Legacy,Approved,Duplicate?
7640.0,CA-2017-104885,3/2/2017,3/8/2017,Standard Class,DB-13555,Dorothy Badders,Corporate,United States,Newark,Delaware,19711.0,East,FUR-BO-10003660,Furniture,Bookcases,"Bush Cubix Collection Bookcases, Fully Assembled",441.96,2.0,0.0,101.6508,CRM,Pending,
7641.0,CA-2017-104885,3/2/2017,3/8/2017,Standard Class,DB-13555,Dorothy Badders,Corporate,United States,Newark,Delaware,19711.0,East,OFF-PA-10002764,Office Supplies,Paper,Easy-staple paper,68.04,6.0,0.0,33.3396,ERP,Approved,
7642.0,US-2016-157490,10/6/2016,10/7/2016,First Class,LB-16795,Laurel Beltran,Home Office,United States,Pueblo,Colorado,81001.0,West,TEC-MA-10001695,Technology,Machines,Zebra GK420t Direct Thermal/Thermal Transfer Printer,703.71,6.0,0.7,-938.28,Legacy,,
7643.0,US-2016-157490,10/6/2016,10/7/2016,First Class,LB-16795,Laurel Beltran,Home Office,United States,Pueblo,Colorado,81001.0,West,OFF-BI-10002824,Office Supplies,Binders,Recycled Easel Ring Binders,17.904,4.0,0.7,-14.92,Manual Upload,Approved,
7644.0,US-2016-157490,10/6/2016,10/7/2016,First Class,LB-16795,Laurel Beltran,Home Office,United States,Pueblo,Colorado,81001.0,West,OFF-BI-10002571,Office Supplies,Binders,"Avery Framed View Binder, EZD Ring (Locking), Navy, 1 1/2""",11.976,4.0,0.7,-9.1816,Legacy,Pending,Duplicate?
7645.0,US-2016-157490,10/6/2016,10/7/2016,First Class,LB-16795,Laurel Beltran,Home Office,United States,Pueblo,Colorado,81001.0,West,TEC-AC-10001553,Technology,Accessories,"Memorex 25GB 6X Branded Blu-Ray Recordable Disc, 15/Pack",67.96,5.0,0.2,0.8495,ERP,,Urgent
7646.0,CA-2015-161452,4/5/2015,4/11/2015,Standard Class,CA-11965,Carol Adams,Corporate,United States,Los Angeles,California,90036.0,West,FUR-CH-10003973,Furniture,Chairs,GuestStacker Chair with Chrome Finish Legs,892.224,3.0,0.2,89.2224,Legacy,Approved,Urgent
7647.0,US-2014-115196,9/9/2014,9/13/2014,Standard Class,DL-12925,Daniel Lacy,Consumer,United States,Greenville,North Carolina,27834.0,South,TEC-MA-10002073,Technology,Machines,"3D Systems Cube Printer, 2nd Generation, White",1299.99,2.0,0.5,-571.9956,ERP,Rejected,
7648.0,CA-2016-138968,3/15/2016,3/16/2016,First Class,FC-14335,Fred Chung,Corporate,United States,San Francisco,California,94110.0,West,OFF-BI-10003529,Office Supplies,Binders,Avery Round Ring Poly Binders,4.544,2.0,0.2,1.6472,Legacy,Approved,
7649.0,CA-2016-138968,3/15/2016,3/16/2016,First Class,FC-14335,Fred Chung,Corporate,United States,San Francisco,California,94110.0,West,FUR-CH-10000309,Furniture,Chairs,Global Comet Stacking Arm Chair,1352.032,4.0,0.2,84.502,ERP,Pending,
7650.0,CA-2015-101889,12/27/2015,12/31/2015,Standard Class,DB-13120,David Bremer,Corporate,United States,Marion,Ohio,43302.0,East,FUR-TA-10004154,Furniture,Tables,"Riverside Furniture Oval Coffee Table, Oval End Table, End Table with Drawer",1548.99,9.0,0.4,-464.697,CRM,Pending,Urgent
7651.0,CA-2015-101889,12/27/2015,12/31/2015,Standard Class,DB-13120,David Bremer,Corporate,United States,Marion,Ohio,43302.0,East,OFF-EN-10003286,Office Supplies,Envelopes,Staple envelope,19.872,3.0,0.2,6.7068,Legacy,Pending,
7652.0,CA-2017-110821,8/7/2017,8/8/2017,First Class,CK-12205,Chloris Kastensmidt,Consumer,United States,Dallas,Texas,75081.0,Central,TEC-AC-10001552,Technology,Accessories,Logitech K350 2.4Ghz Wireless Keyboard,119.448,3.0,0.2,-13.4379,Legacy,,Urgent
7653.0,CA-2017-110821,8/7/2017,8/8/2017,First Class,CK-12205,Chloris Kastensmidt,Consumer,United States,Dallas,Texas,75081.0,Central,OFF-ST-10002790,Office Supplies,Storage,Safco Industrial Shelving,118.16,2.0,0.2,-25.109,Manual Upload,Approved,Urgent
7654.0,CA-2015-121552,3/22/2015,3/27/2015,Standard Class,FW-14395,Fred Wasserman,Corporate,United States,Huntsville,Alabama,35810.0,South,OFF-AR-10003217,Office Supplies,Art,Newell 316,19.56,4.0,0.0,5.4768,CRM,Pending,Duplicate?
7655.0,CA-2015-107685,11/30/2015,12/2/2015,Second Class,JM-15865,John Murray,Consumer,United States,Las Vegas,Nevada,89115.0,West,FUR-FU-10002813,Furniture,Furnishings,"DAX Contemporary Wood Frame with Silver Metal Mat, Desktop, 11 x 14 Size",80.96,4.0,0.0,29.1456,CRM,Rejected,
7656.0,CA-2015-107685,11/30/2015,12/2/2015,Second Class,JM-15865,John Murray,Consumer,United States,Las Vegas,Nevada,89115.0,West,OFF-PA-10003848,Office Supplies,Paper,Xerox 1997,25.92,4.0,0.0,12.4416,Manual Upload,Rejected,Check later
7657.0,US-2014-120740,4/15/2014,4/15/2014,Same Day,PS-18970,Paul Stevenson,Home Office,United States,Los Angeles,California,90049.0,West,OFF-AP-10000240,Office Supplies,Appliances,Belkin F9G930V10-GRY 9 Outlet Surge,106.96,2.0,0.0,31.0184,CRM,Rejected,Urgent
7658.0,US-2014-120740,4/15/2014,4/15/2014,Same Day,PS-18970,Paul Stevenson,Home Office,United States,Los Angeles,California,90049.0,West,FUR-FU-10004091,Furniture,Furnishings,"Howard Miller 13"" Diameter Goldtone Round Wall Clock",187.76,4.0,0.0,76.9816,Manual Upload,,Check later
7659.0,CA-2017-155740,7/30/2017,8/2/2017,First Class,TC-21475,Tony Chapman,Home Office,United States,Lakewood,Ohio,44107.0,East,OFF-BI-10001071,Office Supplies,Binders,GBC ProClick Punch Binding System,76.776,4.0,0.7,-53.7432,Legacy,Approved,Check later
7660.0,CA-2017-146493,6/1/2017,6/5/2017,Standard Class,CV-12805,Cynthia Voltz,Corporate,United States,Fremont,Nebraska,68025.0,Central,OFF-BI-10003676,Office Supplies,Binders,"GBC Standard Recycled Report Covers, Clear Plastic Sheets",53.9,5.0,0.0,25.872,Manual Upload,Pending,
7661.0,CA-2014-105417,1/7/2014,1/12/2014,Standard Class,VS-21820,Vivek Sundaresam,Consumer,United States,Huntsville,Texas,77340.0,Central,FUR-FU-10004864,Furniture,Furnishings,"Howard Miller 14-1/2"" Diameter Chrome Round Wall Clock",76.728,3.0,0.6,-53.7096,Legacy,Pending,
7662.0,CA-2014-105417,1/7/2014,1/12/2014,Standard Class,VS-21820,Vivek Sundaresam,Consumer,United States,Huntsville,Texas,77340.0,Central,OFF-BI-10003708,Office Supplies,Binders,"Acco Four Pocket Poly Ring Binder with Label Holder, Smoke, 1""",10.43,7.0,0.8,-18.2525,CRM,Pending,Duplicate?
7663.0,US-2017-141509,9/29/2017,10/1/2017,First Class,SC-20575,Sonia Cooley,Consumer,United States,Los Angeles,California,90036.0,West,OFF-AR-10002067,Office Supplies,Art,Newell 334,99.2,5.0,0.0,25.792,ERP,Rejected,Check later
7664.0,CA-2017-139493,9/13/2017,9/19/2017,Standard Class,SG-20605,Speros Goranitis,Consumer,United States,Asheville,North Carolina,28806.0,South,OFF-AR-10003158,Office Supplies,Art,Fluorescent Highlighters by Dixon,15.92,5.0,0.2,2.786,CRM,,Check later
7665.0,CA-2014-151967,10/22/2014,10/26/2014,Standard Class,NB-18580,Nicole Brennan,Corporate,United States,Bossier City,Louisiana,71111.0,South,FUR-FU-10000193,Furniture,Furnishings,Tenex Chairmats For Use with Hard Floors,129.92,4.0,0.0,10.3936,CRM,Rejected,
7666.0,US-2016-140158,10/4/2016,10/8/2016,Standard Class,DR-12940,Daniel Raglin,Home Office,United States,Providence,Rhode Island,2908.0,East,OFF-BI-10000977,Office Supplies,Binders,Ibico Plastic Spiral Binding Combs,30.4,1.0,0.0,13.984,Manual Upload,Approved,Urgent
7667.0,US-2016-140158,10/4/2016,10/8/2016,Standard Class,DR-12940,Daniel Raglin,Home Office,United States,Providence,Rhode Island,2908.0,East,TEC-CO-10001449,Technology,Copiers,Hewlett Packard LaserJet 3310 Copier,5399.91,9.0,0.0,2591.9568,Legacy,Pending,
7668.0,US-2016-140158,10/4/2016,10/8/2016,Standard Class,DR-12940,Daniel Raglin,Home Office,United States,Providence,Rhode Island,2908.0,East,OFF-ST-10000136,Office Supplies,Storage,Letter Size File,119.1,3.0,0.0,34.539,CRM,,Urgent
7669.0,CA-2015-130974,11/27/2015,11/29/2015,Second Class,MA-17560,Matt Abelman,Home Office,United States,Everett,Massachusetts,2149.0,East,OFF-PA-10000743,Office Supplies,Paper,Xerox 1977,40.08,6.0,0.0,19.2384,Legacy,Approved,
7670.0,CA-2015-130974,11/27/2015,11/29/2015,Second Class,MA-17560,Matt Abelman,Home Office,United States,Everett,Massachusetts,2149.0,East,OFF-PA-10001019,Office Supplies,Paper,Xerox 1884,59.94,3.0,0.0,28.1718,Legacy,,Check later
7671.0,CA-2015-130974,11/27/2015,11/29/2015,Second Class,MA-17560,Matt Abelman,Home Office,United States,Everett,Massachusetts,2149.0,East,TEC-AC-10003095,Technology,Accessories,Logitech G35 7.1-Channel Surround Sound Headset,259.98,2.0,0.0,88.3932,Legacy,Approved,Duplicate?
7672.0,CA-2015-130974,11/27/2015,11/29/2015,Second Class,MA-17560,Matt Abelman,Home Office,United States,Everett,Massachusetts,2149.0,East,FUR-BO-10002916,Furniture,Bookcases,"Rush Hierlooms Collection 1"" Thick Stackable Bookcases",170.98,1.0,0.0,32.4862,ERP,Pending,
7673.0,CA-2015-130974,11/27/2015,11/29/2015,Second Class,MA-17560,Matt Abelman,Home Office,United States,Everett,Massachusetts,2149.0,East,FUR-FU-10002506,Furniture,Furnishings,"Tensor ""Hersey Kiss"" Styled Floor Lamp",38.97,3.0,0.0,4.6764,CRM,Approved,Urgent
7674.0,CA-2015-130974,11/27/2015,11/29/2015,Second Class,MA-17560,Matt Abelman,Home Office,United States,Everett,Massachusetts,2149.0,East,OFF-PA-10003823,Office Supplies,Paper,Xerox 197,154.9,5.0,2.0,69.705,CRM,Rejected,Urgent
7675.0,CA-2015-130974,11/27/2015,11/29/2015,Second Class,MA-17560,Matt Abelman,Home Office,United States,Everett,Massachusetts,2149.0,East,FUR-TA-10004619,Furniture,Tables,Hon Non-Folding Utility Tables,446.068,4.0,1.5,0.0,Legacy,,Duplicate?
7676.0,CA-2017-133487,5/6/2017,5/9/2017,Second Class,TS-21655,Trudy Schmidt,Consumer,United States,Rancho Cucamonga,California,91730.0,West,OFF-AP-10001271,Office Supplies,Appliances,Eureka The Boss Cordless Rechargeable Stick Vac,152.94,3.0,0.0,41.2938,Legacy,Pending,Check later
7677.0,CA-2014-142951,10/8/2014,10/8/2014,Same Day,JG-15115,Jack Garza,Consumer,United States,Charlotte,North Carolina,28205.0,South,TEC-AC-10002331,Technology,Accessories,"Maxell 74 Minute CDR, 10/Pack",23.472,3.0,0.2,4.9878,CRM,Approved,Urgent
7678.0,CA-2014-133592,12/31/2014,1/7/2015,Standard Class,KM-16375,Katherine Murray,Home Office,United States,Providence,Rhode Island,2908.0,East,OFF-PA-10003228,Office Supplies,Paper,Xerox 1917,195.64,4.0,0.0,91.9508,Legacy,,Check later
7679.0,CA-2014-133592,12/31/2014,1/7/2015,Standard Class,KM-16375,Katherine Murray,Home Office,United States,Providence,Rhode Island,2908.0,East,OFF-PA-10002586,Office Supplies,Paper,Xerox 1970,14.94,3.0,0.0,7.0218,Legacy,Approved,Urgent
7680.0,CA-2014-133592,12/31/2014,1/7/2015,Standard Class,KM-16375,Katherine Murray,Home Office,United States,Providence,Rhode Island,2908.0,East,TEC-AC-10002049,Technology,Accessories,Plantronics Savi W720 Multi-Device Wireless Headset System,1687.8,4.0,0.0,742.632,Legacy,,Duplicate?
7681.0,CA-2014-133592,12/31/2014,1/7/2015,Standard Class,KM-16375,Katherine Murray,Home Office,United States,Providence,Rhode Island,2908.0,East,FUR-BO-10000362,Furniture,Bookcases,Sauder Inglewood Library Bookcases,341.96,2.0,0.0,78.6508,Legacy,Approved,Check later
7682.0,CA-2014-133592,12/31/2014,1/7/2015,Standard Class,KM-16375,Katherine Murray,Home Office,United States,Providence,Rhode Island,2908.0,East,FUR-CH-10004218,Furniture,Chairs,"Global Fabric Manager's Chair, Dark Gray",605.88,6.0,0.0,151.47,ERP,Rejected,
7683.0,CA-2015-120782,4/28/2015,5/1/2015,First Class,SD-20485,Shirley Daniels,Home Office,United States,Midland,Michigan,48640.0,Central,OFF-AP-10003779,Office Supplies,Appliances,Kensington 7 Outlet MasterPiece Power Center with Fax/Phone Line Protection,186.732,1.0,0.1,41.496,Manual Upload,Rejected,Check later
7684.0,CA-2015-120782,4/28/2015,5/1/2015,First Class,SD-20485,Shirley Daniels,Home Office,United States,Midland,Michigan,48640.0,Central,OFF-BI-10003527,Office Supplies,Binders,Fellowes PB500 Electric Punch Plastic Comb Binding Machine with Manual Bind,3812.97,3.0,0.0,1906.485,ERP,Approved,
7685.0,CA-2015-116876,2/14/2015,2/21/2015,Standard Class,TT-21070,Ted Trevino,Consumer,United States,Rochester,New York,14609.0,East,OFF-BI-10002897,Office Supplies,Binders,"Black Avery Memo-Size 3-Ring Binder, 5 1/2"" x 8 1/2""",26.424,9.0,0.2,9.5787,ERP,Rejected,
7686.0,CA-2015-116876,2/14/2015,2/21/2015,Standard Class,TT-21070,Ted Trevino,Consumer,United States,Rochester,New York,14609.0,East,TEC-PH-10002584,Technology,Phones,Samsung Galaxy S4,625.99,1.0,0.0,187.797,Legacy,Approved,
7687.0,CA-2016-169838,11/25/2016,11/29/2016,Standard Class,BB-11545,Brenda Bowman,Corporate,United States,Jackson,Michigan,49201.0,Central,FUR-TA-10001095,Furniture,Tables,Chromcraft Round Conference Tables,1568.61,9.0,0.0,329.4081,Manual Upload,Rejected,Check later
7688.0,CA-2016-169838,11/25/2016,11/29/2016,Standard Class,BB-11545,Brenda Bowman,Corporate,United States,Jackson,Michigan,49201.0,Central,OFF-BI-10004002,Office Supplies,Binders,Wilson Jones International Size A4 Ring Binders,17.3,1.0,1.5,8.304,Manual Upload,Pending,
7689.0,CA-2016-169838,11/25/2016,11/29/2016,Standard Class,BB-11545,Brenda Bowman,Corporate,United States,Jackson,Michigan,49201.0,Central,TEC-AC-10004518,Technology,Accessories,Memorex Mini Travel Drive 32 GB USB 2.0 Flash Drive,160.0,8.0,0.0,62.4,ERP,Rejected,Duplicate?
7690.0,US-2017-128951,7/15/2017,7/17/2017,First Class,RS-19420,Ricardo Sperren,Corporate,United States,Suffolk,Virginia,23434.0,South,OFF-AP-10002191,Office Supplies,Appliances,Belkin 8 Outlet SurgeMaster II Gold Surge Protector,179.94,3.0,0.0,50.3832,Legacy,Rejected,Duplicate?
7691.0,US-2017-128951,7/15/2017,7/17/2017,First Class,RS-19420,Ricardo Sperren,Corporate,United States,Suffolk,Virginia,23434.0,South,FUR-TA-10004575,Furniture,Tables,Hon 5100 Series Wood Tables,872.94,3.0,2.0,157.1292,ERP,,
7692.0,US-2017-128951,7/15/2017,7/17/2017,First Class,RS-19420,Ricardo Sperren,Corporate,United States,Suffolk,Virginia,23434.0,South,OFF-PA-10003177,Office Supplies,Paper,Xerox 1999,12.96,2.0,0.0,6.2208,Legacy,Approved,Check later
7693.0,CA-2014-102330,12/29/2014,1/3/2015,Standard Class,AI-10855,Arianne Irving,Consumer,United States,Brentwood,California,94513.0,West,OFF-LA-10003923,Office Supplies,Labels,Alphabetical Labels for Top Tab Filing,88.8,6.0,0.0,44.4,Manual Upload,Approved,
7694.0,CA-2014-102330,12/29/2014,1/3/2015,Standard Class,AI-10855,Arianne Irving,Consumer,United States,Brentwood,California,94513.0,West,TEC-PH-10001051,Technology,Phones,HTC One,319.968,4.0,0.2,35.9964,Manual Upload,Rejected,Urgent
7695.0,CA-2016-118899,3/22/2016,3/22/2016,Same Day,MC-17275,Marc Crier,Consumer,United States,Seattle,Washington,98103.0,West,FUR-CH-10004754,Furniture,Chairs,"Global Stack Chair with Arms, Black",167.888,7.0,0.2,14.6902,Legacy,Approved,Urgent
7696.0,CA-2017-107958,7/2/2017,7/5/2017,First Class,AH-10120,Adrian Hane,Home Office,United States,Houston,Texas,77036.0,Central,OFF-PA-10000357,Office Supplies,Paper,"White Dual Perf Computer Printout Paper, 2700 Sheets, 1 Part, Heavyweight, 20 lbs., 14 7/8 x 11",163.96,5.0,0.2,59.4355,CRM,Rejected,Check later
7697.0,CA-2017-107958,7/2/2017,7/5/2017,First Class,AH-10120,Adrian Hane,Home Office,United States,Houston,Texas,77036.0,Central,OFF-BI-10001787,Office Supplies,Binders,Wilson Jones Four-Pocket Poly Binders,5.232,4.0,0.8,-8.1096,Manual Upload,Approved,
7698.0,CA-2017-151799,12/14/2017,12/18/2017,Standard Class,BF-11170,Ben Ferrer,Home Office,United States,Lawrence,Massachusetts,1841.0,East,TEC-CO-10002313,Technology,Copiers,Canon PC1080F Personal Copier,1199.98,2.0,0.0,467.9922,ERP,Pending,Duplicate?
7699.0,CA-2017-151799,12/14/2017,12/18/2017,Standard Class,BF-11170,BEN FERRER,Home Office,United States,Lawrence,Massachusetts,1841.0,East,OFF-ST-10002790,Office Supplies,Storage,Safco Industrial Shelving,73.85,1.0,0.0,2.2155,ERP,,Duplicate?
7700.0,CA-2017-151799,12/14/2017,12/18/2017,Standard Class,BF-11170,Ben Ferrer,Home Office,United States,Lawrence,Massachusetts,1841.0,East,OFF-SU-10001664,Office Supplies,Supplies,Acme Office Executive Series Stainless Steel Trimmers,25.71,3.0,0.0,6.6846,Manual Upload,,Check later
7701.0,CA-2017-151799,12/14/2017,12/18/2017,Standard Class,BF-11170,Ben Ferrer,Home Office,United States,Lawrence,Massachusetts,1841.0,East,OFF-FA-10001332,Office Supplies,Fasteners,"Acco Banker's Clasps, 5 3/4""-Long",17.28,6.0,0.0,8.1216,ERP,Pending,Duplicate?
7702.0,CA-2017-151799,12/14/2017,12/18/2017,Standard Class,BF-11170,Ben Ferrer,Home Office,United States,Lawrence,Massachusetts,1841.0,East,FUR-TA-10003473,Furniture,Tables,Bretford Rectangular Conference Table Tops,526.582,2.0,0.3,-52.6582,Manual Upload,Rejected,Check later
7703.0,CA-2016-114601,8/26/2016,9/2/2016,Standard Class,AA-10480,Andrew Allen,Consumer,United States,Detroit,Michigan,48234.0,Central,OFF-PA-10000605,Office Supplies,Paper,Xerox 1950,11.56,2.0,0.0,5.6644,CRM,Pending,Check later
7704.0,CA-2016-114601,8/26/2016,9/2/2016,Standard Class,AA-10480,Andrew Allen,Consumer ,United States,Detroit,Michigan,48234.0,Central,TEC-PH-10002170,Technology,Phones,ClearSounds CSC500 Amplified Spirit Phone Corded phone,209.97,3.0,0.0,58.7916,CRM,Rejected,Duplicate?
7705.0,CA-2016-114601,8/26/2016,9/2/2016,Standard Class,AA-10480,Andrew Allen,Consumer,United States,Detroit,Michigan,48234.0,Central,FUR-TA-10004147,Furniture,Tables,Hon 4060 Series Tables,447.84,4.0,0.0,98.5248,ERP,,Duplicate?
7706.0,CA-2016-114601,8/26/2016,9/2/2016,Standard Class,AA-10480,Andrew Allen,Consumer,United States,Detroit,Michigan,48234.0,Central,TEC-AC-10003911,Technology,Accessories,NETGEAR AC1750 Dual Band Gigabit Smart WiFi Router,479.97,3.0,0.0,163.1898,Legacy,Pending,
7707.0,CA-2016-114601,8/26/2016,9/2/2016,Standard Class,AA-10480,Andrew Allen,Consumer,United States,Detroit,Michigan,48234.0,Central,OFF-AR-10002578,Office Supplies,Art,Newell 335,8.64,3.0,0.0,2.5056,ERP,Approved,
7708.0,CA-2017-100237,10/15/2017,10/19/2017,Standard Class,SV-20815,Stuart Van,Corporate,United States,Orem,Utah,84057.0,West,OFF-AR-10001761,Office Supplies,Art,Avery Hi-Liter Smear-Safe Highlighters,11.68,2.0,0.0,4.2048,CRM,,
7709.0,CA-2014-139542,10/25/2014,10/29/2014,Standard Class,EH-14185,Evan Henry,Consumer,United States,Philadelphia,Pennsylvania,19120.0,East,TEC-AC-10001553,Technology,Accessories,"Memorex 25GB 6X Branded Blu-Ray Recordable Disc, 15/Pack",40.776,3.0,0.2,0.5097,CRM,Rejected,
7710.0,CA-2014-139542,10/25/2014,10/29/2014,Standard Class,EH-14185,Evan Henry,Consumer,United States,Philadelphia,Pennsylvania,19120.0,East,OFF-BI-10000309,Office Supplies,Binders,"GBC Twin Loop Wire Binding Elements, 9/16"" Spine, Black",13.698,3.0,0.7,-9.5886,Manual Upload,,Check later
7711.0,US-2015-142811,4/2/2015,4/7/2015,Standard Class,JL-15850,John Lucas,Consumer,United States,Mesa,Arizona,85204.0,West,TEC-PH-10003095,Technology,Phones,Samsung HM1900 Bluetooth Headset,87.8,5.0,0.2,32.925,Manual Upload,Approved,Check later
7712.0,CA-2017-139353,10/28/2017,10/30/2017,Second Class,JM-15250,Janet Martin,Consumer,United States,Fayetteville,North Carolina,00000,South,FUR-FU-10001876,Furniture,Furnishings,"Computer Room Manger, 14""",77.952,3.0,0.2,15.5904,ERP,,Check later
7713.0,CA-2017-139353,10/28/2017,10/30/2017,Second Class,JM-15250,Janet Martin,Consumer,United States,Fayetteville,North Carolina,28314.0,South,OFF-ST-10001522,Office Supplies,Storage,"Gould Plastics 18-Pocket Panel Bin, 34w x 5-1/4d x 20-1/2h",147.184,2.0,0.2,-29.4368,ERP,Pending,Duplicate?
7714.0,CA-2017-139353,10/28/2017,10/30/2017,Second Class,JM-15250,Janet Martin,Consumer,United States,Fayetteville,North Carolina,28314.0,South,OFF-PA-10000300,Office Supplies,Paper,Xerox 1936,47.952,3.0,-0.2,16.1838,ERP,Pending,Duplicate?
7715.0,CA-2014-150203,12/5/2014,12/7/2014,First Class,JB-15925,Joni Blumstein,Consumer,United States,Los Angeles,California,90032.0,West,OFF-AP-10001469,Office Supplies,Appliances,Fellowes 8 Outlet Superior Workstation Surge Protector,250.26,6.0,0.0,72.5754,CRM,Rejected,Duplicate?
7716.0,US-2017-101518,11/3/2017,11/8/2017,Standard Class,PB-19105,Peter Bühler,Consumer,United States,Philadelphia,Pennsylvania,19140.0,East,TEC-AC-10001553,Technology,Accessories,"Memorex 25GB 6X Branded Blu-Ray Recordable Disc, 15/Pack",40.776,3.0,0.2,0.5097,Manual Upload,Rejected,
7717.0,CA-2015-149636,1/6/2015,1/12/2015,Standard Class,SP-20620,Stefania Perrino,Corporate,United States,Colorado Springs,Colorado,80906.0,West,OFF-PA-10004041,Office Supplies,Paper,"It's Hot Message Books with Stickers, 2 3/4"" x 5""",29.6,5.0,0.2,9.25,ERP,Rejected,Check later
7718.0,CA-2015-149636,1/6/2015,1/12/2015,Standard Class,SP-20620,Stefania Perrino ,Corporate,United States,Colorado Springs,Colorado,80906.0,West,OFF-BI-10002764,Office Supplies,Binders,Recycled Pressboard Report Cover with Reinforced Top Hinge,1.938,2.0,0.7,-1.3566,Manual Upload,,
7719.0,US-2017-146213,9/9/2017,9/14/2017,Standard Class,MC-17605,Matt Connell,Corporate,United States,Los Angeles,California,90032.0,West,TEC-AC-10001114,Technology,Accessories,Microsoft Wireless Mobile Mouse 4000,159.96,4.0,0.0,51.1872,ERP,Pending,Urgent
7720.0,CA-2015-108588,1/5/2015,1/10/2015,Standard Class,BG-11695,Brooke Gillingham,Corporate,United States,New York City,New York,10009.0,East,OFF-AR-10001615,Office Supplies,Art,Newell 34,59.52,3.0,0.0,15.4752,ERP,Approved,Urgent
7721.0,CA-2015-108588,1/5/2015,1/10/2015,Standard Class,BG-11695,Brooke Gillingham,Corporate,United States,New York City,New York,10009.0,East,OFF-EN-10000461,Office Supplies,Envelopes,"#10- 4 1/8"" x 9 1/2"" Recycled Envelopes",17.48,2.0,0.0,8.2156,ERP,,
7722.0,CA-2015-108588,1/5/2015,1/10/2015,Standard Class,BG-11695,Brooke Gillingham,Corporate,United States,New York City,New York,10009.0,East,OFF-BI-10004506,Office Supplies,Binders,Wilson Jones data.warehouse D-Ring Binders with DublLock,13.168,2.0,0.2,4.6088,CRM,Rejected,
7723.0,US-2017-138086,4/16/2017,4/20/2017,Standard Class,JO-15550,Jesus Ocampo,Home Office,United States,San Francisco,California,94109.0,West,OFF-AP-10000027,Office Supplies,Appliances,Hoover Commercial SteamVac,40.74,3.0,0.0,12.222,ERP,,Duplicate?
7724.0,CA-2015-139374,9/10/2015,9/14/2015,Standard Class,AR-10345,Alex Russell,Corporate,United States,Austin,Texas,78745.0,Central,FUR-CH-10003981,Furniture,Chairs,Global Commerce Series Low-Back Swivel/Tilt Chairs,179.886,1.0,0.3,-2.5698,ERP,Approved,Check later
7725.0,CA-2016-113978,9/25/2016,9/29/2016,Standard Class,TS-21505,Tony Sayre,Consumer,United States,Cleveland,Ohio,44105.0,East,OFF-AP-10003849,Office Supplies,Appliances,Hoover Shoulder Vac Commercial Portable Vacuum,286.256,1.0,0.2,17.891,Manual Upload,,
7726.0,CA-2016-113978,9/25/2016,9/29/2016,Standard Class,TS-21505,Tony Sayre,Consumer,United States,Cleveland,Ohio,44105.0,East,OFF-ST-10004963,Office Supplies,Storage,Eldon Gobal File Keepers,24.224,2.0,0.2,-4.8448,Manual Upload,Pending,Urgent
7727.0,CA-2016-113978,9/25/2016,9/29/2016,Standard Class,TS-21505,Tony Sayre,Consumer,United States,Cleveland,Ohio,44105.0,East,OFF-ST-10002574,Office Supplies,Storage,"SAFCO Commercial Wire Shelving, Black",331.536,3.0,0.2,-82.884,ERP,,Urgent
7728.0,US-2015-150231,3/16/2015,3/20/2015,Second Class,JK-15640,Jim Kriz,Home Office,United States,New York City,New York,10009.0,East,OFF-AR-10001761,Office Supplies,Art,Avery Hi-Liter Smear-Safe Highlighters,17.52,3.0,0.0,-9999.0,Manual Upload,Approved,
7729.0,CA-2016-106915,11/26/2016,12/2/2016,Standard Class,GA-14515,George Ashbrook,Consumer,United States,El Paso,Texas,79907.0,Central,OFF-AR-10000716,Office Supplies,Art,DIXON Ticonderoga Erasable Checking Pencils,17.856,4.0,0.2,4.2408,ERP,Pending,Check later
7730.0,US-2016-109260,26-09-2016,10/1/2016,Standard Class,TN-21040,Tanja Norvell,Home Office,United States,Tallahassee,Florida,32303.0,South,TEC-AC-10002637,Technology,Accessories,Logitech VX Revolution Cordless Laser Mouse for Notebooks (Black),431.976,3.0,0.2,-75.5958,Legacy,,Duplicate?
7731.0,CA-2017-104850,6/13/2017,6/19/2017,Standard Class,TW-21025,Tamara Willingham,Home Office,United States,Seattle,Washington,98103.0,West,FUR-CH-10003774,Furniture,Chairs,"Global Wood Trimmed Manager's Task Chair, Khaki",291.136,4.0,0.2,-25.4744,ERP,,Urgent
7732.0,CA-2017-140508,9/18/2017,9/21/2017,First Class,PA-19060,Pete Armstrong,Home Office,United States,Dallas,Texas,75220.0,Central,OFF-EN-10000927,Office Supplies,Envelopes,Jet-Pak Recycled Peel 'N' Seal Padded Mailers,114.848,4.0,0.2,35.89,CRM,Rejected,
7733.0,CA-2017-143294,6/2/2017,6/8/2017,Standard Class,JD-15790,John Dryer,Consumer,United States,Houston,Texas,77070.0,Central,OFF-PA-10000743,Office Supplies,Paper,Xerox 1977,10.688,2.0,0.2,3.7408,Legacy,Rejected,
7734.0,CA-2016-165673,5/15/2016,5/19/2016,Second Class,MN-17935,Michael Nguyen,Consumer,United States,Springfield,Ohio,45503.0,East,OFF-PA-10000697,Office Supplies,Paper,"TOPS Voice Message Log Book, Flash Format",15.232,4.0,0.2,5.5216,ERP,Rejected,
7735.0,CA-2017-134418,9/15/2017,9/20/2017,Standard Class,GM-14500,Gene McClure,Consumer,United States,Seattle,Washington,98103.0,West,OFF-AR-10004441,Office Supplies,Art,BIC Brite Liner Highlighters,12.42,3.0,0.0,5.2164,Manual Upload,Approved,
7736.0,US-2016-106313,8/22/2016,8/26/2016,Standard Class,DG-13300,Deirdre Greer,Corporate,United States,Seattle,Washington,98105.0,West,OFF-PA-10001870,Office Supplies,Paper,Xerox 202,19.44,3.0,0.0,9.3312,CRM,Rejected,Duplicate?
7737.0,CA-2014-105872,5/30/2014,6/6/2014,Standard Class,JG-15160,James Galang,Consumer,United States,New York City,New York,10024.0,East,OFF-BI-10003684,Office Supplies,Binders,Wilson Jones Legal Size Ring Binders,70.368,4.0,0.2,26.388,Manual Upload,Pending,Duplicate?
7738.0,CA-2017-108287,12/18/2017,12/20/2017,First Class,AG-10330,Alex Grayson,Consumer,United States,Charlotte,North Carolina,28205.0,South,OFF-AR-10001315,Office Supplies,Art,Newell 310,12.672,9.0,0.2,1.4256,Legacy,Pending,Urgent
7739.0,CA-2017-141103,7/30/2017,8/6/2017,Standard Class,JF-15355,Jay Fein,Consumer ,United States,Baltimore,Maryland,21215.0,East,TEC-PH-10003589,Technology,Phones,invisibleSHIELD by ZAGG Smudge-Free Screen Protector,89.95,5.0,0.0,43.176,Manual Upload,,
7740.0,CA-2014-154781,11/21/2014,11/26/2014,Standard Class,SC-20680,Steve Carroll,Home Office,United States,San Francisco,California,94110.0,West,OFF-PA-10001609,Office Supplies,Paper,Tops Wirebound Message Log Books,6.58,2.0,0.0,3.0268,CRM,,Check later
7741.0,CA-2014-154781,11/21/2014,11/26/2014,Standard Class,SC-20680,Steve Carroll,Home Office,United States,San Francisco,California,94110.0,West,TEC-AC-10000474,Technology,Accessories,Kensington Expert Mouse Optical USB Trackball for PC or Mac,94.99,1.0,0.0,28.497,Legacy,Approved,Urgent
7742.0,CA-2015-147816,9/24/2015,9/26/2015,Second Class,CM-11935,Carlos Meador,Consumer,United States,Tucson,Arizona,85705.0,West,TEC-PH-10003095,Technology,Phones,Samsung HM1900 Bluetooth Headset,35.12,2.0,0.2,13.17,Legacy,Pending,
7743.0,CA-2017-105326,8/20/2017,8/27/2017,Standard Class,KT-16480,Kean Thornton,Consumer,United States,Los Angeles,California,90036.0,West,OFF-PA-10001639,Office Supplies,Paper,Xerox 203,25.92,4.0,0.0,12.4416,CRM,Pending,Duplicate?
7744.0,CA-2016-133613,6/17/2016,6/22/2016,Standard Class,CP-12340,Christine Phan,Corporate,United States,Waterbury,Connecticut,6708.0,East,OFF-BI-10002003,Office Supplies,Binders,Ibico Presentation Index for Binding Systems,7.96,2.0,0.0,3.7412,Legacy,Pending,Urgent
7745.0,CA-2016-133613,6/17/2016,6/22/2016,Standard Class,CP-12340,Christine Phan,Corporate,United States,Waterbury,Connecticut,6708.0,East,TEC-PH-10004539,Technology,Phones,Wireless Extenders zBoost YX545 SOHO Signal Booster,566.97,3.0,0.0,153.0819,ERP,Pending,
7746.0,CA-2016-133613,6/17/2016,6/22/2016,Standard Class,CP-12340,Christine Phan,Corporate,United States,Waterbury,Connecticut,6708.0,East,OFF-AR-10003829,Office Supplies,Art,Newell 35,9.84,3.0,0.0,2.8536,Legacy,Pending,
7747.0,CA-2015-109113,12/19/2015,12/23/2015,Standard Class,EK-13795,Eileen Kiefer,home office,United States,Chicago,Illinois,60610.0,Central,TEC-AC-10004761,Technology,Accessories,Maxell 4.7GB DVD+RW 3/Pack,25.488,2.0,1.5,4.779,ERP,Approved,Urgent
7748.0,CA-2015-156153,5/31/2015,6/2/2015,Second Class,CW-11905,Carl Weiss,Home Office,United States,Long Beach,New York,11561.0,East,OFF-FA-10003472,Office Supplies,Fasteners,Bagged Rubber Bands,7.56,6.0,0.0,0.3024,ERP,,Urgent
7749.0,CA-2015-133242,6/18/2015,6/24/2015,Standard Class,KH-16510,Keith Herrera,Consumer,United States,Arlington,Virginia,22204.0,South,FUR-FU-10003464,Furniture,Furnishings,"Seth Thomas 8 1/2"" Cubicle Clock",60.84,3.0,0.0,19.4688,CRM,Approved,Urgent
7750.0,CA-2015-133242,6/18/2015,6/24/2015,Standard Class,KH-16510,Keith Herrera,Consumer,United States,Arlington,Virginia,22204.0,South,OFF-ST-10003716,Office Supplies,Storage,Tennsco Double-Tier Lockers,450.04,2.0,0.0,58.5052,Manual Upload,Pending,Duplicate?
7751.0,CA-2015-133242,6/18/2015,6/24/2015,Standard Class,KH-16510,Keith Herrera,Consumer,United States,Arlington,Virginia,22204.0,South,OFF-BI-10004002,Office Supplies,Binders,Wilson Jones International Size A4 Ring Binders,34.6,2.0,0.0,16.608,Manual Upload,Approved,
7752.0,CA-2015-133242,6/18/2015,6/24/2015,Standard Class,KH-16510,Keith Herrera,Consumer,United States,Arlington,Virginia,22204.0,South,TEC-PH-10002496,Technology,Phones,Cisco SPA301,467.97,3.0,0.0,140.391,Legacy,Approved,Check later
7753.0,CA-2015-133242,6/18/2015,6/24/2015,Standard Class,KH-16510,Keith Herrera,Consumer,United States,Arlington,Virginia,22204.0,South,OFF-BI-10004826,Office Supplies,Binders,JM Magazine Binder,33.02,2.0,0.0,15.8496,CRM,Pending,
7754.0,CA-2015-158323,11/30/2015,12/3/2015,First Class,AB-10600,Ann Blume,Corporate,United States,Jacksonville,North Carolina,28540.0,South,FUR-FU-10001546,Furniture,Furnishings,Dana Swing-Arm Lamps,17.088,2.0,0.2,1.068,ERP,,
7755.0,CA-2015-161795,12/21/2015,12/23/2015,Second Class,AH-10075,Adam Hart,Corporate,United States,Columbus,Ohio,43229.0,East,OFF-AR-10001919,Office Supplies,Art,"OIC #2 Pencils, Medium Soft",3.008,2.0,0.2,0.3384,Manual Upload,Pending,Urgent
7756.0,CA-2017-100902,11/17/2017,11/21/2017,Standard Class,CK-12595,Clytie Kelty,Consumer,United States,Charlotte,North Carolina,28205.0,South,OFF-PA-10002558,Office Supplies,Paper,Xerox 1938,268.24,7.0,0.2,93.884,ERP,Approved,Check later
7757.0,CA-2017-100902,2017/11/17,11/21/2017,Standard Class,CK-12595,Clytie Kelty,Consumer,United States,Charlotte,North Carolina,28205.0,South,TEC-AC-10003174,Technology,Accessories,Plantronics S12 Corded Telephone Headset System,431.16,5.0,0.2,107.79,ERP,Rejected,Urgent
7758.0,CA-2017-112844,13 Nov 2017,11/16/2017,Second Class,SP-20620,Stefania Perrino,Corporate,United States,Buffalo,New York,14215.0,East,TEC-PH-10003988,Technology,Phones,"LF Elite 3D Dazzle Designer Hard Case Cover, Lf Stylus Pen and Wiper For Apple Iphone 5c Mini Lite",43.6,4.0,0.0,12.208,ERP,Rejected,Urgent
7759.0,CA-2017-112844,11/13/2017,11/16/2017,Second Class,SP-20620,Stefania Perrino,Corporate,United States,Buffalo,New York,14215.0,East,FUR-FU-10004845,Furniture,Furnishings,"Deflect-o EconoMat Nonstudded, No Bevel Mat",154.95,3.0,0.0,30.99,Legacy,,Urgent
7760.0,CA-2016-158925,10/24/2016,10/28/2016,Standard Class,JP-15460,Jennifer Patt,Corporate,United States,Houston,Texas,77041.0,Central,OFF-PA-10003072,Office Supplies,Paper,"Eureka Recycled Copy Paper 8 1/2"" x 11"", Ream",15.552,3.0,0.2,5.4432,ERP,,Urgent
7761.0,CA-2014-155390,12/6/2014,12/11/2014,Standard Class,BG-11035,Barry Gonzalez,Consumer,United States,Memphis,Tennessee,38109.0,South,OFF-PA-10003641,Office Supplies,Paper,Xerox 1909,42.208,2.0,0.2,13.7176,CRM,Approved,Check later
7762.0,CA-2017-123071,12/3/2017,12/6/2017,First Class,CC-12550,Clay Cheatham,Consumer,United States,Plano,Texas,75023.0,Central,OFF-PA-10003729,Office Supplies,Paper,Xerox 1998,10.368,2.0,0.2,50000.0,Manual Upload,,Check later
7763.0,CA-2017-156391,9/26/2017,9/28/2017,First Class,SL-20155,Sara Luxemburg,Home Office,United States,Salem,Oregon,97301.0,West,OFF-AR-10003251,Office Supplies,Art,Prang Drawing Pencil Set,2.224,1.0,0.2,0.556,ERP,Approved,Duplicate?
7764.0,CA-2015-103093,2/3/2015,2/7/2015,Standard Class,FO-14305,Frank Olsen,Consumer,United States,Columbus,Georgia,31907.0,South,OFF-EN-10003286,Office Supplies,Envelopes,Staple envelope,74.52,9.0,0.0,35.0244,ERP,Approved,
7765.0,US-2017-118941,8/12/2017,8/12/2017,Same Day,BB-11545,Brenda Bowman,Corporate,United States,Columbia,Maryland,21044.0,East,OFF-AR-10004078,Office Supplies,Art,Newell 312,17.52,3.0,0.0,5.256,Manual Upload,Approved,Duplicate?
7766.0,US-2017-118941,8/12/2017,8/12/2017,Same Day,BB-11545,Brenda Bowman,Corporate,United States,Columbia,Maryland,21044.0,East,FUR-CH-10002331,Furniture,Chairs,Hon 4700 Series Mobuis Mid-Back Task Chairs with Adjustable Arms,1779.9,5.0,0.0,373.779,CRM,Approved,Duplicate?
7767.0,US-2017-118941,8/12/2017,8/12/2017,Same Day,BB-11545,Brenda Bowman,Corporate,United States,Columbia,Maryland,21044.0,East,OFF-AR-10001953,Office Supplies,Art,Boston 1645 Deluxe Heavier-Duty Electric Pencil Sharpener,219.9,5.0,0.0,59.373,CRM,Approved,Duplicate?
7768.0,CA-2015-169299,8/24/2015,8/26/2015,First Class,DO-13435,Denny Ordway,Consumer,United States,Portland,Oregon,97206.0,West,OFF-AR-10002053,Office Supplies,Art,"Premium Writing Pencils, Soft, #2 by Central Association for the Blind",7.152,3.0,0.2,0.7152,ERP,,
7769.0,CA-2017-154088,11/12/2017,11/17/2017,Standard Class,LB-16735,Larry Blacks,Consumer,United States,Tallahassee,Florida,32303.0,South,OFF-PA-10003651,office supplies,Paper,Xerox 1968,26.72,5.0,0.2,9.352,Legacy,,
7770.0,CA-2016-155978,8/1/2016,8/1/2016,Same Day,TS-21205,Thomas Seio,Corporate,United States,Riverside,California,92503.0,West,TEC-PH-10002885,Technology,Phones,Apple iPhone 5,1039.728,2.0,0.2,90.9762,Manual Upload,Pending,Duplicate?
7771.0,CA-2016-155978,8/1/2016,8/1/2016,Same Day,TS-21205,Thomas Seio,Corporate,United States,Riverside,California,92503.0,West,OFF-AP-10002892,Office Supplies,Appliances,Belkin F5C206VTEL 6 Outlet Surge,45.96,2.0,0.0,13.788,Manual Upload,,Check later
7772.0,CA-2016-108196,11/25/2016,12/2/2016,Standard Class,CS-12505,Cindy Stewart,Consumer,United States,Lancaster,Ohio,43130.0,East,OFF-BI-10000545,Office Supplies,Binders,GBC Ibimaster 500 Manual ProClick Binding System,456.588,2.0,0.7,-304.392,Legacy,,Duplicate?
7773.0,CA-2016-108196,11/25/2016,12/2/2016,Standard Class,CS-12505,Cindy Stewart,Consumer,United States,Lancaster,Ohio,43130.0,East,TEC-MA-10000418,Technology,Machines,Cubify CubeX 3D Printer Double Head Print,4499.985,5.0,0.7,-6599.978,Legacy,Rejected,Check later
7774.0,CA-2016-108196,11/25/2016,12/2/2016,Standard Class,CS-12505,Cindy Stewart,Consumer,United States,Lancaster,Ohio,43130.0,East,TEC-AC-10000926,Technology,Accessories,NETGEAR RangeMax WNR1000 Wireless Router,59.976,3.0,0.2,11.9952,Manual Upload,Pending,Check later
7775.0,CA-2016-152800,4/13/2016,4/15/2016,First Class,SP-20920,Susan Pistek,Consumer,United States,San Francisco,California,94109.0,West,OFF-EN-10001509,Office Supplies,Envelopes,Poly String Tie Envelopes,6.12,3.0,0.0,2.8764,CRM,Approved,
7776.0,CA-2014-166961,12/27/2014,12/31/2014,Standard Class,CD-12790,Cynthia Delaney,Home Office,United States,Moreno Valley,California,92553.0,West,OFF-AP-10001366,Office Supplies,Appliances,Staple holder,10.98,1.0,0.0,2.9646,Manual Upload,Rejected,
7777.0,CA-2014-166961,12/27/2014,12/31/2014,Standard Class,CD-12790,Cynthia Delaney,Home Office,United States,Moreno Valley,California,92553.0,West,OFF-FA-10003485,Office Supplies,Fasteners,Staples,7.86,3.0,1.5,3.6156,ERP,Approved,
7778.0,CA-2014-166961,12/27/2014,12/31/2014,Standard Class,CD-12790,Cynthia Delaney,Home Office,United States,Moreno Valley,California,92553.0,West,OFF-ST-10004507,Office Supplies,Storage,Advantus Rolling Storage Box,51.45,3.0,0.0,13.8915,CRM,Pending,
7779.0,CA-2014-166961,12/27/2014,12/31/2014,Standard Class,CD-12790,Cynthia Delaney,Home Office,United States,Moreno Valley,California,92553.0,West,OFF-BI-10002353,Office Supplies,Binders,GBC VeloBind Cover Sets,37.056,3.0,0.2,13.896,CRM,,Urgent
7780.0,CA-2016-139381,4/18/2016,4/22/2016,Standard Class,RF-19840,Roy Französisch,Consumer,United States,Chesapeake,Virginia,23320.0,South,OFF-AP-10001271,Office Supplies,Appliances,Eureka The Boss Cordless Rechargeable Stick Vac,203.92,4.0,0.0,55.0584,Manual Upload,,Check later
7781.0,CA-2016-139381,4/18/2016,4/22/2016,Standard Class,RF-19840,Roy Französisch,Consumer,United States,Chesapeake,Virginia,23320.0,South,TEC-PH-10004924,Technology,Phones,"SKILCRAFT Telephone Shoulder Rest, 2"" x 6.5"" x 2.5"", Black",29.56,4.0,0.0,7.9812,Legacy,Approved,Urgent
7782.0,CA-2015-132136,3/8/2015,3/12/2015,Standard Class,FO-14305,Frank Olsen,Consumer,United States,Chicago,Illinois,60623.0,Central,OFF-BI-10002706,Office Supplies,Binders,Avery Premier Heavy-Duty Binder with Round Locking Rings,8.568,3.0,0.8,-14.5656,Manual Upload,Rejected,Urgent
7783.0,CA-2016-162236,11/4/2016,11/6/2016,Second Class,ER-13855,Elpida Rittenbach,Corporate,United States,Charlotte,North Carolina,28205.0,South,OFF-ST-10003442,Office Supplies,Storage,Eldon Portable Mobile Manager,45.248,2.0,0.2,3.9592,ERP,Rejected,
7784.0,CA-2016-162236,11/4/2016,11/6/2016,Second Class,ER-13855,Elpida Rittenbach,Corporate,United States,Charlotte,North Carolina,,South,FUR-TA-10002533,Furniture,Tables,BPI Conference Tables,876.3,10.0,0.4,-292.1,ERP,Pending,Duplicate?
7785.0,CA-2016-162236,11/4/2016,11/6/2016,Second Class,ER-13855,Elpida Rittenbach,Corporate,United States,Charlotte,North Carolina,28205.0,South,OFF-SU-10003505,Office Supplies,Supplies,Premier Electric Letter Opener,185.376,2.0,0.2,-34.758,CRM,Approved,Check later
7786.0,US-2014-111353,11/29/2014,12/6/2014,Standard Class,PB-19150,Philip Brown,Consumer,United States,New York City,New York,10009.0,East,OFF-LA-10002762,Office Supplies,Labels,Avery 485,25.06,2.0,0.0,11.7782,ERP,Pending,Duplicate?
7787.0,US-2016-117037,5/17/2016,5/20/2016,First Class,LW-17215,Luke Weiss,Consumer,United States,Chicago,Illinois,60653.0,Central,OFF-BI-10000279,Office Supplies,Binders,"Acco Recycled 2"" Capacity Laser Printer Hanging Data Binders",2.89,1.0,0.8,-4.7685,ERP,Pending,
7788.0,US-2016-117037,5/17/2016,5/20/2016,First Class,LW-17215,Luke Weiss,Consumer,United States,Chicago,Illinois,60653.0,Central,OFF-FA-10000936,Office Supplies,Fasteners,Acco Hot Clips Clips to Go,7.896,3.0,0.2,2.4675,CRM,Approved,Check later
7789.0,US-2016-117037,5/17/2016,5/20/2016,First Class,LW-17215,Luke Weiss,Consumer,United States,Chicago,Illinois,60653.0,Central,FUR-FU-10004973,Furniture,Furnishings,Flat Face Poster Frame,22.608,3.0,0.6,-10.1736,Legacy,Approved,Duplicate?
7790.0,US-2016-117037,5/17/2016,5/20/2016,First Class,LW-17215,Luke Weiss,Consumer,United States,Chicago,Illinois,60653.0,Central,OFF-PA-10000791,Office Supplies,Paper,"Wirebound Message Books, Four 2 3/4 x 5 Forms per Page, 200 Sets per Book",30.528,8.0,0.2,9.54,Manual Upload,,
7791.0,CA-2017-160801,9/19/2017,9/19/2017,Same Day,FG-14260,Frank Gastineau,Home Office,United States,Philadelphia,Pennsylvania,19120.0,East,OFF-BI-10001132,Office Supplies,Binders,"Acco PRESSTEX Data Binder with Storage Hooks, Dark Blue, 9 1/2"" X 11""",4.842,3.0,0.7,-3.3894,Legacy,Rejected,
7792.0,CA-2016-108364,12/19/2016,12/24/2016,Standard Class,BP-11050,Barry Pond,Corporate,United States,Chicago,Illinois,60623.0,Central,OFF-BI-10002012,Office Supplies,Binders,Wilson Jones Easy Flow II Sheet Lifters,1.8,5.0,0.8,-2.88,Legacy,,Duplicate?
7793.0,CA-2017-169362,10/12/2017,10/15/2017,First Class,SP-20860,Sung Pak,Corporate,United States,Dallas,Texas,75217.0,Central,TEC-AC-10001383,Technology,Accessories,Logitech Wireless Touch Keyboard K400,39.984,2.0,0.2,-1.4994,Legacy,,
7794.0,CA-2015-127481,12/12/2015,12/15/2015,Second Class,JD-15895,Jonathan Doherty,Corporate,United States,Las Vegas,Nevada,89115.0,West,OFF-PA-10002036,Office Supplies,Paper,Xerox 1930,32.4,5.0,0.0,15.876,Legacy,Pending,Urgent
7795.0,CA-2015-127481,12/12/2015,12/15/2015,Second Class,JD-15895,Jonathan Doherty,Corporate,United States,Las Vegas,Nevada,89115.0,West,OFF-PA-10002377,Office Supplies,Paper,Xerox 1916,97.88,2.0,0.0,48.94,Manual Upload,Approved,
7796.0,CA-2015-112711,7/12/2015,7/18/2015,Standard Class,FM-14380,Fred McMath,Consumer,United States,Amarillo,Texas,79109.0,Central,TEC-PH-10000526,Technology,Phones,Vtech CS6719,307.168,4.0,0.2,30.7168,CRM,Rejected,
7797.0,US-2015-145121,10/2/2015,10/6/2015,Standard Class,MP-17965,Michael Paige,Corporate,United States,Middletown,Connecticut,6457.0,East,OFF-BI-10001078,Office Supplies,Binders,"Acco PRESSTEX Data Binder with Storage Hooks, Dark Blue, 14 7/8"" X 11""",26.9,5.0,0.0,13.181,Legacy,Approved,Check later
7798.0,CA-2017-166184,3/24/2017,3/27/2017,First Class,HR-14830,Harold Ryan,Corporate,United States,New York City,New York,10035.0,East,OFF-EN-10004483,Office Supplies,Envelopes,"#10 White Business Envelopes,4 1/8 x 9 1/2",47.01,3.0,0.0,22.0947,CRM,Rejected,Urgent
7799.0,CA-2017-166184,3/24/2017,3/27/2017,First Class,HR-14830,Harold Ryan,Corporate,United States,New York City,New York,10035.0,East,TEC-PH-10002624,Technology,Phones,Samsung Galaxy S4 Mini,469.99,1.0,0.0,136.2971,Manual Upload,Rejected,Duplicate?
7800.0,CA-2017-166184,3/24/2017,3/27/2017,First Class,HR-14830,Harold Ryan,Corporate,United States,new york city,New York,10035.0,East,FUR-CH-10003396,Furniture,Chairs,Global Deluxe Steno Chair,207.846,3.0,0.1,2.3094,ERP,Pending,
7801.0,CA-2017-157413,6/1/2017,6/6/2017,Standard Class,BW-11065,Barry Weirich,Consumer,United States,Philadelphia,Pennsylvania,19120.0,East,OFF-ST-10002756,Office Supplies,Storage,"Tennsco Stur-D-Stor Boltless Shelving, 5 Shelves, 24"" Deep, Sand",324.744,3.0,0.2,-77.1267,Legacy,Pending,Urgent
7802.0,CA-2014-143637,24-03-2014,3/29/2014,Second Class,MS-17710,Maurice Satty,Consumer,United States,Fresno,California,93727.0,West,FUR-FU-10002813,Furniture,Furnishings,"DAX Contemporary Wood Frame with Silver Metal Mat, Desktop, 11 x 14 Size",40.48,2.0,0.0,14.5728,Legacy,Rejected,
7803.0,CA-2015-102260,9/22/2015,9/26/2015,Standard Class,SJ-20125,Sanjit Jacobs,Home Office,United States,Franklin,Tennessee,37064.0,South,OFF-LA-10003714,Office Supplies,Labels,Avery 510,12.0,4.0,0.2,4.2,Manual Upload,Approved,
7804.0,CA-2015-102260,9/22/2015,9/26/2015,Standard Class,SJ-20125,Sanjit Jacobs,Home Office,United States,Franklin,Tennessee,37064.0,South,OFF-ST-10003716,Office Supplies,Storage,Tennsco Double-Tier Lockers,720.064,4.0,0.2,-63.0056,Manual Upload,Rejected,Check later
7805.0,CA-2015-102260,9/22/2015,9/26/2015,Standard Class,SJ-20125,Sanjit Jacobs,Home Office,United States,Franklin,Tennessee,37064.0,South,OFF-ST-10002289,Office Supplies,Storage,"Safco Wire Cube Shelving System, For Use as 4 or 5 14"" Cubes, Black",25.424,1.0,0.2,-4.767,CRM,Pending,Urgent
7806.0,CA-2015-102260,9/22/2015,9/26/2015,Standard Class,SJ-20125,Sanjit Jacobs,Home Office,United States,Franklin,Tennessee,37064.0,South,OFF-AR-10001315,Office Supplies,Art,Newell 310,2.816,2.0,0.2,0.3168,CRM,Rejected,
7807.0,CA-2015-102260,9/22/2015,9/26/2015,Standard Class,SJ-20125,Sanjit Jacobs,Home Office,United States,Franklin,Tennessee,37064.0,South,OFF-BI-10000042,Office Supplies,Binders,"Pressboard Data Binder, Crimson, 12"" X 8 1/2""",3.204,2.0,0.7,-2.5632,CRM,,
7808.0,US-2016-137295,1/8/2016,1/13/2016,Standard Class,VS-21820,Vivek Sundaresam,Consumer,United States,Raleigh,North Carolina,27604.0,South,OFF-BI-10004236,Office Supplies,Binders,"XtraLife ClearVue Slant-D Ring Binder, White, 3""",30.828,7.0,0.7,-24.6624,Legacy,,
7809.0,US-2016-137295,1/8/2016,1/13/2016,Standard Class,VS-21820,Vivek Sundaresam,Consumer,United States,Raleigh,North Carolina,27604.0,South,OFF-AR-10001955,Office Supplies,Art,Newell 319,47.616,3.0,0.2,5.952,Legacy,Approved,Duplicate?
7810.0,US-2016-137295,1/8/2016,1/13/2016,Standard Class,VS-21820,Vivek Sundaresam,Consumer,United States,Raleigh,North Carolina,27604.0,South,TEC-PH-10004080,Technology,Phones,Avaya 5410 Digital phone,108.784,2.0,0.2,10.8784,Legacy,,
7811.0,CA-2016-134334,2/14/2016,2/15/2016,First Class,DK-13090,Dave Kipp,Consumer,United States,Clinton,Maryland,20735.0,East,OFF-PA-10000791,Office Supplies,Paper,"Wirebound Message Books, Four 2 3/4 x 5 Forms per Page, 200 Sets per Book",4.77,1.0,0.0,2.1465,CRM,Pending,Check later
7812.0,CA-2016-134334,2/14/2016,2/15/2016,First Class,DK-13090,Dave Kipp,Consumer,United States,Clinton,Maryland,20735.0,East,OFF-AR-10001770,Office Supplies,Art,Economy #2 Pencils,7.98,3.0,0.0,2.0748,CRM,Pending,
7813.0,CA-2016-134334,2/14/2016,2/15/2016,First Class,DK-13090,Dave Kipp,Consumer,United States,Clinton,Maryland,20735.0,East,FUR-TA-10002356,Furniture,Tables,Bevis Boat-Shaped Conference Table,550.431,3.0,0.3,-47.1798,CRM,Rejected,
7814.0,CA-2016-134334,2/14/2016,2/15/2016,First Class,DK-13090,Dave Kipp,Consumer,United States,Clinton,Maryland,20735.0,East,FUR-FU-10003274,Furniture,Furnishings,Regeneration Desk Collection,10.56,6.0,0.0,4.6464,Manual Upload,Rejected,
7815.0,US-2017-109316,6/8/2017,6/10/2017,First Class,MG-17680,Maureen Gastineau,Home Office,United States,Los Angeles,California,90049.0,West,FUR-BO-10004834,Furniture,Bookcases,"Riverside Palais Royal Lawyers Bookcase, Royale Cherry Finish",1497.666,2.0,0.15,140.9568,CRM,,Duplicate?
7816.0,US-2017-109316,6/8/2017,6/10/2017,First Class,MG-17680,Maureen Gastineau,Home Office,United States,Los Angeles,California,90049.0,West,TEC-PH-10000307,Technology,Phones,Shocksock Galaxy S4 Armband,17.52,2.0,0.2,-3.504,CRM,,
7817.0,CA-2016-138478,10/21/2016,10/26/2016,Second Class,DP-13390,Dennis Pardue,Home Office,United States,North Las Vegas,Nevada,89031.0,West,OFF-AR-10002240,Office Supplies,Art,Panasonic KP-150 Electric Pencil Sharpener,113.22,3.0,0.0,29.4372,Manual Upload,,
7818.0,CA-2016-138478,10/21/2016,10/26/2016,Second Class,DP-13390,Dennis Pardue,Home Office,United States,North Las Vegas,Nevada,89031.0,West,OFF-PA-10001801,Office Supplies,Paper,Xerox 193,35.88,6.0,0.0,17.5812,ERP,,Duplicate?
7819.0,CA-2016-138478,10/21/2016,10/26/2016,Second Class,DP-13390,Dennis Pardue,Home Office,United States,North Las Vegas,Nevada,89031.0,West,OFF-BI-10001120,Office Supplies,Binders,Ibico EPK-21 Electric Binding System,4535.976,3.0,0.2,1644.2913,Manual Upload,Rejected,Urgent
7820.0,CA-2017-150469,26 Jan 2017,1/30/2017,Standard Class,CJ-12010,Caroline Jumper,Consumer,United States,San Francisco,California,94109.0,West,OFF-FA-10000611,Office Supplies,Fasteners,Binder Clips by OIC,11.84,8.0,0.0,5.6832,Manual Upload,Pending,Duplicate?
7821.0,CA-2017-152436,12/8/2017,12/10/2017,Second Class,CW-11905,Carl Weiss,Home Office,United States,Cranston,Rhode Island,2920.0,East,OFF-ST-10000036,Office Supplies,Storage,"Recycled Data-Pak for Archival Bound Computer Printouts, 12-1/2 x 12-1/2 x 16",592.74,6.0,0.0,160.0398,ERP,Pending,Check later
7822.0,CA-2016-169334,10/21/2016,10/24/2016,Second Class,GW-14605,Giulietta Weimer,Consumer,United States,Jackson,Tennessee,38301.0,South,OFF-ST-10004950,Office Supplies,Storage,"Tenex Personal Filing Tote With Secure Closure Lid, Black/Frost",111.672,9.0,0.2,6.9795,Legacy,Approved,Check later
7823.0,US-2014-115413,8/26/2014,9/1/2014,Standard Class,PP-18955,Paul Prost,Home Office,United States,Newark,Delaware,19711.0,East,OFF-AR-10003770,Office Supplies,Art,Newell 340,8.64,3.0,0.0,2.5056,ERP,Rejected,
7824.0,US-2014-115413,8/26/2014,9/1/2014,Standard Class,PP-18955,Paul Prost,Home Office,United States,Newark,Delaware,19711.0,East,TEC-AC-10002800,Technology,Accessories,Plantronics Audio 478 Stereo USB Headset,149.97,3.0,0.0,52.4895,ERP,Pending,
7825.0,CA-2014-125150,5/16/2014,5/23/2014,Standard Class,PW-19030,Pauline Webber,Corporate,United States,Los Angeles,California,90036.0,West,FUR-CH-10002439,Furniture,Chairs,"Iceberg Nesting Folding Chair, 19w x 6d x 43h",232.88,5.0,0.2,17.466,CRM,,
7826.0,CA-2015-127327,2/3/2015,2/7/2015,Standard Class,PW-19030,Pauline Webber,Corporate,United States,Rome,New York,13440.0,East,FUR-CH-10004218,Furniture,Chairs,"Global Fabric Manager's Chair, Dark Gray",90.882,1.0,0.1,15.147,CRM,Pending,Check later
7827.0,CA-2017-117114,10/31/2017,11/5/2017,Standard Class,CY-12745,Craig Yedwab,Corporate,United States,Chicago,Illinois,60610.0,Central,TEC-PH-10004042,Technology,Phones,ClearOne Communications CHAT 70 OC Speaker Phone,508.768,4.0,0.2,38.1576,ERP,Rejected,Duplicate?
7828.0,CA-2017-117114,10/31/2017,11/5/2017,Standard Class,CY-12745,Craig Yedwab,Corporate,United States,Chicago,Illinois,60610.0,Central,OFF-EN-10001137,Office Supplies,Envelopes,"#10 Gummed Flap White Envelopes, 100/Box",9.912,3.0,0.2,3.2214,CRM,Pending,Duplicate?
7829.0,CA-2015-137302,4/26/2015,5/1/2015,Standard Class,BW-11110,Bart Watters,Corporate,United States,San Diego,California,92105.0,West,FUR-CH-10002017,Furniture,Chairs,SAFCO Optional Arm Kit for Workspace Cribbage Stacking Chair,63.936,3.0,0.2,6.3936,ERP,Rejected,Urgent
7830.0,CA-2015-137302,4/26/2015,5/1/2015,Standard Class,BW-11110,Bart Watters,Corporate,United States,San Diego,California,92105.0,West,OFF-AR-10000588,Office Supplies,Art,Newell 345,59.52,3.0,0.0,15.4752,Manual Upload,Rejected,Urgent
7831.0,CA-2015-137302,4/26/2015,5/1/2015,Standard Class,BW-11110,Bart Watters,Corporate,United States,San Diego,California,92105.0,West,TEC-PH-10003174,Technology,Phones,RCA ViSYS 25825 Wireless digital phone,311.976,3.0,0.2,38.997,Legacy,Rejected,Duplicate?
7832.0,CA-2015-137302,4/26/2015,5/1/2015,Standard Class,BW-11110,Bart Watters,Corporate,United States,San Diego,California,92105.0,West,OFF-BI-10001524,Office Supplies,Binders,GBC Premium Transparent Covers with Diagonal Lined Pattern,50.352,3.0,0.2,17.6232,Manual Upload,,Check later
7833.0,CA-2016-112382,5/9/2016,5/13/2016,Standard Class,MB-18085,Mick Brown,Consumer,United States,Houston,Texas,77036.0,CENTRAL,TEC-PH-10001552,Technology,Phones,I Need's 3d Hello Kitty Hybrid Silicone Case Cover for HTC One X 4g with 3d Hello Kitty Stylus Pen Green/pink,19.136,2.0,0.2,1.9136,Manual Upload,,Urgent
7834.0,CA-2015-128958,1/24/2015,1/28/2015,Standard Class,CR-12820,Cyra Reiten,Home Office,United States,West Palm Beach,Florida,33407.0,South,OFF-AR-10004757,Office Supplies,Art,Crayola Colored Pencils,13.12,5.0,0.2,2.132,ERP,,Check later
7835.0,CA-2015-106257,4/13/2015,4/17/2015,Second Class,EB-14110,Eugene Barchas,Consumer,United States,Los Angeles,California,90045.0,West,FUR-TA-10002530,Furniture,Tables,"Iceberg OfficeWorks 42"" Round Tables",241.568,2.0,0.2,-15.098,ERP,Pending,
7836.0,CA-2015-106257,4/13/2015,4/17/2015,Second Class,EB-14110,Eugene Barchas,Consumer,United States,Los Angeles,California,90045.0,West,TEC-PH-10001494,Technology,Phones,Polycom CX600 IP Phone VoIP phone,479.92,2.0,0.2,41.993,Manual Upload,Rejected,
7837.0,CA-2015-149083,9/25/2015,9/30/2015,Standard Class,SH-19975,Sally Hughsby,Corporate,United States,Seattle,Washington,98103.0,West,FUR-CH-10004289,Furniture,Chairs,Global Super Steno Chair,307.136,4.0,0.2,-11.5176,ERP,,Urgent
7838.0,CA-2015-149083,9/25/2015,9/30/2015,Standard Class,SH-19975,Sally Hughsby,Corporate,United States,Seattle,Washington,98103.0,West,OFF-LA-10002945,Office Supplies,Labels,"Permanent Self-Adhesive File Folder Labels for Typewriters, 1 1/8 x 3 1/2, White",12.6,2.0,0.0,5.796,Manual Upload,Pending,Duplicate?
7839.0,CA-2015-149083,9/25/2015,9/30/2015,Standard Class,SH-19975,Sally Hughsby,Corporate,United States,Seattle,Washington,98103.0,West,TEC-AC-10002567,Technology,Accessories,Logitech G602 Wireless Gaming Mouse,159.98,2.0,0.0,57.5928,ERP,Approved,Duplicate?
7840.0,US-2014-137869,3/28/2014,4/2/2014,Standard Class,CV-12295,Christina VanderZanden,Consumer,United States,Des Moines,Iowa,50315.0,Central,OFF-EN-10001509,Office Supplies,Envelopes,Poly String Tie Envelopes,6.12,3.0,0.0,2.8764,Manual Upload,Approved,
7841.0,US-2014-137869,3/28/2014,4/2/2014,Standard Class,CV-12295,Christina VanderZanden,Consumer,United States,Des Moines,Iowa,50315.0,Central,FUR-TA-10003954,Furniture,Tables,Hon 94000 Series Round Tables,1184.72,4.0,0.0,106.6248,Manual Upload,,Duplicate?
7842.0,CA-2016-116603,7/17/2016,7/22/2016,Standard Class,AT-10735,Annie Thurman,Consumer,United States,New York City,New York,10024.0,East,OFF-AP-10002892,Office Supplies,Appliances,Belkin F5C206VTEL 6 Outlet Surge,45.96,2.0,0.0,13.788,ERP,Rejected,Urgent
7843.0,CA-2014-158470,4/19/2014,4/23/2014,Second Class,AG-10390,Allen Goldenen,Consumer,United States,Arlington,Virginia,22204.0,South,OFF-BI-10003638,Office Supplies,Binders,GBC Durable Plastic Covers,58.05,3.0,0.0,26.703,Manual Upload,Approved,Urgent
7844.0,CA-2014-158470,4/19/2014,4/23/2014,Second Class,AG-10390,Allen Goldenen,Consumer,United States,Arlington,Virginia,22204.0,South,OFF-PA-10001569,Office Supplies,Paper,Xerox 232,71.28,11.0,0.0,34.2144,Legacy,Approved,
7845.0,US-2017-123834,7/21/2017,7/25/2017,Standard Class,GM-14500,Gene McClure,Consumer,United States,Pharr,Texas,78577.0,Central,FUR-TA-10001676,Furniture,Tables,Hon 61000 Series Interactive Training Tables,124.404,4.0,0.3,-21.3264,Legacy,Rejected,Urgent
7846.0,CA-2015-125976,9/27/2015,10/2/2015,Standard Class,JK-15205,Jamie Kunitz,Consumer,United States,Arlington,Virginia,22204.0,South,OFF-PA-10001125,Office Supplies,Paper,Xerox 1988,154.9,5.0,0.0,69.705,Legacy,Approved,Urgent
7847.0,CA-2015-125976,9/27/2015,10/2/2015,Standard Class,JK-15205,Jamie Kunitz,Consumer,United States,Arlington,Virginia,22204.0,South,TEC-PH-10002496,Technology,Phones,Cisco SPA301,1871.88,12.0,0.0,561.564,ERP,Rejected,
7848.0,CA-2016-128706,2/27/2016,3/2/2016,Standard Class,DW-13540,Don Weiss,Consumer,United States,Houston,Texas,77070.0,Central,FUR-FU-10004053,Furniture,Furnishings,DAX Two-Tone Silver Metal Document Frame,16.192,2.0,0.6,-6.8816,ERP,Rejected,
7849.0,CA-2016-104311,5/2/2016,5/6/2016,Standard Class,AS-10090,Adam Shillingsburg,Consumer,United States,Irving,Texas,75061.0,Central,OFF-ST-10000321,Office Supplies,Storage,Akro Stacking Bins,18.936,3.0,0.2,-3.7872,Legacy,Rejected,
7850.0,CA-2016-104311,5/2/2016,5/6/2016,Standard Class,AS-10090,Adam Shillingsburg,Consumer,United States,Irving,Texas,75061.0,Central,OFF-ST-10002957,Office Supplies,Storage,Sterilite Show Offs Storage Containers,12.672,3.0,0.2,-3.168,Manual Upload,Approved,Check later
7851.0,CA-2016-104311,5/2/2016,5/6/2016,Standard Class,AS-10090,Adam Shillingsburg,Consumer,United States,Irving,Texas,75061.0,Central,OFF-LA-10000973,Office Supplies,Labels,Avery 502,5.04,2.0,0.2,1.764,ERP,Rejected,Check later
7852.0,CA-2014-169649,12/9/2014,12/15/2014,Standard Class,TS-21205,Thomas Seio,Corporate,United States,Chicago,Illinois,60653.0,Central,OFF-PA-10000143,Office Supplies,Paper,Astroparche Fine Business Paper,8.448,2.0,0.2,2.9568,CRM,,
7853.0,CA-2014-169649,12/9/2014,12/15/2014,Standard Class,TS-21205,Thomas Seio,Corporate,United States,Chicago,Illinois,60653.0,Central,OFF-AP-10003287,Office Supplies,Appliances,Tripp Lite TLP810NET Broadband Surge for Modem/Fax,20.388,2.0,0.8,-53.0088,Manual Upload,Rejected,Check later
7854.0,CA-2015-144890,12/25/2015,12/29/2015,Standard Class,SM-20320,Sean Miller,Home Office,United States,Los Angeles,California,90049.0,West,OFF-PA-10001526,Office Supplies,Paper,Xerox 1949,9.96,2.0,0.0,4.8804,Manual Upload,Approved,
7855.0,CA-2017-135587,12/7/2017,12/12/2017,Standard Class,BH-11710,Brosina Hoffman,Consumer,United States,Hattiesburg,Mississippi,39401.0,South,OFF-AP-10004540,Office Supplies,Appliances,"Eureka The Boss Lite 10-Amp Upright Vacuum, Blue",320.64,4.0,0.0,89.7792,ERP,Rejected,Urgent
7856.0,CA-2017-135587,12/7/2017,12/12/2017,Standard Class,BH-11710,Brosina Hoffman,Consumer,United States,Hattiesburg,Mississippi,39401.0,South,TEC-AC-10001266,Technology,Accessories,Memorex Micro Travel Drive 8 GB,52.0,4.0,0.0,23.4,Manual Upload,Pending,
7857.0,CA-2014-103429,5/30/2014,6/1/2014,First Class,LW-16825,Laurel Workman,Corporate,United States,New York City,New York,10024.0,East,OFF-BI-10004233,Office Supplies,Binders,"GBC Pre-Punched Binding Paper, Plastic, White, 8-1/2"" x 11""",25.584,2.0,0.2,8.9544,ERP,Pending,Urgent
7858.0,CA-2014-103429,5/30/2014,6/1/2014,First Class,LW-16825,Laurel Workman,Corporate,United States,New York City,New York,10024.0,East,TEC-PH-10003505,Technology,Phones,Geemarc AmpliPOWER60,464.0,5.0,0.0,134.56,Legacy,Rejected,Urgent
7859.0,CA-2014-103429,5/30/2014,6/1/2014,First Class,LW-16825,Laurel Workman,Corporate,United States,New York City,New York,10024.0,East,OFF-AP-10001005,Office Supplies,Appliances,Honeywell Quietcare HEPA Air Cleaner,235.95,3.0,0.0,77.8635,Legacy,Rejected,Duplicate?
7860.0,CA-2014-103429,5/30/2014,6/1/2014,First Class,LW-16825,Laurel Workman,Corporate,United States,New York City,New York,10024.0,East,OFF-PA-10001712,Office Supplies,Paper,Xerox 1948,39.96,4.0,0.0,17.982,Manual Upload,Approved,Urgent
7861.0,CA-2017-152261,3/2/2017,3/6/2017,Standard Class,JA-15970,Joseph Airdo,Consumer,United States,Cuyahoga Falls,Ohio,44221.0,East,OFF-BI-10002353,Office Supplies,Binders,GBC VeloBind Cover Sets,18.528,4.0,0.7,-12.352,Manual Upload,Rejected,
7862.0,CA-2015-142993,10/12/2015,10/17/2015,Standard Class,KA-16525,Kelly Andreada,Consumer,United States,Seattle,Washington,98103.0,West,TEC-AC-10003038,Technology,Accessories,Kingston Digital DataTraveler 16GB USB 2.0,17.9,2.0,0.0,3.401,Manual Upload,Pending,Duplicate?
7863.0,CA-2015-142993,10/12/2015,10/17/2015,Standard Class,KA-16525,Kelly Andreada,Consumer,United States,Seattle,Washington,98103.0,West,OFF-ST-10000934,Office Supplies,Storage,"Contico 72""H Heavy-Duty Storage System",81.96,2.0,0.0,0.0,Manual Upload,,
7864.0,CA-2015-143364,7/14/2015,7/19/2015,SecondClass,TG-21310,Toby Gnade,Consumer,United States,Mesa,Arizona,85204.0,West,OFF-ST-10002743,Office Supplies,Storage,SAFCO Boltless Steel Shelving,272.736,3.0,0.2,-64.7748,Manual Upload,Pending,Check later
7865.0,CA-2015-143364,7/14/2015,7/19/2015,Second Class,TG-21310,Toby Gnade,Consumer,United States,Mesa,Arizona,85204.0,West,OFF-PA-10001846,Office Supplies,Paper,Xerox 1899,18.496,4.0,0.2,6.7048,ERP,Rejected,Check later
7866.0,CA-2015-143364,7/14/2015,7/19/2015,Second Class,TG-21310,Toby Gnade,Consumer,United States,Mesa,Arizona,85204.0,West,FUR-CH-10004287,Furniture,Chairs,SAFCO Arco Folding Chair,441.92,2.0,0.2,49.716,Legacy,,Duplicate?
7867.0,CA-2015-143364,7/14/2015,7/19/2015,Second Class,TG-21310,Toby Gnade,Consumer,United States,Mesa,Arizona,85204.0,West,FUR-BO-10001608,Furniture,Bookcases,"Hon Metal Bookcases, Black",127.764,6.0,0.7,-191.646,CRM,Pending,
7868.0,CA-2014-100972,11/19/2014,11/24/2014,Second Class,DB-13360,Dennis Bolton,Home Office,United States,Salt Lake City,Utah,84106.0,West,OFF-PA-10000357,Office Supplies,Paper,Xerox 1888,166.44,3.0,0.0,79.8912,Manual Upload,,Urgent
7869.0,CA-2016-136994,5/27/2016,6/2/2016,Standard Class,LS-17245,Lynn Smith,Consumer,United States,Los Angeles,California,90045.0,West,OFF-PA-10000575,Office Supplies,Paper,"Wirebound Message Books, Four 2 3/4 x 5 White Forms per Page",13.38,2.0,0.0,6.1548,CRM,,Duplicate?
7870.0,US-2017-166233,7/3/2017,7/9/2017,Standard Class,MO-17950,Michael Oakman,Consumer,United States,Jacksonville,North Carolina,28540.0,South,TEC-AC-10002167,Technology,Accessories,Imation 8gb Micro Traveldrive Usb 2.0 Flash Drive,24.0,2.0,0.2,-2.7,CRM,,Check later
7871.0,CA-2017-122112,9/25/2017,9/29/2017,Standard Class,CA-11965,Carol Adams,Corporate,United States,Lakewood,Ohio,44107.0,East,OFF-EN-10004459,Office Supplies,Envelopes,Security-Tint Envelopes,24.448,4.0,0.2,8.8624,Manual Upload,Approved,
7872.0,CA-2016-101672,10/3/2016,10/7/2016,Standard Class,DB-12910,Daniel Byrd,Home Office,United States,Lake Forest,California,92630.0,West,OFF-LA-10002271,Office Supplies,Labels,Smead Alpha-Z Color-Coded Second Alphabetical Labels and Starter Set,6.16,2.0,0.0,2.9568,ERP,Rejected,Duplicate?
7873.0,CA-2016-101672,10/3/2016,10/7/2016,Standard Class,DB-12910,Daniel Byrd,Home Office,United States,Lake Forest,California,92630.0,West,FUR-CH-10004063,Furniture,Chairs,Global Deluxe High-Back Manager's Chair,915.136,4.0,0.2,102.9528,CRM,Approved,Duplicate?
7874.0,CA-2016-101672,10/3/2016,10/7/2016,Standard Class,DB-12910,Daniel Byrd,Home Office,United States,Lake Forest,California,92630.0,West,OFF-PA-10004610,office supplies,Paper,Xerox 1900,8.56,2.0,0.0,3.852,CRM,Approved,Check later
7875.0,CA-2016-101672,10/3/2016,10/7/2016,Standard Class,DB-12910,Daniel Byrd,Home Office,United States,Lake Forest,California,92630.0,West,OFF-PA-10001878,Office Supplies,Paper,Xerox 1891,97.82,2.0,0.0,45.9754,CRM,Approved,
7876.0,CA-2017-168403,9/9/2017,9/15/2017,Standard Class,DK-12835,Damala Kotsonis,Corporate,United States,Portland,Oregon,97206.0,West,OFF-PA-10002036,Office Supplies,Paper,Xerox 1930,31.104,6.0,0.2,11.2752,ERP,,
7877.0,CA-2017-168403,9/9/2017,9/15/2017,Standard Class,DK-12835,Damala Kotsonis,Corporate,United States,Portland,Oregon,97206.0,West,OFF-AP-10003278,Office Supplies,Appliances,Belkin 7-Outlet SurgeMaster Home Series,11.176,1.0,0.2,0.8382,ERP,,Duplicate?
7878.0,CA-2015-148705,3/12/2015,3/18/2015,Standard Class,EB-14170,Evan Bailliet,Consumer,United States,Charlotte,North Carolina,28205.0,South,OFF-LA-10001641,Office Supplies,Labels,Avery 518,5.04,2.0,0.2,1.764,CRM,Pending,
7879.0,CA-2016-160241,11/29/2016,12/4/2016,Second Class,DR-12940,Daniel Raglin,Home Office,United States,Aurora,Illinois,60505.0,Central,FUR-FU-10003806,Furniture,Furnishings,"Tenex Chairmat w/ Average Lip, 45"" x 53""",242.176,4.0,0.6,-302.72,CRM,Rejected,Duplicate?
7880.0,CA-2016-155747,6/14/2016,6/21/2016,Standard Class,JS-15685,Jim Sink,Corporate,United States,Philadelphia,Pennsylvania,19140.0,East,FUR-TA-10003392,Furniture,Tables,Global Adaptabilities Conference Tables,337.176,2.0,0.4,-118.0116,Manual Upload,Rejected,
7881.0,CA-2017-118017,12/3/2017,12/6/2017,Second Class,LC-16870,Lena Cacioppo,Consumer,United States,Thornton,Colorado,80229.0,West,OFF-AR-10003856,Office Supplies,Art,Newell 344,13.344,6.0,0.2,1.0008,CRM,Pending,Check later
7882.0,CA-2017-118017,12/3/2017,12/6/2017,Second Class,LC-16870,Lena Cacioppo,Consumer,United States,Thornton,Colorado,80229.0,West,TEC-AC-10002006,Technology,Accessories,Memorex Micro Travel Drive 16 GB,76.752,6.0,0.2,10.5534,Legacy,Approved,Check later
7883.0,CA-2017-118017,12/3/2017,12/6/2017,Second Class,LC-16870,Lena Cacioppo,Consumer,United States,Thornton,Colorado,80229.0,West,TEC-AC-10002006,Technology,Accessories,Memorex Micro Travel Drive 16 GB,102.336,8.0,0.2,14.0712,CRM,,
7884.0,CA-2017-118017,12/3/2017,12/6/2017,Second Class,LC-16870,Lena Cacioppo,Consumer,United States,Thornton,Colorado,80229.0,West,OFF-PA-10002246,Office Supplies,Paper,"Wirebound Four 2-3/4 x 5 Forms per Page, 400 Sets per Book",10.32,2.0,0.2,3.741,ERP,,
7885.0,CA-2017-118017,12/3/2017,12/6/2017,Second Class,LC-16870,Lena Cacioppo,Consumer,United States,Thornton,Colorado,80229.0,West,OFF-SU-10004782,Office Supplies,Supplies,"Elite 5"" Scissors",47.32,7.0,0.2,5.915,Manual Upload,Pending,Urgent
7886.0,CA-2017-118017,12/3/2017,12/6/2017,Second Class,LC-16870,Lena Cacioppo,Consumer,United States,Thornton,Colorado,80229.0,West,FUR-FU-10004351,Furniture,Furnishings,Staple-based wall hangings,23.376,3.0,0.2,7.0128,Legacy,Rejected,
7887.0,CA-2017-118017,12/3/2017,12/6/2017,Second Class,LC-16870,Lena Cacioppo,Consumer,United States,Thornton,Colorado,80229.0,West,FUR-FU-10004270,Furniture,Furnishings,"Eldon Image Series Desk Accessories, Burgundy",16.72,5.0,0.2,3.344,CRM,Rejected,
7888.0,CA-2017-118017,12/3/2017,12/6/2017,Second Class,LC-16870,Lena Cacioppo,Consumer,United States,Thornton,Colorado,80229.0,West,FUR-FU-10004053,Furniture,Furnishings,DAX Two-Tone Silver Metal Document Frame,16.192,1.0,0.2,4.6552,ERP,Approved,
7889.0,CA-2016-113117,8/16/2016,8/22/2016,Standard Class,JP-15520,Jeremy Pistek,Consumer,United States,Davis,California,95616.0,West,OFF-PA-10000019,Office Supplies,Paper,Xerox 1931,32.4,5.0,0.0,15.552,Legacy,Approved,
7890.0,CA-2016-148684,12/25/2016,12/29/2016,Standard Class,TS-21655,Trudy Schmidt,Consumer,United States,Fayetteville,Arkansas,72701.0,South,OFF-AR-10003811,Office Supplies,Art,Newell 327,19.89,9.0,0.0,5.3703,CRM,Pending,Check later
7891.0,CA-2016-148684,12/25/2016,12/29/2016,Standard Class,TS-21655,Trudy Schmidt,Consumer,United States,Fayetteville,Arkansas,72701.0,South,TEC-AC-10001838,Technology,Accessories,Razer Tiamat Over Ear 7.1 Surround Sound PC Gaming Headset,399.98,2.0,0.0,171.9914,CRM,,
7892.0,CA-2016-148684,12/25/2016,12/29/2016,Standard Class,TS-21655,Trudy Schmidt,Consumer,United States,Fayetteville,Arkansas,72701.0,South,FUR-FU-10003553,Furniture,Furnishings,"Howard Miller 13-1/2"" Diameter Rosebrook Wall Clock",343.85,5.0,0.0,137.54,Manual Upload,Pending,
7893.0,CA-2016-148684,12/25/2016,12/29/2016,Standard Class,TS-21655,Trudy Schmidt,Consumer,United States,Fayetteville,Arkansas,72701.0,South,OFF-PA-10003302,Office Supplies,Paper,Xerox 1906,106.32,3.0,0.0,49.9704,Manual Upload,Pending,
7894.0,CA-2017-125367,7/23/2017,7/30/2017,standard class,NM-18445,Nathan Mautz,Home Office,United States,New York City,New York,10011.0,East,OFF-BI-10002412,Office Supplies,Binders,Wilson Jones Snap Scratch Pad Binder Tool for Ring Binders,13.92,3.0,0.2,4.35,CRM,Rejected,
7895.0,CA-2017-124744,6/21/2017,6/25/2017,Standard Class,EH-14125,Eugene Hildebrand,Home Office,United States,Wheeling,West Virginia,26003.0,East,OFF-BI-10002852,Office Supplies,Binders,Ibico Standard Transparent Covers,82.4,5.0,0.0,40.376,Manual Upload,Rejected,Urgent
7896.0,CA-2017-124744,6/21/2017,6/25/2017,Standard Class,EH-14125,Eugene Hildebrand,Home Office,United States,Wheeling,West Virginia,26003.0,East,OFF-BI-10000145,Office Supplies,Binders,Zipper Ring Binder Pockets,6.24,2.0,0.0,3.0576,CRM,,Duplicate?
7897.0,CA-2017-124744,6/21/2017,6/25/2017,Standard Class,EH-14125,Eugene Hildebrand,Home Office,United States,Wheeling,West Virginia,26003.0,East,OFF-PA-10001970,Office Supplies,Paper,Xerox 1908,447.84,8.0,0.0,219.4416,ERP,Pending,Urgent
7898.0,CA-2017-128363,8/13/2017,8/18/2017,Standard Class,DC-12850,Dan Campbell,Consumer,United States,Memphis,Tennessee,38109.0,South,OFF-AP-10001563,Office Supplies,Appliances,Belkin Premiere Surge Master II 8-outlet surge protector,272.048,7.0,0.2,30.6054,ERP,Approved,
7899.0,CA-2017-128363,8/13/2017,8/18/2017,Standard Class,DC-12850,Dan Campbell,Consumer,United States,Memphis,Tennessee,38109.0,South,OFF-BI-10001359,Office Supplies,Binders,GBC DocuBind TL300 Electric Binding System,1614.582,6.0,0.7,-1237.8462,Legacy,,
7900.0,CA-2017-128363,8/13/2017,8/18/2017,Standard Class,DC-12850,Dan Campbell,Consumer,United States,Memphis,Tennessee,38109.0,South,OFF-FA-10003495,Office Supplies,Fasteners,Staples,24.32,5.0,0.2,9.12,Manual Upload,,
7901.0,CA-2017-128363,8/13/2017,8/18/2017,Standard Class,DC-12850,Dan Campbell,Consumer,United States,Memphis,Tennessee,38109.0,South,TEC-AC-10003709,Technology,Accessories,Maxell 4.7GB DVD-R 5/Pack,1.584,2.0,0.2,0.4752,Manual Upload,Pending,Duplicate?
7902.0,CA-2017-128363,8/13/2017,8/18/2017,Standard Class,DC-12850,Dan Campbell,Consumer,United States,Memphis,Tennessee,38109.0,South,FUR-FU-10003268,Furniture,Furnishings,Eldon Radial Chair Mat for Low to Medium Pile Carpets,31.984,1.0,0.2,0.0,ERP,Approved,Check later
7903.0,CA-2017-128363,8/13/2017,8/18/2017,Standard Class,DC-12850,Dan Campbell,Consumer,United States,Memphis,Tennessee,38109.0,South,OFF-EN-10003845,Office Supplies,Envelopes,Colored Envelopes,14.76,5.0,0.2,4.797,Manual Upload,Rejected,Check later
7904.0,CA-2017-128363,8/13/2017,8/18/2017,Standard Class,DC-12850,Dan Campbell,Consumer,United States,Memphis,Tennessee,38109.0,South,FUR-CH-10002073,Furniture,Chairs,Hon Olson Stacker Chairs,423.648,2.0,0.2,47.6604,CRM,Rejected,Check later
7905.0,CA-2015-126669,11/7/2015,11/13/2015,Standard Class,DO-13645,Doug O'Connell,Consumer,United States,Houston,Texas,77036.0,Central,OFF-PA-10001357,Office Supplies,Paper,Xerox 1886,76.64,2.0,0.2,26.824,Manual Upload,Pending,
7906.0,US-2015-118766,10/15/2015,10/22/2015,Standard Class,LS-16975,Lindsay Shagiari,Home Office,United States,Dallas,Texas,75217.0,Central,OFF-EN-10001415,Office Supplies,Envelopes,Staple envelope,4.464,0.0,0.2,1.674,ERP,Rejected,Urgent
7907.0,US-2015-118766,10/15/2015,10/22/2015,Standard Class,LS-16975,Lindsay Shagiari,Home Office,United States,Dallas,Texas,75217.0,Central,OFF-BI-10002813,Office Supplies,Binders,Avery Reinforcements for Hole-Punch Pages,3.96,10.0,0.8,-6.93,ERP,Approved,Duplicate?
7908.0,CA-2016-112585,7/30/2016,8/2/2016,First Class,RW-19630,Rob Williams,Corporate,United States,San Francisco,California,94122.0,West,OFF-AP-10003849,Office Supplies,Appliances,Hoover Shoulder Vac Commercial Portable Vacuum,715.64,2.0,0.0,178.91,CRM,Approved,Check later
7909.0,CA-2016-149762,12/3/2016,12/7/2016,Standard Class,RD-19720,Roger Demir,Consumer,United States,Morgan Hill,California,95037.0,West,FUR-TA-10004147,Furniture,Tables,Hon 4060 Series Tables,268.704,3.0,0.2,6.7176,CRM,Pending,Duplicate?
7910.0,CA-2016-149762,12/3/2016,12/7/2016,Standard Class,RD-19720,Roger Demir,Consumer,United States,Morgan Hill,California,95037.0,West,OFF-AR-10001662,Office Supplies,Art,Rogers Handheld Barrel Pencil Sharpener,21.92,8.0,0.0,5.9184,CRM,Pending,Duplicate?
7911.0,CA-2016-149762,12/3/2016,12/7/2016,Standard Class,RD-19720,Roger Demir,Consumer,United States,Morgan Hill,California,95037.0,West,OFF-ST-10001558,Office Supplies,Storage,Acco Perma 4000 Stacking Storage Drawers,48.72,3.0,0.0,7.308,Manual Upload,Approved,Check later
7912.0,CA-2016-149762,12/3/2016,12/7/2016,Standard Class,RD-19720,Roger Demir,Consumer,United States,Morgan Hill,California,95037.0,West,FUR-BO-10001337,Furniture,Bookcases,O'Sullivan Living Dimensions 2-Shelf Bookcases,205.666,2.0,0.15,-12.098,CRM,Rejected,Duplicate?
7913.0,CA-2016-167605,4/28/2016,4/30/2016,Second Class,RB-19570,Rob Beeghly,Consumer,United States,Saint Charles,Illinois,60174.0,Central,FUR-FU-10001602,Furniture,Furnishings,"Eldon Delta Triangular Chair Mat, 52"" x 58"", Clear",30.344,2.0,0.6,-31.8612,ERP,Pending,Duplicate?
7914.0,US-2017-105697,8/25/2017,8/27/2017,First Class,JE-15715,Joe Elijah,Consumer,United States,Cleveland,Ohio,44105.0,East,OFF-ST-10003996,Office Supplies,Storage,"Letter/Legal File Tote with Clear Snap-On Lid, Black Granite",25.696,2.0,0.2,1.9272,ERP,Pending,
7915.0,CA-2017-165323,6/17/2017,6/21/2017,Standard Class,SR-20740,Steven Roelle,Home Office,United States,New York City,New York,10024.0,East,TEC-MA-10003673,Technology,Machines,Hewlett-Packard Desktjet 6988DT Refurbished Printer,3404.5,5.0,0.0,1668.205,CRM,Pending,
7916.0,CA-2017-165323,6/17/2017,6/21/2017,Standard Class,SR-20740,Steven Roelle,Home Office,United States,New York City,New York,10024.0,East,TEC-AC-10004992,Technology,Accessories,Kingston Digital DataTraveler 64GB USB 2.0,101.34,3.0,0.0,8.1072,Manual Upload,Approved,Check later
7917.0,CA-2015-110891,11/20/2015,11/24/2015,Standard Class,PO-19195,Phillina Ober,Home Office,United States,Philadelphia,Pennsylvania,19140.0,East,FUR-CH-10002880,Furniture,Chairs,"Global High-Back Leather Tilter, Burgundy",344.372,4.0,0.3,-93.4724,Legacy,Pending,
7918.0,CA-2017-100783,9/4/2017,9/8/2017,Second Class,JK-16120,Julie Kriz,Home Office,United States,Garland,Texas,75043.0,Central,OFF-AR-10000380,Office Supplies,Art,"Hunt PowerHouse Electric Pencil Sharpener, Blue",30.384,1.0,0.2,3.798,CRM,Rejected,Check later
7919.0,CA-2015-152513,7/4/2015,7/8/2015,Second Class,JP-16135,Julie Prescott,Home Office,United States,San Diego,California,92024.0,West,OFF-BI-10002706,Office Supplies,Binders,Avery Premier Heavy-Duty Binder with Round Locking Rings,22.848,2.0,0.2,7.4256,Manual Upload,Rejected,
7920.0,CA-2017-139822,9/15/2017,9/21/2017,Standard Class,Dp-13240,Dean percer,Home Office,United States,Waterbury,Connecticut,6708.0,East,OFF-ST-10000943,Office Supplies,Storage,Eldon ProFile File 'N Store Portable File Tub Letter/Legal Size Black,38.62,2.0,0.0,10.8136,Manual Upload,Rejected,Duplicate?
7921.0,CA-2017-139822,9/15/2017,9/21/2017,Standard Class,Dp-13240,Dean percer,Home Office,United States,Waterbury,Connecticut,6708.0,East,TEC-AC-10001090,Technology,Accessories,Micro Innovations Wireless Classic Keyboard with Mouse,59.98,-1.0,0.0,10.7964,ERP,Rejected,Urgent
7922.0,CA-2017-107713,3/13/2017,3/17/2017,Standard Class,JB-16000,Joy Bell-,Consumer,United States,Columbia,Maryland,21044.0,East,OFF-BI-10002026,Office Supplies,Binders,Avery Arch Ring Binders,174.3,3.0,0.0,81.921,Manual Upload,,
7923.0,CA-2017-134096,9/24/2017,29/09/2017,Standard Class,PP-18955,Paul Prost,Home Office,United States,Hollywood,Florida,33021.0,South,TEC-PH-10000526,Technology,Phones,Vtech CS6719,383.96,5.0,0.2,38.396,Legacy,Pending,Duplicate?
7924.0,CA-2017-134096,9/24/2017,9/29/2017,Standard Class,PP-18955,Paul Prost,Home Office,United States,Hollywood,Florida,33021.0,South,OFF-BI-10004002,Office Supplies,Binders,Wilson Jones International Size A4 Ring Binders,15.57,3.0,0.7,-11.418,Legacy,Rejected,Duplicate?
7925.0,CA-2016-125843,8/13/2016,8/16/2016,First Class,RF-19840,Roy Französisch,Consumer,United States,Springfield,Virginia,22153.0,South,OFF-BI-10002309,Office Supplies,Binders,Avery Heavy-Duty EZD  Binder With Locking Rings,22.32,4.0,0.0,10.7136,Manual Upload,Pending,
7926.0,CA-2016-125843,8/13/2016,8/16/2016,First Class,RF-19840,Roy Französisch,Consumer,United States,Springfield,Virginia,22153.0,South,OFF-LA-10003923,Office Supplies,Labels,Alphabetical Labels for Top Tab Filing,103.6,7.0,0.0,51.8,Manual Upload,,Duplicate?
7927.0,CA-2017-120404,11/20/2017,11/24/2017,Second Class,KH-16330,Katharine Harms,Corporate,United States,New York City,New York,10035.0,East,TEC-AC-10003433,Technology,Accessories,Maxell 4.7GB DVD+R 5/Pack,2.97,3.0,0.0,1.3365,Legacy,Pending,
7928.0,CA-2017-120404,11/20/2017,11/24/2017,Second Class,KH-16330,Katharine Harms,Corporate,United States,New York City,New York,10035.0,East,TEC-PH-10001363,Technology,Phones,Apple iPhone 5S,569.99,1.0,0.0,170.997,ERP,Pending,Urgent
7929.0,CA-2017-120404,11/20/2017,11/24/2017,Second Class,KH-16330,Katharine Harms,Corporate,United States,New York City,New York,10035.0,East,FUR-FU-10000820,Furniture,Furnishings,Tensor Brushed Steel Torchiere Floor Lamp,50.97,3.0,0.0,9.1746,ERP,Pending,Urgent
7930.0,CA-2017-167549,7/25/2017,7/27/2017,First Class,EM-14200,Evan Minnotte,Home Office,United States,Dallas,Texas,75217.0,Central,FUR-TA-10004767,Furniture,Tables,Safco Drafting Table,298.116,6.0,0.3,-4.2588,Legacy,Pending,
7931.0,CA-2016-120082,3/25/2016,3/27/2016,Second Class,DK-12835,Damala Kotsonis,Corporate,United States,New York City,New York,10024.0,East,OFF-AR-10001955,Office Supplies,Art,Newell 319,59.52,3.0,0.0,17.856,ERP,Pending,Check later
7932.0,US-2016-168095,7/15/2016,7/20/2016,Standard Class,MC-17425,Mark Cousins,Corporate,United States,Portland,Oregon,97206.0,West,FUR-CH-10004886,Furniture,Chairs,Bevis Steel Folding Chairs,230.28,3.0,0.2,23.028,Legacy,Rejected,Check later
7933.0,US-2016-168095,7/15/2016,7/20/2016,Standard Class,MC-17425,Mark Cousins,Corporate,United States,Portland,Oregon,97206.0,West,OFF-PA-10003641,Office Supplies,Paper,Xerox 1909,105.52,5.0,0.2,34.294,Manual Upload,,Check later
7934.0,CA-2017-166093,8/17/2017,8/24/2017,Standard Class,RW-19540,Rick Wilson,Corporate,United States,Brentwood,California,94513.0,West,OFF-EN-10003134,Office Supplies,Envelopes,Staple envelope,23.36,2.0,0.0,11.68,Manual Upload,Pending,
7935.0,CA-2017-166093,8/17/2017,8/24/2017,Standard Class,RW-19540,Rick Wilson,Corporate,United States,Brentwood,California,94513.0,West ,TEC-PH-10002564,Technology,Phones,OtterBox Defender Series Case - Samsung Galaxy S4,71.976,3.0,0.2,8.997,Legacy,Pending,Check later
7936.0,CA-2017-166093,8/17/2017,8/24/2017,Standard Class,RW-19540,Rick Wilson,Corporate,United States,Brentwood,California,94513.0,West,OFF-PA-10003893,Office Supplies,Paper,Xerox 1962,8.56,2.0,0.0,3.852,Legacy,Rejected,
7937.0,CA-2017-166093,8/17/2017,8/24/2017,Standard Class,RW-19540,Rick Wilson,Corporate,United States,Brentwood,California,94513.0,West,OFF-BI-10000174,Office Supplies,Binders,"Wilson Jones Clip & Carry Folder Binder Tool for Ring Binders, Clear",13.92,3.0,0.2,4.872,ERP,Approved,
7938.0,CA-2017-166093,8/17/2017,8/24/2017,Standard Class,RW-19540,Rick Wilson,Corporate,United States,Brentwood,California,94513.0,West,OFF-AP-10001058,Office Supplies,Appliances,Sanyo 2.5 Cubic Foot Mid-Size Office Refrigerators,2518.29,9.0,0.0,654.7554,CRM,Pending,Urgent
7939.0,CA-2017-166093,8/17/2017,8/24/2017,Standard Class,RW-19540,Rick Wilson,Corporate,United States,Brentwood,California,94513.0,West,OFF-ST-10001496,Office Supplies,Storage,Standard Rollaway File with Lock,540.57,3.0,0.0,140.5482,CRM,Rejected,
7940.0,CA-2017-166093,8/17/2017,8/24/2017,Standard Class,RW-19540,Rick Wilson,Corporate,United States,Brentwood,California,94513.0,West,OFF-BI-10004230,Office Supplies,Binders,GBC Recycled Grain Textured Covers,221.056,8.0,0.2,77.3696,Legacy,,Urgent
7941.0,CA-2016-146325,12/14/2016,12/17/2016,First Class,DS-13180,David Smith,Corporate,United States,San Diego,California,92037.0,West,FUR-CH-10001146,Furniture,Chairs,"Global Task Chair, Black",81.424,2.0,0.2,-9.1602,CRM,Rejected,Duplicate?
7942.0,CA-2016-146325,12/14/2016,12/17/2016,First Class,DS-13180,David Smith,Corporate,United States,San Diego,California,92037.0,West,OFF-ST-10001590,Office Supplies,Storage,"Tenex Personal Project File with Scoop Front Design, Black",134.8,10.0,0.0,35.048,Manual Upload,Pending,
7943.0,CA-2017-134194,12/25/2017,1/1/2018,Standard Class,GA-14725,Guy Armstrong,Consumer,United States,Dallas,Texas,75081.0,Central,OFF-BI-10003684,Office Supplies,Binders,Wilson Jones Legal Size Ring Binders,39.582,9.0,0.8,-59.373,Manual Upload,Pending,Urgent
7944.0,CA-2017-134194,12/25/2017,1/1/2018,Standard Class,GA-14725,Guy Armstrong,Consumer,United States,Dallas,Texas,75081.0,Central,OFF-SU-10000946,Office Supplies,Supplies,Staple remover,44.688,7.0,0.2,5.0274,CRM,Rejected,
7945.0,CA-2017-134194,12/25/2017,1/1/2018,Standard Class,GA-14725,Guy Armstrong,Consumer,United States,Dallas,Texas,75081.0,Central,OFF-AR-10001615,Office Supplies,Art,Newell 34,31.744,2.0,0.2,2.3808,Manual Upload,Pending,Check later
7946.0,CA-2017-134194,12/25/2017,1/1/2018,Standard Class,GA-14725,Guy Armstrong,Consumer,United States,Dallas,Texas,75081.0,Central,OFF-BI-10001597,Office Supplies,Binders,"Wilson Jones Ledger-Size, Piano-Hinge Binder, 2"", Blue",40.98,5.0,0.8,-65.568,Legacy,Rejected,Urgent
7947.0,CA-2017-134194,12/25/2017,1/1/2018,Standard Class,GA-14725,Guy Armstrong,Consumer,United States,Dallas,Texas,75081.0,Central,OFF-BI-10001116,OfficeSupply,Binders,"Wilson Jones 1"" Hanging DublLock Ring Binders",3.168,3.0,0.8,-5.0688,Manual Upload,,Check later
7948.0,CA-2014-131009,3/1/2014,3/5/2014,Standard Class,SC-20380,Shahid Collister,Consumer,United States,El Paso,Texas,79907.0,Central,OFF-FA-10004395,Office Supplies,Fasteners,Plymouth Boxed Rubber Bands by Plymouth,18.84,5.0,0.2,-3.5325,CRM,,Duplicate?
7949.0,CA-2014-131009,3/1/2014,3/5/2014,Standard Class,SC-20380,Shahid Collister,Consumer,United States,El Paso,Texas,79907.0,Central,FUR-CH-10001270,Furniture,Chairs,Harbour Creations Steel Folding Chair,362.25,6.0,0.3,0.0,CRM,Rejected,Check later
7950.0,CA-2014-131009,3/1/2014,3/5/2014,Standard Class,SC-20380,Shahid Collister,Consumer,United States,El Paso,Texas,79907.0,Central,FUR-FU-10001095,Furniture,Furnishings,DAX Black Cherry Wood-Tone Poster Frame,63.552,6.0,0.6,-34.9536,Legacy,,Check later
7951.0,CA-2014-131009,3/1/2014,3/5/2014,Standard Class,SC-20380,Shahid Collister,Consumer,United States,El Paso,Texas,79907.0,Central,OFF-ST-10001469,Office Supplies,Storage,Fellowes Bankers Box Recycled Super Stor/Drawer,129.552,3.0,0.2,-22.6716,ERP,Approved,
7952.0,CA-2015-145814,11/19/2015,11/24/2015,Standard Class,KD-16345,Katherine Ducich,Consumer,United States,New York City,New York,10035.0,East,OFF-BI-10003196,Office Supplies,Binders,Accohide Poly Flexible Ring Binders,5.984,2.0,0.2,2.244,ERP,,
7953.0,CA-2015-145814,11/19/2015,11/24/2015,Standard Class,KD-16345,Katherine Ducich,Consumer,United States,New York City,New York,10035.0,East,TEC-PH-10002200,Technology,Phones,Aastra 6757i CT Wireless VoIP phone,861.76,4.0,0.0,249.9104,CRM,,
7954.0,CA-2014-138359,4/1/2014,4/6/2014,Standard Class,KH-16330,Katharine Harms,Corporate,United States,Revere,Massachusetts,2151.0,East,OFF-ST-10000636,Office Supplies,Storage,Rogers Profile Extra Capacity Storage Tub,66.96,4.0,0.0,2.6784,Legacy,,Check later
7955.0,CA-2014-138359,4/1/2014,4/6/2014,Standard Class,KH-16330,Katharine Harms,Corporate,United States,Revere,Massachusetts,2151.0,East,OFF-BI-10000145,Office Supplies,Binders,Zipper Ring Binder Pockets,6.24,2.0,0.0,3.0576,Legacy,,
7956.0,CA-2017-131807,10/5/2017,10/10/2017,Standard Class,GG-14650,Greg Guthrie,Corporate,United States,Chico,California,95928.0,West,FUR-CH-10001190,Furniture,Chairs,Global Deluxe High-Back Office Chair in Storm,435.168,4.0,0.2,-59.8356,CRM,,Duplicate?
7957.0,CA-2017-131807,10/5/2017,10/10/2017,Standard Class,GG-14650,Greg Guthrie,Corporate,United States,Chico,California,95928.0,West,OFF-FA-10002780,Office Supplies,Fasteners,Staples,14.9,5.0,0.0,6.854,ERP,Approved,
7958.0,CA-2017-131807,10/5/2017,10/10/2017,Standard Class,GG-14650,Greg Guthrie,Corporate,United States,Chico,California,95928.0,West,OFF-AP-10004052,Office Supplies,Appliances,"Hoover Replacement Belts For Soft Guard & Commercial Ltweight Upright Vacs, 2/Pk",15.8,4.0,0.0,4.108,Legacy,Pending,
7959.0,CA-2017-131807,10/5/2017,10/10/2017,Standard Class,GG-14650,Greg Guthrie,Corporate,United States,Chico,California,95928.0,West,FUR-FU-10004666,Furniture,Furnishings,DAX Clear Channel Poster Frame,72.9,5.0,0.0,26.973,Legacy,,Check later
7960.0,CA-2017-131807,10/5/2017,10/10/2017,Standard Class,GG-14650,Greg Guthrie,Corporate,United States,Chico,California,95928.0,West,FUR-TA-10004086,Furniture,Tables,KI Adjustable-Height Table,206.352,3.0,0.2,5.1588,Legacy,Approved,
7961.0,CA-2017-131807,10/5/2017,10/10/2017,Standard Class,GG-14650,Greg Guthrie,Corporate,United States,Chico,California,95928.0,West,TEC-PH-10000702,Technology,Phones,"Square Credit Card Reader, 4 1/2"" x 4 1/2"" x 1"", White",7.992,1.0,0.2,2.6973,Legacy,,Urgent
7962.0,CA-2017-104864,11/18/2017,11/23/2017,Second Class,JS-15685,Jim Sink,Corporate,United States,Miramar,Florida,33023.0,South,OFF-ST-10002301,Office Supplies,Storage,Tennsco Commercial Shelving,81.36,5.0,0.2,-19.323,Manual Upload,Pending,Check later
7963.0,CA-2017-104864,11/18/2017,11/23/2017,Second Class,JS-15685,Jim Sink,Corporate,United States,Miramar,Florida,00000,South,OFF-BI-10001636,Office Supplies,Binders,Ibico Plastic and Wire Spiral Binding Combs,20.232,8.0,0.7,-16.1856,ERP,Approved,Urgent
7964.0,CA-2017-104864,11/18/2017,11/23/2017,Second Class,JS-15685,Jim Sink,Corporate,United States,Miramar,Florida,33023.0,South,OFF-AP-10002684,Office Supplies,Appliances,"Acco 7-Outlet Masterpiece Power Center, Wihtout Fax/Phone Line Protection",389.056,4.0,0.2,48.632,CRM,Pending,
7965.0,CA-2017-104864,11/18/2017,11/23/2017,Second Class,JS-15685,Jim Sink,Corporate,United States,Miramar,Florida,33023.0,South,OFF-PA-10004609,Office Supplies,Paper,Xerox 221,20.736,4.0,0.2,7.2576,CRM,Pending,Check later
7966.0,CA-2017-104864,11/18/2017,11/23/2017,Second Class,JS-15685,Jim Sink,Corporate,United States,Miramar,Florida,33023.0,South,OFF-PA-10003309,Office Supplies,Paper,Xerox 211,41.472,8.0,0.2,14.5152,Manual Upload,Approved,
7967.0,CA-2015-138219,3/23/2015,3/30/2015,Standard Class,BP-11095,Bart Pistole,Corporate,United States,Los Angeles,California,90049.0,West,OFF-PA-10000380,Office Supplies,Paper,"REDIFORM Incoming/Outgoing Call Register, 11"" X 8 1/2"", 100 Messages",33.36,4.0,0.0,16.68,Legacy,,
7968.0,CA-2016-157707,10/10/2016,10/12/2016,First Class,CC-12610,Corey Catlett,Corporate,United States,Denver,Colorado,80219.0,West,FUR-BO-10001567,Furniture,Bookcases,"Bush Westfield Collection Bookcases, Dark Cherry Finish, Fully Assembled",90.882,3.0,0.7,-190.8522,CRM,,
7969.0,CA-2016-157707,10/10/2016,10/12/2016,First Class,CC-12610,Corey Catlett,Corporate,United States,Denver,Colorado,80219.0,West,TEC-PH-10002583,Technology,Phones,iOttie HLCRIO102 Car Mount,15.992,1.0,0.2,-2.9985,Manual Upload,Rejected,
7970.0,CA-2016-157707,10/10/2016,10/12/2016,First Class,CC-12610,Corey Catlett,Corporate,United States,Denver,Colorado,80219.0,West,FUR-CH-10004853,Furniture,Chairs,"Global Manager's Adjustable Task Chair, Storm",120.784,1.0,0.2,13.5882,Legacy,Approved,
7971.0,US-2015-126753,8/16/2015,8/20/2015,Standard Class,SP-20860,Sung Pak,Corporate,United States,Philadelphia,Pennsylvania,19134.0,East,TEC-PH-10003580,Technology,Phones,Cisco IP Phone 7961G-GE VoIP phone,519.792,4.0,0.4,-112.6216,Manual Upload,,
7972.0,US-2015-126753,8/16/2015,8/20/2015,Standard Class,SP-20860,Sung Pak,Corporate,United States,Philadelphia,Pennsylvania,19134.0,East,TEC-AC-10004227,tech,Accessories,SanDisk Ultra 16 GB MicroSDHC Class 10 Memory Card,31.176,3.0,0.2,-5.4558,Manual Upload,Approved,
7973.0,US-2015-126753,8/16/2015,8/20/2015,Standard Class,SP-20860,Sung Pak,Corporate,United States,Philadelphia,Pennsylvania,19134.0,East,OFF-PA-10002787,Office Supplies,Paper,Xerox 227,10.368,2.0,0.2,3.6288,Manual Upload,Pending,
7974.0,US-2015-126753,8/16/2015,8/20/2015,Standard Class,SP-20860,Sung Pak,Corporate,United States,Philadelphia,Pennsylvania,19134.0,East,OFF-BI-10003981,Office Supplies,Binders,"Avery Durable Plastic 1"" Binders",2.724,2.0,0.7,-1.9068,CRM,Approved,
7975.0,US-2015-126753,8/16/2015,8/20/2015,Standard Class,SP-20860,Sung Pak,Corporate,United States,Philadelphia,Pennsylvania,19134.0,East,FUR-FU-10001488,Furniture,Furnishings,"Tenex 46"" x 60"" Computer Anti-Static Chairmat, Rectangular Shaped",254.352,3.0,0.2,0.0,CRM,,
7976.0,US-2015-126753,8/16/2015,8/20/2015,Standard Class,SP-20860,Sung Pak,Corporate,United States,Philadelphia,Pennsylvania,19134.0,East,OFF-BI-10003727,Office Supplies,Binders,Avery Durable Slant Ring Binders With Label Holder,3.762,3.0,0.7,-2.7588,ERP,Approved,
7977.0,US-2015-126753,16-08-2015,8/20/2015,Standard Class,SP-20860,Sung Pak,Corporate,United States,Philadelphia,Pennsylvania,19134.0,East,OFF-PA-10000130,Office Supplies,Paper,Xerox 199,10.272,3.0,0.2,3.21,CRM,Approved,Duplicate?
7978.0,CA-2014-166051,5/31/2014,6/5/2014,Standard Class,JK-15625,Jim Karlsson,Consumer,United States,Jackson,Mississippi,39212.0,South,TEC-PH-10002680,Technology,Phones,Samsung Galaxy Note 3,659.97,3.0,0.0,197.991,CRM,Rejected,
7979.0,CA-2014-166051,5/31/2014,6/5/2014,Standard Class,JK-15625,Jim Karlsson,Consumer,United States,Jackson,Mississippi,39212.0,South,TEC-PH-10002538,Technology,Phones,Grandstream GXP1160 VoIP phone,113.73,3.0,0.0,32.9817,Manual Upload,,
7980.0,CA-2015-113040,8/27/2015,8/31/2015,Standard Class,CC-12100,Chad Cunningham,Home Office,United States,Los Angeles,California,90045.0,West,OFF-BI-10001249,Office Supplies,Binders,Avery Heavy-Duty EZD View Binder with Locking Rings,5.104,1.0,0.2,1.6588,CRM,Pending,Urgent
7981.0,CA-2014-103800,1/3/2014,1/7/2014,Standard Class,DP-13000,Darren Powers,Consumer,United States,Houston,Texas,77095.0,Central,OFF-PA-10000174,Office Supplies,Paper,"Message Book, Wirebound, Four 5 1/2"" X 4"" Forms/Pg., 200 Dupl. Sets/Book",16.448,2.0,0.2,5.5512,Manual Upload,Approved,
7982.0,CA-2014-113383,9/10/2014,9/13/2014,first class,SF-20065,Sandra Flanagan,Consumer,United States,Clifton,New Jersey,7011.0,East,OFF-AP-10004532,Office Supplies,Appliances,Kensington 6 Outlet Guardian Standard Surge Protector,81.92,4.0,0.0,22.1184,ERP,,Duplicate?
7983.0,CA-2014-113383,9/10/2014,2014-09-13,First Class,SF-20065,Sandra Flanagan,Consumer,United States,Clifton,New Jersey,7011.0,East,FUR-FU-10001986,Furniture,Furnishings,"Dana Fluorescent Magnifying Lamp, White, 36""",254.9,5.0,0.0,76.47,Manual Upload,Pending,Check later
7984.0,CA-2017-152499,1/22/2017,1/25/2017,Second Class,EH-13765,Edward Hooks,Corporate,United States,Chicago,Illinois,60623.0,Central,OFF-FA-10002975,Office Supplies,Fasteners,Staples,15.12,5.0,0.2,4.914,ERP,Rejected,Urgent
7985.0,CA-2017-152499,1/22/2017,1/25/2017,Second Class,EH-13765,Edward Hooks,Corporate,United States,Chicago,Illinois,60623.0,Central,OFF-AR-10003481,Office Supplies,Art,Newell 348,7.872,3.0,0.2,0.8856,CRM,,Check later
7986.0,CA-2016-151498,4/21/2016,4/24/2016,First Class,DN-13690,Duane Noonan,Consumer,United States,Seattle,Washington,98115.0,West,OFF-BI-10004967,Office Supplies,Binders,Round Ring Binders,8.32,5.0,0.2,2.808,ERP,Rejected,Duplicate?
7987.0,CA-2016-137939,7/20/2016,7/23/2016,Second Class,PJ-19015,Pauline Johnson,Consumer,United States,Long Beach,New York,11561.0,East,TEC-PH-10003589,Technology,Phones,invisibleSHIELD by ZAGG Smudge-Free Screen Protector,89.95,5.0,0.0,43.176,Legacy,,
7988.0,US-2016-117793,8/23/2016,8/29/2016,Standard Class,MA-17560,Matt Abelman,Home Office,United States,Sheboygan,Wisconsin,53081.0,Central,OFF-LA-10002945,Office Supplies,Labels,"Permanent Self-Adhesive File Folder Labels for Typewriters, 1 1/8 x 3 1/2, White",25.2,4.0,0.0,11.592,CRM,Pending,Duplicate?
7989.0,US-2016-117793,8/23/2016,8/29/2016,Standard Class,MA-17560,Matt Abelman,Home Office,United States,Sheboygan,Wisconsin,53081.0,Central,OFF-LA-10003537,Office Supplies,Labels,Avery 515,37.59,3.0,0.0,17.6673,ERP,,
7990.0,US-2016-117793,8/23/2016,Aug 29 2016,Standard Class,MA-17560,Matt Abelman,Home Office,United States,Sheboygan,Wisconsin,53081.0,Central,OFF-ST-10002406,Office Supplies,Storage,Pizazz Global Quick File,14.97,1.0,0.0,4.1916,Legacy,Rejected,Urgent
7991.0,US-2016-117793,8/23/2016,8/29/2016,Standard Class,MA-17560,Matt Abelman,Home Office,United States,Sheboygan,Wisconsin,53081.0,Central,TEC-AC-10003433,Technology,Accessories,Maxell 4.7GB DVD+R 5/Pack,1.98,2.0,0.0,0.891,CRM,Pending,Urgent
7992.0,CA-2016-133872,6/14/2016,6/17/2016,First Class,VM-21835,Vivian Mathis,Consumer,United States,Boca Raton,Florida,33433.0,South,OFF-BI-10002082,Office Supplies,Binders,GBC Twin Loop Wire Binding Elements,39.936,4.0,0.7,-26.624,CRM,Rejected,
7993.0,CA-2016-133872,6/14/2016,6/17/2016,First Class,VM-21835,Vivian Mathis,Consumer,United States,Boca Raton,Florida,33433.0,South,TEC-AC-10000521,Technology,Accessories,"Verbatim Slim CD and DVD Storage Cases, 50/Pack",18.464,2.0,0.2,2.308,Legacy,Approved,Check later
7994.0,US-2015-165743,11/20/2015,11/23/2015,Second Class,MM-18055,Michelle Moray,Consumer,United States,Aurora,Colorado,80013.0,West,OFF-BI-10001982,Office Supplies,Binders,Wilson Jones Custom Binder Spines & Labels,4.896,3.0,0.7,-3.4272,Legacy,Approved,
7995.0,US-2015-165743,11/20/2015,11/23/2015,Second Class,MM-18055,Michelle Moray,Consumer,United States,Aurora,Colorado,80013.0,West,FUR-BO-10002268,Furniture,Bookcases,Sauder Barrister Bookcases,145.764,6.0,0.7,-247.7988,ERP,Approved,
7996.0,US-2015-165743,11/20/2015,11/23/2015,Second Class,MM-18055,Michelle Moray,Consumer,United States,Aurora,Colorado,80013.0,West,OFF-BI-10001758,Office Supplies,Binders,Wilson Jones 14 Line Acrylic Coated Pressboard Data Binders,9.612,6.0,0.7,-7.3692,CRM,Pending,
7997.0,US-2017-105998,11/3/2017,11/5/2017,First Class,CR-12580,Clay Rozendal,Home Office,United States,San Diego,California,92037.0,West,TEC-AC-10004469,Technology,Accessories,Microsoft Sculpt Comfort Mouse,199.75,5.0,0.0,87.89,CRM,Pending,
7998.0,US-2017-105998,11/3/2017,11/5/2017,First Class,CR-12580,Clay Rozendal,Home Office,United States,San Diego,California,92037.0,West,FUR-TA-10001095,Furniture,Tables,Chromcraft Round Conference Tables,1673.184,12.0,0.2,20.9148,Legacy,Pending,Urgent
7999.0,US-2014-148194,5/4/2014,5/7/2014,First Class,BS-11365,Bill Shonely,Corporate,United States,Seattle,Washington,98105.0,West,FUR-FU-10001852,Furniture,Furnishings,"Eldon Regeneration Recycled Desk Accessories, Smoke",12.18,7.0,0.0,3.8976,Manual Upload,Pending,
8000.0,US-2014-148194,5/4/2014,5/7/2014,First Class,BS-11365,Bill Shonely,Corporate,United States,Seattle,Washington,98105.0,West,OFF-AP-10000696,Office Supplies,Appliances,Holmes Odor Grabber,57.68,4.0,0.0,19.0344,ERP,Rejected,Duplicate?
8001.0,US-2015-151407,11/8/2015,11/12/2015,Standard Class,RD-19585,Rob Dowd,Consumer,United States,Dubuque,Iowa,52001.0,Central,TEC-PH-10003885,Technology,Phones,Cisco SPA508G,263.96,4.0,0.0,76.5484,Legacy,Approved,Urgent
8002.0,CA-2015-110870,12/12/2015,12/15/2015,First Class,KD-16270,Karen Daniels,Consumer,United States,Los Angeles,California,90032.0,West,TEC-AC-10002926,Technology,Accessories,Logitech Wireless Marathon Mouse M705,299.94,6.0,0.0,128.9742,ERP,Pending,Urgent
8003.0,CA-2015-110870,12/12/2015,12/15/2015,First Class,KD-16270,Karen Daniels,Consumer,United States,Los Angeles,California,90032.0,West,OFF-SU-10001225,Office Supplies,Supplies,Staple remover,25.76,7.0,0.0,0.5152,CRM,Pending,
8004.0,CA-2014-143210,12/1/2014,12/3/2014,First Class,AA-10645,Anna Andreadi,Consumer,United States,Lowell,Massachusetts,1852.0,East,TEC-PH-10004434,Technology,Phones,Cisco IP Phone 7961G VoIP phone - Dark gray,271.9,2.0,0.0,78.851,Manual Upload,Pending,Urgent
8005.0,CA-2014-143210,12/1/2014,12/3/2014,First Class,AA-10645,Anna Andreadi,Consumer,United States,Lowell,Massachusetts,1852.0,East,FUR-FU-10003878,Furniture,Furnishings,"Linden 10"" Round Wall Clock, Black",45.84,3.0,0.0,15.5856,Legacy,Rejected,Check later
8006.0,CA-2014-143210,12/1/2014,12/3/2014,First Class,AA-10645,Anna Andreadi,Consumer,United States,Lowell,Massachusetts,1852.0,East,FUR-FU-10002268,Furniture,Furnishings,Ultra Door Push Plate,9.82,2.0,0.0,3.2406,Legacy,Approved,
8007.0,CA-2016-139808,10/7/2016,10/11/2016,Standard Class,MC-18100,Mick Crebagga,Consumer,United States,Marysville,Washington,98270.0,West,OFF-FA-10001883,Office Supplies,Fasteners,"Alliance Super-Size Bands, Assorted Sizes",93.36,12.0,0.0,0.9336,Manual Upload,Rejected,
8008.0,CA-2015-110863,11/17/2015,11/24/2015,Standard Class,AA-10645,Anna Andreadi,Consumer,United States,Oklahoma City,Oklahoma,73120.0,Central,OFF-ST-10002756,Office Supplies,Storage,"Tennsco Stur-D-Stor Boltless Shelving, 5 Shelves, 24"" Deep, Sand",541.24,4.0,0.0,0.0,CRM,Rejected,Urgent
8009.0,CA-2015-110863,11/17/2015,11/24/2015,Standard Class,AA-10645,Anna Andreadi,Consumer,United States,Oklahoma City,Oklahoma,73120.0,Central,OFF-PA-10000474,Office Supplies,Paper,Easy-staple paper,106.32,3.0,0.0,49.9704,Legacy,Rejected,Check later
8010.0,CA-2015-110863,11/17/2015,11/24/2015,Standard Class,AA-10645,Anna Andreadi,Consumer,United States,Oklahoma City,Oklahoma,73120.0,Central,FUR-CH-10002073,Furniture,Chairs,Hon Olson Stacker Chairs,1323.9,5.0,0.0,383.931,Manual Upload,Rejected,Check later
8011.0,CA-2014-127859,3/17/2014,3/20/2014,Second Class,QJ-19255,Quincy Jones,Corporate,United States,Philadelphia,Pennsylvania,19134.0,East,OFF-PA-10003641,Office Supplies,Paper,Xerox 1909,126.624,6.0,0.2,41.1528,Legacy,Rejected,
8012.0,US-2015-136427,6/20/2015,6/23/2015,1st Class,JM-16195,Justin MacKendrick,Consumer,United States,Aurora,Colorado,80013.0,West,TEC-PH-10002070,Technology,Phones,Griffin GC36547 PowerJolt SE Lightning Charger,125.944,7.0,0.2,15.743,Legacy,Approved,
8013.0,CA-2017-120168,5/25/2017,5/25/2017,Same Day,TB-21625,Trudy Brown,Consumer,United States,New York City,New York,10009.0,East,OFF-BI-10004519,Office Supplies,Binders,GBC DocuBind P100 Manual Binding Machine,663.92,5.0,0.2,207.475,CRM,Approved,
8014.0,CA-2017-120168,5/25/2017,5/25/2017,Same Day,TB-21625,Trudy Brown,Consumer,United States,New York City,New York,10009.0,East,TEC-AC-10002167,Technology,Accessories,Imation 8gb Micro Traveldrive Usb 2.0 Flash Drive,120.0,8.0,0.0,13.2,CRM,Approved,Urgent
8015.0,CA-2017-120168,5/25/2017,5/25/2017,Same Day,TB-21625,Trudy Brown,Consumer,United States,New York City,New York,10009.0,East,OFF-FA-10000936,Office Supplies,Fasteners,Acco Hot Clips Clips to Go,3.29,1.0,0.0,1.4805,Legacy,Rejected,Urgent
8016.0,CA-2017-120168,5/25/2017,5/25/2017,Same Day,TB-21625,Trudy Brown,Consumer,United States,New York City,New York,10009.0,East,FUR-FU-10000732,Furniture,Furnishings,Eldon 200 Class Desk Accessories,18.84,3.0,0.0,6.0288,CRM,Rejected,Duplicate?
8017.0,US-2014-131870,9/9/2014,9/11/2014,First Class,NF-18595,Nicole Fjeld,Home Office,United States,Lancaster,Ohio,43130.0,East,FUR-FU-10002501,Furniture,Furnishings,Nu-Dell Executive Frame,60.672,6.0,0.2,12.8928,CRM,Approved,Check later
8018.0,US-2014-131870,9/9/2014,9/11/2014,First Class,NF-18595,Nicole Fjeld,Home Office,United States,Lancaster,Ohio,43130.0,East,OFF-AR-10000634,Office Supplies,Art,Newell 320,30.816,9.0,0.2,2.6964,ERP,Approved,Duplicate?
8019.0,CA-2017-114804,10/17/2017,10/19/2017,Second Class,BF-11020,Barry Französisch,Corporate,United States,Modesto,California,95351.0,West,TEC-PH-10001700,Technology,Phones,Panasonic KX-TG6844B Expandable Digital Cordless Telephone,52.792,1.0,0.2,4.6193,ERP,Pending,
8020.0,CA-2017-167227,11/2/2017,11/5/2017,First Class,NP-18670,Nora Paige,Consumer,United States,Saint Louis,Missouri,63116.0,Central,OFF-AP-10001962,Office Supplies,Appliances,Black & Decker Filter for Double Action Dustbuster Cordless Vac BLDV7210,83.9,10.0,0.0,20.975,Legacy,Approved,Check later
8021.0,CA-2017-167227,11/2/2017,11/5/2017,First Class,NP-18670,Nora Paige,Consumer,United States,Saint Louis,Missouri,63116.0,Central,OFF-PA-10001838,Office Supplies,Paper,"Adams Telephone Message Book W/Dividers/Space For Phone Numbers, 5 1/4""X8 1/2"", 300/Messages",11.76,2.0,0.0,5.7624,CRM,Pending,Duplicate?
8022.0,CA-2014-129189,7/21/2014,7/25/2014,Standard Class,HM-14860,Harry Marie,Corporate,United States,Dallas,Texas,75217.0,Central,OFF-AP-10000124,Office Supplies,Appliances,Acco 6 Outlet Guardian Basic Surge Suppressor,4.992,3.0,0.8,-12.9792,CRM,,Check later
8023.0,CA-2014-129189,7/21/2014,7/25/2014,Standard Class,HM-14860,Harry Marie,Corporate,United States,Dallas,Texas,75217.0,Central,OFF-EN-10003567,Office Supplies,Envelopes,"Inter-Office Recycled Envelopes, Brown Kraft, Button-String,10"" x 13"" , 100/Box",87.92,5.0,0.2,29.673,Legacy,,
8024.0,CA-2014-129189,7/21/2014,7/25/2014,Standard Class,HM-14860,Harry Marie,Corporate,United States,Dallas,Texas,75217.0,Central,FUR-CH-10004997,Furniture,Chairs,Hon Every-Day Series Multi-Task Chairs,657.93,5.0,0.3,-93.99,Legacy,Pending,Urgent
8025.0,CA-2014-129189,7/21/2014,7/25/2014,Standard Class,HM-14860,Harry Marie,Corporate,United States,Dallas,Texas,75217.0,Central,OFF-BI-10000494,Office Supplies,Binders,Acco Economy Flexible Poly Round Ring Binder,1.044,1.0,0.8,-1.827,CRM,Approved,Urgent
8026.0,CA-2015-132465,9/11/2015,9/15/2015,Second Class,DM-13525,Don Miller,Corporate,United States,New York City,New York,10035.0,East,FUR-FU-10000277,Furniture,Furnishings,Deflect-o DuraMat Antistatic Studded Beveled Mat for Medium Pile Carpeting,210.68,2.0,0.0,50.5632,Manual Upload,Rejected,
8027.0,CA-2015-132465,9/11/2015,9/15/2015,Second Class,DM-13525,Don Miller,Corporate,United States,New York City,New York,10035.0,East,OFF-ST-10003641,Office Supplies,Storage,Space Solutions Industrial Galvanized Steel Shelving.,78.8,1.0,0.0,1.576,Manual Upload,Approved,Check later
8028.0,CA-2015-132465,09/11/2015,9/15/2015,Second Class,DM-13525,Don Miller,Corporate,United States,New York City,New York,10035.0,East,TEC-AC-10001998,Technology,Accessories,Logitech LS21 Speaker System - PC Multimedia - 2.1-CH - Wired,19.99,1.0,0.0,6.7966,Manual Upload,Pending,Check later
8029.0,CA-2015-132465,9/11/2015,9/15/2015,Second Class,DM-13525,Don Miller,Corporate,United States,New York City,New York,10035.0,East,OFF-ST-10001932,Office Supplies,Storage,Fellowes Staxonsteel Drawer Files,772.68,4.0,0.0,108.1752,ERP,Rejected,
8030.0,CA-2016-166373,10/21/2016,10/25/2016,Standard Class,JF-15565,Jill Fjeld,Consumer,United States,San Antonio,Texas,78207.0,Central,TEC-AC-10002323,Technology,Accessories,SanDisk Ultra 32 GB MicroSDHC Class 10 Memory Card,106.08,6.0,0.2,-9.282,ERP,Pending,Urgent
8031.0,CA-2016-158806,1/7/2016,1/11/2016,Standard Class,NM-18520,Neoma Murray,Consumer,United States,Amarillo,Texas,79109.0,Central,FUR-FU-10004270,Furniture,Furnishings,"Executive Impressions 13"" Clairmont Wall Clock",23.076,3.0,0.6,-10.9611,ERP,Rejected,
8032.0,CA-2016-158806,1/7/2016,1/11/2016,Standard Class,NM-18520,Neoma Murray,Consumer,United States,Amarillo,Texas,79109.0,Central,OFF-PA-10004621,Office Supplies,Paper,Xerox 212,25.92,5.0,0.2,9.072,CRM,,
8033.0,CA-2015-119690,6/25/2015,6/28/2015,First Class,MV-17485,Mark Van Huff,Consumer,United States,Houston,Texas,77041.0,Central,OFF-PA-10001019,Office Supplies,Paper,Xerox 1884,47.952,3.0,0.2,16.1838,Legacy,Pending,Check later
8034.0,CA-2015-119690,6/25/2015,6/28/2015,First Class,MV-17485,Mark Van Huff,Consumer,United States,Houston,Texas,77041.0,Central,OFF-BI-10000201,OfficeSupply,Binders,"Avery Triangle Shaped Sheet Lifters, Black, 2/Pack",0.984,2.0,0.8,-1.476,ERP,Rejected,
8035.0,CA-2015-119690,6/25/2015,6/28/2015,First Class,MV-17485,Mark Van Huff,Consumer,United States,Houston,Texas,77041.0,Central,FUR-FU-10004587,Furniture,Furnishings,"GE General Use Halogen Bulbs, 100 Watts, 1 Bulb per Pack",75.384,9.0,0.6,-20.7306,Manual Upload,Approved,Check later
8036.0,CA-2015-119690,6/25/2015,6/28/2015,First Class,MV-17485,Mark Van Huff,Consumer,United States,Houston,Texas,77041.0,Central,OFF-LA-10001613,Office Supplies,Labels,Avery File Folder Labels,4.608,2.0,0.2,1.6704,Legacy,,Urgent
8037.0,CA-2015-153738,9/20/2015,9/22/2015,First Class,AG-10270,Alejandro Grove,Consumer,United States,Lawrence,Massachusetts,1841.0,East,OFF-BI-10001308,Office Supplies,Binders,GBC Standard Plastic Binding Systems' Combs,37.68,6.0,0.0,16.956,ERP,Pending,
8038.0,CA-2017-169012,2017/07/10,7/14/2017,Standard Class,BF-11275,Beth Fritzler,corporate,United States,Columbus,Georgia,31907.0,South,OFF-AP-10003278,Office Supplies,Appliances,Belkin 7-Outlet SurgeMaster Home Series,41.91,3.0,0.0,10.8966,Legacy,Rejected,Urgent
8039.0,CA-2017-109393,6/30/2017,7/2/2017,Second Class,JC-15775,John Castell,Consumer,United States,Los Angeles,California,90032.0,West,FUR-BO-10003966,Furniture,Bookcases,"Sauder Facets Collection Library, Sky Alder Finish",435.999,3.0,-0.2,5.1294,Legacy,,Check later
8040.0,CA-2017-121489,8/21/2017,8/25/2017,Second Class,CM-11815,Candace McMahon,Corporate,United States,Seattle,Washington,98115.0,West,FUR-CH-10004698,Furniture,Chairs,"Padded Folding Chairs, Black, 4/Carton",388.704,6.0,0.2,38.8704,ERP,Pending,Urgent
8041.0,CA-2017-121489,8/21/2017,8/25/2017,Second Class,CM-11815,Candace McMahon,Corporate,United States,Seattle,Washington,98115.0,West,OFF-ST-10000025,Office Supplies,Storage,Fellowes Stor/Drawer Steel Plus Storage Drawers,572.58,6.0,0.0,34.3548,Legacy,,Urgent
8042.0,CA-2017-121489,8/21/2017,25/08/2017,Second Class,CM-11815,Candace McMahon,Corporate,United States,Seattle,Washington,98115.0,West,TEC-AC-10000682,Technology,Accessories,Kensington K72356US Mouse-in-a-Box USB Desktop Mouse,33.18,2.0,0.0,11.613,Legacy,Rejected,Check later
8043.0,US-2017-133081,3/11/2017,3/15/2017,Standard Class,PV-18985,Paul Van Hugh,Home Office,United States,Cambridge,Massachusetts,2138.0,East,TEC-AC-10001772,Technology,Accessories,Memorex Mini Travel Drive 16 GB USB 2.0 Flash Drive,63.88,4.0,0.0,24.9132,CRM,Rejected,
8044.0,US-2017-133081,3/11/2017,3/15/2017,Standard Class,PV-18985,Paul Van Hugh,Home Office,United States,Cambridge,Massachusetts,2138.0,East,FUR-FU-10001379,Furniture,Furnishings,"Executive Impressions 16-1/2"" Circular Wall Clock",26.72,1.0,0.0,11.7568,CRM,Approved,
8045.0,CA-2017-165008,9/15/2017,9/17/2017,Second Class,DO-13645,Doug O'Connell,Consumer,United States,Salt Lake City,Utah,84106.0,West,OFF-BI-10002794,Office Supplies,Binders,"Avery Trapezoid Ring Binder, 3"" Capacity, Black, 1040 sheets",295.056,9.0,0.2,106.9578,Legacy,Pending,Duplicate?
8046.0,CA-2016-145611,9/20/2016,9/24/2016,Standard Class,HA-14905,Helen Abelman,Consumer,United States,New York City,New York,10035.0,East,OFF-AP-10001005,Office Supplies,Appliances,Honeywell Quietcare HEPA Air Cleaner,393.25,5.0,0.0,129.7725,Legacy,Rejected,Duplicate?
8047.0,CA-2016-113600,12/15/2016,12/17/2016,Second Class,SH-20395,Shahid Hopkins,Consumer,United States,Cuyahoga Falls,Ohio,44221.0,East,OFF-BI-10000201,Office Supplies,Binders,"Avery Triangle Shaped Sheet Lifters, Black, 2/Pack",2.214,3.0,0.7,-1.476,ERP,Rejected,
8048.0,CA-2017-130834,11/3/2017,11/6/2017,Second Class,JM-16195,Justin MacKendrick,Consumer,United States,Wilmington,North Carolina,28403.0,South,OFF-PA-10003673,Office Supplies,Paper,Strathmore Photo Mount Cards,16.272,3.0,0.2,5.2884,ERP,,Duplicate?
8049.0,CA-2016-168543,7/3/2016,7/7/2016,Standard Class,DK-13225,Dean Katz,Corporate,United States,New York City,New York,10035.0,East,OFF-AP-10000938,Office Supplies,Appliances,Avanti 1.7 Cu. Ft. Refrigerator,706.86,7.0,0.0,197.9208,CRM,Rejected,Urgent
8050.0,CA-2014-144974,9/26/2014,9/30/2014,Standard Class,CM-12715,Craig Molinari,Corporate,United States,Philadelphia,Pennsylvania,19140.0,East,OFF-BI-10003274,Office Supplies,Binders,"Avery Durable Slant Ring Binders, No Labels",5.97,5.0,0.7,-4.577,Legacy,Pending,
8051.0,CA-2014-144974,9/26/2014,9/30/2014,Standard Class,CM-12715,Craig Molinari,Corporate,United States,Philadelphia,Pennsylvania,19140.0,East,FUR-FU-10001095,Furniture,Furnishings,DAX Black Cherry Wood-Tone Poster Frame,21.184,1.0,0.2,4.7664,Manual Upload,,Urgent
8052.0,CA-2014-144974,9/26/2014,9/30/2014,Standard Class,CM-12715,Craig Molinari,Corporate,United States,Philadelphia,Pennsylvania,19140.0,East,OFF-AP-10001492,Office Supplies,Appliances,"Acco Six-Outlet Power Strip, 4' Cord Length",41.376,6.0,0.2,3.1032,CRM,,Duplicate?
8053.0,CA-2014-109904,7/14/2014,7/17/2014,Second Class,BF-10975,Barbara Fisher,Corporate,United States,New York City,New York,10009.0,East,OFF-AR-10004999,Office Supplies,Art,Newell 315,17.94,3.0,0.0,4.485,CRM,Approved,Urgent
8054.0,CA-2017-152205,9/28/2017,10/5/2017,Standard Class,SF-20965,Sylvia Foulston,Corporate,United States,Philadelphia,Pennsylvania,19134.0,East,OFF-BI-10004094,Office Supplies,Binders,GBC Standard Plastic Binding Systems Combs,2.655,1.0,0.7,-1.8585,ERP,Approved,Check later
8055.0,CA-2015-121188,8/28/2015,9/4/2015,Standard Class,CB-12025,Cassandra Brandow,Consumer,United States,Los Angeles,California,90049.0,West,OFF-ST-10001490,Office Supplies,Storage,"Hot File 7-Pocket, Floor Stand",892.35,5.0,0.0,267.705,Manual Upload,Approved,
8056.0,CA-2015-121188,8/28/2015,9/4/2015,Standard Class,CB-12025,Cassandra Brandow,Consumer,United States,Los Angeles,California,90049.0,West,FUR-BO-10004695,Furniture,Bookcases,O'Sullivan 2-Door Barrister Bookcase in Odessa Pine,307.666,2.0,0.15,28.9568,Manual Upload,Approved,Urgent
8057.0,CA-2015-121188,8/28/2015,9/4/2015,Standard Class,CB-12025,Cassandra Brandow,Consumer,United States,Los Angeles,California,90049.0,West,OFF-ST-10000736,Office Supplies,Storage,Carina Double Wide Media Storage Towers in Natural & Black,728.82,9.0,0.0,29.1528,CRM,,Duplicate?
8058.0,CA-2015-121188,8/28/2015,9/4/2015,Standard Class,CB-12025,Cassandra Brandow,Consumer,United States,Los Angeles,California,90049.0,West,OFF-BI-10001617,Office Supplies,Binders,GBC Wire Binding Combs,41.36,5.0,0.2,13.959,ERP,Pending,
8059.0,CA-2015-121188,8/28/2015,9/4/2015,Standard Class,CB-12025,Cassandra Brandow,Consumer,United States,Los Angeles,California,90049.0,West,TEC-PH-10003589,Technology,Phones,invisibleSHIELD by ZAGG Smudge-Free Screen Protector,43.176,3.0,0.2,15.1116,ERP,Pending,Duplicate?
8060.0,CA-2015-121188,8/28/2015,9/4/2015,Standard Class,CB-12025,Cassandra Brandow,Consumer,United States,Los Angeles,California,90049.0,West,FUR-FU-10003981,Furniture,Furnishings,Eldon Wave Desk Accessories,4.16,2.0,0.0,1.7472,ERP,Pending,Check later
8061.0,CA-2015-156013,9/20/2015,9/26/2015,Standard Class,TC-20980,Tamara Chand,Corporate,United States,Long Beach,New York,11561.0,East,OFF-PA-10001970,Office Supplies,Paper,Xerox 1881,61.4,5.0,0.0,28.858,Manual Upload,,Duplicate?
8062.0,CA-2015-156013,9/20/2015,9/26/2015,Standard Class,TC-20980,Tamara Chand,Corporate,United States,Long Beach,New York,11561.0,East,OFF-BI-10002437,Office Supplies,Binders,Recycled Premium Regency Composition Covers,24.448,2.0,0.2,8.8624,Manual Upload,Rejected,Check later
8063.0,CA-2016-132997,11/7/2016,11/9/2016,First Class,LW-17215,Luke Weiss,Consumer,United States,Rochester,New York,14609.0,East,TEC-PH-10000586,Technology,Phones,AT&T SB67148 SynJ,263.96,4.0,0.0,71.2692,Manual Upload,Rejected,
8064.0,CA-2016-132997,11/7/2016,11/9/2016,First Class,LW-17215,Luke Weiss,Consumer,United States,Rochester,New York,14609.0,East,TEC-PH-10003811,Technology,Phones,Jabra Supreme Plus Driver Edition Headset,359.97,3.0,0.0,100.7916,Legacy,Rejected,
8065.0,CA-2016-132997,11/7/2016,11/9/2016,First Class,LW-17215,Luke Weiss,Consumer,United States,Rochester,New York,14609.0,East,OFF-PA-10004983,Office Supplies,Paper,Xerox 23,12.96,2.0,0.0,6.2208,Manual Upload,Rejected,
8066.0,CA-2016-132997,11/7/2016,11/9/2016,First Class,LW-17215,Luke Weiss,Consumer,United States,Rochester,New York,14609.0,East,OFF-ST-10003479,Office Supplies,Storage,"Eldon Base for stackable storage shelf, platinum",116.82,3.0,0.0,5.841,Manual Upload,Rejected,Check later
8067.0,CA-2016-132997,11/7/2016,11/9/2016,First Class,LW-17215,Luke Weiss,Consumer,United States,Rochester,New York,14609.0,East,OFF-BI-10004318,Office Supplies,Binders,Ibico EB-19 Dual Function Manual Binding System,276.784,2.0,0.2,89.9548,Manual Upload,Approved,
8068.0,US-2015-160563,10/20/2015,10/24/2015,Standard Class,NS-18640,Noel Staavos,Corporate,United States,San Francisco,California,94109.0,West,TEC-AC-10002567,Technology,Accessories,Logitech G602 Wireless Gaming Mouse,239.97,3.0,0.0,86.3892,Manual Upload,Pending,
8069.0,US-2015-160563,10/20/2015,10/24/2015,Std Class,NS-18640,Noel Staavos,Corporate,United States,San Francisco,California,94109.0,West,FUR-FU-10001731,Furniture,Furnishings,Acrylic Self-Standing Desk Frames,16.02,6.0,0.0,6.0876,Legacy,Pending,Duplicate?
8070.0,CA-2017-151750,1/1/2017,1/5/2017,Standard Class,JM-15250,Janet Martin,Consumer,United States,Huntsville,Texas,77340.0,Central,OFF-ST-10002743,Office Supplies,Storage,SAFCO Boltless Steel Shelving,454.56,5.0,0.2,-107.958,ERP,Rejected,
8071.0,CA-2017-151750,1/1/2017,1/5/2017,Standard Class,JM-15250,Janet Martin,Consumer,United States,Huntsville,Texas,77340.0,Central,FUR-FU-10002116,Furniture,Furnishings,"Tenex Carpeted, Granite-Look or Clear Contemporary Contour Shape Chair Mats",141.42,5.0,0.6,-187.3815,ERP,Pending,Duplicate?
8072.0,CA-2017-151750,1/1/2017,1/5/2017,Standard Class,JM-15250,Janet Martin,Consumer,United States,Huntsville,Texas,77340.0,Central,FUR-CH-10003199,Furniture,Chairs,Office Star - Contemporary Task Swivel Chair,310.744,4.0,0.3,-26.6352,Legacy,,Urgent
8073.0,CA-2017-151750,1/1/2017,1/5/2017,Standard Class,JM-15250,Janet Martin,Consumer,United States,Huntsville,Texas,77340.0,Central,OFF-AR-10003158,Office Supplies,Art,Fluorescent Highlighters by Dixon,12.736,4.0,0.2,2.2288,CRM,Pending,Check later
8074.0,CA-2017-151750,1/1/2017,1/5/2017,Standard Class,JM-15250,Janet Martin,Consumer,United States,Huntsville,Texas,77340.0,Central,OFF-BI-10000301,Office Supplies,Binders,GBC Instant Report Kit,6.47,100.0,0.8,-9.705,Manual Upload,Rejected,Duplicate?
8075.0,CA-2017-151750,2017/01/01,1/5/2017,Standard Class,JM-15250,Janet Martin,Consumer,United States,Huntsville,Texas,77340.0,Central,OFF-BI-10000343,Office Supplies,Binders,"Pressboard Covers with Storage Hooks, 9 1/2"" x 11"", Light Blue",13.748,14.0,0.8,-22.6842,Legacy,Approved,Check later
8076.0,CA-2017-151750,1/1/2017,1/5/2017,Standard Class,JM-15250,Janet Martin,Consumer,United States,Huntsville,Texas,77340.0,Central,OFF-AP-10004708,Office Supplies,Appliances,Fellowes Superior 10 Outlet Split Surge Protector,15.224,2.0,0.8,-38.8212,ERP,Approved,Urgent
8077.0,CA-2015-106187,6/23/2015,6/29/2015,Standard Class,RF-19345,Randy Ferguson,Corporate,United States,East Point,Georgia,30344.0,South,FUR-FU-10000794,Furniture,Furnishings,"Eldon Stackable Tray, Side-Load, Legal, Smoke",27.42,3.0,0.0,9.3228,ERP,Approved,Check later
8078.0,CA-2015-106187,6/23/2015,6/29/2015,Standard Class,RF-19345,Randy Ferguson,Corporate,United States,East Point,Georgia,30344.0,South,OFF-BI-10004519,Office Supplies,Binders,GBC DocuBind P100 Manual Binding Machine,165.98,1.0,0.0,74.691,ERP,Pending,Duplicate?
8079.0,CA-2015-106187,6/23/2015,6/29/2015,Standard Class,RF-19345,Randy Ferguson,Corporate,United States,East Point,Georgia,30344.0,South,TEC-AC-10001590,Technology,Accessories,Dell Slim USB Multimedia Keyboard,75.0,3.0,0.0,18.0,CRM,Rejected,Check later
8080.0,US-2016-164945,11/22/2016,11/27/2016,Standard Class,CA-12055,Cathy Armstrong,Home Office,United States,New York City,New York,10009.0,East,OFF-BI-10001524,Office Supplies,Binders,GBC Premium Transparent Covers with Diagonal Lined Pattern,134.272,8.0,0.2,46.9952,CRM,Pending,Duplicate?
8081.0,CA-2015-150714,10/26/2015,11/1/2015,Standard Class,KH-16690,Kristen Hastings,Corporate,United States,Springfield,Oregon,97477.0,West,OFF-LA-10001474,Office Supplies,Labels,Avery 477,146.544,6.0,0.2,47.6268,Manual Upload,,
8082.0,CA-2015-150714,10/26/2015,11/1/2015,Standard Class,KH-16690,Kristen Hastings,Corporate,United States,Springfield,Oregon,97477.0,West,OFF-PA-10001497,Office Supplies,Paper,Xerox 1914,131.904,3.0,0.2,47.8152,ERP,Pending,Duplicate?
8083.0,CA-2015-150714,10/26/2015,11/1/2015,Standard Class,KH-16690,Kristen Hastings,Corporate,United States,Springfield,Oregon,97477.0,West,OFF-AP-10003287,Office Supplies,Appliances,Tripp Lite TLP810NET Broadband Surge for Modem/Fax,203.88,5.0,0.2,20.388,Manual Upload,Rejected,
8084.0,CA-2015-150714,10/26/2015,11/1/2015,Standard Class,KH-16690,Kristen Hastings,Corporate,United States,Springfield,Oregon,97477.0,West,OFF-BI-10002982,Office Supplies,Binders,Avery Self-Adhesive Photo Pockets for Polaroid Photos,14.301,7.0,0.7,-10.4874,ERP,,Check later
8085.0,CA-2015-150714,10/26/2015,11/1/2015,Standard Class,KH-16690,Kristen Hastings,Corporate,United States,Springfield,Oregon,97477.0,West,OFF-ST-10001809,Office Supplies,Storage,Fellowes Officeware Wire Shelving,718.64,10.0,0.2,-161.694,Manual Upload,,Duplicate?
8086.0,CA-2016-105753,10/20/2016,10/26/2016,Standard Class,LC-16960,Lindsay Castell,Home Office,United States,Arlington,Virginia,22204.0,South,FUR-FU-10000246,Furniture,Furnishings,Aluminum Document Frame,61.1,5.0,0.0,18.33,Manual Upload,Rejected,Check later
8087.0,CA-2017-120894,4/28/2017,5/2/2017,Standard Class,JL-15130,Jack Lebron,Consumer,United States,Wilmington,North Carolina,28403.0,South,OFF-AP-10000252,Office Supplies,Appliances,Harmony HEPA Quiet Air Purifiers,28.08,3.0,0.2,5.265,Legacy,Approved,
8088.0,CA-2016-106621,9/29/2016,10/1/2016,Second Class,DM-12955,Dario Medina,Corporate,United States,Yuma,Arizona,85364.0,West,OFF-AR-10002375,Office Supplies,Art,Newell 351,10.496,4.0,0.2,1.1808,Legacy,Approved,Duplicate?
8089.0,CA-2015-107020,7/10/2015,7/14/2015,Standard Class,MV-18190,Mike Vittorini,Consumer,United States,San Bernardino,California,92404.0,West,OFF-BI-10003719,Office Supplies,Binders,Large Capacity Hanging Post Binders,39.92,2.0,0.2,12.974,Manual Upload,Pending,Duplicate?
8090.0,US-2015-117492,8/7/2015,8/9/2015,First Class,NS-18640,Noel Staavos,Corporate,United States,Baltimore,Maryland,21215.0,East,OFF-AP-10001492,Office Supplies,Appliances,"Acco Six-Outlet Power Strip, 4' Cord Length",77.58,9.0,0.0,20.1708,ERP,Rejected,
8091.0,CA-2014-101392,12/7/2014,12/13/2014,Standard Class,AS-10630,Ann Steele,Home Office,United States,Seattle,Washington,98103.0,West,OFF-ST-10000532,Office Supplies,Storage,Advantus Rolling Drawer Organizers,269.36,7.0,0.0,70.0336,ERP,,Check later
8092.0,CA-2015-127502,12/10/2015,12/14/2015,Standard Class,MT-17815,Meg Tillman,Consumer,United States,San Francisco,California,94110.0,West,OFF-LA-10001613,Office Supplies,Labels,Avery File Folder Labels,5.76,2.0,0.0,2.8224,Manual Upload,Pending,Duplicate?
8093.0,CA-2017-143658,11/8/2017,11/13/2017,Second Class,SR-20425,Sharelle Roach,Home Office,United States,New York City,New York,10035.0,East,OFF-AR-10002818,Office Supplies,Art,Panasonic KP-310 Heavy-Duty Electric Pencil Sharpener,109.9,5.0,0.0,32.97,ERP,Rejected,
8094.0,CA-2017-133046,7/27/2017,8/1/2017,Second Class,DK-13375,Dennis Kane,Consumer,United States,Seattle,Washington,98115.0,West,FUR-FU-10001940,Furniture,Furnishings,Staple-based wall hangings,23.88,3.0,0.0,10.5072,Legacy,,Urgent
8095.0,CA-2017-133046,7/27/2017,8/1/2017,Second Class,DK-13375,Dennis Kane,Consumer,United States,Seattle,Washington,98115.0,West,OFF-PA-10003883,Office Supplies,Paper,"Message Book, Phone, Wirebound Standard Line Memo, 2 3/4"" X 5""",26.2,4.0,0.0,12.052,CRM,Pending,Urgent
8096.0,CA-2017-133046,7/27/2017,8/1/2017,Second Class,DK-13375,Dennis Kane,Consumer,United States,Seattle,Washington,98115.0,West,OFF-PA-10002787,Office Supplies,Paper,Xerox 227,12.96,2.0,0.0,6.2208,Manual Upload,Rejected,
8097.0,CA-2017-133046,7/27/2017,8/1/2017,Second Class,DK-13375,Dennis Kane,Consumer,United States,Seattle,Washington,98115.0,West,TEC-AC-10000991,Technology,Accessories,Sony Micro Vault Click 8 GB USB 2.0 Flash Drive,234.95,5.0,0.0,32.893,CRM,,
8098.0,CA-2017-122798,12/28/2017,1/1/2018,Standard Class,SV-20935,Susan Vittorini,Consumer,United States,Albuquerque,New Mexico,87105.0,West,OFF-ST-10003058,Office Supplies,Storage,Eldon Mobile Mega Data Cart  Mega Stackable  Add-On Trays,118.25,5.0,0.0,34.2925,ERP,,
8099.0,CA-2017-122798,12/28/2017,1/1/2018,Standard Class,SV-20935,Susan Vittorini,Consumer,United States,Albuquerque,New Mexico,87105.0,West,OFF-PA-10004239,Office Supplies,Paper,Xerox 1953,4.28,1.0,0.0,1.926,Legacy,Pending,Duplicate?
8100.0,CA-2016-169663,3/10/2016,3/13/2016,First Class,RH-19510,Rick Huthwaite,Home Office,United States,Los Angeles,California,90045.0,West,TEC-AC-10003038,Technology,Accessories,Kingston Digital DataTraveler 16GB USB 2.0,26.85,3.0,0.0,5.1015,Manual Upload,Pending,Check later
8101.0,CA-2016-169663,3/10/2016,3/13/2016,First Class,RH-19510,Rick Huthwaite,Home Office,United States,Los Angeles,California,90045.0,West,TEC-MA-10000984,Technology,Machines,Okidata MB760 Printer,3357.6,3.0,0.2,377.73,Manual Upload,Pending,Check later
8102.0,CA-2015-149846,5/22/2015,5/26/2015,Standard Class,SB-20185,Sarah Brown,Consumer,United States,Los Angeles,California,90045.0,West,OFF-LA-10004484,Office Supplies,Labels,Avery 476,8.26,2.0,0.0,3.7996,CRM,Approved,
8103.0,CA-2015-149846,5/22/2015,5/26/2015,Standard Class,SB-20185,Sarah Brown,Consumer,United States,Los Angeles,California,90045.0,West,TEC-MA-10004002,Technology,Machines,Zebra GX420t Direct Thermal/Thermal Transfer Printer,2973.32,7.0,0.2,334.4985,ERP,Rejected,Check later
8104.0,CA-2015-149846,5/22/2015,5/26/2015,Standard Class,SB-20185,Sarah Brown,Consumer,United States,Los Angeles,California,90045.0,West,OFF-ST-10002406,Office Supplies,Storage,Pizazz Global Quick File,104.79,7.0,0.0,29.3412,CRM,Rejected,Check later
8105.0,CA-2015-149846,5/22/2015,5/26/2015,Standard Class,SB-20185,Sarah Brown,Consumer,United States,Los Angeles,California,90045.0,West,TEC-PH-10003645,Technology,Phones,Aastra 57i VoIP phone,775.728,6.0,0.2,58.1796,ERP,Rejected,Check later
8106.0,CA-2017-159149,2/17/2017,2/19/2017,First Class,CR-12820,Cyra Reiten,Home Office,United States,Houston,Texas,77041.0,Central,FUR-BO-10001601,Furniture,Bookcases,"Sauder Mission Library with Doors, Fruitwood Finish",89.0664,1.0,0.32,-17.0274,ERP,Pending,Urgent
8107.0,CA-2017-159149,2/17/2017,2/19/2017,First Class,CR-12820,Cyra Reiten,Home Office,United States,Houston,Texas,77041.0,Central,OFF-AR-10000937,Office Supplies,Art,"Dixon Ticonderoga Core-Lock Colored Pencils, 48-Color Set",175.44,6.0,0.2,52.632,ERP,Approved,Check later
8108.0,CA-2017-159149,2/17/2017,2/19/2017,First Class,CR-12820,Cyra Reiten,Home Office,United States,Houston,Texas,77041.0,Central,TEC-PH-10000038,Technology,Phones,Jawbone MINI JAMBOX Wireless Bluetooth Speaker,438.336,4.0,0.2,-87.6672,CRM,Rejected,Urgent
8109.0,US-2017-167570,12/8/2017,12/15/2017,Standard Class,EG-13900,Emily Grady,Consumer,United States,Philadelphia,Pennsylvania,19140.0,East,FUR-CH-10003396,Furniture,Chairs,Global Deluxe Steno Chair,215.544,4.0,0.3,-58.5048,Manual Upload,Rejected,Urgent
8110.0,CA-2017-160122,11/18/2017,11/23/2017,Standard Class,RD-19930,Russell D'Ascenzo,Consumer,United States,Chicago,Illinois,60623.0,Central,OFF-EN-10002592,Office Supplies,Envelopes,"Peel & Seel Recycled Catalog Envelopes, Brown",55.584,6.0,0.2,20.844,Manual Upload,Rejected,Check later
8111.0,CA-2017-160122,11/18/2017,11/23/2017,Standard Class,RD-19930,Russell D'Ascenzo,Consumer,United States,Chicago,Illinois,60623.0,Central,FUR-CH-10000422,Furniture,Chairs,Global Highback Leather Tilter in Burgundy,127.386,2.0,0.3,-25.4772,ERP,Rejected,Check later
8112.0,CA-2016-130393,12/1/2016,12/3/2016,Second Class,JM-15865,John Murray,Consumer,United States,San Angelo,Texas,76903.0,Central,FUR-CH-10002647,Furniture,Chairs,"Situations Contoured Folding Chairs, 4/Set",248.43,5.0,0.3,-17.745,ERP,,
8113.0,CA-2016-130393,12/1/2016,12/3/2016,Second Class,JM-15865,John Murray,Consumer,United States,San Angelo,Texas,76903.0,Central,OFF-AP-10004859,Office Supplies,Appliances,Acco 6 Outlet Guardian Premium Surge Suppressor,11.648,4.0,0.8,-30.8672,ERP,Pending,
8114.0,CA-2016-130393,01-12-2016,12/3/2016,Second Class,JM-15865,John Murray,Consumer,United States,San Angelo,Texas,76903.0,Central,FUR-CH-10004477,Furniture,Chairs,"Global Push Button Manager's Chair, Indigo",85.246,2.0,0.3,-1.2178,Legacy,Rejected,Urgent
8115.0,CA-2017-144820,10/3/2017,10/7/2017,Second Class,LW-16825,Laurel Workman,Corporate,United States,Pasadena,Texas,77506.0,Central,OFF-AR-10004817,Office Supplies,Art,Colorific Watercolor Pencils,20.64,5.0,0.2,2.322,Legacy,Pending,
8116.0,CA-2017-101014,8/29/2017,9/4/2017,Standard Class,RW-19540,Rick Wilson,Corporate,United States,Los Angeles,California,90049.0,West,FUR-FU-10003374,Furniture,Furnishings,Electrix Fluorescent Magnifier Lamps & Weighted Base,148.02,3.0,0.0,41.4456,ERP,Approved,
8117.0,CA-2017-105543,11/24/2017,11/24/2017,Same Day,BG-11695,Brooke Gillingham,Corporate,United States,Garden City,Kansas,67846.0,Central,OFF-ST-10003123,office_supplies,Storage,Fellowes Bases and Tops For Staxonsteel/High-Stak Systems,33.29,1.0,0.0,7.9896,Legacy,Approved,
8118.0,US-2017-113201,30 Jun 2017,7/5/2017,Standard Class,TT-21220,Thomas Thornton,Consumer,United States,Los Angeles,California,90045.0,West,OFF-PA-10000675,Office Supplies,Paper,Xerox 1919,204.95,5.0,0.0,100.4255,Manual Upload,Rejected,Duplicate?
8119.0,US-2017-106551,7/22/2017,7/27/2017,Standard Class,EB-13930,Eric Barreto,Consumer,United States,Chicago,Illinois,60653.0,Central,FUR-CH-10004997,Furniture,Chairs,Hon Every-Day Series Multi-Task Chairs,526.344,4.0,0.3,-75.192,Legacy,,Duplicate?
8120.0,CA-2016-116722,11/11/2016,11/16/2016,Standard Class,LP-17080,Liz Pelletier,Consumer,United States,San Francisco,California,94110.0,West,FUR-FU-10001934,Furniture,Furnishings,Magnifier Swing Arm Lamp,41.96,2.0,0.0,10.9096,CRM,Pending,Duplicate?
8121.0,CA-2016-116722,11/11/2016,11/16/2016,Standard Class,LP-17080,Liz Pelletier,Consumer,United States,San Francisco,California,94110.0,West,FUR-CH-10004997,Furniture,Chairs,Hon Every-Day Series Multi-Task Chairs,451.152,3.0,0.2,0.0,Legacy,Approved,Duplicate?
8122.0,CA-2016-116722,11/11/2016,11/16/2016,Standard Class,LP-17080,Liz Pelletier,Consumer,United States,San Francisco,California,94110.0,West,OFF-BI-10001890,Office Supplies,Binders,Avery Poly Binder Pockets,31.504,11.0,0.2,11.0264,CRM,Rejected,Check later
8123.0,CA-2014-138128,12/9/2014,12/15/2014,Standard Class,FP-14320,Frank Preis,Consumer,United States,Philadelphia,Pennsylvania,19134.0,East,OFF-EN-10002500,Office Supplies,Envelopes,Globe Weis Peel & Seel First Class Envelopes,30.672,3.0,0.2,9.585,ERP,Approved,
8124.0,CA-2014-138128,12/9/2014,12/15/2014,Standard Class,FP-14320,Frank Preis,Consumer,United States,Philadelphia,Pennsylvania,19134.0,East,TEC-CO-10001766,Technology,Copiers,Canon PC940 Copier,1079.976,4.0,0.4,125.9972,ERP,,Check later
8125.0,US-2017-150070,9/7/2017,9/12/2017,Standard Class,JA-15970,Joseph Airdo,Consumer,United States,Modesto,California,95351.0,West,FUR-CH-10004860,Furniture,Chairs,Global Low Back Tilter Chair,161.568,2.0,0.2,-28.2744,ERP,Pending,Check later
8126.0,CA-2015-137064,2/6/2015,2/13/2015,Standard Class,TS-21655,Trudy Schmidt,Consumer,United States,Houston,Texas,77070.0,Central,OFF-BI-10002049,Office Supplies,Binders,UniKeep View Case Binders,2.934,3.0,0.8,-4.9878,CRM,Rejected,Check later
8127.0,CA-2015-137064,2/6/2015,2/13/2015,Standard Class,TS-21655,Trudy Schmidt,Consumer,United States,Houston,Texas,77070.0,Central,TEC-AC-10003499,Technology,Accessories,Memorex Mini Travel Drive 8 GB USB 2.0 Flash Drive,18.528,2.0,0.2,4.4004,CRM,Approved,Check later
8128.0,CA-2015-137064,2/6/2015,2/13/2015,Standard Class,TS-21655,Trudy Schmidt,Consumer,United States,Houston,Texas,77070.0,Central,OFF-ST-10003470,Office Supplies,Storage,"Tennsco Snap-Together Open Shelving Units, Starter Sets and Add-On Units",670.752,3.0,0.2,-125.766,CRM,Approved,
8129.0,CA-2017-157350,8/26/2017,9/1/2017,Standard Class,DP-13000,Darren Powers,Consumer,United States,Chicago,Illinois,60610.0,Central,FUR-FU-10000222,Furniture,Furnishings,"Seth Thomas 16"" Steel Case Clock",64.96,5.0,0.6,-43.848,CRM,Approved,Duplicate?
8130.0,CA-2014-127866,7/20/2014,7/23/2014,First Class,JD-15895,Jonathan Doherty,Corporate,United States,Riverside,California,92503.0,West,TEC-AC-10000023,Technology,Accessories,"Maxell 74 Minute CD-R Spindle, 50/Pack",41.94,2.0,0.0,15.0984,Manual Upload,,
8131.0,CA-2014-127866,7/20/2014,7/23/2014,First Class,JD-15895,Jonathan Doherty,Corporate,United States,Riverside,California,92503.0,West,OFF-PA-10003971,Office Supplies,Paper,Xerox 1965,11.96,2.0,0.0,5.8604,ERP,,
8132.0,CA-2014-127866,7/20/2014,7/23/2014,First Class,JD-15895,Jonathan Doherty,Corporate,United States,Riverside,California,92503.0,West,OFF-AR-10003481,Office Supplies,Art,Newell 348,13.12,4.0,0.0,3.8048,CRM,,Urgent
8133.0,CA-2014-127866,7/20/2014,7/23/2014,First Class,JD-15895,Jonathan Doherty,Corporate,United States,Riverside,California,92503.0,west,OFF-ST-10001490,Office Supplies,Storage,"Hot File 7-Pocket, Floor Stand",535.41,3.0,0.0,160.623,CRM,Approved,Check later
8134.0,CA-2015-131352,10/8/2015,Oct 13 2015,Standard Class,GH-14485,Gene Hale,Corporate,United States,Dallas,Texas,75081.0,Central,FUR-FU-10003708,Furniture,Furnishings,"Tenex Traditional Chairmats for Medium Pile Carpet, Standard Lip, 36"" x 48""",72.78,3.0,0.6,-70.9605,Legacy,Rejected,
8135.0,CA-2015-121776,2/16/2015,2/21/2015,Standard Class,RD-19585,Rob Dowd,Consumer,United States,Los Angeles,California,90008.0,West,OFF-PA-10001970,Office Supplies,Paper,Xerox 1881,36.84,3.0,0.0,17.3148,CRM,Pending,Check later
8136.0,CA-2015-121776,2/16/2015,2/21/2015,Standard Class,RD-19585,Rob Dowd,Consumer,United States,Los Angeles,California,,West,OFF-LA-10002762,Office Supplies,Labels,Avery 485,87.71,7.0,0.0,41.2237,Legacy,Pending,Urgent
8137.0,CA-2016-118073,8/12/2016,8/16/2016,Standard Class,CS-12490,Cindy Schnelling,Corporate,United States,Lakeland,Florida,33801.0,South,FUR-TA-10002533,Furniture,Tables,BPI Conference Tables,562.2925,7.0,0.45,-255.5875,Manual Upload,Pending,Check later
8138.0,CA-2014-103219,11/9/2014,11/13/2014,Standard Class,BF-11215,Benjamin Farhat,Home Office,United States,New York City,New York,10035.0,East,FUR-FU-10004091,Furniture,Furnishings,"Eldon 200 Class Desk Accessories, Black",56.52,9.0,0.0,21.4776,Manual Upload,Approved,
8139.0,CA-2016-102561,7/18/2016,7/22/2016,Standard Class,NK-18490,Neil Knudson,Home Office,United States,Philadelphia,Pennsylvania,19140.0,East,OFF-AR-10001545,Office Supplies,Art,Newell 326,11.264,8.0,0.2,1.2672,CRM,Approved,
8140.0,CA-2016-102561,7/18/2016,7/22/2016,Standard Class,NK-18490,Neil Knudson,Home Office,United States,Philadelphia,Pennsylvania,19140.0,East,OFF-ST-10001476,Office Supplies,Storage,Steel Personal Filing/Posting Tote,284.08,10.0,0.2,24.857,Manual Upload,,Urgent
8141.0,CA-2016-102561,7/18/2016,7/22/2016,Standard Class,NK-18490,Neil Knudson,Home Office,United States,Philadelphia,Pennsylvania,19140.0,East,OFF-PA-10004971,Office Supplies,Paper,Xerox 196,18.496,4.0,0.2,6.7048,Legacy,Pending,Urgent
8142.0,CA-2016-100993,2/5/2016,2/10/2016,Standard Class,AZ-10750,Annie Zypern,Consumer,United States,San Diego,California,92037.0,West,OFF-LA-10003223,Office Supplies,Labels,Avery 508,14.73,3.0,0.0,7.2177,Manual Upload,Pending,
8143.0,CA-2016-100993,2/5/2016,2/10/2016,Standard Class,AZ-10750,Annie Zypern,Consumer,United States,San Diego,California,92037.0,West,OFF-ST-10004340,Office Supplies,Storage,"Fellowes Mobile File Cart, Black",186.54,3.0,0.0,50.3658,Manual Upload,,
8144.0,CA-2016-100993,2/5/2016,2/10/2016,Standard Class,AZ-10750,Annie Zypern,Consumer,United States,San Diego,California,92037.0,West,FUR-TA-10001095,Furniture,Tables,Chromcraft Round Conference Tables,557.728,4.0,0.2,6.9716,ERP,Rejected,
8145.0,CA-2016-100993,2/5/2016,2/10/2016,Standard Class,AZ-10750,Annie Zypern,Consumer,United States,San Diego,California,92037.0,West,TEC-PH-10001448,Technology,Phones,Anker Astro 15000mAh USB Portable Charger,159.968,4.0,0.2,-31.9936,Manual Upload,Pending,
8146.0,US-2014-112949,6/20/2014,6/27/2014,Standard Class,Co-12640,Corey-Lock,Consumer,United States,Lawton,Oklahoma,73505.0,Central,OFF-AP-10001005,Office Supplies,Appliances,Honeywell Quietcare HEPA Air Cleaner,471.9,6.0,0.0,155.727,Manual Upload,Pending,
8147.0,US-2014-112949,6/20/2014,6/27/2014,Standard Class,Co-12640,Corey-Lock,Consumer,United States,Lawton,Oklahoma,73505.0,Central,OFF-AR-10003469,Office Supplies,Art,Nontoxic Chalk,3.52,2.0,0.0,1.6896,Legacy,Approved,
8148.0,US-2017-146822,6/9/2017,6/14/2017,Standard Class,AG-10675,Anna Gayman,Consumer,United States,Salem,Virginia,24153.0,South,OFF-PA-10000249,Office Supplies,Paper,Easy-staple paper,49.12,4.0,0.0,23.0864,Manual Upload,Pending,Urgent
8149.0,US-2016-131058,12/27/2016,12/31/2016,Standard Class,EM-14140,Eugene Moren,Home Office,United States,Santa Ana,California,92704.0,Wst,OFF-LA-10001613,Office Supplies,Labels,Avery File Folder Labels,20.16,7.0,0.0,9.8784,CRM,Approved,
8150.0,CA-2014-167997,1/26/2014,1/29/2014,First Class,CA-11965,Carol Adams,Corporate,United States,Rapid City,South Dakota,57701.0,Central,OFF-BI-10001758,Office Supplies,Binders,Wilson Jones 14 Line Acrylic Coated Pressboard Data Binders,10.68,2.0,0.0,5.0196,Legacy,Pending,
8151.0,CA-2014-167997,1/26/2014,1/29/2014,First Class,CA-11965,Carol Adams,Corporate,United States,Rapid City,South Dakota,57701.0,Central,FUR-BO-10004409,Furniture,Bookcases,"Safco Value Mate Series Steel Bookcases, Baked Enamel Finish on Steel, Gray",141.96,2.0,0.0,39.7488,ERP,,Check later
8152.0,CA-2017-140151,3/23/2017,3/25/2017,First Class,RB-19360,Raymond Buch,Consumer,United States,Seattle,Washington,98115.0,West,OFF-ST-10001558,Office Supplies,Storage,Acco Perma 4000 Stacking Storage Drawers,32.48,2.0,0.0,4.872,ERP,,Check later
8153.0,CA-2017-140151,3/23/2017,3/25/2017,First Class,RB-19360,Raymond Buch,Consumer,United States,Seattle,Washington,98115.0,West,OFF-PA-10002986,Office Supplies,Paper,Xerox 1898,20.04,3.0,0.0,9.6192,Legacy,Rejected,
8154.0,CA-2017-140151,3/23/2017,3/25/2017,First Class,RB-19360,Raymond Buch,Consumer,United States,Seattle,Washington,98115.0,West,TEC-CO-10004722,Technology,Copiers,Canon imageCLASS 2200 Advanced Copier,13999.96,4.0,0.0,6719.9808,Manual Upload,Approved,Check later
8155.0,US-2017-143770,3/20/2017,3/24/2017,Standard Class,RD-19720,Roger Demir,Consumer,United States,Middletown,Connecticut,6457.0,East,TEC-AC-10002842,Technology,Accessories,WD My Passport Ultra 2TB Portable External Hard Drive,238.0,2.0,0.0,38.08,Legacy,Rejected,Check later
8156.0,US-2017-143770,3/20/2017,3/24/2017,Standard Class,RD-19720,Roger Demir,Consumer,United States,Middletown,Connecticut,6457.0,East,OFF-PA-10001125,Office Supplies,Paper,Xerox 1988,61.96,2.0,0.0,27.882,CRM,Approved,Urgent
8157.0,CA-2016-131296,10/4/2016,10/9/2016,Std Class,MS-17830,Melanie Seite,Consumer,United States,Baltimore,Maryland,21215.0,East,FUR-TA-10002622,Furniture,Tables,"Bush Andora Conference Table, Maple/Graphite Gray Finish",239.372,2.0,0.3,-23.9372,ERP,Rejected,Check later
8158.0,CA-2016-103464,11/18/2016,11/22/2016,Standard Class,PG-18820,Patrick Gardner,Consumer,United States,San Diego,California,92105.0,West,TEC-AC-10002842,Technology,Accessories,WD My Passport Ultra 2TB Portable External Hard Drive,595.0,5.0,0.0,95.2,Legacy,Rejected,
8159.0,CA-2017-136238,12/26/2017,1/1/2018,Standard Class,KB-16240,Karen Bern,Corporate,United States,Odessa,Texas,79762.0,Central,OFF-PA-10004285,Office Supplies,Paper,Xerox 1959,16.032,3.0,0.2,5.6112,ERP,Approved,Urgent
8160.0,CA-2016-120803,3/9/2016,3/13/2016,Standard Class,RB-19465,Rick Bensley,Home Office,United States,Milford,Connecticut,6460.0,East,TEC-AC-10004469,Technology,Accessories,Microsoft Sculpt Comfort Mouse,199.75,5.0,0.0,87.89,CRM,,Urgent
8161.0,CA-2016-134138,2/16/2016,2/20/2016,Standard Class,JD-15790,John Dryer,Consumer,United States,Belleville,New Jersey,7109.0,East,FUR-CH-10001545,Furniture,Chairs,Hon Comfortask Task/Swivel Chairs,227.96,2.0,0.0,36.4736,CRM,,
8162.0,CA-2015-120915,9/28/2015,10/3/2015,Second Class,JJ-15445,Jennifer Jackson,Consumer,United States,New York City,New York,10035.0,East,OFF-AP-10002578,Office Supplies,Appliances,"Fellowes Premier Superior Surge Suppressor, 10-Outlet, With Phone and Remote",293.52,6.0,0.0,76.3152,Manual Upload,Rejected,
8163.0,CA-2015-120915,9/28/2015,10/3/2015,Second Class,JJ-15445,Jennifer Jackson,Consumer,United States,New York City,New York,10035.0,East,TEC-PH-10003012,Technology,Phones,Nortel Meridian M3904 Professional Digital phone,307.98,2.0,0.0,89.3142,CRM,Pending,
8164.0,CA-2015-168207,11/2/2015,11/6/2015,Standard Class,LT-17110,Liz Thompson,Consumer,United States,San Diego,California,92105.0,West,FUR-FU-10004909,Furniture,Furnishings,Contemporary Wood/Metal Frame,96.96,6.0,0.0,33.936,Manual Upload,Pending,Urgent
8165.0,CA-2015-168207,11/2/2015,11/6/2015,Standard Class,LT-17110,Liz Thompson,Consumer,United States,San Diego,California,92105.0,West ,OFF-BI-10001524,Office Supplies,Binders,GBC Premium Transparent Covers with Diagonal Lined Pattern,117.488,7.0,0.2,41.1208,ERP,,Duplicate?
8166.0,CA-2015-168207,11/2/2015,11/6/2015,Standard Class,LT-17110,Liz Thompson,Consumer,United States,San Diego,California,92105.0,West,OFF-BI-10003355,Office Supplies,Binders,Cardinal Holdit Business Card Pockets,11.952,3.0,0.2,4.1832,ERP,Pending,Urgent
8167.0,CA-2015-168207,11/2/2015,11/6/2015,Standard Class,LT-17110,Liz Thompson,Consumer,United States,San Diego,California,92105.0,West,FUR-BO-10004357,Furniture,Bookcases,O'Sullivan Living Dimensions 3-Shelf Bookcases,512.499,3.0,0.15,-30.147,Legacy,Rejected,Urgent
8168.0,CA-2016-144148,7/31/2016,8/5/2016,Standard Class,AH-10690,Anna Häberlin,Corporate,United States,San Francisco,California,94122.0,West,FUR-TA-10002774,Furniture,Tables,Laminate Occasional Tables,863.128,7.0,0.2,-32.3673,Manual Upload,Approved,Urgent
8169.0,CA-2017-107174,11/6/2017,11/13/2017,Standard Class,AB-10060,Adam Bellavance,Home Office,United States,Seattle,Washington,98105.0,West,FUR-TA-10004575,Furniture,Tables,Hon 5100 Series Wood Tables,2036.86,7.0,0.0,366.6348,Legacy,Approved,
8170.0,CA-2017-107174,11/6/2017,11/13/2017,Standard Class,AB-10060,Adam Bellavance,Home Office,United States,Seattle,Washington,UNKNOWN,West,FUR-CH-10003312,Furniture,Chairs,Hon 2090 Pillow Soft Series Mid Back Swivel/Tilt Chairs,449.568,2.0,0.2,-73.0548,Legacy,,Urgent
8171.0,CA-2017-107174,11/6/2017,11/13/2017,Standard Class,AB-10060,Adam Bellavance,Home Office,United States,Seattle,Washington,98105.0,West,TEC-AC-10001465,Technology,Accessories,SanDisk Cruzer 64 GB USB Flash Drive,108.96,3.0,0.0,32.688,ERP,Approved,Urgent
8172.0,CA-2016-146150,2/14/2016,2/19/2016,Standard Class,FM-14380,Fred McMath,Consumer,United States,Jackson,Mississippi,39212.0,South,OFF-AR-10002240,Office Supplies,Art,Panasonic KP-150 Electric Pencil Sharpener,264.18,7.0,0.0,68.6868,Manual Upload,,
8173.0,CA-2014-114125,7/9/2014,7/13/2014,Standard Class,GH-14410,Gary Hansen,Home Office,United States,Los Angeles,California,90049.0,West,OFF-LA-10004559,Office Supplies,Labels,Avery 49,2.88,1.0,0.0,1.4112,ERP,,
8174.0,CA-2014-114125,7/9/2014,7/13/2014,Standard Class,GH-14410,Gary Hansen,Home Office,United States,Los Angeles,California,90049.0,West,OFF-BI-10003291,Office Supplies,Binders,Wilson Jones Leather-Like Binders with DublLock Round Rings,41.904,6.0,0.2,14.1426,Manual Upload,,Duplicate?
8175.0,CA-2014-114125,7/9/2014,7/13/2014,Standard Class,GH-14410,Gary Hansen,Home Office,United States,Los Angeles,California,90049.0,West,OFF-ST-10001505,Office Supplies,Storage,"Perma STOR-ALL Hanging File Box, 13 1/8""W x 12 1/4""D x 10 1/2""H",23.92,4.0,0.0,4.0664,ERP,Approved,Urgent
8176.0,CA-2016-114944,1/30/2016,2/4/2016,Standard Class,HE-14800,Harold Engle,Corporate,United States,Chicago,Illinois,60623.0,Central,OFF-PA-10003892,Office Supplies,Paper,Xerox 1943,-500.0,4.0,0.2,52.8228,Legacy,,
8177.0,CA-2016-135965,9/22/2016,9/25/2016,First Class,SZ-20035,Sam Zeldin,Home Office,United States,New York City,New York,10035.0,East,OFF-ST-10002370,Office Supplies,Storage,"Sortfiler Multipurpose Personal File Organizer, Black",128.34,6.0,0.0,37.2186,Legacy,Approved,Check later
8178.0,CA-2017-149699,12/22/2017,12/24/2017,First Class,CM-12115,Chad McGuire,Consumer,United States,Los Angeles,California,90008.0,West,TEC-AC-10000474,Technology,Accessories,Kensington Expert Mouse Optical USB Trackball for PC or Mac,474.95,5.0,0.0,142.485,Legacy,Approved,
8179.0,CA-2016-166429,9/2/2016,9/8/2016,Standard Class,TG-21310,Toby Gnade,Consumer,United States,Des Moines,Washington,98198.0,West,TEC-CO-10002095,Technology,Copiers,Hewlett Packard 610 Color Digital Copier / Printer,999.98,2.0,0.0,449.991,Manual Upload,Pending,Duplicate?
8180.0,CA-2015-112767,8/2/2015,8/6/2015,Standard Class,DK-12985,Darren Koutras,Consumer,United States,Springfield,Oregon,97477.0,West,FUR-TA-10003469,Furniture,Tables,Balt Split Level Computer Training Table,277.5,4.0,0.5,-188.7,Legacy,Approved,Urgent
8181.0,CA-2015-119879,11/21/2015,25/11/2015,Standard Class,SS-20410,Shahid Shariari,Consumer,United States,Philadelphia,Pennsylvania,19120.0,East,FUR-TA-10002958,Furniture,Tables,"Bevis Oval Conference Table, Walnut",1252.704,8.0,0.4,-480.2032,Manual Upload,Approved,
8182.0,CA-2015-119879,11/21/2015,11/25/2015,Standard Class,SS-20410,Shahid Shariari,Consumer,United States,Philadelphia,Pennsylvania,19120.0,East,TEC-PH-10002923,Technology,Phones,"Logitech B530 USB Headset - headset - Full size, Binaural",110.97,5.0,0.4,-24.0435,ERP,,
8183.0,CA-2017-155642,5/18/2017,5/22/2017,Standard Class,BM-11575,Brendan Murry,Corporate,United States,Chicago,Illinois,60653.0,Central,FUR-FU-10004973,Furniture,Furnishings,Flat Face Poster Frame,22.608,3.0,0.6,-10.1736,Legacy,Rejected,Urgent
8184.0,CA-2017-155642,5/18/2017,5/22/2017,Standard Class,BM-11575,Brendan Murry,Corporate,United States,Chicago,Illinois,60653.0,Central,FUR-FU-10001918,Furniture,Furnishings,C-Line Cubicle Keepers Polyproplyene Holder With Velcro Backings,1.892,1.0,0.6,-0.9933,CRM,Rejected,Urgent
8185.0,US-2017-101721,7/23/2017,7/27/2017,Standard Class,MY-17380,Maribeth Yedwab,Corporate,United States,Chicago,Illinois,60623.0,Central,OFF-PA-10003641,Office Supplies,Paper,Xerox 1909,63.312,3.0,0.2,20.5764,ERP,Rejected,
8186.0,CA-2015-136728,9/13/2015,9/17/2015,Second Class,AG-10900,Arthur Gainer,Consumer,United States,Chicago,Illinois,60623.0,Central,OFF-EN-10002621,Office Supplies,Envelopes,Staple envelope,7.824,1.0,0.2,2.934,CRM,Approved,Urgent
8187.0,CA-2015-136728,9/13/2015,9/17/2015,Second Class,AG-10900,Arthur Gainer,Consumer,United States,Chicago,Illinois,60623.0,Central,FUR-CH-10003817,Furniture,Chairs,"Global Value Steno Chair, Gray",170.072,4.0,0.3,-12.148,CRM,,Check later
8188.0,CA-2016-127194,12/10/2016,12/16/2016,Standard Class,BW-11110,Bart Watters,Corporate,United States,New York City,New York,10024.0,East,OFF-PA-10000659,Office Supplies,Paper,"Adams Phone Message Book, Professional, 400 Message Capacity, 5 3/6 x 11",62.82,9.0,0.0,29.5254,Legacy,Rejected,Duplicate?
8189.0,CA-2015-140375,10/2/2015,10/5/2015,Second Class,SG-20470,Sheri Gordon,Consumer,United States,Rockville,Maryland,20852.0,East,OFF-PA-10001870,Office Supplies,Paper,Xerox 202,19.44,3.0,0.0,9.3312,ERP,,
8190.0,CA-2015-140375,10/2/2015,10/5/2015,Second Class,SG-20470,Sheri Gordon,Consumer,United States,Rockville,Maryland,20852.0,East,OFF-BI-10000320,Office Supplies,Binders,GBC Plastic Binding Combs,7.38,1.0,0.0,3.6162,Legacy,Approved,Check later
8191.0,US-2017-155866,11/17/2017,11/21/2017,Standard Class,CC-12370,Christopher Conant,Consumer,United States,New York City,New York,10011.0,East,OFF-PA-10004735,Office Supplies,Paper,Xerox 1905,38.88,6.0,0.0,18.6624,CRM,,Urgent
8192.0,US-2017-155866,11/17/2017,11/21/2017,Standard Class,CC-12370,Christopher Conant,Consumer,United States,New York City,New York,10011.0,East,FUR-FU-10004091,Furniture,Furnishings,"Howard Miller 13"" Diameter Goldtone Round Wall Clock",187.76,4.0,0.0,76.9816,ERP,,Check later
8193.0,CA-2015-141327,11/30/2015,12/3/2015,First Class,LR-16915,Lena Radford,Consumer,United States,Durham,North Carolina,27707.0,South,OFF-BI-10000546,Office Supplies,Binders,Avery Durable Binders,6.048,7.0,0.7,-4.2336,ERP,Approved,Duplicate?
8194.0,CA-2015-141327,11/30/2015,12/3/2015,First Class,LR-16915,Lena Radford,Consumer,United States,Durham,North Carolina,27707.0,South,OFF-AP-10001293,Office Supplies,Appliances,Belkin 8 Outlet Surge Protector,98.352,3.0,0.2,9.8352,Legacy,Approved,Urgent
8195.0,CA-2015-141327,11/30/2015,12/3/2015,First Class,LR-16915,Lena Radford,Consumer,United States,Durham,North Carolina,27707.0,South,FUR-FU-10000576,Furniture,Furnishings,Luxo Professional Fluorescent Magnifier Lamp with Clamp-Mount Base,335.744,2.0,0.2,25.1808,Legacy,,
8196.0,CA-2015-136700,12/06/2015,12/11/2015,Second Class,DB-13120,David Bremer,Corporate,United States,Santa Barbara,California,93101.0,west,OFF-PA-10004519,Office Supplies,Paper,Spiral Phone Message Books with Labels by Adams,8.96,2.0,0.0,4.3904,Legacy,Approved,
8197.0,CA-2017-102736,9/5/2017,9/9/2017,Standard Class,LP-17095,Liz Preis,Consumer,United States,Knoxville,Tennessee,37918.0,South,TEC-AC-10004568,Technology,Accessories,Maxell LTO Ultrium - 800 GB,89.568,4.0,0.2,-1.1196,Legacy,,
8198.0,CA-2017-102736,9/5/2017,9/9/2017,Standard Class,LP-17095,Liz Preis,Consumer,United States,Knoxville,Tennessee,37918.0,South,OFF-AR-10001897,Office Supplies,Art,Model L Table or Wall-Mount Pencil Sharpener,71.96,5.0,0.2,7.196,ERP,Approved,Duplicate?
8199.0,CA-2017-102736,9/5/2017,9/9/2017,Standard Class,LP-17095,Liz Preis,Consumer,United States,Knoxville,Tennessee,37918.0,South,OFF-PA-10001800,Office Supplies,Paper,Xerox 220,15.552,3.0,0.2,5.4432,Legacy,Pending,
8200.0,CA-2017-125269,4/24/2017,4/30/2017,Standard Class,AF-10870,Art Ferguson,consumer,United States,Chicago,Illinois,60610.0,Central,OFF-BI-10001628,Office Supplies,Binders,"Acco Data Flex Cable Posts For Top & Bottom Load Binders, 6"" Capacity",10.43,5.0,0.8,-18.2525,ERP,Pending,
8201.0,CA-2017-125269,4/24/2017,4/30/2017,Standard Class,AF-10870,Art Ferguson,Consumer,United States,Chicago,Illinois,60610.0,Central,OFF-ST-10004123,Office Supplies,Storage,Safco Industrial Wire Shelving System,72.784,1.0,0.2,-18.196,Legacy,,Urgent
8202.0,CA-2015-114811,11/8/2015,11/8/2015,Same Day,KD-16495,Keith Dawkins,Corporate,United States,New York City,New York,10024.0,East,OFF-ST-10000885,Office Supplies,Storage,Fellowes Desktop Hanging File Manager,67.15,5.0,0.0,16.7875,CRM,Pending,
8203.0,CA-2015-114811,11/8/2015,11/8/2015,Same Day,KD-16495,Keith Dawkins,Corporate,United States,New York City,New York,10024.0,East,TEC-PH-10004165,Technology,Phones,Mitel MiVoice 5330e IP Phone,549.98,2.0,0.0,142.9948,ERP,,Check later
8204.0,CA-2015-114811,11/8/2015,11/8/2015,Same Day,KD-16495,Keith Dawkins,Corporate,United States,New York City,New York,10024.0,East,FUR-FU-10002240,Furniture,Furnishings,Nu-Dell EZ-Mount Plastic Wall Frames,11.82,3.0,0.0,4.728,Legacy,Approved,Check later
8205.0,CA-2015-114811,11/8/2015,11/8/2015,Same Day,KD-16495,Keith Dawkins,Corporate,United States,New York City,New York,10024.0,East,TEC-MA-10000045,Technology,Machines,Zebra ZM400 Thermal Label Printer,4643.8,4.0,0.0,2229.024,Legacy,Approved,Urgent
8206.0,CA-2015-114811,11/8/2015,11/8/2015,Same Day,KD-16495,Keith Dawkins,Corporate,United States,New York City,New York,10024.0,East,FUR-CH-10003746,Furniture,Chairs,Hon 4070 Series Pagoda Round Back Stacking Chairs,577.764,2.0,0.1,115.5528,Manual Upload,Approved,Check later
8207.0,CA-2015-122266,4/26/2015,4/30/2015,Standard Class,SA-20830,Sue Ann Reed,Consumer,United States,Daytona Beach,Florida,32114.0,South,FUR-TA-10000577,Furniture,Tables,Bretford CR4500 Series Slim Rectangular Table,191.5155,1.0,0.45,-76.6062,CRM,,
8208.0,CA-2015-122266,4/26/2015,4/30/2015,Standard Class,SA-20830,Sue Ann Reed,Consumer,United States,Daytona Beach,Florida,32114.0,South,OFF-AR-10004757,Office Supplies,Art,Crayola Colored Pencils,2.624,1.0,0.2,0.4264,CRM,Pending,Check later
8209.0,CA-2015-141565,9/20/2015,9/24/2015,Standard Class,BG-11035,Barry Gonzalez,Consumer,United States,Nashville,Tennessee,37211.0,South,OFF-BI-10000545,Office Supplies,Binders,GBC Ibimaster 500 Manual ProClick Binding System,1369.764,6.0,0.7,-913.176,ERP,Rejected,
8210.0,CA-2015-141565,9/20/2015,9/24/2015,Std Class,BG-11035,Barry Gonzalez,Consumer,United States,Nashville,Tennessee,37211.0,South,OFF-ST-10001522,Office Supplies,Storage,"Gould Plastics 18-Pocket Panel Bin, 34w x 5-1/4d x 20-1/2h",294.368,4.0,0.2,-58.8736,ERP,Pending,Urgent
8211.0,CA-2017-128769,9/7/2017,9/12/2017,Standard Class,DM-12955,Dario Medina,Corporate,United States,Nashville,Tennessee,37211.0,South,OFF-AP-10001271,Office Supplies,Appliances,Eureka The Boss Cordless Rechargeable Stick Vac,81.568,2.0,0.2,7.1372,CRM,Pending,Duplicate?
8212.0,CA-2016-116337,11/7/2016,11/12/2016,Standard Class,MC-17845,Michael Chen,Consumer,United States,Dallas,Texas,75220.0,Central,FUR-FU-10002030,Furniture,Furnishings,"Executive Impressions 14"" Contract Wall Clock with Quartz Movement",44.46,5.0,0.6,-17.784,Manual Upload,Approved,Urgent
8213.0,CA-2016-116337,11/7/2016,11/12/2016,Standard Class,MC-17845,Michael Chen,Consumer,United States,Dallas,Texas,75220.0,Central,OFF-ST-10001272,Office Supplies,Storage,"Mini 13-1/2 Capacity Data Binder Rack, Pearl",314.088,3.0,0.2,19.6305,Legacy,Rejected,
8214.0,CA-2015-120845,9/25/2015,10/2/2015,Standard Class,ML-17395,Marina Lichtenstein,Corporate,United States,Murfreesboro,Tennessee,37130.0,South,OFF-BI-10001116,Office Supplies,Binders,"Wilson Jones 1"" Hanging DublLock Ring Binders",6.336,4.0,0.7,-4.6464,CRM,Rejected,Duplicate?
8215.0,CA-2015-120845,9/25/2015,10/2/2015,Standard Class,ML-17395,Marina Lichtenstein,Corporate,United States,Murfreesboro,Tennessee,37130.0,South,OFF-PA-10004665,Office Supplies,Paper,Advantus Motivational Note Cards,10.48,1.0,0.2,3.799,Manual Upload,Pending,Check later
8216.0,CA-2015-120845,9/25/2015,10/2/2015,Standard Class,ML-17395,Marina Lichtenstein,Corporate,United States,Murfreesboro,Tennessee,37130.0,South,OFF-BI-10004506,Office Supplies,Binders,Wilson Jones data.warehouse D-Ring Binders with DublLock,2.469,1.0,0.7,-1.8106,Manual Upload,Approved,Check later
8217.0,CA-2015-120845,9/25/2015,10/2/2015,Standard Class,ML-17395,Marina Lichtenstein,Corporate,United States,Murfreesboro,Tennessee,37130.0,South,OFF-BI-10001982,Office Supplies,Binders,Wilson Jones Custom Binder Spines & Labels,3.264,2.0,0.7,-2.2848,Manual Upload,Approved,Duplicate?
8218.0,CA-2014-120775,03 Oct 2014,10/7/2014,Standard Class,RD-19930,Russell D'Ascenzo,Consumer,United States,Dallas,Texas,75217.0,Central,OFF-FA-10002676,Office Supplies,Fasteners,Colored Push Pins,4.344,3.0,0.2,0.8688,CRM,Pending,Urgent
8219.0,CA-2014-120775,10/3/2014,10/7/2014,Standard Class,RD-19930,Russell D'Ascenzo,Consumer,United States,Dallas,TX,75217.0,Central,FUR-FU-10000758,Furniture,Furnishings,DAX Natural Wood-Tone Poster Frame,31.776,3.0,0.6,-19.0656,Legacy,Approved,
8220.0,CA-2014-120775,10/3/2014,10/7/2014,Standard Class,RD-19930,Russell D'Ascenzo,Consumer,United States,Dallas,Texas,75217.0,Central,OFF-LA-10002271,Office Supplies,Labels,Smead Alpha-Z Color-Coded Second Alphabetical Labels and Starter Set,4.928,2.0,0.2,1.7248,Manual Upload,Approved,Duplicate?
8221.0,CA-2014-120775,10/3/2014,10/7/2014,Standard Class,RD-19930,Russell D'Ascenzo,Consumer,United States,Dallas,Texas,75217.0,Central,OFF-BI-10002609,Office Supplies,Binders,Avery Hidden Tab Dividers for Binding Systems,1.788,3.0,0.8,-3.0396,CRM,,Duplicate?
8222.0,CA-2014-120775,10/3/2014,10/7/2014,Standard Class,RD-19930,Russell D'Ascenzo,Consumer,United States,Dallas,Texas,75217.0,Central,OFF-FA-10000254,Office Supplies,Fasteners,Sterling Rubber Bands by Alliance,15.072,4.0,0.2,-3.768,Manual Upload,Approved,Duplicate?
8223.0,CA-2014-152905,2/18/2014,2/24/2014,Standard Class,AB-10015,Aaron Bergman,Consumer,United States,Arlington,Texas,76017.0,Central,OFF-ST-10000321,Office Supplies,Storage,Akro Stacking Bins,12.624,2.0,0.2,-2.5248,Legacy,Pending,
8224.0,CA-2016-104633,6/12/2016,6/16/2016,Standard Class,EA-14035,Erin Ashbrook,Corporate,United States,Pasadena,California,91104.0,West,OFF-PA-10000241,Office Supplies,Paper,"IBM Multi-Purpose Copy Paper, 8 1/2 x 11"", Case",185.88,6.0,0.0,83.646,CRM,Rejected,
8225.0,CA-2016-104633,6/12/2016,6/16/2016,Standard Class,EA-14035,Erin Ashbrook,Corporate,United States,Pasadena,California,91104.0,West,OFF-PA-10004782,Office Supplies,Paper,Xerox 228,12.96,2.0,0.0,6.2208,Legacy,,
8226.0,CA-2017-104136,11/1/2017,11/4/2017,Second Class,SF-20065,Sandra Flanagan,Consumer,United States,Everett,Massachusetts,2149.0,East,OFF-PA-10004243,Office Supplies,Paper,Xerox 1939,189.7,10.0,0.0,91.056,Legacy,Rejected,Urgent
8227.0,CA-2017-104136,11/1/2017,11/4/2017,Second Class,SF-20065,Sandra Flanagan,Consumer,United States,Everett,Massachusetts,2149.0,East,OFF-PA-10001033,Office Supplies,Paper,Xerox 1893,40.99,1.0,0.0,20.0851,ERP,Pending,Check later
8228.0,CA-2016-123050,4/4/2016,4/8/2016,Second Class,BC-11125,Becky Castell,Home Office,United States,Troy,New York,12180.0,East,FUR-FU-10000723,Furniture,Furnishings,"Deflect-o EconoMat Studded, No Bevel Mat for Low Pile Carpeting",82.64,2.0,0.0,7.4376,Manual Upload,Pending,Duplicate?
8229.0,CA-2016-123050,4/4/2016,4/8/2016,Second Class,BC-11125,Becky Castell,Home Office,United States,Troy,New York,12180.0,East,OFF-ST-10003455,Office Supplies,Storage,"Tenex File Box, Personal Filing Tote with Lid, Black",31.02,2.0,0.0,8.0652,CRM,Rejected,Urgent
8230.0,CA-2016-123050,4/4/2016,4/8/2016,Second Class,BC-11125,Becky Castell,Home Office,United States,Troy,New York,12180.0,East,TEC-AC-10001109,Technology,Accessories,Logitech Trackman Marble Mouse,89.97,3.0,0.0,37.7874,Legacy,Rejected,Urgent
8231.0,CA-2016-162355,6/30/2016,7/2/2016,Second Class,PF-19165,Philip Fox,Consumer,United States,Sandy Springs,Georgia,30328.0,South,OFF-AR-10004344,Office Supplies,Art,Bulldog Vacuum Base Pencil Sharpener,35.97,3.0,0.0,9.7119,Legacy,Approved,
8232.0,CA-2016-162355,6/30/2016,7/2/2016,Second Class,PF-19165,Philip Fox,Consumer,United States,Sandy Springs,Georgia,30328.0,South,FUR-BO-10004695,Furniture,Bookcases,O'Sullivan 2-Door Barrister Bookcase in Odessa Pine,1266.86,7.0,0.0,291.3778,Manual Upload,,Check later
8233.0,CA-2014-158225,9/22/2014,9/28/2014,Standard Class,SE-20110,Sanjit Engle,Consumer,United States,San Jose,California,95123.0,West,OFF-ST-10000675,Office Supplies,Storage,"File Shuttle II and Handi-File, Black",169.45,5.0,0.0,42.3625,Legacy,Approved,
8234.0,CA-2014-158225,9/22/2014,9/28/2014,Standard Class,SE-20110,Sanjit Engle,Consumer,United States,San Jose,California,95123.0,West,OFF-ST-10002301,Office Supplies,Storage,Tennsco Commercial Shelving,40.68,2.0,0.0,0.4068,CRM,Pending,Duplicate?
8235.0,CA-2017-102204,5/1/2017,5/6/2017,Standard Class,CJ-12010,Caroline Jumper,Consumer,United States,Jacksonville,Florida,32216.0,South,OFF-SU-10001212,Office Supplies,Supplies,Kleencut Forged Office Shears by Acme United Corporation,3.328,2.0,0.2,0.416,Legacy,Rejected,Check later
8236.0,CA-2017-102204,5/1/2017,5/6/2017,Standard Class,CJ-12010,Caroline Jumper,Consumer,United States,Jacksonville,Florida,32216.0,South,FUR-TA-10001889,Furniture,Tables,Bush Advantage Collection Racetrack Conference Table,933.262,4.0,0.45,-458.1468,Manual Upload,Rejected,Urgent
8237.0,CA-2017-102204,5/1/2017,5/6/2017,Standard Class,CJ-12010,Caroline Jumper,Consumer,United States,Jacksonville,Florida,32216.0,South,FUR-CH-10002024,Furniture,Chairs,HON 5400 Series Task Chairs for Big and Tall,2803.92,5.0,0.2,0.0,Legacy,Approved,Check later
8238.0,CA-2017-103065,10/20/2017,10/20/2017,Same Day,PT-19090,Pete Takahito,Consumer,United States,Jacksonville,Florida,32216.0,South,OFF-ST-10000617,Office Supplies,Storage,Woodgrain Magazine Files by Perma,4.768,2.0,0.2,-0.7748,CRM,,
8239.0,CA-2017-103065,10/20/2017,10/20/2017,Same Day,PT-19090,Pete Takahito,Consumer,United States,Jacksonville,Florida,32216.0,South,OFF-PA-10000380,Office Supplies,Paper,"REDIFORM Incoming/Outgoing Call Register, 11"" X 8 1/2"", 100 Messages",6.672,1.0,0.2,2.502,CRM,Pending,
8240.0,CA-2017-103065,10/20/2017,10/20/2017,Same Day,PT-19090,Pete Takahito,Consumer,United States,Jacksonville,Florida,32216.0,South,OFF-AR-10003251,Office Supplies,Art,Prang Drawing Pencil Set,4.448,2.0,0.2,1.112,Manual Upload,,Check later
8241.0,CA-2017-103065,10/20/2017,10/20/2017,Same Day,PT-19090,Pete Takahito,Consumer,United States,Jacksonville,Florida,32216.0,South,FUR-FU-10000175,Furniture,Furnishings,DAX Wood Document Frame.,43.936,4.0,0.2,6.0412,CRM,,Duplicate?
8242.0,CA-2014-109855,9/1/2014,9/5/2014,Standard Class,LH-16900,Lena Hernandez,Consumer,United States,New York City,New York,10009.0,East,OFF-BI-10004716,Office Supplies,Binders,Wilson Jones Hanging Recycled Pressboard Data Binders,23.744,2.0,0.2,8.3104,CRM,Approved,Check later
8243.0,CA-2014-109855,9/1/2014,9/5/2014,Standard Class,LH-16900,Lena Hernandez,Consumer,United States,New York City,New York,10009.0,East,TEC-AC-10002842,Technology,Accessories,WD My Passport Ultra 2TB Portable External Hard Drive,357.0,3.0,0.0,57.12,Manual Upload,,Check later
8244.0,CA-2014-109897,8/12/2014,Aug 16 2014,Standard Class,BW-11200,Ben Wallace,Consumer,United States,San Francisco,California,94122.0,West,TEC-PH-10003691,Technology,Phones,BlackBerry Q10,806.336,8.0,0.2,50.396,Legacy,,
8245.0,CA-2014-109897,8/12/2014,8/16/2014,Standard Class,BW-11200,Ben Wallace,Consumer,United States,San Francisco,California,94122.0,WEST,FUR-FU-10002878,Furniture,Furnishings,"Seth Thomas 14"" Day/Date Wall Clock",85.44,3.0,0.0,31.6128,Legacy,Approved,Urgent
8246.0,US-2014-143581,8/19/2014,8/23/2014,Standard Class,BS-11365,Bill Shonely,Corporate,United States,Columbus,Georgia,31907.0,South,OFF-ST-10000991,Office Supplies,Storage,Space Solutions HD Industrial Steel Shelving.,344.91,3.0,0.0,10.3473,Legacy,Pending,
8247.0,CA-2015-129217,5/10/2015,5/10/2015,Same Day,DP-13390,Dennis Pardue,Home Office,United States,Aurora,Illinois,60505.0,Central,OFF-AP-10002439,Office Supplies,Appliances,Tripp Lite Isotel 8 Ultra 8 Outlet Metal Surge,70.97,5.0,0.8,-191.619,Manual Upload,,Duplicate?
8248.0,CA-2015-129217,5/10/2015,5/10/2015,Same Day,DP-13390,Dennis Pardue,Home Office,United States,Aurora,Illinois,60505.0,Central,OFF-AR-10004602,Office Supplies,Art,Boston KS Multi-Size Manual Pencil Sharpener,36.784,2.0,0.2,3.6784,Manual Upload,,Duplicate?
8249.0,CA-2016-133816,5/10/2016,5/13/2016,Second Class,CS-12400,Christopher Schild,Home Office,United States,Philadelphia,Pennsylvania,19134.0,East,TEC-PH-10001795,Technology,Phones,ClearOne CHATAttach 160 - speaker phone,743.988,2.0,0.4,-123.998,Legacy,Pending,Urgent
8250.0,CA-2015-140221,3/5/2015,3/9/2015,Second Class,MS-17365,Maribeth Schnelling,Consumer,United States,Chicago,Illinois,60653.0,Central,OFF-BI-10002854,Office Supplies,Binders,"Performers Binder/Pad Holder, Black",11.212,2.0,0.8,-16.818,Manual Upload,,Check later
8251.0,CA-2015-140221,3/5/2015,3/9/2015,Second Class,MS-17365,Maribeth Schnelling,Consumer,United States,Chicago,Illinois,60653.0,Central,FUR-FU-10000023,Furniture,Furnishings,Eldon Wave Desk Accessories,4.712,2.0,0.6,-1.8848,Legacy,,Duplicate?
8252.0,CA-2015-140221,3/5/2015,3/9/2015,Second Class,MS-17365,Maribeth Schnelling,Consumer,United States,Chicago,Illinois,60653.0,Central,OFF-AP-10000828,Office Supplies,Appliances,Avanti 4.4 Cu. Ft. Refrigerator,180.98,5.0,0.8,-470.548,ERP,Approved,Urgent
8253.0,CA-2015-140221,3/5/2015,3/9/2015,Second Class,MS-17365,Maribeth Schnelling,Consumer,United States,Chicago,Illinois,60653.0,Central,OFF-ST-10000777,Office Supplies,Storage,"Companion Letter/Legal File, Black",60.416,2.0,0.2,6.0416,CRM,Approved,Urgent
8254.0,CA-2017-152310,8/12/2017,8/19/2017,Standard Class,DK-12895,Dana Kaydos,Consumer,United States,Seattle,Washington,98103.0,West,TEC-CO-10000971,Technology,Copiers,Hewlett Packard 310 Color Digital Copier,299.99,1.0,0.0,89.997,Legacy,Approved,Urgent
8255.0,CA-2017-152310,8/12/2017,8/19/2017,Standard Class,DK-12895,Dana Kaydos,Consumer,United States,Seattle,Washington,98103.0,West,OFF-PA-10003134,Office Supplies,Paper,Xerox 1937,192.16,4.0,0.0,92.2368,CRM,Rejected,
8256.0,CA-2017-152310,8/12/2017,8/19/2017,Standard Class,DK-12895,Dana Kaydos,Consumer,United States,Seattle,Washington,98103.0,West,TEC-PH-10002538,Technology,Phones,Grandstream GXP1160 VoIP phone,242.624,8.0,0.2,27.2952,ERP,Pending,Check later
8257.0,CA-2017-152310,8/12/2017,8/19/2017,Standard Class,DK-12895,Dana Kaydos,Consumer,United States,Seattle,Washington,98103.0,West,OFF-ST-10001228,Office Supplies,Storage,Personal File Boxes with Fold-Down Carry Handle,46.74,3.0,0.0,11.685,Legacy,Rejected,Duplicate?
8258.0,CA-2017-152310,8/12/2017,8/19/2017,Standard Class,DK-12895,Dana Kaydos,Consumer,United States,Seattle,Washington,98103.0,West,TEC-AC-10000397,Technology,Accessories,"Perixx PERIBOARD-512B, Ergonomic Split Keyboard",174.95,5.0,0.0,12.2465,Manual Upload,Pending,
8259.0,CA-2017-152310,8/12/2017,8/19/2017,Standard Class,DK-12895,Dana Kaydos,Consumer,United States,Seattle,Washington,98103.0,West,OFF-BI-10004308,Office Supplies,Binders,Avery Legal 4-Ring Binder,100.704,6.0,0.2,37.764,CRM,Approved,
8260.0,CA-2016-118101,6/26/2016,6/26/2016,Same Day,SN-20560,Skye Norling,Home Office,United States,Roseville,Michigan,48066.0,Central,OFF-PA-10000357,Office Supplies,Paper,"White Dual Perf Computer Printout Paper, 2700 Sheets, 1 Part, Heavyweight, 20 lbs., 14 7/8 x 11",368.91,9.0,0.0,180.7659,Manual Upload,Pending,Duplicate?
8261.0,CA-2016-118101,6/26/2016,6/26/2016,Same Day,SN-20560,Skye Norling,Home Office,United States,Roseville,Michigan,48066.0,Central,OFF-BI-10000773,Office Supplies,Binders,Insertable Tab Post Binder Dividers,8.02,1.0,0.0,3.7694,Legacy,,Duplicate?
8262.0,CA-2016-118101,6/26/2016,6/26/2016,Same Day,SN-20560,Skye Norling,Home Office,United States,Roseville,Michigan,48066.0,Central,OFF-ST-10001837,Office Supplies,Storage,"SAFCO Mobile Desk Side File, Wire Frame",171.04,4.0,0.0,44.4704,Manual Upload,Pending,
8263.0,CA-2016-100307,12/15/2016,12/19/2016,Standard Class,TC-21475,Tony Chapman,Home Office,United States,Fayetteville,Arkansas,72701.0,South,OFF-PA-10002552,Office Supplies,Paper,Xerox 1958,19.44,3.0,0.0,9.3312,Legacy,Rejected,Urgent
8264.0,CA-2015-138457,9/13/2015,9/17/2015,Standard Class,AM-10705,Anne McFarland,Consumer,United States,Jacksonville,North Carolina,28540.0,South,OFF-BI-10000014,Office Supplies,Binders,Heavy-Duty E-Z-D Binders,13.092,4.0,0.7,-10.0372,Legacy,Approved,Check later
8265.0,CA-2014-131800,12/30/2014,1/4/2015,Standard Class,AJ-10960,Astrea Jones,Consumer,United States,New York City,New York,10035.0,East,OFF-AP-10004136,Office Supplies,Appliances,Kensington 6 Outlet SmartSocket Surge Protector,122.94,3.0,0.0,30.735,Legacy,,Duplicate?
8266.0,CA-2014-131800,12/30/2014,1/4/2015,Standard Class,AJ-10960,Astrea Jones,Consumer,United States,New York City,New York,10035.0,East,OFF-BI-10003429,Office Supplies,Binders,"Cardinal HOLDit! Binder Insert Strips,Extra Strips",35.448,7.0,0.2,12.8499,Legacy,Approved,Duplicate?
8267.0,CA-2014-118304,4/29/2014,5/4/2014,Standard Class,KH-16360,Katherine Hughes,Consumer,United States,Dover,Delaware,19901.0,East,TEC-PH-10000376,Technology,Phones,Square Credit Card Reader,19.98,2.0,0.0,5.1948,Manual Upload,Rejected,
8268.0,CA-2017-121790,1/30/2017,2/6/2017,Standard Class,LP-17095,Liz Preis,Consumer,United States,Aurora,Illinois,60505.0,Central,FUR-TA-10003469,Furniture,Tables,Balt Split Level Computer Training Table,69.375,1.0,0.5,-47.175,ERP,Rejected,
8269.0,CA-2017-121790,1/30/2017,2/6/2017,Standard Class,LP-17095,Liz Preis,Consumer,United States,Aurora,Illinois,60505.0,Central,OFF-SU-10004231,Office Supplies,Supplies,Acme Tagit Stainless Steel Antibacterial Scissors,31.68,4.0,0.2,2.772,Manual Upload,,Duplicate?
8270.0,CA-2017-121790,1/30/2017,2/6/2017,Standard Class,LP-17095,Liz Preis,Consumer,United States,Aurora,Illinois,60505.0,Central,TEC-PH-10002584,Technology,Phones,Samsung Galaxy S4,2003.168,4.0,0.2,250.396,CRM,,
8271.0,CA-2017-121790,1/30/2017,2/6/2017,Standard Class,LP-17095,Liz Preis,Consumer,United States,Aurora,Illinois,60505.0,Central,OFF-AR-10003602,Office Supplies,Art,"Quartet Omega Colored Chalk, 12/Pack",9.344,2.0,0.2,3.1536,Legacy,Rejected,Check later
8272.0,CA-2016-169670,12/25/2016,31/12/2016,Standard Class,JE-15715,Joe Elijah,Consumer,United States,New York City,New York,10009.0,East,FUR-CH-10002331,Furniture,Chairs,Hon 4700 Series Mobuis Mid-Back Task Chairs with Adjustable Arms,2563.056,8.0,0.1,313.2624,CRM,Pending,
8273.0,CA-2016-139549,10/20/2016,10/25/2016,Standard Class,MY-18295,Muhammed Yedwab,Corporate,United States,El Cajon,California,92020.0,West,FUR-CH-10001802,Furniture,Chairs,Hon Every-Day Chair Series Swivel Task Chairs,387.136,4.0,0.2,4.8392,Manual Upload,Approved,
8274.0,CA-2015-104059,6/13/2015,6/15/2015,Second Class,FC-14245,Frank Carlisle,Home Office,United States,Springfield,Ohio,45503.0,East,OFF-AR-10000634,Office Supplies,Art,Newell 320,3.424,1.0,0.2,0.2996,Manual Upload,,Urgent
8275.0,CA-2017-164112,6/30/2017,7/4/2017,Standard Class,ND-18460,Neil Ducich,Corporate,United States,Mount Vernon,New York,10550.0,East,OFF-ST-10002615,Office Supplies,Storage,"Dual Level, Single-Width Filing Carts",1085.42,7.0,0.0,282.2092,Manual Upload,,
8276.0,CA-2015-143882,6/26/2015,6/30/2015,Standard Class,DB-13360,Dennis Bolton,Home Office,United States,Lakewood,Ohio,44107.0,East,OFF-PA-10004040,Office Supplies,Paper,Universal Premium White Copier/Laser Paper (20Lb. and 87 Bright),43.056,0.0,0.2,15.6078,Manual Upload,Rejected,Urgent
8277.0,US-2016-139262,2/21/2016,2/25/2016,Standard Class,LC-16960,Lindsay Castell,Home Office,United States,Tampa,Florida,33614.0,South,OFF-BI-10003727,Office Supplies,Binders,Avery Durable Slant Ring Binders With Label Holder,3.762,3.0,0.7,-2.7588,Legacy,Rejected,
8278.0,US-2016-139262,2/21/2016,2/25/2016,Standard Class,LC-16960,Lindsay Castell,Home Office,United States,Tampa,Florida,33614.0,South,OFF-BI-10002026,Office Supplies,Binders,Avery Arch Ring Binders,34.86,2.0,0.7,-26.726,CRM,Approved,Duplicate?
8279.0,US-2016-139262,2/21/2016,2/25/2016,Standard Class,LC-16960,Lindsay Castell,Home Office,United States,Tampa,Florida,33614.0,South,OFF-ST-10001496,Office Supplies,Storage,Standard Rollaway File with Lock,432.456,3.0,0.2,32.4342,CRM,,
8280.0,CA-2017-146192,4/22/2017,4/26/2017,Standard Class,BD-11725,Bruce Degenhardt,Consumer,United States,Columbus,Georgia,31907.0,South,OFF-ST-10003716,Office Supplies,Storage,Tennsco Double-Tier Lockers,675.06,3.0,0.0,87.7578,ERP,Approved,
8281.0,CA-2017-134810,5/9/2017,5/10/2017,First Class,MC-17605,Matt Connell,Corporate,United States,Jacksonville,North Carolina,28540.0,South,OFF-EN-10002504,Office Supplies,Envelopes,"Tyvek  Top-Opening Peel & Seel Envelopes, Plain White",65.232,3.0,0.2,22.0158,CRM,Pending,Urgent
8282.0,CA-2017-134810,5/9/2017,5/10/2017,First Class,MC-17605,Matt Connell,Corporate,United States,Jacksonville,North Carolina,28540.0,South,FUR-CH-10001270,Furniture,Chairs,Harbour Creations Steel Folding Chair,207.0,3.0,0.2,25.875,Manual Upload,Rejected,Urgent
8283.0,CA-2015-154284,12/21/2015,12/26/2015,Second Class,SZ-20035,Sam Zeldin,Home Office,United States,Saint Charles,Illinois,60174.0,Central,TEC-MA-10004241,Technology,Machines,Star Micronics TSP800 TSP847IIU Receipt Printer,600.53,2.0,0.3,137.264,ERP,Pending,Duplicate?
8284.0,CA-2015-154284,12/21/2015,12/26/2015,Second Class,SZ-20035,Sam Zeldin,Home Office,United States,Saint Charles,Illinois,60174.0,Central,OFF-AR-10001468,Office Supplies,Art,"Sanford Prismacolor Professional Thick Lead Art Pencils, 36-Color Set",59.904,2.0,0.2,14.2272,CRM,Pending,
8285.0,CA-2015-154284,12/21/2015,12/26/2015,Second Class,SZ-20035,Sam Zeldin,Home Office,United States,Saint Charles,Illinois,60174.0,Central,TEC-AC-10003198,Technology,Accessories,Enermax Acrylux Wireless Keyboard,637.44,8.0,0.2,135.456,CRM,Rejected,Duplicate?
8286.0,CA-2015-154284,12/21/2015,12/26/2015,Second Class,SZ-20035,Sam Zeldin,Home Office,United States,Saint Charles,Illinois,60174.0,Central,FUR-FU-10003039,Furniture,Furnishings,"Howard Miller 11-1/2"" Diameter Grantwood Wall Clock",51.756,3.0,0.6,-33.6414,Manual Upload,,Duplicate?
8287.0,CA-2014-156244,8/12/2014,8/16/2014,Standard Class,DH-13675,Duane Huffman,Home Office,United States,Miami,Florida,33180.0,South,OFF-PA-10000295,Office Supplies,Paper,Xerox 229,31.104,6.0,0.2,10.8864,Manual Upload,,
8288.0,CA-2014-156244,8/12/2014,8/16/2014,Standard Class,DH-13675,Duane Huffman,home office,United States,Miami,Florida,33180.0,South,OFF-AR-10004344,Office Supplies,Art,Bulldog Vacuum Base Pencil Sharpener,47.96,5.0,0.2,4.1965,Manual Upload,,
8289.0,CA-2014-156244,8/12/2014,8/16/2014,Standard Class,DH-13675,Duane Huffman,Home Office,United States,Miami,Florida,33180.0,South,TEC-AC-10002473,Technology,Accessories,Maxell 4.7GB DVD-R,158.928,7.0,0.2,41.7186,Legacy,,Duplicate?
8290.0,CA-2014-156244,8/12/2014,8/16/2014,Standard Class,DH-13675,Duane Huffman,Home Office,United States,Miami,Florida,33180.0,South,OFF-AP-10002403,Office Supplies,Appliances,Acco Smartsocket Color-Coded Six-Outlet AC Adapter Model Surge Protectors,211.248,6.0,0.2,15.8436,CRM,Pending,
8291.0,CA-2014-156244,8/12/2014,8/16/2014,Standard Class,DH-13675,Duane Huffman,Home Office,United States,Miami,Florida,33180.0,South,OFF-SU-10000432,Office Supplies,Supplies,Acco Side-Punched Conventional Columnar Pads,5.552,2.0,0.2,-1.041,CRM,,
8292.0,CA-2014-156244,8/12/2014,8/16/2014,Standard Class,DH-13675,Duane Huffman,Home Office,United States,Miami,Florida,33180.0,South,OFF-LA-10000443,Office Supplies,Labels,Avery 501,2.952,1.0,0.2,0.9963,CRM,Rejected,
8293.0,CA-2015-106362,12/11/2015,12/15/2015,Standard Class,LC-16885,Lena Creighton,Consumer,United States,Troy,Ohio,45373.0,East,OFF-BI-10003166,Office Supplies,Binders,GBC Plasticlear Binding Covers,10.332,3.0,0.7,-7.5768,Manual Upload,,Urgent
8294.0,US-2017-168802,11/3/2017,11/7/2017,Standard Class,JO-15145,Jack O'Briant,Corporate,United States,SEATTLE,Washington,98103.0,West,OFF-BI-10002393,Office Supplies,Binders,Binder Posts,18.368,4.0,0.2,5.9696,Manual Upload,Pending,Check later
8295.0,US-2017-146906,3/13/2017,3/17/2017,Standard Class,MT-17815,Meg Tillman,Consumer,United States,New York City,New York,10011.0,East,TEC-PH-10001809,Technology,Phones,Panasonic KX T7736-B Digital phone,299.9,2.0,0.0,74.975,ERP,Pending,
8296.0,CA-2016-166380,5/30/2016,6/3/2016,Standard Class,EB-13750,Edward Becker,Corporate,United States,Arlington,Virginia,22204.0,South,OFF-EN-10002600,Office Supplies,Envelopes,"Redi-Strip #10 Envelopes, 4 1/8 x 9 1/2",26.55,9.0,0.0,12.744,ERP,,Urgent
8297.0,CA-2016-166380,5/30/2016,6/3/2016,Standard Class,EB-13750,Edward Becker,Corporate,United States,Arlington,Virginia,22204.0,South,TEC-AC-10000109,Technology,Accessories,Sony Micro Vault Click 16 GB USB 2.0 Flash Drive,111.98,2.0,0.0,26.8752,Legacy,Rejected,Duplicate?
8298.0,US-2015-158911,7/5/2015,7/11/2015,Standard Class,RS-19765,Roland Schwarz,Corporate,United States,Charlotte,North Carolina,28205.0,South,FUR-FU-10003829,Furniture,Furnishings,Stackable Trays,4.928,2.0,0.2,0.7392,CRM,,Duplicate?
8299.0,US-2015-158911,7/5/2015,7/11/2015,Standard Class,RS-19765,Roland Schwarz,Corporate,United States,Charlotte,North Carolina,28205.0,South,OFF-LA-10003223,Office Supplies,Labels,Avery 508,11.784,3.0,0.2,4.2717,Manual Upload,Rejected,
8300.0,US-2014-103338,3/11/2014,3/15/2014,Standard Class,RB-19435,Richard Bierner,Consumer,United States,Roseville,California,95661.0,West,OFF-AR-10001770,Office Supplies,Art,Economy #2 Pencils,7.98,3.0,0.0,2.0748,CRM,Rejected,
8301.0,CA-2015-109169,4/20/2015,4/24/2015,Standard Class,OT-18730,Olvera Toch,Consumer,United States,Detroit,Michigan,48234.0,Central,OFF-EN-10003296,Office Supplies,Envelopes,Tyvek Side-Opening Peel & Seel Expanding Envelopes,180.96,2.0,0.0,81.432,Legacy,Approved,
8302.0,US-2017-167318,7/26/2017,8/1/2017,Standard Class,GZ-14545,George Zrebassa,Corporate,United States,Los Angeles,California,90036.0,West,TEC-AC-10003870,Technology,Accessories,Logitech Z-906 Speaker sys - home theater - 5.1-CH,1649.95,5.0,0.0,659.98,Legacy,Rejected,Check later
8303.0,US-2017-167318,7/26/2017,8/1/2017,Standard Class,GZ-14545,George Zrebassa,Corporate,United States,Los Angeles,California,90036.0,West,FUR-CH-10000665,Furniture,Chairs,"Global Airflow Leather Mesh Back Chair, Black",362.352,3.0,0.2,45.294,CRM,,
8304.0,US-2014-120313,10/31/2014,11/2/2014,Second Class,NL-18310,Nancy Lomonaco,Home Office,United States,San Francisco,California,94110.0,West,TEC-PH-10003092,Technology,Phones,Motorola L804,73.584,2.0,0.2,8.2782,CRM,,Check later
8305.0,CA-2017-135419,11/3/2017,11/9/2017,Standard Class,BG-11740,Bruce Geld,Consumer,United States,Bakersfield,California,93309.0,West,FUR-TA-10001086,Furniture,Tables,"SAFCO PlanMaster Boards, 60w x 37-1/2d, White Melamine",486.368,4.0,0.2,36.4776,Legacy,,
8306.0,CA-2016-128671,8/11/2016,8/16/2016,Standard Class,MT-18070,Michelle Tran,Home Office,United States,Tulsa,Oklahoma,74133.0,Central,OFF-PA-10001870,Office Supplies,Paper,Xerox 202,32.4,5.0,0.0,15.552,ERP,Pending,Check later
8307.0,CA-2016-128671,8/11/2016,8/16/2016,Standard Class,MT-18070,Michelle Tran,Home Office,United States,Tulsa,Oklahoma,74133.0,Central,OFF-BI-10003305,Office Supplies,Binders,Avery Hanging File Binders,41.86,7.0,0.0,19.2556,ERP,Pending,Urgent
8308.0,CA-2016-128671,8/11/2016,8/16/2016,Standard Class,MT-18070,Michelle Tran,Home Office,United States,Tulsa,Oklahoma,74133.0,Central,OFF-BI-10003007,Office Supplies,Binders,"Premium Transparent Presentation Covers, No Pattern/Clear, 8 1/2"" x 11""",77.56,2.0,0.0,35.6776,Manual Upload,Rejected,Check later
8309.0,CA-2016-149335,7/25/2016,7/25/2016,Same Day,BC-11125,Becky Castell,Home Office,United States,San Francisco,California,94122.0,West,OFF-AR-10001419,Office Supplies,Art,Newell 325,37.17,9.0,0.0,11.151,Manual Upload,Approved,Urgent
8310.0,CA-2014-168312,3/1/2014,3/7/2014,Standard Class,GW-14605,Giulietta Weimer,Consumer,United States,Houston,Texas,77036.0,Central,OFF-ST-10003692,Office Supplies,Storage,Recycled Steel Personal File for Hanging File Folders,137.352,3.0,0.2,8.5845,Manual Upload,Pending,Duplicate?
8311.0,CA-2014-168312,3/1/2014,3/7/2014,Standard Class,GW-14605,Giulietta Weimer,Consumer,United States,Houston,Texas,77036.0,Central,FUR-TA-10001866,Furniture,Tables,Bevis Round Conference Room Tables and Bases,376.509,3.0,0.3,-43.0296,CRM,Rejected,
8312.0,US-2017-105935,1/26/2017,1/31/2017,Standard Class,BD-11500,Bradley Drucker,Consumer,United States,Columbus,Georgia,31907.0,South,FUR-FU-10002157,Furniture,Furnishings,Artistic Insta-Plaque,62.72,4.0,0.0,24.4608,Legacy,Pending,
8313.0,US-2017-105935,1/26/2017,1/31/2017,Standard Class,BD-11500,Bradley Drucker,Consumer,United States,Columbus,Georgia,31907.0,South,TEC-PH-10001459,Technology,Phones,Samsung Galaxy Mega 6.3,2939.93,7.0,0.0,764.3818,Manual Upload,,Urgent
8314.0,CA-2014-161508,7/12/2014,7/16/2014,Standard Class,PV-18985,Paul Van Hugh,Home Office,United States,League City,Texas,77573.0,Central,FUR-CH-10002126,Furniture,Chairs,Hon Deluxe Fabric Upholstered Stacking Chairs,512.358,3.0,0.3,-14.6388,Legacy,Rejected,Duplicate?
8315.0,CA-2014-161508,7/12/2014,7/16/2014,Standard Class,PV-18985,Paul Van Hugh,Home Office,United States,League City,Texas,77573.0,Central,OFF-FA-10001561,Office Supplies,Fasteners,Stockwell Push Pins,3.488,2.0,0.2,0.5668,Manual Upload,Rejected,Duplicate?
8316.0,CA-2014-161508,7/12/2014,7/16/2014,Standard Class,PV-18985,Paul Van Hugh,Home Office,United States,League City,Texas,77573.0,Central,OFF-AR-10003158,Office Supplies,Art,Fluorescent Highlighters by Dixon,22.288,7.0,0.2,3.9004,CRM,,
8317.0,CA-2014-161508,7/12/2014,7/16/2014,Standard Class,PV-18985,Paul Van Hugh,Home Office,United States,League City,Texas,77573.0,Central,OFF-PA-10001804,Office Supplies,Paper,Xerox 195,16.032,3.0,0.2,5.6112,CRM,Approved,
8318.0,CA-2017-130904,04/11/2017,4/16/2017,Standard Class,HM-14980,Henry MacAllister,Consumer,United States,Burlington,North Carolina,27217.0,South,OFF-AR-10000422,Office Supplies,Art,Pencil and Crayon Sharpener,1.752,1.0,0.2,0.1533,Manual Upload,Rejected,
8319.0,CA-2017-130904,4/11/2017,4/16/2017,Standard Class,HM-14980,,Consumer,United States,Burlington,North Carolina,27217.0,South,OFF-AR-10000127,Office Supplies,Art,Newell 321,20.992,8.0,0.2,2.3616,CRM,Rejected,
8320.0,CA-2017-133620,11/13/2017,11/18/2017,Standard Class,EM-14065,Erin Mull,Consumer,United States,New York City,New York,10009.0,East,OFF-ST-10004634,Office Supplies,Storage,"Personal Folder Holder, Ebony",11.21,1.0,0.0,3.363,CRM,,Urgent
8321.0,CA-2015-142937,12/5/2015,12/6/2015,First Class,SF-20065,Sandra Flanagan,Consumer,United States,Dallas,Texas,75220.0,Central,OFF-AR-10003582,Office Supplies,Art,"Boston Electric Pencil Sharpener, Model 1818, Charcoal Black",45.04,2.0,0.2,4.504,Manual Upload,Rejected,Check later
8322.0,US-2016-149790,2016/09/26,10/1/2016,Standard Class,SC-20380,Shahid Collister,Consumer,United States,Houston,Texas,77095.0,Central,OFF-BI-10002026,Office Supplies,Binders,Ibico Recycled Linen-Style Covers,15.624,2.0,0.8,-24.9984,CRM,Pending,
8323.0,CA-2016-130778,11/19/2016,11/25/2016,Standard Class,ND-18370,Natalie DeCherney,Consumer,United States,Long Beach,New York,11561.0,East,OFF-AP-10000595,Office Supplies,Appliances,Disposable Triple-Filter Dust Bags,8.74,2.0,0.0,2.2724,ERP,Rejected,Check later
8324.0,CA-2016-130778,11/19/2016,11/25/2016,Standard Class,ND-18370,Natalie DeCherney,Consumer,United States,Long Beach,New York,11561.0,East,OFF-PA-10001509,Office Supplies,Paper,"Recycled Desk Saver Line ""While You Were Out"" Book, 5 1/2"" X 4""",44.75,5.0,0.0,20.585,ERP,Rejected,Duplicate?
8325.0,CA-2017-144456,9/8/2017,9/9/2017,First Class,FC-14245,Frank Carlisle,Home Office,United States,Hialeah,Florida,33012.0,South,OFF-ST-10001321,Office Supplies,Storage,"Decoflex Hanging Personal Folder File, Blue",61.68,5.0,0.2,5.397,CRM,,
8326.0,CA-2017-144456,9/8/2017,9/9/2017,First Class,FC-14245,Frank Carlisle,Home Office,United States,Hialeah,Florida,33012.0,South,TEC-PH-10001750,Technology,Phones,Samsung Rugby III,158.376,3.0,0.2,13.8579,ERP,Rejected,
8327.0,CA-2017-103478,7/21/2017,7/24/2017,Second Class,KL-16555,Kelly Lampkin,Corporate,United States,Aurora,Illinois,60505.0,Central,OFF-BI-10001890,Office Supplies,Binders,Avery Poly Binder Pockets,2.864,4.0,0.8,-4.5824,ERP,Pending,
8328.0,CA-2017-103478,7/21/2017,7/24/2017,Second Class,KL-16555,Kelly Lampkin,Corporate,United States,Aurora,Illinois,60505.0,Central,OFF-BI-10004224,Office Supplies,Binders,Catalog Binders with Expanding Posts,94.192,7.0,0.8,-164.836,Legacy,Approved,Duplicate?
8329.0,CA-2017-118577,10/6/2017,10/11/2017,Standard Class,XP-21865,Xylona Preis,Consumer,United States,Belleville,New Jersey,7109.0,East,OFF-PA-10001357,Office Supplies,Paper,Xerox 1886,143.7,3.0,0.0,68.976,Legacy,Pending,
8330.0,CA-2017-118577,10/6/2017,10/11/2017,Standard Class,XP-21865,Xylona Preis,Consumer,United States,Belleville,New Jersey,7109.0,East,OFF-PA-10004888,Office Supplies,Paper,Xerox 217,6.48,1.0,0.0,3.1104,ERP,Rejected,
8331.0,CA-2017-113572,11/7/2017,11/11/2017,Standard Class,FP-14320,Frank Preis,Consumer,United States,New York City,New York,10024.0,East,TEC-AC-10002370,Technology,Accessories,Maxell CD-R Discs,7.88,4.0,0.0,2.5216,ERP,Pending,
8332.0,CA-2016-153269,3/9/2016,3/12/2016,First Class,PS-18760,Pamela Stobb,Consumer,United States,Andover,Massachusetts,1810.0,East,OFF-ST-10004634,Office Supplies,Storage,"Personal Folder Holder, Ebony",11.21,1.0,0.0,3.363,Manual Upload,Approved,Duplicate?
8333.0,CA-2016-153269,3/9/2016,3/12/2016,First Class,PS-18760,Pamela Stobb,Consumer,United States,Andover,Massachusetts,1810.0,East,FUR-CH-10002647,Furniture,Chairs,"Situations Contoured Folding Chairs, 4/Set",354.9,5.0,0.0,88.725,CRM,,
8334.0,CA-2016-153269,3/9/2016,3/12/2016,First Class,PS-18760,Pamela Stobb,Consumer,United States,Andover,Massachusetts,1810.0,East,OFF-PA-10001801,Office Supplies,Paper,Xerox 193,17.94,3.0,0.0,8.7906,Legacy,Pending,Check later
8335.0,CA-2016-153269,3/9/2016,3/12/2016,First Class,PS-18760,Pamela Stobb,Consumer,United States,Andover,Massachusetts,1810.0,East,OFF-BI-10004632,Office Supplies,Binders,GBC Binding covers,51.8,4.0,0.0,23.31,Legacy,Pending,
8336.0,CA-2017-161655,5/13/2017,5/18/2017,Second Class,CW-11905,Carl Weiss,Home Office,United States,Newark,Delaware,19711.0,East,OFF-BI-10002082,Office Supplies,Binders,GBC Twin Loop Wire Binding Elements,299.52,9.0,0.0,149.76,ERP,,
8337.0,CA-2016-101469,7/2/2016,7/8/2016,Standard Class,KH-16360,Katherine Hughes,Consumer,United States,Arlington,Virginia,22204.0,South,OFF-AR-10003986,Office Supplies,Art,Avery Hi-Liter Pen Style Six-Color Fluorescent Set,7.7,2.0,0.0,3.157,CRM,Pending,
8338.0,CA-2014-153087,12/27/2014,1/3/2015,Standard Class,TC-20980,Tamara Chand,Corporate,United States,Decatur,Alabama,35601.0,South,OFF-PA-10001243,Office Supplies,Paper,Xerox 1983,23.92,4.0,0.0,11.7208,ERP,,Duplicate?
8339.0,CA-2014-153087,12/27/2014,1/3/2015,Standard Class,TC-20980,Tamara Chand,Corporate,United States,Decatur,Alabama,35601.0,South,TEC-AC-10003198,Technology,Accessories,Enermax Acrylux Wireless Keyboard,498.0,5.0,0.0,184.26,CRM,Approved,Duplicate?
8340.0,CA-2017-135076,4/13/2017,4/17/2017,Standard Class,YS-21880,Yana Sorensen,Corporate,United States,Hesperia,California,92345.0,West,FUR-CH-10003774,Furniture,Chairs,"Global Wood Trimmed Manager's Task Chair, Khaki",436.704,6.0,0.2,-38.2116,ERP,Rejected,Urgent
8341.0,CA-2014-161634,11/14/2014,11/20/2014,Standard Class,CC-12220,Chris Cortes,Consumer,United States,Chesapeake,Virginia,23320.0,South,OFF-PA-10002262,Office Supplies,Paper,Xerox 192,32.4,5.0,0.0,15.552,ERP,,Urgent
8342.0,CA-2017-141481,6/11/2017,6/14/2017,First Class,ZD-21925,Zuschuss Donatelli,Consumer,United States,Los Angeles,California,90036.0,West,OFF-AP-10004532,Office Supplies,Appliances,Kensington 6 Outlet Guardian Standard Surge Protector,61.44,3.0,0.0,16.5888,ERP,Approved,Urgent
8343.0,CA-2016-132549,11/25/2016,11/30/2016,Standard Class,JK-15370,Jay Kimmel,Consumer,United States,Huntsville,Alabama,35810.0,South,OFF-ST-10001325,Office Supplies,Storage,Sterilite Officeware Hinged File Box,73.36,7.0,0.0,19.8072,ERP,Rejected,Urgent
8344.0,US-2014-155544,3/21/2014,3/25/2014,Standard Class,GM-14440,Gary McGarr,Consumer,United States,Knoxville,Tennessee,37918.0,South,OFF-LA-10004544,Office Supplies,Labels,Avery 505,59.2,5.0,0.2,22.2,ERP,,
8345.0,US-2014-155544,3/21/2014,3/25/2014,Standard Class,GM-14440,Gary McGarr,Consumer,United States,Knoxville,Tennessee,37918.0,South,FUR-FU-10001473,Furniture,Furnishings,DAX Wood Document Frame,32.952,3.0,0.2,6.5904,Manual Upload,Rejected,
8346.0,US-2014-155544,3/21/2014,3/25/2014,Standard Class,GM-14440,Gary McGarr,Consumer,United States,Knoxville,Tennessee,37918.0,South,FUR-CH-10000422,Furniture,Chairs,Global Highback Leather Tilter in Burgundy,218.376,3.0,0.2,-10.9188,ERP,Pending,
8347.0,US-2015-115238,4/30/2015,5/4/2015,Standard Class,JW-15220,Jane Waco,Corporate,United States,Lawrence,Massachusetts,1841.0,East,FUR-FU-10002960,Furniture,Furnishings,"Eldon 200 Class Desk Accessories, Burgundy",31.4,5.0,0.0,13.188,ERP,Approved,Check later
8348.0,US-2015-115238,4/30/2015,5/4/2015,Standard Class,JW-15220,Jane Waco,Corporate,United States,Lawrence,Massachusetts,1841.0,East,FUR-FU-10002445,Furniture,Furnishings,"DAX Two-Tone Rosewood/Black Document Frame, Desktop, 5 x 7",9.48,1.0,0.0,3.792,Manual Upload,,Urgent
8349.0,US-2015-115238,4/30/2015,5/4/2015,Standard Class,JW-15220,Jane Waco,Corporate,United States,Lawrence,Massachusetts,1841.0,East,TEC-PH-10001300,Technology,Phones,"iKross Bluetooth Portable Keyboard + Cell Phone Stand Holder + Brush for Apple iPhone 5S 5C 5, 4S 4",209.5,10.0,0.0,58.66,Legacy,Approved,
8350.0,US-2015-115238,4/30/2015,5/4/2015,Standard Class,JW-15220,Jane Waco,Corporate,United States,Lawrence,Massachusetts,1841.0,East,FUR-FU-10001025,Furniture,Furnishings,"Eldon Imàge Series Desk Accessories, Clear",24.3,5.0,0.0,10.449,Manual Upload,Approved,
8351.0,US-2015-115238,4/30/2015,5/4/2015,Standard Class,JW-15220,Jane Waco,Corporate,United States,Lawrence,Massachusetts,1841.0,East,OFF-PA-10002689,Office Supplies,Paper,Weyerhaeuser First Choice Laser/Copy Paper (20Lb. and 88 Bright),6.48,1.0,0.0,3.1104,CRM,Approved,Duplicate?
8352.0,CA-2017-132199,5/3/2017,5/8/2017,Standard Class,BO-11350,Bill Overfelt,Corporate,United States,Philadelphia,Pennsylvania,19134.0,East,FUR-FU-10004245,Furniture,Furnishings,"Career Cubicle Clock, 8 1/4"", Black",32.448,2.0,0.2,7.3008,CRM,Approved,
8353.0,CA-2017-132199,5/3/2017,5/8/2017,Standard Class,BO-11350,Bill Overfelt,Corporate,United States,Philadelphia,Pennsylvania,19134.0,East,OFF-BI-10003684,Office Supplies,Binders,Wilson Jones Legal Size Ring Binders,26.388,4.0,0.7,-17.592,Manual Upload,,Urgent
8354.0,CA-2017-132199,5/3/2017,5/8/2017,Standard Class,BO-11350,Bill Overfelt,Corporate,United States,Philadelphia,Pennsylvania,19134.0,East,FUR-TA-10003748,Furniture,Tables,Bevis 36 x 72 Conference Tables,373.47,5.0,0.4,-112.041,Manual Upload,Approved,Urgent
8355.0,CA-2017-132199,5/3/2017,5/8/2017,Standard Class,BO-11350,bill overfelt,Corporate,United States,Philadelphia,Pennsylvania,19134.0,East,OFF-BI-10002133,Office Supplies,Binders,"Wilson Jones Elliptical Ring 3 1/2"" Capacity Binders, 800 sheets",64.2,5.0,0.7,-44.94,CRM,Pending,Duplicate?
8356.0,CA-2017-132199,5/3/2017,5/8/2017,Standard Class,BO-11350,Bill Overfelt,Corporate,United States,Philadelphia,Pennsylvania,19134.0,East,OFF-FA-10002280,Office Supplies,Fasteners,Advantus Plastic Paper Clips,8.0,2.0,0.2,2.8,ERP,,
8357.0,CA-2016-163174,8/26/2016,8/30/2016,Standard Class,XP-21865,Xylona Preis,Consumer,United States,Athens,Georgia,30605.0,South,FUR-FU-10000308,Furniture,Furnishings,Deflect-o Glass Clear Studded Chair Mats,186.54,3.0,0.0,41.0388,Manual Upload,Pending,
8358.0,CA-2014-110555,4/11/2014,4/18/2014,Standard Class,MM-18055,Michelle Moray,Consumer,United States,Great Falls,Montana,59405.0,West,OFF-ST-10000876,Office Supplies,Storage,Eldon Simplefile Box Office,87.08,7.0,0.0,24.3824,Legacy,Rejected,Urgent
8359.0,CA-2014-110555,4/11/2014,4/18/2014,Standard Class,MM-18055,Michelle Moray,CONSUMER,United States,Great Falls,Montana,59405.0,West,TEC-PH-10000586,Technology,Phones,AT&T SB67148 SynJ,105.584,2.0,0.2,9.2386,ERP,Pending,
8360.0,CA-2014-110555,4/11/2014,4/18/2014,Standard Class,MM-18055,Michelle Moray,Consumer,United States,Great Falls,Montana,59405.0,West,TEC-AC-10003399,Technology,Accessories,Memorex Mini Travel Drive 64 GB USB 2.0 Flash Drive,217.44,6.0,0.0,91.3248,Legacy,,Check later
8361.0,CA-2017-147207,1/2/2017,1/4/2017,Second Class,TS-21655,Trudy Schmidt,Consumer,United States,El Paso,Texas,79907.0,Central,OFF-AR-10001955,Office Supplies,Art,Newell 319,31.744,2.0,0.2,3.968,ERP,Rejected,Duplicate?
8362.0,CA-2017-147207,1/2/2017,1/4/2017,Second Class,TS-21655,Trudy Schmidt,Consumer,United States,El Paso,Texas,79907.0,Central,OFF-AP-10000027,Office Supplies,Appliances,Hoover Commercial SteamVac,5.432,2.0,0.8,-13.58,ERP,Pending,Duplicate?
8363.0,CA-2017-147207,1/2/2017,1/4/2017,Second Class,TS-21655,Trudy Schmidt,Consumer,United States,El Paso,Texas,79907.0,Central,FUR-TA-10002958,Furniture,Tables,"Bevis Oval Conference Table, Walnut",913.43,5.0,0.3,-169.637,CRM,,Duplicate?
8364.0,CA-2017-147207,1/2/2017,1/4/2017,Second Class,TS-21655,Trudy Schmidt,Consumer,United States,El Paso,Texas,79907.0,Central,OFF-ST-10002615,Office Supplies,Storage,"Dual Level, Single-Width Filing Carts",372.144,3.0,0.2,27.9108,CRM,,Urgent
8365.0,CA-2017-137631,4/28/2017,5/2/2017,Standard Class,JL-15235,Janet Lee,Consumer,United States,Kissimmee,Florida,34741.0,South,TEC-PH-10002624,Technology,Phones,Samsung Galaxy S4 Mini,751.984,2.0,0.2,84.5982,Manual Upload,Approved,Check later
8366.0,CA-2017-157273,1/30/2017,2/2/2017,First Class,SZ-20035,Sam Zeldin,Home Office,United States,Seattle,Washington,98105.0,West,TEC-PH-10002275,Technology,Phones,Mitel 5320 IP Phone VoIP phone,604.768,4.0,0.2,60.4768,Manual Upload,Pending,Check later
8367.0,CA-2014-109918,9/7/2014,9/12/2014,Second Class,LR-17035,Lisa Ryan,Corporate,United States,Santa Clara,California,95051.0,West,OFF-SU-10004290,Office Supplies,Supplies,"Acme Design Line 8"" Stainless Steel Bent Scissors w/Champagne Handles, 3-1/8"" Cut",27.36,4.0,0.0,7.3872,ERP,Pending,Duplicate?
8368.0,CA-2014-109918,9/7/2014,9/12/2014,Second Class,LR-17035,Lisa Ryan,Corporate,United States,Santa Clara,California,95051.0,West,OFF-PA-10000174,Office Supplies,Paper,"Message Book, Wirebound, Four 5 1/2"" X 4"" Forms/Pg., 200 Dupl. Sets/Book",20.56,2.0,0.0,9.6632,Legacy,,
8369.0,CA-2014-109918,9/7/2014,9/12/2014,Second Class,LR-17035,Lisa Ryan,Corporate,United States,Santa Clara,California,95051.0,West,OFF-BI-10004308,Office Supplies,Binders,Avery Legal 4-Ring Binder,83.92,5.0,0.2,31.47,Manual Upload,Approved,
8370.0,CA-2016-118745,6/11/2016,6/16/2016,Standard Class,SV-20365,Seth Vernon,Consumer,United States,los angeles ,California,90049.0,West,FUR-TA-10003473,Furniture,Tables,Bretford Rectangular Conference Table Tops,902.712,3.0,0.2,33.8517,ERP,Rejected,Urgent
8371.0,CA-2016-163972,10/17/2016,10/21/2016,Standard Class,MG-17890,Michael Granlund,Home Office,United States,Fresno,California,93727.0,West,FUR-BO-10003894,Furniture,Bookcases,"Safco Value Mate Steel Bookcase, Baked Enamel Finish on Steel, Black",120.666,2.0,0.15,21.294,Legacy,,Urgent
8372.0,CA-2014-165393,12/27/2014,12/30/2014,First Class,NC-18415,Nathan Cano,Consumer,United States,Fort Worth,Texas,76106.0,Central,OFF-BI-10001658,Office Supplies,Binders,GBC Standard Therm-A-Bind Covers,4.984,1.0,0.8,-8.4728,Manual Upload,Approved,Duplicate?
8373.0,CA-2016-113726,11/24/2016,12/1/2016,Standard Class,SC-20680,Steve Carroll,Home Office,United States,Seattle,Washington,98105.0,West,FUR-FU-10003535,Furniture,Furnishings,Howard Miller Distant Time Traveler Alarm Clock,82.26,3.0,0.0,33.7266,Manual Upload,Rejected,
8374.0,CA-2016-152940,11/10/2016,11/13/2016,First Class,RO-19780,Rose O'Brian,Consumer,United States,San Francisco,California,94110.0,West,OFF-ST-10000352,Office Supplies,Storage,Acco Perma 2700 Stacking Storage Drawers,29.74,1.0,0.0,4.461,Manual Upload,Pending,
8375.0,CA-2015-158701,1/5/2015,1/10/2015,Standard Class,JL-15175,James Lanier,Home Office,United States,San Francisco,California,94110.0,West,OFF-AP-10004859,Office Supplies,Appliances,Acco 6 Outlet Guardian Premium Surge Suppressor,87.36,6.0,0.0,23.5872,ERP,Approved,
8376.0,CA-2015-158701,1/5/2015,1/10/2015,Standard Class,JL-15175,James Lanier,Home Office,United States,San Francisco,California,94110.0,West,OFF-BI-10001294,Office Supplies,Binders,Fellowes Binding Cases,56.16,6.0,0.2,17.55,ERP,Approved,Check later
8377.0,CA-2017-156272,3/21/2017,3/27/2017,Standard Class,PW-19030,Pauline Webber,Corporate,United States,Pompano Beach,Florida,33068.0,South,OFF-AP-10001242,Office Supplies,Appliances,APC 7 Outlet Network SurgeArrest Surge Protector,64.384,1.0,0.2,8.048,Legacy,Approved,Urgent
8378.0,CA-2015-162964,11/12/2015,11/18/2015,Standard Class,MF-18250,Monica Federle,Corporate,United States,Houston,Texas,77095.0,Central,OFF-ST-10002344,Office Supplies,Storage,"Carina 42""Hx23 3/4""W Media Storage Unit",64.784,1.0,0.2,-14.5764,ERP,Pending,
8379.0,CA-2015-162964,11/12/2015,11/18/2015,Standard Class,MF-18250,Monica Federle,Corporate,United States,Houston,Texas,77095.0,Central,OFF-PA-10003349,Office Supplies,Paper,Xerox 1957,15.552,3.0,0.2,5.6376,Manual Upload,,Check later
8380.0,CA-2015-162964,11/12/2015,11/18/2015,Standard Class,MF-18250,Monica Federle,Corporate,United States,Houston,Texas,77095.0,Central,OFF-EN-10003055,Office Supplies,Envelopes,"Blue String-Tie & Button Interoffice Envelopes, 10 x 13",223.888,7.0,0.2,69.965,CRM,Rejected,Check later
8381.0,CA-2014-103527,9/9/2014,9/14/2014,Second Class,CC-12220,Chris Cortes,Consumer,United States,Chicago,Illinois,60653.0,Central,OFF-PA-10001622,Office Supplies,Paper,"Ampad Poly Cover Wirebound Steno Book, 6"" x 9"" Assorted Colors, Gregg Ruled",10.896,3.0,0.2,3.405,CRM,,Urgent
8382.0,CA-2016-134544,3/17/2016,3/19/2016,Second Class,AC-10660,Anna Chung,Consumer,United States,San Francisco,California,94109.0,West,TEC-PH-10003800,Technology,Phones,i.Sound Portable Power - 8000 mAh,84.784,2.0,0.2,-20.1362,CRM,,Duplicate?
8383.0,CA-2016-163048,2/8/2016,2/15/2016,Standard Class,MH-17440,Mark Haberlin,Corporate,United States,Houston,Texas,77036.0,Central,FUR-CH-10001270,Furniture,Chairs,Harbour Creations Steel Folding Chair,241.5,4.0,0.3,0.0,ERP,Pending,
8384.0,CA-2016-145135,11/26/2016,11/28/2016,First Class,CD-12790,Cynthia Delaney,Home Office,United States,Shelton,Connecticut,6484.0,East,TEC-AC-10003447,Technology,Accessories,Micropad Numeric Keypads,59.97,3.0,0.0,14.9925,CRM,Rejected,Check later
8385.0,CA-2016-145135,11/26/2016,11/28/2016,First Class,CD-12790,Cynthia Delaney,Home Office,United States,Shelton,Connecticut,6484.0,East,OFF-PA-10004285,Office Supplies,Paper,Xerox 1959,13.36,2.0,0.0,6.4128,Legacy,,Urgent
8386.0,CA-2017-137582,9/4/2017,9/8/2017,Standard Class,CV-12805,Cynthia Voltz,Corporate,United States,Oakland,California,94601.0,West,OFF-BI-10001757,Office Supplies,Binders,Pressboard Hanging Data Binders for Unburst Sheets,11.808,3.0,0.2,4.1328,Manual Upload,,Duplicate?
8387.0,CA-2015-149601,5/28/2015,6/3/2015,Standard Class,TB-21625,Trudy Brown,Consumer,United States,Manchester,Connecticut,6040.0,East,OFF-ST-10001558,Office Supplies,Storage,Acco Perma 4000 Stacking Storage Drawers,16.24,1.0,0.0,2.436,ERP,Approved,Check later
8388.0,CA-2015-149601,5/28/2015,6/3/2015,Standard Class,TB-21625,Trudy Brown,Consumer,United States,Manchester,Connecticut,6040.0,East,OFF-ST-10001328,Office Supplies,Storage,"Personal Filing Tote with Lid, Black/Gray",77.55,5.0,0.0,21.714,ERP,Pending,Urgent
8389.0,CA-2014-139423,11/1/2014,11/5/2014,Standard Class,DG-13300,Deirdre Greer,Corporate,United States,Orange,New Jersey,7050.0,East,OFF-AP-10004708,Office Supplies,Appliances,Fellowes Superior 10 Outlet Split Surge Protector,76.12,2.0,0.0,22.0748,ERP,Approved,Check later
8390.0,CA-2016-102596,12/27/2016,12/30/2016,First Class,RD-19810,Ross DeVincentis,Home Office,United States,Akron,Ohio,44312.0,East,OFF-FA-10000621,Office Supplies,Fasteners,"OIC Colored Binder Clips, Assorted Sizes",17.184,6.0,0.2,6.2292,ERP,Rejected,Duplicate?
8391.0,CA-2017-153227,12/4/2017,12/6/2017,First Class,CS-12250,Chris Selesnick,Corporate,United States,Los Angeles,California,90032.0,West,OFF-PA-10001838,Office Supplies,Paper,"Adams Telephone Message Book W/Dividers/Space For Phone Numbers, 5 1/4""X8 1/2"", 300/Messages",11.76,2.0,0.0,5.7624,Manual Upload,,Urgent
8392.0,CA-2017-110625,12/23/2017,12/30/2017,Standard Class,JB-16045,Julia Barnett,Home Office,United States,Danbury,Connecticut,6810.0,East,FUR-FU-10001473,Furniture,Furnishings,DAX Wood Document Frame,27.46,2.0,0.0,9.8856,CRM,,Check later
8393.0,CA-2016-142594,12/1/2016,12/6/2016,Second Class,EJ-14155,Eva Jacobs,CONSUMER,United States,Franklin,Massachusetts,2038.0,East,TEC-PH-10000193,Technology,Phones,Jensen SMPS-640 - speaker phone,137.94,3.0,0.0,35.8644,ERP,Pending,
8394.0,CA-2016-142594,12/1/2016,12/6/2016,Second Class,EJ-14155,Eva Jacobs,Consumer,United States,Franklin,Massachusetts,2038.0,East,FUR-FU-10002045,Furniture,Furnishings,"Executive Impressions 14""",111.15,5.0,0.0,48.906,ERP,Rejected,
8395.0,CA-2016-142594,12/1/2016,12/6/2016,Second Class,EJ-14155,Eva Jacobs,Consumer,United States,Franklin,Massachusetts,2038.0,East,OFF-AP-10002945,Office Supplies,Appliances,Honeywell Enviracaire Portable HEPA Air Cleaner for 17' x 22' Room,901.95,3.0,0.0,297.6435,Manual Upload,Rejected,Urgent
8396.0,CA-2016-142594,12/1/2016,12/6/2016,Second Class,EJ-14155,Eva Jacobs,Consumer,United States,Franklin,Massachusetts,2038.0,East,FUR-TA-10001095,Furniture,Tables,Chromcraft Round Conference Tables,366.009,3.0,0.3,-47.0583,CRM,,
8397.0,CA-2014-152254,6/30/2014,6/30/2014,Same Day,BD-11620,Brian DeCherney,Consumer,United States,Wilmington,North Carolina,28403.0,South,OFF-PA-10001144,Office Supplies,Paper,Xerox 1913,310.688,7.0,0.2,108.7408,Legacy,,
8398.0,US-2014-120236,9/3/2014,9/4/2014,First Class,MR-17545,Mathew Reese,Home Office,United States,Houston,Texas,77095.0,Central,OFF-BI-10004099,Office Supplies,Binders,GBC VeloBinder Strips,7.68,5.0,0.8,-11.52,ERP,Approved,Check later
8399.0,CA-2017-120061,11/2/2017,11/7/2017,Second Class,SR-20425,Sharelle Roach,Home Office,United States,Springfield,Ohio,45503.0,East,FUR-CH-10001973,Furniture,Chairs,Office Star Flex Back Scooter Chair with White Frame,155.372,2.0,0.3,-35.5136,Legacy,,
8400.0,CA-2015-133837,4/13/2015,4/18/2015,Standard Class,TH-21100,Thea Hendricks,Consumer,United States,Glendale,Arizona,85301.0,West,OFF-ST-10000344,Office Supplies,Storage,"Neat Ideas Personal Hanging Folder Files, Black",10.744,1.0,0.2,0.8058,Manual Upload,,Duplicate?
8401.0,CA-2015-110814,12/5/2015,12/9/2015,Second Class,BD-11635,Brian Derr,Consumer,United States,New York City,New York,10009.0,East,OFF-BI-10002026,Office Supplies,Binders,Avery Arch Ring Binders,232.4,5.0,0.2,78.435,CRM,Rejected,
8402.0,CA-2015-110814,12/5/2015,12/9/2015,Second Class,BD-11635,Brian Derr,Consumer,United States,New York City,New York,10009.0,East,FUR-CH-10003535,Furniture,Chairs,"Global Armless Task Chair, Royal Blue",164.646,3.0,0.1,12.8058,CRM,Pending,Check later
8403.0,CA-2015-110814,12/5/2015,12/9/2015,Second Class,BD-11635,Brian Derr,Consumer,United States,New York City,New York,10009.0,East,OFF-PA-10004156,Office Supplies,Paper,Xerox 188,22.68,2.0,0.0,11.1132,ERP,Approved,Urgent
8404.0,CA-2016-154067,2/1/2016,2/7/2016,Standard Class,SM-20950,Suzanne McNair,Corporate,United States,Los Angeles,California,90036.0,West,OFF-PA-10002254,Office Supplies,Paper,Xerox 1883,105.52,4.0,0.0,48.5392,ERP,,Check later
8405.0,CA-2017-140480,7/8/2017,7/12/2017,Std Class,HE-14800,Harold Engle,Corporate,United States,Newark,Delaware,19711.0,East,FUR-FU-10003247,Furniture,Furnishings,36X48 HARDFLOOR CHAIRMAT,83.92,4.0,0.0,5.8744,Manual Upload,Approved,
8406.0,CA-2017-140480,7/8/2017,7/12/2017,Standard Class,HE-14800,Harold Engle,Corporate,United States,Newark,Delaware,19711.0,East,TEC-AC-10002473,Technology,Accessories,Maxell 4.7GB DVD-R,141.9,5.0,0.0,58.179,Legacy,,Duplicate?
8407.0,CA-2017-140480,7/8/2017,7/12/2017,Standard Class,HE-14800,Harold Engle,Corporate,United States,Newark,Delaware,19711.0,East,FUR-FU-10001057,Furniture,Furnishings,Tensor Track Tree Floor Lamp,39.98,2.0,0.0,9.1954,Legacy,Rejected,Urgent
8408.0,CA-2017-140480,7/8/2017,7/12/2017,Standard Class,HE-14800,Harold Engle,Corporate,United States,Newark,Delaware,19711.0,East,OFF-AR-10001419,Office Supplies,Art,Newell 325,28.91,7.0,0.0,8.673,ERP,Pending,Check later
8409.0,CA-2017-140480,7/8/2017,7/12/2017,Standard Class,HE-14800,Harold Engle,Corporate,United States,Newark,Delaware,19711.0,East,OFF-AR-10004010,Office Supplies,Art,Hunt Boston Vacuum Mount KS Pencil Sharpener,174.95,5.0,0.0,45.487,ERP,Pending,
8410.0,CA-2015-134082,12/11/2015,12/17/2015,Standard Class,JK-15640,Jim Kriz,Home Office,United States,San Bernardino,California,92404.0,West,OFF-BI-10004230,Office Supplies,Binders,GBC Recycled Grain Textured Covers,110.528,4.0,0.2,38.6848,Legacy,Pending,
8411.0,CA-2016-130820,11/15/2016,11/15/2016,Same Day,ON-18715,Odella Nelson,Corporate,United States,Burlington,North Carolina,27217.0,South,FUR-TA-10001768,Furniture,Tables,Hon Racetrack Conference Tables,630.024,4.0,0.4,-199.5076,Legacy,Pending,Check later
8412.0,CA-2016-159765,5/9/2016,5/12/2016,Second Class,TH-21100,Thea Hendricks,Consumer,United States,Salem,Virginia,24153.0,South,OFF-AR-10003514,Office Supplies,Art,4009 Highlighters by Sanford,27.86,7.0,0.0,9.1938,CRM,,
8413.0,CA-2017-132290,3/10/2017,3/14/2017,Standard Class,MD-17350,Maribeth Dona,Consumer,United States,Dallas,Texas,75217.0,Central,FUR-TA-10002228,Furniture,Tables,"Bevis Traditional Conference Table Top, Plinth Base",933.408,4.0,0.3,-173.3472,Manual Upload,Approved,
8414.0,CA-2016-147109,12/17/2016,12/21/2016,Standard Class,AH-10075,Adam Hart,Corporate,United States,Arlington,Texas,76017.0,Central,OFF-PA-10001972,Office Supplies,Paper,Xerox 214,51.84,10.0,0.2,18.144,Legacy,Rejected,
8415.0,CA-2016-147109,12/17/2016,12/21/2016,Standard Class,AH-10075,Adam Hart,Corporate,United States,Arlington,Texas,76017.0,Central,TEC-AC-10002942,Technology,Accessories,WD My Passport Ultra 1TB Portable External Hard Drive,165.6,3.0,0.2,-6.21,ERP,Pending,Duplicate?
8416.0,CA-2017-107265,4/6/2017,4/12/2017,Standard Class,ML-17755,Max Ludwig,Home Office,United States,Marion,Iowa,52302.0,Central,OFF-PA-10000474,Office Supplies,Paper,Easy-staple paper,106.32,3.0,0.0,49.9704,Legacy,Pending,Duplicate?
8417.0,CA-2017-118199,5/9/2017,5/11/2017,First Class,LB-16795,Laurel Beltran,Home Office,United States,Seattle,Washington,98105.0,West,OFF-BI-10004330,Office Supplies,Binders,"GBC Velobind Prepunched Cover Sets, Regency Series",147.92,5.0,0.2,46.225,ERP,,Duplicate?
8418.0,CA-2017-118199,5/9/2017,5/11/2017,First Class,LB-16795,Laurel Beltran,Home Office,United States,Seattle,Washington,98105.0,West,OFF-ST-10000604,Office Supplies,Storage,Home/Office Personal File Carts,104.28,3.0,0.0,26.07,Manual Upload,Rejected,
8419.0,CA-2017-118199,5/9/2017,5/11/2017,First Class,LB-16795,Laurel Beltran,Home Office,United States,Seattle,Washington,98105.0,West,FUR-TA-10004154,Furniture,Tables,"Riverside Furniture Oval Coffee Table, Oval End Table, End Table with Drawer",286.85,1.0,0.0,63.107,Legacy,Approved,Check later
8420.0,CA-2017-118199,5/9/2017,5/11/2017,First Class,LB-16795,Laurel Beltran,Home Office,United States,Seattle,Washington,98105.0,West,OFF-ST-10000636,Office Supplies,Storage,Rogers Profile Extra Capacity Storage Tub,66.96,4.0,0.0,2.6784,CRM,Pending,Urgent
8421.0,CA-2017-118199,5/9/2017,5/11/2017,First Class,LB-16795,Laurel Beltran,Home Office,United States,Seattle,Washington,98105.0,West,TEC-AC-10004171,Technology,Accessories,Razer Kraken 7.1 Surround Sound Over Ear USB Gaming Headset,199.98,2.0,0.0,87.9912,Legacy,Rejected,
8422.0,CA-2017-150091,10/12/2017,10/16/2017,Standard Class,NP-18670,Nora Paige,Consumer,United States,Lakewood,New Jersey,8701.0,East,TEC-AC-10002167,Technology,Accessories,Imation 8gb Micro Traveldrive Usb 2.0 Flash Drive,45.0,3.0,0.0,4.95,Legacy,Rejected,
8423.0,CA-2017-150091,10/12/2017,10/16/2017,Standard Class,NP-18670,Nora Paige,Consumer,United States,Lakewood,New Jersey,8701.0,East,OFF-FA-10000621,Office Supplies,Fasteners,"OIC Colored Binder Clips, Assorted Sizes",17.9,5.0,0.0,8.771,CRM,Approved,Check later
8424.0,CA-2017-150091,10/12/2017,10/16/2017,Standard Class,NP-18670,Nora Paige,Consumer,United States,Lakewood,New Jersey,8701.0,East,FUR-FU-10004053,Furniture,Furnishings,DAX Two-Tone Silver Metal Document Frame,40.48,2.0,0.0,17.4064,Manual Upload,Rejected,
8425.0,CA-2017-150091,10/12/2017,10/16/2017,Standard Class,NP-18670,Nora Paige,Consumer,United States,Lakewood,New Jersey,8701.0,East,FUR-BO-10003404,Furniture,Bookcases,"Global Adaptabilites Bookcase, Cherry/Storm Gray Finish",2154.9,5.0,0.0,129.294,CRM,Pending,Check later
8426.0,CA-2016-137652,8/28/2016,8/30/2016,First Class,EB-13750,Edward Becker,Corporate,United States,Cincinnati,Ohio,45231.0,East,OFF-BI-10004099,Office Supplies,Binders,GBC VeloBinder Strips,18.432,8.0,0.7,-12.288,Manual Upload,,Duplicate?
8427.0,CA-2015-128356,10/2/2015,10/7/2015,Standard Class,RP-19390,Resi Pölking,Consumer,United States,Thornton,Colorado,80229.0,West,OFF-SU-10004290,Office Supplies,Supplies,"Acme Design Line 8"" Stainless Steel Bent Scissors w/Champagne Handles, 3-1/8"" Cut",10.944,2.0,0.2,0.9576,CRM,Rejected,Urgent
8428.0,CA-2017-167017,11/23/2017,11/25/2017,First Class,DC-12850,Dan Campbell,Consumer,United States,Roseville,Michigan,48066.0,Central,OFF-SU-10001935,Office Supplies,Supplies,Staple remover,4.36,2.0,0.0,0.1744,Legacy,Rejected,Urgent
8429.0,US-2017-132220,11/12/2017,11/16/2017,Standard Class,DJ-13510,Don Jones,Corporate,United States,Tempe,Arizona,85281.0,West,TEC-AC-10004227,Technology,Accessories,SanDisk Ultra 16 GB MicroSDHC Class 10 Memory Card,62.352,6.0,0.2,-10.9116,Legacy,Approved,
8430.0,CA-2016-118129,12/19/2016,12/21/2016,Second Class,CL-12565,Clay Ludtke,Consumer,United States,Reading,Pennsylvania,19601.0,East,FUR-FU-10004904,Furniture,Furnishings,"Eldon ""L"" Workstation Diamond Chairmat",303.92,5.0,0.2,-30.392,Manual Upload,Approved,
8431.0,US-2014-113124,3/30/2014,4/5/2014,Standard Class,NC-18340,Nat Carroll,Consumer,United States,Apple Valley,Minnesota,55124.0,central,OFF-ST-10001511,Office Supplies,Storage,Space Solutions Commercial Steel Shelving,129.3,2.0,0.0,6.465,CRM,Approved,
8432.0,CA-2017-155621,11/8/2017,11/13/2017,Standard Class,KN-16450,Kean Nguyen,Corporate,United States,Baltimore,Maryland,21215.0,East,FUR-FU-10003535,Furniture,Furnishings,Howard Miller Distant Time Traveler Alarm Clock,274.2,10.0,0.0,112.422,CRM,,Urgent
8433.0,US-2014-127635,9/14/2014,9/18/2014,Second Class,SC-20260,Scott Cohen,Corporate,United States,Corpus Christi,Texas,78415.0,Central,OFF-FA-10000053,Office Supplies,Fasteners,Revere Boxed Rubber Bands by Revere,6.048,4.0,0.2,-1.3608,ERP,Approved,Urgent
8434.0,US-2014-127635,9/14/2014,9/18/2014,Second Class,SC-20260,Scott Cohen,Corporate,United States,Corpus Christi,Texas,78415.0,Central,OFF-PA-10004610,Office Supplies,Paper,Xerox 1900,6.848,2.0,0.2,2.14,CRM,Rejected,
8435.0,US-2014-127635,9/14/2014,9/18/2014,Second Class,SC-20260,Scott Cohen,Corporate,United States,Corpus Christi,Texas,78415.0,Central,FUR-FU-10000550,Furniture,Furnishings,Stacking Trays by OIC,9.96,5.0,0.6,-6.723,Legacy,Approved,
8436.0,US-2014-127635,9/14/2014,9/18/2014,Second Class,SC-20260,Scott Cohen,Corporate,United States,Corpus Christi,Texas,78415.0,Central,OFF-BI-10001721,Office Supplies,Binders,Trimflex Flexible Post Binders,8.552,2.0,0.8,-13.6832,CRM,Rejected,
8437.0,CA-2015-151470,9/20/2015,9/26/2015,Standard Class,AM-10705,Anne McFarland,Consumer,United States,Las Vegas,Nevada,89115.0,West,OFF-BI-10004040,Office Supplies,Binders,Wilson Jones Impact Binders,45.584,11.0,0.2,16.5242,ERP,,
8438.0,CA-2015-112823,12/10/2015,12/16/2015,Standard Class,RA-19945,Ryan Akin,Consumer,United States,Cleveland,Ohio,44105.0,East,TEC-AC-10002550,Technology,Accessories,Maxell 4.7GB DVD-RW 3/Pack,25.488,2.0,0.2,4.4604,Manual Upload,Pending,
8439.0,CA-2014-108861,5/28/2014,6/1/2014,Standard Class,MM-17260,Magdelene Morse,Consumer,United States,Seattle,Washington,98105.0,West,OFF-BI-10003876,Office Supplies,Binders,"Green Canvas Binder for 8-1/2"" x 14"" Sheets",136.96,4.0,0.2,51.36,ERP,Approved,
8440.0,CA-2017-114370,3/14/2017,3/17/2017,Second Class,BN-11470,Brad Norvell,Corporate,United States,Chicago,Illinois,60623.0,Central,TEC-PH-10000213,Technology,Phones,Seidio BD2-HK3IPH5-BK DILEX Case and Holster Combo for Apple iPhone 5/5s - Black,49.616,2.0,0.2,4.9616,CRM,Pending,
8441.0,CA-2016-158302,12/8/2016,12/12/2016,Second Class,JB-16045,Julia Barnett,Home Office,United States,Columbus,Ohio,43229.0,East,OFF-PA-10002615,Office Supplies,Paper,"Ampad Gold Fibre Wirebound Steno Books, 6"" x 9"", Gregg Ruled",10.584,3.0,0.2,3.4398,Legacy,Pending,Duplicate?
8442.0,CA-2017-145779,5/6/2017,5/10/2017,Standard Class,DB-13615,Doug Bickford,Consumer,United States,Tucson,Arizona,85705.0,West,OFF-PA-10002254,Office Supplies,Paper,Xerox 1883,84.416,4.0,0.2,27.4352,Legacy,,Check later
8443.0,US-2016-155173,3/6/2016,3/10/2016,Standard Class,JB-16045,Julia Barnett,Home Office,United States,Philadelphia,Pennsylvania,19120.0,East,TEC-PH-10004586,Technology,Phones,Wilson SignalBoost 841262 DB PRO Amplifier Kit,431.94,2.0,0.4,-71.99,Legacy,,Check later
8444.0,US-2016-155173,3/6/2016,3/10/2016,Standard Class,JB-16045,Julia Barnett,Home Office,United States,Philadelphia,Pennsylvania,19120.0,East,OFF-BI-10002982,Office Supplies,Binders,Avery Self-Adhesive Photo Pockets for Polaroid Photos,2.043,1.0,0.7,-1.4982,CRM,Rejected,Duplicate?
8445.0,US-2016-155173,3/6/2016,3/10/2016,Standard Class,JB-16045,Julia Barnett,Home Office,United States,Philadelphia,Pennsylvania,19120.0,East,TEC-PH-10002538,Technology,Phones,Grandstream GXP1160 VoIP phone,68.238,3.0,0.4,-12.5103,ERP,Rejected,Duplicate?
8446.0,CA-2017-125451,10/23/2017,10/24/2017,First Class,AH-10075,Adam Hart,Corporate,United States,Cranston,Rhode Island,2920.0,East,FUR-TA-10001039,Furniture,Tables,KI Adjustable-Height Table,240.744,4.0,0.3,-13.7568,CRM,Pending,
8447.0,CA-2017-125451,10/23/2017,10/24/2017,First Class,AH-10075,Adam Hart,Corporate,United States,Cranston,Rhode Island,2920.0,East,FUR-FU-10004963,Furniture,Furnishings,"Eldon 400 Class Desk Accessories, Black Carbon",35.0,4.0,0.0,14.7,CRM,Approved,
8448.0,CA-2017-125451,10/23/2017,10/24/2017,First Class,AH-10075,Adam Hart,Corporate,United States,Cranston,Rhode Island,2920.0,East,FUR-FU-10000277,Furniture,Furnishings,Deflect-o DuraMat Antistatic Studded Beveled Mat for Medium Pile Carpeting,210.68,2.0,0.0,50.5632,Manual Upload,Approved,
8449.0,CA-2017-125451,10/23/2017,10/24/2017,First Class,AH-10075,Adam Hart,Corporate,United States,Cranston,Rhode Island,2920.0,East,FUR-TA-10004915,Furniture,Tables,"Office Impressions End Table, 20-1/2""H x 24""W x 20""D",637.896,3.0,0.3,-127.5792,ERP,,Urgent
8450.0,CA-2017-125451,10/23/2017,10/24/2017,First Class,AH-10075,Adam Hart,Corporate,United States,Cranston,Rhode Island,2920.0,East,OFF-PA-10003724,Office Supplies,Paper,"Wirebound Message Book, 4 per Page",43.44,8.0,0.0,21.2856,Manual Upload,Pending,Check later
8451.0,CA-2017-125451,10/23/2017,10/24/2017,First Class,AH-10075,Adam Hart,Corporate,United States,Cranston,Rhode Island,2920.0,East,OFF-AP-10002906,Office Supplies,Appliances,Hoover Replacement Belt for Commercial Guardsman Heavy-Duty Upright Vacuum,2.22,1.0,0.0,0.666,CRM,Rejected,Check later
8452.0,CA-2014-131387,4/28/2014,4/30/2014,First Class,AI-10855,Arianne Irving,Consumer,United States,San Francisco,California,94122.0,West,TEC-PH-10001459,Technology,Phones,Samsung Galaxy Mega 6.3,1679.96,5.0,0.2,125.997,CRM,Rejected,
8453.0,CA-2016-125087,4/18/2016,4/23/2016,Standard Class,TH-21115,Thea Hudgings,Corporate,United States,Houston,Texas,77070.0,Central,FUR-CH-10002880,Furniture,Chairs,"Global High-Back Leather Tilter, Burgundy",344.372,4.0,0.3,-93.4724,ERP,Approved,Urgent
8454.0,CA-2016-125087,4/18/2016,4/23/2016,Standard Class,TH-21115,Thea Hudgings,Corporate,United States,Houston,Texas,77070.0,Central,OFF-ST-10001780,Office Supplies,Storage,Tennsco 16-Compartment Lockers with Coat Rack,1554.936,3.0,0.2,77.7468,CRM,Rejected,Urgent
8455.0,CA-2016-125087,4/18/2016,4/23/2016,Standard Class,TH-21115,Thea Hudgings,Corporate,United States,Houston,Texas,77070.0,Cntrl,FUR-FU-10004748,Furniture,Furnishings,"Howard Miller 16"" Diameter Gallery Wall Clock",127.88,5.0,0.6,-67.137,Legacy,Approved,Duplicate?
8456.0,CA-2016-154081,5/22/2016,5/29/2016,Standard Class,JE-15610,Jim Epp,Corporate,United States,Los Angeles,California,90049.0,West,TEC-PH-10001918,Technology,Phones,Nortel Business Series Terminal T7208 Digital phone,222.384,2.0,0.2,22.2384,CRM,Pending,Urgent
8457.0,US-2017-118556,5/28/2017,6/2/2017,Second Class,TH-21235,Tiffany House,Corporate,United States,Chicago,Illinois,60653.0,Central,FUR-CH-10001146,Furniture,Chairs,"Global Task Chair, Black",106.869,3.0,0.3,-29.0073,Manual Upload,Pending,
8458.0,US-2017-118556,5/28/2017,6/2/2017,Second Class,TH-21235,Tiffany House,Corporate,United States,Chicago,Illinois,60653.0,Central,OFF-BI-10004364,Office Supplies,Binders,Storex Dura Pro Binders,3.564,3.0,0.8,-6.237,CRM,,Check later
8459.0,CA-2014-126200,8/25/2014,8/29/2014,Standard Class,JE-15715,Joe Elijah,Consumer,United States,Houston,Texas,77070.0,Central,OFF-BI-10002133,Office Supplies,Binders,"Wilson Jones Elliptical Ring 3 1/2"" Capacity Binders, 800 sheets",25.68,3.0,0.8,-39.804,Legacy,Rejected,Duplicate?
8460.0,CA-2014-126200,8/25/2014,8/29/2014,Standard Class,JE-15715,Joe Elijah,Consumer,United States,Houston,Texas,ABCDE,Central,OFF-BI-10002225,Office Supplies,Binders,"Square Ring Data Binders, Rigid 75 Pt. Covers, 11"" x 14-7/8""",12.384,3.0,0.8,-19.8144,Legacy,Approved,Check later
8461.0,CA-2014-146500,8/30/2014,9/4/2014,Standard Class,AT-10735,Annie Thurman,Consumer,United States,Bristol,Connecticut,6010.0,East,OFF-BI-10002432,Office Supplies,Binders,Wilson Jones Standard D-Ring Binders,25.3,5.0,0.0,11.891,Legacy,,Duplicate?
8462.0,CA-2014-146500,8/30/2014,9/4/2014,Standard Class,AT-10735,Annie Thurman,Consumer,United States,Bristol,Connecticut,6010.0,East,OFF-ST-10000563,Office Supplies,Storage,Fellowes Bankers Box Stor/Drawer Steel Plus,95.94,3.0,0.0,9.594,ERP,,Urgent
8463.0,CA-2015-169537,9/3/2015,9/7/2015,Second Class,JH-15820,John Huston,Consumer,United States,Holland,Michigan,49423.0,Central,OFF-LA-10001982,Office Supplies,Labels,Smead Alpha-Z Color-Coded Name Labels First Letter Starter Set,7.5,2.0,0.0,3.6,ERP,Rejected,Check later
8464.0,CA-2014-100881,3/28/2014,4/1/2014,Standard Class,DR-12940,Daniel Raglin,Home Office,United States,Albuquerque,New Mexico,87105.0,Wst,TEC-PH-10003273,Technology,Phones,AT&T TR1909W,302.376,3.0,0.2,22.6782,ERP,Pending,
8465.0,CA-2015-144043,5/10/2015,5/15/2015,Standard Class,AB-10165,Alan Barnes,Consumer,United States,Louisville,Colorado,80027.0,West,TEC-AC-10002718,Technology,Accessories,Belkin Standard 104 key USB Keyboard,46.688,4.0,0.2,-2.918,CRM,,Duplicate?
8466.0,CA-2015-116512,04/09/2015,Apr 14 2015,Standard Class,MC-18100,Mick Crebagga,Consumer,United States,New York City,New York,10024.0,East,OFF-ST-10001505,Office Supplies,Storage,"Perma STOR-ALL Hanging File Box, 13 1/8""W x 12 1/4""D x 10 1/2""H",17.94,3.0,0.0,3.0498,Legacy,Rejected,
8467.0,CA-2015-101000,4/9/2015,4/14/2015,Standard Class,IG-15085,Ivan Gibson,Consumer,United States,Norwich,Connecticut,6360.0,East,OFF-AP-10000179,Office Supplies,Appliances,Honeywell Enviracaire Portable HEPA Air Cleaner for up to 10 x 16 Room,370.14,3.0,0.0,144.3546,ERP,Rejected,Urgent
8468.0,CA-2016-168557,9/19/2016,9/23/2016,Standard Class,FH-14275,Frank Hawley,Corporate,United States,San Francisco,California,94122.0,West,OFF-BI-10002309,Office Supplies,Binders,Avery Heavy-Duty EZD  Binder With Locking Rings,8.928,2.0,0.2,3.1248,Manual Upload,,Check later
8469.0,US-2016-164196,11/11/2016,11/17/2016,Standard Class,AS-10285,Alejandro Savely,Corporate,United States,Noblesville,Indiana,46060.0,Central,FUR-TA-10001950,Furniture,Tables,Balt Solid Wood Round Tables,2678.94,6.0,0.0,241.1046,Legacy,,Duplicate?
8470.0,US-2017-132031,4/23/2017,4/27/2017,Standard Class,PN-18775,Parhena Norris,Home Office,United States,Clarksville,Tennessee,37042.0,South,FUR-BO-10001972,Furniture ,Bookcases,O'Sullivan 4-Shelf Bookcase in Odessa Pine,387.136,4.0,0.2,-14.5176,Manual Upload,Rejected,
8471.0,US-2017-132031,4/23/2017,4/27/2017,Standard Class,PN-18775,Parhena Norris,Home Office,United States,Clarksville,Tennessee,37042.0,South,TEC-AC-10002473,Technology,Accessories,Maxell 4.7GB DVD-R,45.408,2.0,0.2,11.9196,Manual Upload,Pending,
8472.0,US-2017-132031,4/23/2017,4/27/2017,Standard Class,PN-18775,Parhena Norris,Home Office,United States,Clarksville,Tennessee,37042.0,South,FUR-FU-10000193,Furniture,Furnishings,Tenex Chairmats For Use with Hard Floors,77.952,3.0,0.2,-11.6928,CRM,Approved,Duplicate?
8473.0,US-2017-132031,4/23/2017,4/27/2017,Standard Class,PN-18775,Parhena Norris,Home Office,United States,Clarksville,Tennessee,37042.0,South,OFF-LA-10000081,Office Supplies,Labels,Avery 496,3.0,1.0,0.2,1.05,Legacy,Approved,Check later
8474.0,CA-2015-169733,10/22/2015,10/26/2015,Second Class,GM-14500,Gene McClure,Consumer,United States,Hollywood,Florida,33021.0,South,OFF-ST-10000876,Office Supplies,Storage,Eldon Simplefile Box Office,9.952,1.0,0.2,0.9952,CRM,Rejected,Check later
8475.0,CA-2017-169404,4/9/2017,4/14/2017,Standard Class,NC-18625,Noah Childs,Corporate,United States,York,Pennsylvania,17403.0,East,OFF-BI-10004492,Office Supplies,Binders,Tuf-Vin Binders,37.896,4.0,0.7,-29.0536,Manual Upload,Approved,Check later
8476.0,CA-2017-169404,4/9/2017,4/14/2017,Standard Class,NC-18625,Noah Childs,Corporate,United States,York,Pennsylvania,17403.0,East,OFF-PA-10001033,Office Supplies,Paper,Xerox 1893,65.584,2.0,0.2,23.7742,ERP,,Duplicate?
8477.0,CA-2017-134880,10/27/2017,11/1/2017,Standard Class,TW-21025,Tamara Willingham,Home Office,United States,Mesa,Arizona,85204.0,West,OFF-PA-10004039,Office Supplies,Paper,Xerox 1882,44.784,1.0,0.2,16.2342,Legacy,Rejected,Duplicate?
8478.0,CA-2015-145758,10/30/2015,10/30/2015,Same Day,BF-11020,Barry Französisch,Corporate,United States,New York City,New York,10024.0,East,TEC-MA-10004552,Technology,Machines,Star Micronics TSP100 TSP143LAN Receipt Printer,1035.8,4.0,0.99,269.308,Legacy,Rejected,Check later
8479.0,CA-2017-158736,12/18/2017,12/24/2017,Standard Class,TT-21460,Tonja Turnell,Home Office,United States,San Francisco,California,94110.0,West,OFF-AR-10002578,Office Supplies,Art,Newell 335,5.76,2.0,0.0,1.6704,ERP,Rejected,Urgent
8480.0,US-2016-119270,3/12/2016,3/16/2016,Standard Class,SW-20245,Scot Wooten,Consumer,United States,Los Angeles,California,90036.0,West,OFF-PA-10004022,Office Supplies,Paper,Hammermill Color Copier Paper (28Lb. and 96 Bright),19.98,2.0,0.0,8.991,Manual Upload,Pending,
8481.0,CA-2014-109890,7/21/2014,7/27/2014,Standard Class,PG-18820,Patrick Gardner,Consumer,United States,Omaha,Nebraska,68104.0,Central,TEC-PH-10004100,Technology,Phones,Griffin GC17055 Auxiliary Audio Cable,35.98,2.0,0.0,10.0744,Legacy,Pending,Urgent
8482.0,CA-2016-138583,5/24/2016,5/28/2016,Standard Class,DP-13390,Dennis Pardue,Home Office,United States,Philadelphia,Pennsylvania,19120.0,East,OFF-AR-10001860,Office Supplies,Art,BIC Liqua Brite Liner,16.656,3.0,0.2,3.3312,ERP,Approved,
8483.0,US-2017-118535,2/11/2017,2/15/2017,Standard Class,DJ-13510,Don Jones,Corporate,United States,New York City,New York,10024.0,East,OFF-LA-10001297,Office Supplies,Labels,Avery 473,20.7,2.0,0.0,9.936,Legacy,,
8484.0,CA-2016-126284,9/20/2016,9/24/2016,Standard Class,EN-13780,Edward Nazzal,Consumer,United States,Grand Rapids,Michigan,49505.0,Central,OFF-BI-10004828,Office Supplies,Binders,GBC Poly Designer Binding Covers,83.7,5.0,0.0,41.013,Legacy,Approved,Check later
8485.0,CA-2017-142391,9/24/2017,9/24/2017,Same Day,PB-19150,Philip Brown,Consumer,United States,Seattle,Washington,98115.0,West,FUR-FU-10002759,Furniture,Furnishings,12-1/2 Diameter Round Wall Clock,199.8,10.0,0.0,71.928,Legacy,Pending,
8486.0,CA-2017-124716,3/27/2017,3/31/2017,Standard Class,BD-11560,Brendan Dodson,Home Office,United States,Fresno,California,93727.0,West,OFF-PA-10000740,Office Supplies,Paper,Xerox 1982,45.68,2.0,0.0,21.0128,CRM,Pending,Urgent
8487.0,CA-2017-124716,3/27/2017,3/31/2017,Standard Class,BD-11560,Brendan Dodson,Home Office,United States,Fresno,California,93727.0,West,OFF-PA-10001144,Office Supplies,Paper,Xerox 1913,110.96,2.0,0.0,53.2608,CRM,Rejected,Duplicate?
8488.0,CA-2017-124716,3/27/2017,3/31/2017,Standard Class,BD-11560,Brendan Dodson,Home Office,United States,Fresno,California,93727.0,West,OFF-PA-10000859,Office Supplies,Paper,Unpadded Memo Slips,11.94,3.0,0.0,5.97,Legacy,,
8489.0,CA-2016-158841,2/2/2016,2/4/2016,Second Class,SE-20110,Sanjit Engle,Consumer,United States,Arlington,Virginia,22204.0,South,TEC-MA-10001127,Technology,Machines,"HP Designjet T520 Inkjet Large Format Printer - 24"" Color",8749.95,5.0,0.0,2799.984,ERP,Rejected,
8490.0,CA-2016-158841,2/2/2016,2/4/2016,Second Class,SE-20110,Sanjit Engle,Consumer,United States,Arlington,Virginia,22204.0,South,OFF-BI-10002557,Office Supplies,Binders,Presstex Flexible Ring Binders,36.4,8.0,0.0,18.2,CRM,Pending,Check later
8491.0,CA-2016-158841,2/2/2016,2/4/2016,Second Class,SE-20110,Sanjit Engle,Consumer,United States,Arlington,Virginia,22204.0,South,FUR-FU-10001731,Furniture,Furnishings,Acrylic Self-Standing Desk Frames,18.69,7.0,0.0,7.1022,Legacy,Pending,Urgent
8492.0,CA-2017-106824,7/7/2017,7/11/2017,Standard Class,AT-10735,Annie Thurman,Consumer,United States,Los Angeles,California,90049.0,West,OFF-FA-10001135,Office Supplies,Fasteners,"Brites Rubber Bands, 1 1/2 oz. Box",5.94,3.0,0.0,0.1188,Legacy,,Duplicate?
8493.0,CA-2015-109190,10/23/2015,10/28/2015,Standard Class,CC-12685,Craig Carroll,Consumer,United States,Lubbock,Texas,79424.0,Central,OFF-PA-10000069,Office Supplies,Paper,"TOPS 4 x 6 Fluorescent Color Memo Sheets, 500 Sheets per Pack",60.736,8.0,0.2,20.4984,ERP,Rejected,Duplicate?
8494.0,CA-2015-109190,10/23/2015,Oct 28 2015,Standard Class,CC-12685,Craig Carroll,Consumer,United States,Lubbock,Texas,79424.0,Central,TEC-CO-10001943,Technology,Copiers,Canon PC-428 Personal Copier,479.976,3.0,0.2,161.9919,CRM,Pending,Check later
8495.0,CA-2015-109190,10/23/2015,10/28/2015,Standard Class,CC-12685,Craig Carroll,Consumer,United States,Lubbock,Texas,79424.0,Central,OFF-BI-10000977,Office Supplies,Binders,Ibico Plastic Spiral Binding Combs,6.08,1.0,0.8,-10.336,ERP,,
8496.0,CA-2016-143154,12/2/2016,12/8/2016,Standard Class,AS-10225,Alan Schoenberger,Corporate,United States,Longmont,Colorado,80501.0,West,TEC-AC-10002942,Technology,Accessories,WD My Passport Ultra 1TB Portable External Hard Drive,165.6,3.0,0.2,-6.21,Legacy,,Duplicate?
8497.0,CA-2014-169061,3/5/2014,3/8/2014,Second Class,AB-10150,Aimee Bixby,Consumer,United States,Yonkers,New York,10701.0,East,OFF-AR-10000588,Office Supplies,Art,Newell 345,59.52,3.0,0.0,15.4752,CRM,Rejected,Check later
8498.0,CA-2014-169061,3/5/2014,3/8/2014,Second Class,AB-10150,Aimee Bixby,Consumer,United States,Yonkers,New York,10701.0,East,TEC-AC-10002001,Technology,Accessories,Logitech Wireless Gaming Headset G930,479.97,3.0,0.0,177.5889,ERP,Rejected,Duplicate?
8499.0,CA-2014-169061,3/5/2014,3/8/2014,Second Class,AB-10150,Aimee Bixby,Consumer,United States,Yonkers,New York,10701.0,East,OFF-SU-10000381,Office Supplies,Supplies,Acme Forged Steel Scissors with Black Enamel Handles,18.62,2.0,0.0,5.3998,Legacy,Rejected,
8500.0,CA-2014-169061,3/5/2014,3/8/2014,Second Class,AB-10150,Aimee Bixby,Consumer,United States,Yonkers,New York,10701.0,East,OFF-BI-10001617,Office Supplies,Binders,GBC Wire Binding Combs,49.632,6.0,0.2,16.7508,CRM,,Urgent
8501.0,CA-2014-169061,3/5/2014,3/8/2014,Second Class,AB-10150,Aimee Bixby,Consumer,United States,Yonkers,N.Y.,10701.0,East,OFF-PA-10001878,Office Supplies,Paper,Xerox 1891,97.82,2.0,0.0,45.9754,Legacy,Approved,Duplicate?
8502.0,CA-2015-102316,3/1/2015,3/3/2015,Second Class,DH-13075,Dave Hallsten,Corporate,United States,Los Angeles,California,90045.0,West,TEC-PH-10000376,Technology,Phones,Square Credit Card Reader,15.984,2.0,0.2,1.1988,Legacy,Approved,Check later
8503.0,CA-2015-102316,3/1/2015,3/3/2015,Second Class,DH-13075,Dave Hallsten,Corporate,United States,Los Angeles,California,90045.0,West,FUR-CH-10003396,Furniture,Chairs,Global Deluxe Steno Chair,184.752,3.0,0.2,-20.7846,CRM,Pending,Duplicate?
8504.0,CA-2014-164903,2/20/2014,2/24/2014,Standard Class,SR-20740,Steven Roelle,Home Office,United States,Los Angeles,California,90049.0,West,OFF-PA-10003363,Office Supplies,Paper,Xerox 204,12.96,2.0,0.0,6.2208,ERP,Pending,Duplicate?
8505.0,CA-2016-109400,5/2/2016,5/6/2016,Standard Class,NR-18550,Nick Radford,Consumer,United States,Amarillo,Texas,79109.0,Central,FUR-CH-10003298,Furniture,Chairs,"Office Star - Contemporary Task Swivel chair with Loop Arms, Charcoal",366.744,4.0,0.3,-110.0232,Legacy,,Duplicate?
8506.0,CA-2016-130400,3/8/2016,3/12/2016,Standard Class,SJ-20125,SanjitJacobs,Home Office,United States,Dallas,Texas,75217.0,Central,OFF-BI-10001757,Office Supplies,Binders,Pressboard Hanging Data Binders for Unburst Sheets,8.856,9.0,0.8,-14.1696,ERP,Pending,
8507.0,CA-2016-130400,3/8/2016,3/12/2016,Standard Class,SJ-20125,Sanjit Jacobs,Home Office,United States,Dallas,Texas,75217.0,Central,TEC-AC-10004633,Technology,Accessories,"Verbatim 25 GB 6x Blu-ray Single Layer Recordable Disc, 3/Pack",27.96,5.0,0.2,8.388,Manual Upload,Approved,Urgent
8508.0,CA-2016-130400,3/8/2016,3/12/2016,Standard Class,SJ-20125,Sanjit Jacobs,Home Office,United States,Dallas,Texas,75217.0,Central,OFF-EN-10001453,Office Supplies,Envelopes,"Tyvek Interoffice Envelopes, 9 1/2"" x 12 1/2"", 100/Box",146.352,3.0,0.2,49.3938,Legacy,Approved,Duplicate?
8509.0,CA-2015-135853,12/11/2015,12/14/2015,First Class,CA-12775,Cynthia Arntzen,Consumer,United States,Detroit,Michigan,48205.0,Central,TEC-AC-10004761,Technology,Accessories,Maxell 4.7GB DVD+RW 3/Pack,175.23,11.0,0.0,61.3305,ERP,Rejected,Urgent
8510.0,CA-2015-135853,12/11/2015,12/14/2015,First Class,CA-12775,Cynthia Arntzen,Consumer,United States,Detroit,Michigan,48205.0,Central,TEC-PH-10003691,Technology,Phones,BlackBerry Q10,125.99,1.0,0.0,31.4975,CRM,,Urgent
8511.0,CA-2015-135853,12/11/2015,12/14/2015,First Class,CA-12775,Cynthia Arntzen,Consumer,United States,Detroit,Michigan,48205.0,Central,OFF-BI-10004965,Office Supplies,Binders,Ibico Covers for Plastic or Wire Binding Elements,23.0,2.0,0.0,10.35,Legacy,,
8512.0,CA-2016-103359,12/22/2016,12/26/2016,Standard Class,LC-16885,Lena Creighton,Consumer,United States,New York City,New York,10035.0,East,OFF-BI-10004233,Office Supplies,Binders,"GBC Pre-Punched Binding Paper, Plastic, White, 8-1/2"" x 11""",25.584,2.0,0.2,8.9544,Manual Upload,Rejected,Urgent
8513.0,CA-2016-144645,2/2/2016,2/8/2016,Standard Class,NS-18640,Noel Staavos,Corporate,United States,Houston,Texas,77041.0,central,FUR-FU-10003601,Furniture,Furnishings,"Deflect-o RollaMat Studded, Beveled Mat for Medium Pile Carpeting",73.784,2.0,0.6,-77.4732,Legacy,Approved,Duplicate?
8514.0,CA-2017-141614,6/5/2017,6/9/2017,Standard Class,NS-18640,Noel Staavos,Corporate,United States,Orlando,Florida,32839.0,South,OFF-PA-10002787,Office Supplies,Paper,Xerox 227,20.736,4.0,0.2,7.2576,Manual Upload,Pending,
8515.0,CA-2015-122168,8/21/2015,8/26/2015,Standard Class,HG-14965,Henry Goldwyn,Corporate,United States,Florence,Kentucky,41042.0,South,OFF-AR-10003602,Office Supplies,Art,"Quartet Omega Colored Chalk, 12/Pack",17.52,3.0,0.0,8.2344,ERP,Pending,Urgent
8516.0,CA-2015-122168,8/21/2015,8/26/2015,Standard Class,HG-14965,Henry Goldwyn,Corporate,United States,Florence,Kentucky,41042.0,South,OFF-AR-10002053,Office Supplies,Art,"Premium Writing Pencils, Soft, #2 by Central Association for the Blind",35.76,12.0,0.0,10.0128,ERP,,
8517.0,CA-2016-132899,4/7/2016,4/11/2016,Standard Class,SF-20200,Sarah Foster,Consumer,United States,New York City,New York,10009.0,East,OFF-AR-10002833,Office Supplies,Art,Newell 322,3.64,2.0,0.0,0.9828,CRM,Pending,Check later
8518.0,CA-2017-149720,6/4/2017,6/7/2017,Second Class,EM-14065,Erin Mull,Consumer,United States,Frisco,Texas,75034.0,Central,FUR-FU-10002501,Furniture,Furnishings,Nu-Dell Executive Frame,30.336,6.0,0.6,-17.4432,CRM,Approved,Check later
8519.0,CA-2017-118003,12/4/2017,12/10/2017,Standard Class,DO-13645,Doug O'Connell,Consumer,United States,Paterson,New Jersey,7501.0,East,FUR-FU-10002506,Furniture,Furnishings,"Tensor ""Hersey Kiss"" Styled Floor Lamp",12.99,1.0,0.0,1.5588,Manual Upload,Rejected,
8520.0,CA-2017-118003,12/4/2017,12/10/2017,Standard Class,DO-13645,Doug O'Connell,Consumer,United States,Paterson,New Jersey,7501.0,East,FUR-CH-10003817,Furniture,Chairs,"Global Value Steno Chair, Gray",182.22,3.0,0.0,45.555,Legacy,Pending,Urgent
8521.0,CA-2017-118003,12/4/2017,12/10/2017,Standard Class,DO-13645,Doug O'Connell,Consumer,United States,Paterson,New Jersey,7501.0,East,FUR-CH-10004860,Furniture,Chairs,Global Low Back Tilter Chair,302.94,3.0,0.0,18.1764,Legacy,Rejected,
8522.0,CA-2016-141887,1/11/2016,1/15/2016,Standard Class,MP-17470,Mark Packer,Home Office,United States,Columbus,Ohio,43229.0,East,FUR-FU-10002268,Furniture,Furnishings,Ultra Door Push Plate,54.992,14.0,0.2,8.9362,ERP,Approved,
8523.0,US-2016-160206,4/1/2016,4/7/2016,Standard Class,MY-18295,Muhammed Yedwab,Corporate,United States,Milwaukee,Wisconsin,53209.0,Central,TEC-PH-10000148,Technology,Phones,Cyber Acoustics AC-202b Speech Recognition Stereo Headset,12.99,1.0,0.0,0.2598,ERP,Rejected,
8524.0,CA-2017-133074,9/21/2017,9/25/2017,Standard Class,DB-13615,Doug Bickford,Consumer,United States,San Francisco,California,94109.0,West,OFF-PA-10004082,Office Supplies,Paper,"Adams Telephone Message Book w/Frequently-Called Numbers Space, 400 Messages per Book",55.86,7.0,0.0,27.93,CRM,Approved,Duplicate?
8525.0,CA-2017-161172,3/16/2017,3/16/2017,Same Day,SP-20920,Susan Pistek,Consumer,United States,Columbus,Ohio,43229.0,East,TEC-PH-10004348,Technology,Phones,OtterBox Defender Series Case - iPhone 5c,44.376,2.0,0.4,-7.396,ERP,Pending,
8526.0,CA-2017-161172,3/16/2017,3/16/2017,Same Day,SP-20920,Susan Pistek,Consumer,United States,Columbus,Ohio,43229.0,East,FUR-FU-10003424,Furniture,Furnishings,Nu-Dell Oak Frame,51.264,6.0,0.2,7.6896,CRM,Rejected,Duplicate?
8527.0,CA-2017-161172,3/16/2017,3/16/2017,Same Day,SP-20920,Susan Pistek,Consumer,United States,Columbus,Ohio,43229.0,East,OFF-BI-10004654,Office Supplies,Binders,Avery Binding System Hidden Tab Executive Style Index Sets,5.193,3.0,2.0,-3.462,CRM,Pending,
8528.0,CA-2017-161172,3/16/2017,3/16/2017,Same Day,SP-20920,Susan Pistek,Consumer,United States,Columbus,Ohio,43229.0,East,TEC-AC-10004571,Technology,Accessories,Logitech G700s Rechargeable Gaming Mouse,159.984,2.0,0.2,43.9956,Legacy,Rejected,
8529.0,CA-2017-161172,3/16/2017,3/16/2017,Same Day,SP-20920,Susan Pistek,Consumer,United States,Columbus,Ohio,43229.0,East,OFF-ST-10000675,Office Supplies,Storage,"File Shuttle II and Handi-File, Black",54.224,2.0,0.2,3.389,Legacy,Approved,
8530.0,CA-2017-137624,11/10/2017,11/17/2017,Standard Class,ME-17320,Maria Etezadi,Home Office,United States,Los Angeles,California,90008.0,West,FUR-CH-10001714,Furniture,Chairs,"Global Leather & Oak Executive Chair, Burgundy",241.424,2.0,0.2,-36.2136,Manual Upload,Rejected,Urgent
8531.0,CA-2016-156748,11/30/2016,12/6/2016,Standard Class,BS-11755,Bruce Stewart,Consumer,United States,Detroit,Michigan,48227.0,Central,OFF-PA-10000380,Office Supplies,Paper,"REDIFORM Incoming/Outgoing Call Register, 11"" X 8 1/2"", 100 Messages",33.36,4.0,0.0,16.68,Manual Upload,,Urgent
8532.0,CA-2016-156748,11/30/2016,12/6/2016,Standard Class,BS-11755,Bruce Stewart,Consumer,United States,Detroit,Michigan,48227.0,Central,OFF-PA-10002713,Office Supplies,Paper,"Adams Phone Message Book, 200 Message Capacity, 8 1/16 x 11",13.76,2.0,0.0,6.3296,Manual Upload,Pending,
8533.0,CA-2016-156748,11/30/2016,12/6/2016,Standard Class,BS-11755,Bruce Stewart,Consumer,United States,Detroit,Michigan,48227.0,Central,OFF-ST-10001370,Office Supplies,Storage,Sensible Storage WireTech Storage Systems,496.86,7.0,0.0,24.843,CRM,,Check later
8534.0,CA-2016-156748,11/30/2016,12/6/2016,Standard Class,BS-11755,Bruce Stewart,Consumer,United States,Detroit,Michigan,48227.0,Central,FUR-CH-10000513,Furniture,Chairs,High-Back Leather Manager's Chair,389.97,3.0,0.0,35.0973,ERP,Pending,
8535.0,CA-2015-169677,1/13/2015,1/15/2015,Second Class,KS-16300,Karen Seio,Corporate,United States,Columbus,Georgia,31907.0,South,OFF-LA-10003223,Office Supplies,Labels,Avery 508,9.82,2.0,0.0,4.8118,ERP,Rejected,Duplicate?
8536.0,US-2014-163146,5/16/2014,5/20/2014,Standard Class,CC-12475,Cindy Chapman,Consumer,United States,San Francisco,California,94122.0,West,TEC-AC-10002217,Technology,Accessories,Imation Clip USB flash drive - 8 GB,56.4,3.0,0.0,3.384,ERP,Approved,
8537.0,CA-2015-157343,6/7/2015,6/11/2015,Standard Class,HD-14785,Harold Dahlen,Home Office,United States,Philadelphia,Pennsylvania,19143.0,East,OFF-BI-10003707,Office Supplies,Binders,Aluminum Screw Posts,18.312,4.0,0.7,-12.208,Legacy,Rejected,Check later
8538.0,CA-2015-157343,6/7/2015,6/11/2015,Standard Class,HD-14785,Harold Dahlen,Home Office,United States,Philadelphia,Pennsylvania,19143.0,East,OFF-PA-10000552,Office Supplies,Paper,Xerox 200,25.92,5.0,0.2,9.072,CRM,Rejected,Urgent
8539.0,CA-2015-157343,6/7/2015,6/11/2015,Standard Class,HD-14785,Harold Dahlen,Home Office,United States,Philadelphia,Pennsylvania,19143.0,East,OFF-AR-10003183,Office Supplies,Art,Avery Fluorescent Highlighter Four-Color Set,8.016,3.0,0.2,1.002,ERP,,
8540.0,CA-2017-147354,3/9/2017,3/13/2017,Standard Class,KB-16315,Karl Braun,Consumer,United States,Los Angeles,California,90008.0,West,TEC-CO-10000971,Technology,Copiers,Hewlett Packard 310 Color Digital Copier,479.984,2.0,0.2,59.998,Legacy,Rejected,Duplicate?
8541.0,CA-2017-147354,3/9/2017,3/13/2017,Standard Class,KB-16315,Karl Braun,Consumer,United States,Los Angeles,California,90008.0,West,OFF-BI-10003910,Office Supplies,Binders,DXL Angle-View Binders with Locking Rings by Samsill,30.84,5.0,0.2,9.6375,Manual Upload,,Urgent
8542.0,CA-2015-157287,12/22/2015,12/23/2015,First Class,HR-14830,Harold Ryan,Corporate,United States,Philadelphia,Pennsylvania,19140.0,East,OFF-ST-10001172,Office Supplies,Storage,"Tennsco Lockers, Sand",33.568,2.0,0.2,1.6784,ERP,Pending,Urgent
8543.0,CA-2015-157287,12/22/2015,12/23/2015,First Class,HR-14830,Harold Ryan,Corporate,United States,Philadelphia,Pennsylvania,19140.0,East,FUR-CH-10001270,Furniture,Chairs,Harbour Creations Steel Folding Chair,422.625,7.0,0.3,0.0,ERP,Rejected,Check later
8544.0,CA-2014-137575,8/6/2014,8/11/2014,Standard Class,TB-21625,Trudy Brown,Consumer,United States,New York City,New York,10035.0,East,TEC-AC-10004571,Technology,Accessories,Logitech G700s Rechargeable Gaming Mouse,199.98,2.0,0.0,83.9916,CRM,,
8545.0,CA-2016-119074,3/27/2016,3/31/2016,Standard Class,DS-13180,David Smith,Corporate,United States,Columbus,Georgia,31907.0,South,FUR-FU-10004053,Furniture,Furnishings,DAX Two-Tone Silver Metal Document Frame,20.24,1.0,0.0,8.7032,ERP,Pending,
8546.0,CA-2016-119074,3/27/2016,3/31/2016,Standard Class,DS-13180,David Smith,Corporate,United States,Columbus,Georgia,31907.0,South,FUR-FU-10003731,Furniture,Furnishings,"Eldon Expressions Wood and Plastic Desk Accessories, Oak",39.92,4.0,0.0,11.1776,ERP,Rejected,
8547.0,CA-2016-119074,3/27/2016,3/31/2016,Standard Class,DS-13180,David Smith,Corporate,United States,Columbus,Georgia,31907.0,South,OFF-BI-10000962,Office Supplies,Binders,"Acco Flexible ACCOHIDE Square Ring Data Binder, Dark Blue, 11 1/2"" X 14"" 7/8""",32.54,2.0,0.0,50000.0,Legacy,Approved,Check later
8548.0,CA-2015-149566,12/5/2015,12/10/2015,Standard Class,GB-14530,George Bell,Corporate,United States,Los Angeles,California,90049.0,West,TEC-AC-10001266,Technology,Accessories,Memorex Micro Travel Drive 8 GB,39.0,3.0,0.0,17.55,Manual Upload,,Check later
8549.0,CA-2015-149566,12/5/2015,12/10/2015,Standard Class,GB-14530,George Bell,Corporate,United States,Los Angeles,California,90049.0,West,OFF-LA-10000452,Office Supplies,Labels,Avery 488,12.6,4.0,0.0,6.048,Legacy,Approved,Urgent
8550.0,CA-2015-126186,09/11/2015,9/12/2015,First Class,GB-14530,George Bell,Corporate,United States,Aurora,Colorado,80013.0,West,FUR-FU-10000073,Furniture,Furnishings,Deflect-O Glasstique Clear Desk Accessories,24.64,4.0,0.2,4.004,ERP,,
8551.0,CA-2015-121132,7/17/2015,7/24/2015,Standard Class,VB-21745,Victoria Brennan,Corporate,United States,Houston,Texas,77041.0,Central,OFF-LA-10002368,Office Supplies,Labels,Avery 479,6.264,3.0,0.2,2.0358,Legacy,Pending,
8552.0,CA-2015-121132,7/17/2015,7/24/2015,Standard Class,VB-21745,Victoria Brennan,Corporate,United States,Houston,Texas,77041.0,Central,OFF-FA-10004248,Office Supplies,Fasteners,Advantus T-Pin Paper Clips,14.432,4.0,0.2,3.4276,ERP,Pending,Check later
8553.0,CA-2014-140473,5/30/2014,6/3/2014,Standard Class,MC-17425,Mark Cousins,Corporate,United States,Chicago,Illinois,60623.0,Central,TEC-CO-10004202,Technology,Copiers,Brother DCP1000 Digital 3 in 1 Multifunction Machine,719.976,3.0,0.2,134.9955,Legacy,Pending,Urgent
8554.0,US-2017-102904,11/13/2017,11/20/2017,Standard Class,CB-12025,CASSANDRA BRANDOW,Consumer,United States,Decatur,Alabama,35601.0,South,TEC-AC-10000927,Technology,Accessories,Anker Ultrathin Bluetooth Wireless Keyboard Aluminum Cover with Stand ,239.92,8.0,0.0,23.992,Manual Upload,,Duplicate?
8555.0,CA-2016-102092,09-12-2016,12/11/2016,First Class,PM-18940,Paul MacIntyre,Consumer,United States,Springfield,Virginia,22153.0,South,FUR-TA-10002530,Furniture,Tables,"Iceberg OfficeWorks 42"" Round Tables",1056.86,7.0,0.0,158.529,CRM,,
8556.0,CA-2015-117884,3/22/2015,3/22/2015,Same Day,DC-13285,Debra Catini,Consumer,United States,Plantation,Florida,33317.0,South,TEC-AC-10002567,Technology,Accessories,Logitech G602 Wireless Gaming Mouse,447.944,7.0,0.2,89.5888,CRM,Rejected,
8557.0,CA-2015-117884,3/22/2015,3/22/2015,Same Day,DC-13285,Debra Catini,Consumer,United States,Plantation,Florida,33317.0,South,OFF-ST-10002182,Office Supplies,Storage,"Iris 3-Drawer Stacking Bin, Black",150.408,9.0,0.2,-33.8418,Manual Upload,Pending,Duplicate?
8558.0,CA-2016-132829,12/23/2016,12/26/2016,Second Class,LA-16780,Laura Armstrong,Corporate,United States,Houston,Texas,77041.0,Central,TEC-PH-10004539,Technology,Phones,Wireless Extenders zBoost YX545 SOHO Signal Booster,453.576,3.0,0.2,39.6879,CRM,Pending,Duplicate?
8559.0,CA-2016-132829,12/23/2016,12/26/2016,Second Class,LA-16780,Laura Armstrong,Corporate,United States,Houston,Texas,77041.0,Central,OFF-LA-10002945,Office Supplies,Labels,"Permanent Self-Adhesive File Folder Labels for Typewriters, 1 1/8 x 3 1/2, White",45.36,9.0,0.2,14.742,CRM,Pending,Urgent
8560.0,CA-2016-132829,12/23/2016,12/26/2016,Second Class,LA-16780,Laura Armstrong,Corporate,United States,Houston,Texas,77041.0,Central,TEC-PH-10004345,Technology,Phones,Cisco SPA 502G IP Phone,287.88,3.0,0.2,35.985,ERP,Rejected,
8561.0,CA-2016-132829,12/23/2016,12/26/2016,Second Class,LA-16780,Laura Armstrong,Corporate,United States,Houston,Texas,77041.0,Central,TEC-PH-10004912,Technology,Phones,Cisco SPA112 2 Port Phone Adapter,131.88,3.0,0.2,14.8365,CRM,,
8562.0,CA-2016-132829,12/23/2016,12/26/2016,Second Class,LA-16780,Laura Armstrong,Corporate,United States,Houston,Texas,77041.0,Central,FUR-FU-10000206,Furniture,Furnishings,"GE General Purpose, Extra Long Life, Showcase & Floodlight Incandescent Bulbs",2.328,2.0,0.6,-0.7566,CRM,Approved,Check later
8563.0,CA-2016-123540,4/2/2016,4/6/2016,Second Class,DJ-13420,Denny Joy,Corporate,United States,Milwaukee,Wisconsin,53209.0,Central,FUR-CH-10000847,Furniture,Chairs,Global Executive Mid-Back Manager's Chair,1454.9,5.0,0.0,378.274,Manual Upload,Approved,Duplicate?
8564.0,US-2017-108315,4/30/2017,5/4/2017,Standard Class,MH-18115,Mick Hernandez,Home Office,United States,Sanford,Florida,32771.0,South,OFF-BI-10000822,Office Supplies,Binders,"Acco PRESSTEX Data Binder with Storage Hooks, Light Blue, 9 1/2"" X 11""",4.842,3.0,0.7,-3.5508,Manual Upload,Pending,Urgent
8565.0,US-2017-108315,4/30/2017,5/4/2017,Standard Class,MH-18115,Mick Hernandez,Home Office,United States,Sanford,Florida,32771.0,South,FUR-FU-10000747,Furniture,Furnishings,Tenex B1-RE Series Chair Mats for Low Pile Carpets,220.704,6.0,0.2,-8.2764,Legacy,Rejected,Duplicate?
8566.0,CA-2016-134110,11/17/2016,11/18/2016,First Class,BG-11035,Barry Gonzalez,Consumer,United States,The Colony,Texas,75056.0,Central,TEC-PH-10002350,Technology,Phones,Apple EarPods with Remote and Mic,67.176,3.0,0.2,6.7176,ERP,,
8567.0,CA-2016-134110,11/17/2016,11/18/2016,First Class,BG-11035,Barry Gonzalez,Consumer,United States,The Colony,Texas,75056.0,Central,OFF-PA-10000697,Office Supplies,Paper,"TOPS Voice Message Log Book, Flash Format",15.232,4.0,0.2,5.5216,Manual Upload,Rejected,Urgent
8568.0,US-2016-136581,11/10/2016,11/12/2016,First Class,SV-20365,Seth Vernon,Consumer,United States,Troy,Ohio,45373.0,East,OFF-PA-10002787,Office Supplies,Paper,Xerox 227,31.104,6.0,0.2,10.8864,CRM,,
8569.0,CA-2016-162390,12/6/2016,12/12/2016,Standard Class,DP-13105,Dave Poirier,Corporate,United States,Hempstead,New York,11550.0,East,OFF-BI-10004318,Office Supplies,Binders,Ibico EB-19 Dual Function Manual Binding System,968.744,7.0,0.2,314.8418,ERP,,Check later
8570.0,CA-2016-162390,12/6/2016,12/12/2016,Standard Class,DP-13105,Dave Poirier,Corporate,United States,Hempstead,New York,11550.0,East,OFF-BI-10001721,Office Supplies,Binders,Trimflex Flexible Post Binders,222.352,13.0,0.2,77.8232,Legacy,Approved,
8571.0,CA-2016-162390,12/6/2016,12/12/2016,Standard Class,DP-13105,Dave Poirier,Corporate,United States,Hempstead,New York,11550.0,East,TEC-CO-10004202,Technology,Copiers,Brother DCP1000 Digital 3 in 1 Multifunction Machine,479.984,2.0,0.2,89.997,Manual Upload,,
8572.0,CA-2016-162222,4/3/2016,4/3/2016,Same Day,SR-20740,Steven Roelle,Home Office,United States,Dallas,Texas,75081.0,Central,OFF-PA-10003893,Office Supplies,Paper,Xerox 1962,10.272,3.0,0.2,3.21,ERP,,Check later
8573.0,CA-2014-121629,11/28/2014,12/2/2014,Standard Class,BT-11680,Brian Thompson,Consumer,United States,Houston,Texas,77041.0,Central,TEC-MA-10004679,Technology,Machines,StarTech.com 10/100 VDSL2 Ethernet Extender Kit,998.85,5.0,0.4,-199.77,Manual Upload,,Urgent
8574.0,CA-2015-164623,10/20/2015,10/22/2015,First Class,MS-17770,Maxwell Schwartz,Consumer,United States,New York City,New York,10035.0,East,OFF-PA-10000249,Office Supplies,Paper,Easy-staple paper,24.56,2.0,0.0,11.5432,CRM,Rejected,Check later
8575.0,CA-2014-159849,9/19/2014,9/19/2014,Same Day,JK-15640,Jim Kriz,Home Office,United States,San Francisco,California,94110.0,West,OFF-FA-10000053,Office Supplies,Fasteners,Revere Boxed Rubber Bands by Revere,5.67,3.0,0.0,0.1134,Manual Upload,,
8576.0,CA-2017-101273,8/27/2017,8/30/2017,Second Class,ST-20530,Shui Tom,Consumer,United States,Port Saint Lucie,Florida,34952.0,South,OFF-AP-10000804,Office Supplies,Appliances,Hoover Portapower Portable Vacuum,14.336,4.0,0.2,0.896,CRM,Rejected,Duplicate?
8577.0,CA-2017-106747,7/3/2017,7/4/2017,First Class,TS-21505,Tony Sayre,Consumer,United States,Concord,New Hampshire,3301.0,East,FUR-FU-10004188,Furniture,Furnishings,Luxo Professional Combination Clamp-On Lamps,102.3,1.0,0.0,26.598,ERP,Approved,Urgent
8578.0,CA-2017-146164,12/22/2017,12/26/2017,Standard Class,CM-12190,Charlotte Melton,Consumer,United States,Rochester,Minnesota,55901.0,Central,FUR-TA-10004915,Furniture,Tables,"Office Impressions End Table, 20-1/2""H x 24""W x 20""D",607.52,2.0,0.0,97.2032,ERP,,Urgent
8579.0,CA-2017-146164,12/22/2017,12/26/2017,Standard Class,CM-12190,Charlotte Melton,Consumer,United States,Rochester,Minnesota,55901.0,Central,OFF-ST-10001228,Office Supplies,Storage,Personal File Boxes with Fold-Down Carry Handle,31.16,2.0,0.0,7.79,Manual Upload,Pending,Check later
8580.0,CA-2016-111605,12/27/2016,1/2/2017,Standard Class,JW-15955,Joni Wasserman,Consumer,United States,Louisville,Kentucky,40214.0,South,OFF-LA-10002368,Office Supplies,Labels,Avery 479,2.61,1.0,0.0,1.2006,ERP,,Duplicate?
8581.0,CA-2014-130673,5/20/2014,5/22/2014,Second Class,MC-17590,Matt Collister,Corporate,United States,San Marcos,Texas,78666.0,Central,FUR-FU-10003489,Furniture,Furnishings,Contemporary Borderless Frame,10.332,3.0,0.6,-5.9409,Legacy,Approved,Check later
8582.0,CA-2014-130673,5/20/2014,5/22/2014,Second Class,MC-17590,Matt Collister,Corporate,United States,San Marcos,Texas,78666.0,Central,OFF-PA-10000289,Office Supplies,Paper,Xerox 213,10.368,2.0,0.2,3.6288,ERP,Pending,Check later
8583.0,CA-2014-130673,5/20/2014,5/22/2014,Second Class,MC-17590,Matt Collister,Corporate,United States,San Marcos,Texas,78666.0,Central,TEC-AC-10004227,Technology,Accessories,SanDisk Ultra 16 GB MicroSDHC Class 10 Memory Card,20.784,2.0,0.2,-3.6372,CRM,,Check later
8584.0,CA-2014-130673,5/20/2014,5/22/2014,Second Class,MC-17590,Matt Collister,Corporate,United States,San Marcos,Texas,78666.0,Central,OFF-ST-10000636,Office Supplies,Storage,Rogers Profile Extra Capacity Storage Tub,66.96,5.0,0.2,-13.392,CRM,,
8585.0,CA-2014-104808,2/4/2014,2/8/2014,Second Class,MH-17440,Mark Haberlin,Corporate,United States,Escondido,California,92025.0,West,OFF-BI-10003676,Office Supplies,Binders,"GBC Standard Recycled Report Covers, Clear Plastic Sheets",17.248,2.0,0.2,6.0368,Manual Upload,,
8586.0,US-2017-132927,12/9/2017,12/15/2017,Standard Class,RD-19720,Roger Demir,Consumer,United States,Philadelphia,Pennsylvania,19134.0,East,OFF-BI-10001116,Office Supplies,Binders,"Wilson Jones 1"" Hanging DublLock Ring Binders",11.088,7.0,0.7,-8.1312,CRM,Rejected,
8587.0,CA-2017-162015,7/11/2017,7/18/2017,Standard Class,KB-16240,Karen Bern,Corporate,United States,Los Angeles,California,90049.0,West,TEC-AC-10003832,Technology,Accessories,Logitech P710e Mobile Speakerphone,1287.45,5.0,0.0,244.6155,Manual Upload,,
8588.0,CA-2017-162015,7/11/2017,7/18/2017,Standard Class,KB-16240,Karen Bern,Corporate,United States,Los Angeles,California,90049.0,West,OFF-AP-10003040,Office Supplies,Appliances,Fellowes 8 Outlet Superior Workstation Surge Protector w/o Phone/Fax/Modem Protection,168.1,5.0,0.0,43.706,ERP,Approved,Check later
8589.0,CA-2015-138492,5/15/2015,5/22/2015,Standard Class,FC-14335,Fred Chung,Corporate,United States,Philadelphia,Pennsylvania,19140.0,East,OFF-ST-10002583,Office Supplies,Storage,Fellowes Neat Ideas Storage Cubes,51.968,2.0,0.2,-10.3936,Legacy,Pending,Duplicate?
8590.0,CA-2017-145338,1/29/2017,2/1/2017,First Class,BD-11770,Bryan Davis,Consumer,United States,Philadelphia,Pennsylvania,19120.0,East,OFF-AR-10002053,Office Supplies,Art,"Premium Writing Pencils, Soft, #2 by Central Association for the Blind",4.768,2.0,0.2,0.4768,Manual Upload,Approved,
8591.0,CA-2017-126676,9/29/2017,10/1/2017,First Class,FH-14365,Fred Hopkins,Corporate,United States,Hempstead,New York,11550.0,East,OFF-EN-10004846,Office Supplies,Envelopes,Letter or Legal Size Expandable Poly String Tie Envelopes,7.98,3.0,0.0,3.9102,ERP,,Check later
8592.0,CA-2017-101700,4/23/2017,4/26/2017,First Class,SO-20335,Sean O'Donnell,Consumer,United States,Greeley,Colorado,80634.0,West,OFF-EN-10003134,Office Supplies,Envelopes,Staple envelope,18.688,2.0,0.2,7.008,ERP,Rejected,Urgent
8593.0,CA-2017-101700,4/23/2017,4/26/2017,First Class,SO-20335,Sean O'Donnell,Consumer,United States,Greeley,Colorado,80634.0,West,FUR-FU-10001025,Furniture,Furnishings,"Eldon Imàge Series Desk Accessories, Clear",11.664,3.0,0.2,3.3534,CRM,Rejected,Check later
8594.0,CA-2017-159667,11/9/2017,11/13/2017,Standard Class,PM-19135,Peter McVee,Home Office,United States,Jacksonville,Florida,32216.0,South,TEC-AC-10002567,Technology,Accessories,Logitech G602 Wireless Gaming Mouse,191.976,3.0,0.2,38.3952,CRM,,
8595.0,CA-2017-159667,11/9/2017,11/13/2017,Standard Class,PM-19135,Peter McVee,Home Office,United States,Jacksonville,Florida,32216.0,South,TEC-PH-10004094,Technology,Phones,Motorola L703CM,499.168,4.0,0.2,31.198,CRM,Pending,
8596.0,CA-2014-111934,5/5/2014,5/7/2014,First Class,GD-14590,Giulietta Dortch,Corporate,United States,Arlington,Virginia,22204.0,South,OFF-BI-10004364,Office Supplies,Binders,Storex Dura Pro Binders,11.88,2.0,0.0,5.346,Manual Upload,Approved,Duplicate?
8597.0,CA-2014-111934,5/5/2014,5/7/2014,First Class,GD-14590,Giulietta Dortch,Corporate,United States,Arlington,Virginia,22204.0,South,OFF-PA-10000474,Office Supplies,Paper,Easy-staple paper,35.44,1.0,0.0,16.6568,CRM,,
8598.0,US-2016-117387,10/27/2016,10/31/2016,Standard Class,PA-19060,Pete Armstrong,Home Office,United States,San Francisco,California,94122.0,West,OFF-BI-10004308,Office Supplies,Binders,Avery Legal 4-Ring Binder,67.136,4.0,0.2,25.176,Legacy,,
8599.0,CA-2014-141110,11/26/2014,12/1/2014,Standard Class,LS-17200,Luke Schmidt,Corporate,United States,Fresno,California,93727.0,West,OFF-BI-10002012,Office Supplies,Binders,Wilson Jones Easy Flow II Sheet Lifters,4.32,3.0,0.2,1.512,ERP,,
8600.0,CA-2014-141110,11/26/2014,12/1/2014,Standard Class,LS-17200,Luke Schmidt,Corporate,United States,Fresno,California,93727.0,West,OFF-PA-10002586,Office Supplies,Paper,Xerox 1970,14.94,3.0,0.0,7.0218,ERP,,
8601.0,CA-2014-141110,11/26/2014,12/1/2014,Standard Class,LS-17200,Luke Schmidt,Corporate,United States,Fresno,California,93727.0,West,OFF-AP-10000692,Office Supplies,Appliances,Fellowes Mighty 8 Compact Surge Protector,40.54,2.0,0.0,11.3512,Manual Upload,,Check later
8602.0,CA-2014-141110,11/26/2014,12/1/2014,Standard Class,LS-17200,Luke Schmidt,Corporate,United States,Fresno,California,93727.0,West,OFF-BI-10001553,Office Supplies,Binders,SpineVue Locking Slant-D Ring Binders by Cardinal,7.312,1.0,0.2,2.5592,Manual Upload,Pending,Check later
8603.0,US-2014-133949,12/31/2014,12/31/2014,Same Day,JL-15175,James Lanier,Home Office,United States,Reno,Nevada,89502.0,West,TEC-PH-10004908,Technology,Phones,Panasonic KX TS3282W Corded phone,475.944,7.0,0.2,59.493,Legacy,,
8604.0,US-2016-116365,1/3/2016,1/8/2016,Standard Class,CA-12310,Christine Abelman,Corporate,United States,San Antonio,Texas,78207.0,Central,TEC-AC-10002217,Technology,Accessories,Imation Clip USB flash drive - 8 GB,30.08,2.0,0.2,-5.264,CRM,Pending,Urgent
8605.0,US-2016-116365,1/3/2016,1/8/2016,Standard Class,CA-12310,Christine Abelman,Corporate,United States,San Antonio,Texas,78207.0,Central,TEC-AC-10002942,Technology,Accessories,WD My Passport Ultra 1TB Portable External Hard Drive,165.6,3.0,0.2,-6.21,CRM,,Duplicate?
8606.0,US-2016-116365,1/3/2016,1/8/2016,Standard Class,CA-12310,Christine Abelman,Corporate,United States,San Antonio,Texas,78207.0,Central,TEC-PH-10002890,Technology,Phones,AT&T 17929 Lendline Telephone,180.96,5.0,0.2,13.572,ERP,,Check later
8607.0,CA-2017-162936,8/18/2017,8/22/2017,Standard Class,CM-12160,Charles McCrossin,Consumer,United States,New Bedford,Massachusetts,2740.0,East,TEC-AC-10003614,Technology,Accessories,"Verbatim 25 GB 6x Blu-ray Single Layer Recordable Disc, 10/Pack",23.18,2.0,0.0,7.6494,ERP,Rejected,Duplicate?
8608.0,CA-2014-151946,6/4/2014,6/9/2014,Standard Class,BT-11440,Bobby Trafton,Consumer,United States,New York City,New York,10035.0,East,FUR-FU-10002878,Furniture,Furnishings,"Seth Thomas 14"" Day/Date Wall Clock",56.96,2.0,0.0,-9999.0,ERP,,
8609.0,CA-2014-151946,6/4/2014,6/9/2014,Standard Class,BT-11440,Bobby Trafton,Consumer,United States,New York City,New York,10035.0,East,OFF-AP-10001626,Office Supplies,Appliances,"Commercial WindTunnel Clean Air Upright Vacuum, Replacement Belts, Filtration Bags",15.56,4.0,0.0,4.0456,ERP,Approved,Urgent
8610.0,CA-2014-151946,6/4/2014,6/9/2014,Standard Class,BT-11440,Bobby Trafton,Consumer,United States,New York City,New York,10035.0,East,FUR-BO-10003272,Furniture,Bookcases,O'Sullivan Living Dimensions 5-Shelf Bookcases,353.568,2.0,0.2,-44.196,Legacy,Rejected,Duplicate?
8611.0,CA-2014-151946,6/4/2014,6/9/2014,Standard Class,BT-11440,Bobby Trafton,Consumer,United States,New York City,New York,10035.0,East,FUR-FU-10002191,Furniture,Furnishings,G.E. Halogen Desk Lamp Bulbs,13.96,2.0,0.0,6.7008,Legacy,,
8612.0,CA-2017-123624,11/13/2017,11/17/2017,Second Class,SE-20110,Sanjit Engle,Consumer,United States,Oxnard,California,93030.0,West,TEC-AC-10000682,Technology,Accessories,Kensington K72356US Mouse-in-a-Box USB Desktop Mouse,82.95,5.0,0.0,29.0325,Manual Upload,Rejected,Check later
8613.0,CA-2016-146437,1/28/2016,2/1/2016,Second Class,HG-14965,Henry Goldwyn,Corporate,United States,Los Angeles,California,90036.0,West,OFF-AR-10000588,Office Supplies,Art,Newell 345,39.68,2.0,0.0,10.3168,ERP,,Duplicate?
8614.0,CA-2016-138233,11/9/2016,11/14/2016,Standard Class,PF-19165,Philip Fox,Consumer,United States,Oakland,California,94601.0,West,TEC-AC-10002001,Technology,Accessories,Logitech Wireless Gaming Headset G930,479.97,3.0,0.0,177.5889,Manual Upload,,
8615.0,CA-2016-165918,9/10/2016,9/14/2016,Standard Class,BD-11770,Bryan Davis,Consumer,United States,Edmonds,Washington,98026.0,West,OFF-LA-10003720,Office Supplies,Labels,Avery 487,7.38,2.0,0.0,3.4686,ERP,Rejected,Check later
8616.0,CA-2016-165918,9/10/2016,9/14/2016,Standard Class,BD-11770,Bryan Davis,Consumer,United States,Edmonds,Washington,98026.0,West,OFF-BI-10004364,Office Supplies,Binders,Storex Dura Pro Binders,14.256,3.0,0.2,4.455,Legacy,Rejected,Duplicate?
8617.0,CA-2016-165918,9/10/2016,2016-09-14,Standard Class,BD-11770,Bryan Davis,Consumer,United States,Edmonds,Washington,98026.0,West,OFF-PA-10000100,Office Supplies,Paper,Xerox 1945,81.98,2.0,0.0,40.1702,ERP,Pending,
8618.0,CA-2016-165918,9/10/2016,9/14/2016,Standard Class,BD-11770,Bryan Davis,Consumer,United States,Edmonds,Washington,98026.0,West,OFF-BI-10004826,Office Supplies,Binders,JM Magazine Binder,39.624,3.0,0.2,13.8684,ERP,,
8619.0,CA-2017-117513,3/3/2017,3/8/2017,Standard Class,BT-11395,Bill Tyler,Corporate,United States,Los Angeles,California,90004.0,West,FUR-TA-10001520,Furniture,Tables,"Lesro Sheffield Collection Coffee Table, End Table, Center Table, Corner Table",399.672,7.0,0.2,-14.9877,CRM,,
8620.0,CA-2017-132437,9/8/2017,9/13/2017,Second Class,EM-14095,Eudokia Martin,Corporate,United States,New York City,New York,10024.0,East,OFF-ST-10001031,Office Supplies,Storage,Adjustable Personal File Tote,65.12,4.0,0.0,16.9312,CRM,,
8621.0,US-2017-119319,11/6/2017,11/9/2017,Second Class,LC-17050,Liz Carlisle,Consumer,United States,Dallas,Texas,75217.0,Central,FUR-FU-10003878,Furniture,Furnishings,"Linden 10"" Round Wall Clock, Black",30.56,5.0,0.6,-19.864,Legacy,Approved,Duplicate?
8622.0,CA-2017-104318,5/13/2017,5/18/2017,Standard Class,FH-14275,Frank Hawley,Corporate,United States,Franklin,Tennessee,37064.0,South,OFF-AP-10000358,office_supplies,Appliances,Fellowes Basic Home/Office Series Surge Protectors,20.768,2.0,0.2,2.3364,CRM,Pending,
8623.0,US-2016-114230,11/27/2016,12/1/2016,Standard Class,CM-12235,Chris McAfee,Consumer,United States,Phoenix,Arizona,85023.0,West,OFF-ST-10000876,Office Supplies,Storage,Eldon Simplefile Box Office,39.808,4.0,0.2,3.9808,CRM,,Urgent
8624.0,CA-2015-136147,11/13/2015,11/18/2015,Standard Class,FM-14380,Fred McMath,Consumer,United States,Miami,Florida,33178.0,South,OFF-BI-10004224,Office Supplies,Binders,Catalog Binders with Expanding Posts,121.104,6.0,0.7,-100.92,ERP,Rejected,
8625.0,CA-2015-136147,11/13/2015,11/18/2015,Standard Class,FM-14380,Fred McMath,Consumer,United States,Miami,Florida,33178.0,South,TEC-AC-10004568,Technology,Accessories,Maxell LTO Ultrium - 800 GB,111.96,5.0,0.2,-1.3995,CRM,,Urgent
8626.0,CA-2015-156118,08 Dec 2015,12/12/2015,Standard Class,HG-14965,Henry Goldwyn,Corporate,United States,Colorado Springs,Colorado,80906.0,West,OFF-PA-10000533,Office Supplies,Paper,Southworth Parchment Paper & Envelopes,15.696,3.0,0.2,5.1012,Manual Upload,,Check later
8627.0,CA-2015-164084,9/7/2015,9/12/2015,Standard Class,AG-10525,Andy Gerbode,Corporate,United States,New York City,New York,10011.0,East,OFF-ST-10003638,Office Supplies,Storage,Mobile Personal File Cube,70.26,3.0,0.0,18.9702,Manual Upload,,
8628.0,CA-2015-164084,9/7/2015,9/12/2015,Standard Class,AG-10525,Andy Gerbode,Corporate,United States,New York City,New York,10011.0,East,TEC-AC-10002305,Technology,Accessories,KeyTronic E03601U1 - Keyboard - Beige,90.0,5.0,0.0,16.2,Manual Upload,Rejected,Urgent
8629.0,CA-2015-164084,9/7/2015,9/12/2015,Standard Class,AG-10525,Andy Gerbode,Corporate,United States,New York City,New York,10011.0,East,OFF-BI-10000605,Office Supplies,Binders,"Acco Pressboard Covers with Storage Hooks, 9 1/2"" x 11"", Executive Red",6.096,2.0,0.2,2.0574,Legacy,Rejected,
8630.0,CA-2015-164084,9/7/2015,9/12/2015,Standard Class,AG-10525,Andy Gerbode,Corporate,United States,New York City,New York,10011.0,East,FUR-TA-10003569,Furniture,Tables,Bretford CR8500 Series Meeting Room Furniture,481.176,2.0,0.4,-120.294,Legacy,Pending,Duplicate?
8631.0,CA-2015-164084,9/7/2015,9/12/2015,Standard Class,AG-10525,Andy Gerbode,Corporate,United States,New York City,New York,10011.0,East,OFF-FA-10003059,Office Supplies,Fasteners,Assorted Color Push Pins,7.24,4.0,0.0,2.3892,ERP,,Urgent
8632.0,CA-2016-107783,07/28/2016,7/29/2016,First Class,OT-18730,Olvera Toch,Consumer,United States,Bethlehem,Pennsylvania,18018.0,East,FUR-BO-10004409,Furniture,Bookcases,"Safco Value Mate Series Steel Bookcases, Baked Enamel Finish on Steel, Gray",177.45,5.0,0.5,-78.078,Legacy,Rejected,Check later
8633.0,CA-2016-107783,7/28/2016,7/29/2016,First Class,OT-18730,Olvera Toch,Consumer,United States,Bethlehem,Pennsylvania,18018.0,East,OFF-BI-10000545,Office Supplies,Binders,GBC Ibimaster 500 Manual ProClick Binding System,1369.764,6.0,0.7,-913.176,CRM,Rejected,Urgent
8634.0,CA-2016-107783,7/28/2016,7/29/2016,First Class,OT-18730,Olvera Toch,Consumer,United States,Bethlehem,Pennsylvania,18018.0,East,OFF-AP-10004052,Office Supplies,Appliances,"Hoover Replacement Belts For Soft Guard & Commercial Ltweight Upright Vacs, 2/Pk",9.48,3.0,0.2,0.711,ERP,,Urgent
8635.0,CA-2017-159793,8/25/2017,8/29/2017,Standard Class,SV-20365,Seth Vernon,Consumer,United States,Philadelphia,Pennsylvania,19140.0,East,FUR-BO-10001798,Furniture,Bookcases,Bush Somerset Collection Bookcase,130.98,2.0,0.5,-89.0664,Legacy,,
8636.0,CA-2014-160094,4/30/2014,5/2/2014,First Class,JM-16195,Justin MacKendrick,Consumer,United States,Louisville,Kentucky,40214.0,South,OFF-AR-10004010,Office Supplies,Art,Hunt Boston Vacuum Mount KS Pencil Sharpener,174.95,5.0,0.0,45.487,CRM,Rejected,
8637.0,CA-2014-160094,4/30/2014,5/2/2014,First Class,JM-16195,Justin MacKendrick,Consumer,United States,Louisville,Kentucky,40214.0,South,OFF-ST-10000585,Office Supplies,Storage,Economy Rollaway Files,826.0,5.0,0.0,214.76,Manual Upload,Rejected,
8638.0,CA-2017-151281,4/27/2017,5/2/2017,Standard Class,HM-14980,Henry MacAllister,Consumer,United States,Seattle,Washington,98105.0,West,FUR-FU-10000397,Furniture,Furnishings,Luxo Economy Swing Arm Lamp,139.58,7.0,0.99,39.0824,Manual Upload,Approved,Check later
8639.0,CA-2017-118346,7/23/2017,7/24/2017,First Class,PO-19180,Philisse Overcash,Home Office,United States,Kenosha,Wisconsin,53142.0,Central,TEC-AC-10000736,Technology,Accessories,Logitech G600 MMO Gaming Mouse,399.95,5.0,0.0,143.982,CRM,Rejected,
8640.0,CA-2014-129819,12/13/2014,15/12/2014,Second Class,KC-16675,Kimberly Carter,Corporate,United States,Henderson,Kentucky,42420.0,South,OFF-BI-10004970,Office Supplies,Binders,"ACCOHIDE 3-Ring Binder, Blue, 1""",12.39,3.0,0.0,5.8233,ERP,Approved,
8641.0,US-2017-148551,1/12/2017,1/16/2017,Standard Class,DB-13120,David Bremer,Corporate,United States,Dallas,Texas,75217.0,Central,OFF-BI-10000545,Office Supplies,Binders,GBC Ibimaster 500 Manual ProClick Binding System,760.98,5.0,0.8,-1141.47,Manual Upload,Pending,Check later
8642.0,CA-2017-147767,12/2/2017,12/2/2017,Same Day,SV-20935,Susan Vittorini,Consumer,United States,Peoria,Arizona,85345.0,West,OFF-BI-10001670,Office Supplies,Binders,Vinyl Sectional Post Binders,67.86,6.0,0.7,-45.24,ERP,Approved,Check later
8643.0,CA-2015-108259,11/8/2015,11/15/2015,Standard Class,NS-18640,Noel Staavos,Corporate,United States,Jacksonville,North Carolina,28540.0,South,OFF-FA-10000624,Office Supplies,Fasteners,OIC Binder Clips,31.504,11.0,0.2,11.814,CRM,Rejected,Check later
8644.0,CA-2015-108259,11/8/2015,11/15/2015,Standard Class,NS-18640,Noel Staavos,Corporate,United States,Jacksonville,North Carolina,28540.0,South,OFF-LA-10002945,Office Supplies,Labels,"Permanent Self-Adhesive File Folder Labels for Typewriters, 1 1/8 x 3 1/2, White",5.04,1.0,0.2,1.638,CRM,Approved,Check later
8645.0,CA-2015-108259,11/8/2015,11/15/2015,Standard Class,NS-18640,Noel Staavos,Corporate,United States,Jacksonville,North Carolina,28540.0,South,OFF-BI-10000315,Office Supplies,Binders,Poly Designer Cover & Back,39.879,7.0,0.7,-29.2446,Legacy,Rejected,Check later
8646.0,CA-2015-108259,11/8/2015,11/15/2015,Standard Class,NS-18640,Noel Staavos,Corporate,United States,Jacksonville,North Carolina,28540.0,South,FUR-FU-10000023,Furniture,Furnishings,Eldon Wave Desk Accessories,4.712,1.0,0.2,1.4136,Manual Upload,Approved,
8647.0,CA-2016-113341,11/25/2016,11/29/2016,Standard Class,MH-17455,Mark Hamilton,Consumer,United States,Los Angeles,California,90032.0,West,FUR-CH-10004698,Furniture,Chairs,"Padded Folding Chairs, Black, 4/Carton",194.352,3.0,0.2,19.4352,ERP,,Duplicate?
8648.0,US-2015-131842,12/5/2015,12/8/2015,First Class,RR-19525,Rick Reed,Corporate,United States,Nashville,Tennessee,37211.0,South,FUR-CH-10004477,Furniture,Chairs,"Global Push Button Manager's Chair, Indigo",97.424,2.0,0.2,10.9602,ERP,Approved,Check later
8649.0,CA-2016-164574,7/29/2016,8/3/2016,Standard Class,RH-19555,Ritsa Hightower,Consumer,United States,Charlotte,North Carolina,28205.0,South,OFF-ST-10003816,Office Supplies,Storage,Fellowes High-Stak Drawer Files,704.76,5.0,0.2,26.4285,CRM,,Duplicate?
8650.0,CA-2016-164574,7/29/2016,8/3/2016,standard class,RH-19555,Ritsa Hightower,Consumer,United States,Charlotte,North Carolina,28205.0,South,OFF-BI-10002429,Office Supplies,Binders,"Premier Elliptical Ring Binder, Black",27.396,3.0,0.7,-20.0904,CRM,Rejected,Duplicate?
8651.0,CA-2014-142769,9/13/2014,13/09/2014,Same Day,RP-19390,Resi Pölking,Consumer,United States,Seattle,Washington,98103.0,West,OFF-FA-10000840,Office Supplies,Fasteners,OIC Thumb-Tacks,5.7,5.0,0.0,2.679,Legacy,Approved,
8652.0,CA-2014-142769,9/13/2014,9/13/2014,Same Day,RP-19390,Resi Pölking,Consumer,United States,Seattle,Washington,98103.0,West,FUR-FU-10001918,Furniture,Furnishings,C-Line Cubicle Keepers Polyproplyene Holder With Velcro Backings,14.19,3.0,0.0,5.5341,CRM,,
8653.0,CA-2014-142769,9/13/2014,9/13/2014,Same Day,RP-19390,Resi Pölking,Consumer,United States,Seattle,Washington,98103.0,West,OFF-SU-10001574,Office Supplies,Supplies,Acme Value Line Scissors,7.3,2.0,0.0,2.19,Legacy,Pending,
8654.0,CA-2014-142769,9/13/2014,9/13/2014,Same Day,RP-19390,Resi Pölking,Consumer,United States,Seattle,Washington,98103.0,West,TEC-AC-10001606,Technology,Accessories,Logitech Wireless Performance Mouse MX for PC and Mac,199.98,2.0,0.0,75.9924,ERP,Pending,Duplicate?
8655.0,CA-2014-142769,9/13/2014,9/13/2014,Same Day,RP-19390,Resi Pölking,Consumer,United States,Seattle,Washington,98103.0,West,TEC-AC-10003399,Technology,Accessories,Memorex Mini Travel Drive 64 GB USB 2.0 Flash Drive,144.96,4.0,0.0,60.8832,Manual Upload,,Duplicate?
8656.0,CA-2014-142769,9/13/2014,9/13/2014,Same Day,RP-19390,Resi Pölking,Consumer,United States,Seattle,Washington,98103.0,West,TEC-AC-10000865,Technology,Accessories,WD My Passport Ultra 500GB Portable External Hard Drive,118.0,2.0,0.0,20.06,Legacy,Approved,Check later
8657.0,CA-2014-142769,9/13/2014,9/13/2014,Same Day,RP-19390,Resi Pölking,Consumer,United States,Seattle,Washington,98103.0,West,OFF-PA-10002923,Office Supplies,Paper,Xerox 1942,48.94,1.0,0.0,24.47,Manual Upload,Approved,Duplicate?
8658.0,CA-2014-142769,9/13/2014,9/13/2014,Same Day,RP-19390,Resi Pölking,Consumer,United States,Seattle,Washington,98103.0,West,OFF-AP-10004785,Office Supplies,Appliances,"Holmes Replacement Filter for HEPA Air Cleaner, Medium Room",22.66,2.0,0.0,9.7438,Manual Upload,Pending,
8659.0,CA-2016-168361,6/21/2016,6/25/2016,Standard Class,KB-16600,,Corporate,United States,Chicago,Illinois,60623.0,Central,OFF-BI-10003727,Office Supplies,Binders,Avery Durable Slant Ring Binders With Label Holder,0.836,1.0,0.8,-1.3376,ERP,Approved,
8660.0,CA-2016-153185,9/3/2016,9/8/2016,Standard Class,MH-17620,Matt Hagelstein,Corporate,United States,Cincinnati,Ohio,45231.0,East,OFF-PA-10002246,Office Supplies,Paper,"Wirebound Four 2-3/4 x 5 Forms per Page, 400 Sets per Book",30.96,6.0,0.2,11.223,Manual Upload,Approved,Check later
8661.0,CA-2017-124765,11/25/2017,11/30/2017,Standard Class,HZ-14950,Henia Zydlo,Consumer,United States,Fort Lauderdale,Florida,33311.0,South,FUR-BO-10003965,Furniture,Bookcases,O'Sullivan Manor Hill 2-Door Library in Brianna Oak,723.92,5.0,1.5,-81.441,CRM,Approved,Check later
8662.0,CA-2015-131856,5/12/2015,5/17/2015,Standard Class,JG-15160,James Galang,Consumer,United States,Houston,Texas,77041.0,Central,FUR-FU-10000175,Furniture,Furnishings,DAX Wood Document Frame.,21.968,4.0,0.6,-15.9268,ERP,Approved,
8663.0,CA-2015-131856,5/12/2015,5/17/2015,Standard Class,JG-15160,James Galang,Consumer,United States,Houston,Texas,77041.0,Central,TEC-PH-10001336,Technology,Phones,Digium D40 VoIP phone,619.152,6.0,0.2,69.6546,Manual Upload,Pending,
8664.0,CA-2015-131856,5/12/2015,5/17/2015,Standard Class,JG-15160,James Galang,Consumer,United States,Houston,Texas,77041.0,Central,OFF-PA-10001954,Office Supplies,Paper,Xerox 1964,127.904,7.0,0.2,41.5688,Manual Upload,Pending,
8665.0,CA-2017-126634,3/30/2017,4/1/2017,Second Class,AB-10165,Alan Barnes,Consumer,United States,Lakewood,California,90712.0,West,FUR-FU-10004973,Furniture,Furnishings,Flat Face Poster Frame,94.2,5.0,0.0,39.564,Manual Upload,Pending,Duplicate?
8666.0,CA-2016-118500,11/17/2016,11/18/2016,First Class,HJ-14875,Heather Jas,Home Office,United States,San Francisco,California,94122.0,West,OFF-SU-10004231,Office Supplies,Supplies,Acme Tagit Stainless Steel Antibacterial Scissors,49.5,5.0,0.0,13.365,ERP,Rejected,Urgent
8667.0,CA-2016-163951,12/30/2016,1/2/2017,First Class,CJ-11875,Carl Jackson,Corporate,United States,Philadelphia,Pennsylvania,19140.0,East,OFF-AR-10004269,Office Supplies,Art,Newell 31,16.52,5.0,0.2,1.652,CRM,Rejected,Urgent
8668.0,CA-2016-149916,12/22/2016,12/24/2016,Second Class,ED-13885,Emily Ducich,Home Office,United States,Seattle,Washington,98115.0,West,OFF-BI-10004002,Office Supplies,Binders,Wilson Jones International Size A4 Ring Binders,55.36,4.0,0.2,19.376,CRM,Approved,Duplicate?
8669.0,CA-2016-149916,12/22/2016,12/24/2016,Second Class,ED-13885,Emily Ducich,Home Office,United States,Seattle,Washington,98115.0,West,TEC-MA-10000752,Technology,Machines,Texas Instrument TI-15 Fraction Calculator,11.56,1.0,0.2,3.757,ERP,Approved,
8670.0,CA-2015-158918,12/20/2015,12/25/2015,Second Class,AI-10855,Arianne Irving,Consumer,United States,Los Angeles,California,90036.0,West,OFF-PA-10004947,Office Supplies,Paper,Easy-staple paper,17.12,4.0,0.0,7.704,Manual Upload,Pending,Check later
8671.0,US-2014-159611,12/27/2014,1/1/2015,Second Class,KB-16315,Karl Braun,Consumer,United States,Cleveland,Ohio,44105.0,East,FUR-FU-10004904,Furniture,Furnishings,"Eldon ""L"" Workstation Diamond Chairmat",182.352,3.0,0.2,-18.2352,Manual Upload,Rejected,
8672.0,US-2014-159611,12/27/2014,1/1/2015,Second Class,KB-16315,Karl Braun,Consumer,United States,Cleveland,Ohio,44105.0,East,OFF-ST-10002790,Office Supplies,Storage,Safco Industrial Shelving,118.16,2.0,0.2,-25.109,ERP,,Urgent
8673.0,CA-2017-163265,2/16/2017,2/21/2017,Standard Class,JS-16030,Joy Smith,Consumer,United States,Decatur,Illinois,62521.0,Central,OFF-FA-10004854,Office Supplies,Fasteners,"Vinyl Coated Wire Paper Clips in Organizer Box, 800/Box",18.368,2.0,0.2,6.1992,Legacy,Rejected,Duplicate?
8674.0,CA-2017-163265,2/16/2017,2/21/2017,Standard Class,JS-16030,Joy Smith,Consumer,United States,Decatur,Illinois,62521.0,Central,FUR-CH-10004063,Furniture,Chairs,Global Deluxe High-Back Manager's Chair,600.558,3.0,0.3,-8.5794,ERP,Rejected,Urgent
8675.0,CA-2017-163265,2/16/2017,2/21/2017,Standard Class,JS-16030,Joy Smith,Consumer,United States,Decatur,Illinois,62521.0,Central,OFF-ST-10000642,Office Supplies,Storage,"Tennsco Lockers, Gray",50.352,3.0,0.2,-8.1822,ERP,Pending,
8676.0,CA-2017-163265,2/16/2017,2/21/2017,Standard Class,JS-16030,Joy Smith,Consumer,United States,Decatur,Illinois,62521.0,Central,OFF-AR-10004078,Office Supplies,Art,Newell 312,28.032,6.0,0.2,3.504,CRM,Pending,Duplicate?
8677.0,CA-2017-163265,2/16/2017,2/21/2017,Standard Class,JS-16030,Joy Smith,Consumer,United States,Decatur,Illinois,62521.0,Central,FUR-FU-10004270,Furniture,Furnishings,"Executive Impressions 13"" Clairmont Wall Clock",7.692,1.0,0.6,-3.6537,Legacy,Approved,
8678.0,CA-2017-141705,10/24/2017,10/26/2017,First Class,PO-18850,Patrick O'Brill,Consumer,United States,Mansfield,Texas,76063.0,Central,FUR-TA-10004607,Furniture,Tables,Hon 2111 Invitation Series Straight Table,517.405,5.0,0.3,-81.3065,ERP,,Urgent
8679.0,CA-2016-112739,9/2/2016,9/7/2016,Second Class,RD-19810,Ross DeVincentis,Home Office,United States,Houston,Texas,77070.0,Central,OFF-BI-10001132,Office Supplies,Binders,"Acco PRESSTEX Data Binder with Storage Hooks, Dark Blue, 9 1/2"" X 11""",8.608,8.0,0.8,-13.3424,CRM,Rejected,Check later
8680.0,CA-2016-112739,9/2/2016,9/7/2016,Second Class,RD-19810,Ross DeVincentis,Home Office,United States,Houston,Texas,77070.0,Central,TEC-AC-10001714,Technology,Accessories,Logitech MX Performance Wireless Mouse,159.56,5.0,0.2,33.9065,Legacy,Rejected,
8681.0,CA-2016-143805,12/1/2016,12/3/2016,Second Class,JD-15895,Jonathan Doherty,Corporate,United States,Richmond,Virginia,23223.0,South,OFF-AP-10002945,Office Supplies,Appliances,Honeywell Enviracaire Portable HEPA Air Cleaner for 17' x 22' Room,2104.55,7.0,0.0,50000.0,Manual Upload,Rejected,Duplicate?
8682.0,CA-2016-143805,12/1/2016,12/3/2016,Second Class,JD-15895,Jonathan Doherty,Corporate,United States,Richmond,Virginia,23223.0,South,OFF-SU-10004664,Office Supplies,Supplies,Acme Softgrip Scissors,40.7,5.0,0.0,11.803,Legacy,Pending,Check later
8683.0,CA-2014-133634,11/5/2014,11/10/2014,Standard Class,SR-20740,Steven Roelle,Home Office,United States,Arlington,Virginia,22204.0,South,TEC-AC-10002550,Technology,Accessories,Maxell 4.7GB DVD-RW 3/Pack,47.79,3.0,0.0,16.2486,Manual Upload,Rejected,
8684.0,CA-2017-101665,11/25/2017,12/1/2017,Standard Class,TZ-21580,Tracy Zic,Consumer,United States,San Francisco,California,94122.0,West,OFF-AR-10002335,Office Supplies,Art,DIXON Oriole Pencils,5.16,2.0,0.0,1.3416,CRM,Approved,Check later
8685.0,CA-2016-155446,12/16/2016,12/23/2016,Standard Class,TN-21040,Tanja Norvell,Home Office,United States,San Diego,California,92024.0,West,TEC-AC-10001445,Technology,Accessories,Imation USB 2.0 Swivel Flash Drive USB flash drive - 4 GB - Pink,21.21,7.0,0.0,4.4541,Legacy,Pending,Urgent
8686.0,CA-2017-137323,11/14/2017,11/18/2017,Second Class,PW-19030,Pauline Webber,Corporate,United States,Watertown,New York,13601.0,East,OFF-ST-10003996,Office Supplies,Storage,"Letter/Legal File Tote with Clear Snap-On Lid, Black Granite",96.36,6.0,0.0,25.0536,CRM,,
8687.0,CA-2016-144015,6/26/2016,6/26/2016,Same Day,AH-10075,Adam Hart,Corporate,United States,Los Angeles,California,90036.0,West,OFF-SU-10003505,Office Supplies,Supplies,Premier Electric Letter Opener,231.72,2.0,2.0,11.586,Legacy,Pending,
8688.0,CA-2016-144015,6/26/2016,6/26/2016,Same Day,AH-10075,Adam Hart,Corporate,United States,Los Angeles,California,90036.0,West,OFF-FA-10000624,Office Supplies,Fasteners,OIC Binder Clips,17.9,5.0,0.0,8.95,Manual Upload,Pending,
8689.0,CA-2016-144015,6/26/2016,6/26/2016,Same Day,AH-10075,Adam Hart,Corporate,United States,Los Angeles,California,90036.0,West,OFF-PA-10002870,office_supplies,Paper,"Ampad Phone Message Book, Recycled, 400 Message Capacity, 5 ¾ x 11",12.48,2.0,0.0,5.616,Legacy,Approved,
8690.0,CA-2014-101427,12/26/2014,12/30/2014,Standard Class,AY-10555,Andy Yotov,Corporate,United States,Philadelphia,Pennsylvania,19140.0,East,OFF-AR-10002257,Office Supplies,Art,"Eldon Spacemaker Box, Quick-Snap Lid, Clear",8.016,3.0,0.2,1.1022,Manual Upload,Pending,Urgent
8691.0,CA-2016-136770,8/14/2016,8/18/2016,Standard Class,SP-20650,Stephanie Phelps,Corporate,United States,Akron,Ohio,44312.0,East,TEC-PH-10003580,Technology,Phones,Cisco IP Phone 7961G-GE VoIP phone,259.896,2.0,0.4,-56.3108,CRM,Approved,
8692.0,CA-2016-136770,8/14/2016,8/18/2016,Standard Class,SP-20650,Stephanie Phelps,Corporate,United States,Akron,Ohio,44312.0,East,TEC-PH-10001530,Technology,Phones,Plantronics Voyager Pro Legend,247.188,2.0,0.4,-49.4376,Manual Upload,,
8693.0,CA-2016-136770,8/14/2016,8/18/2016,Standard Class,SP-20650,Stephanie Phelps,Corporate,United States,Akron,Ohio,44312.0,East,TEC-AC-10000420,Technology,Accessories,Logitech G500s Laser Gaming Mouse with Adjustable Weight Tuning,279.96,5.0,0.2,48.993,CRM,Approved,
8694.0,CA-2016-118311,10/24/2016,10/28/2016,Standard Class,ED-13885,Emily Ducich,Home Office,United States,San Francisco,California,94110.0,West,TEC-AC-10000892,Technology,Accessories,NETGEAR N750 Dual Band Wi-Fi Gigabit Router,450.0,5.0,0.0,162.0,Manual Upload,,Urgent
8695.0,US-2014-112795,8/23/2014,8/28/2014,Second Class,CR-12625,Corey Roper,Home Office,United States,Grand Rapids,Michigan,49505.0,Central,OFF-PA-10001934,Office Supplies,Paper,Xerox 1993,19.44,3.0,0.0,9.5256,CRM,Pending,
8696.0,CA-2017-127096,9/15/2017,9/17/2017,Second Class,CS-12400,Christopher Schild,Home Office,United States,San Francisco,California,94109.0,West,FUR-TA-10003473,Furniture,Tables,Bretford Rectangular Conference Table Tops,300.904,1.0,0.2,11.2839,ERP,,
8697.0,CA-2017-119284,6/15/2017,6/20/2017,Standard Class,TS-21205,Thomas Seio,Corporate,United States,Nashville,Tennessee,37211.0,South,TEC-PH-10001051,Technology,Phones,HTC One,239.976,3.0,0.2,26.9973,ERP,,
8698.0,CA-2017-119284,6/15/2017,6/20/2017,Standard Class,TS-21205,Thomas Seio,Corporate,United States,Nashville,Tennessee,37211.0,South,FUR-FU-10004351,Furniture,Furnishings,Staple-based wall hangings,31.168,4.0,0.2,9.3504,Legacy,Pending,Urgent
8699.0,CA-2017-119284,6/15/2017,6/20/2017,Standard Class,TS-21205,Thomas Seio,Corporate,United States,Nashville,Tennessee,37211.0,South,FUR-TA-10004152,Furniture,Tables,"Barricks 18"" x 48"" Non-Folding Utility Table with Bottom Storage Shelf",120.96,2.0,0.4,-28.224,Manual Upload,,
8700.0,CA-2017-119284,6/15/2017,6/20/2017,Standard Class,TS-21205,Thomas Seio,Corporate,United States,Nashville,Tennessee,37211.0,South,TEC-PH-10000560,Technology,Phones,Samsung Galaxy S III - 16GB - pebble blue (T-Mobile),2239.936,8.0,0.2,223.9936,ERP,Pending,
8701.0,CA-2017-119284,6/15/2017,6/20/2017,Standard Class,TS-21205,Thomas Seio,Corporate,United States,Nashville,Tennessee,37211.0,South,OFF-AP-10004249,Office Supplies,Appliances,Staple holder,76.608,8.0,0.2,6.7032,Legacy,Approved,
8702.0,CA-2017-119284,6/15/2017,6/20/2017,Standard Class,TS-21205,Thomas Seio,Corporate,United States,Nashville,Tennessee,37211.0,South,OFF-ST-10001490,Office Supplies,Storage,"Hot File 7-Pocket, Floor Stand",142.776,1.0,0.2,17.847,Manual Upload,Approved,
8703.0,CA-2017-119284,6/15/2017,6/20/2017,Standard Class,TS-21205,Thomas Seio,Corporate,United States,Nashville,Tennessee,37211.0,South,OFF-PA-10000312,Office Supplies,Paper,Xerox 1955,91.36,5.0,0.2,29.692,Manual Upload,,
8704.0,CA-2015-133494,3/1/2015,3/5/2015,Standard Class,RP-19390,Resi Pölking,Consumer,United States,Philadelphia,Pennsylvania,19120.0,East,OFF-AP-10002906,Office Supplies,Appliances,Hoover Replacement Belt for Commercial Guardsman Heavy-Duty Upright Vacuum,3.552,2.0,0.2,0.444,Manual Upload,,
8705.0,CA-2016-111318,7/23/2016,7/26/2016,First Class,IL-15100,Ivan Liston,Consumer,United States,Houston,Texas,77041.0,Central,TEC-PH-10004100,Technology,Phones,Griffin GC17055 Auxiliary Audio Cable,115.136,8.0,0.2,11.5136,Manual Upload,Rejected,Duplicate?
8706.0,US-2014-132745,10/1/2014,10/5/2014,Standard Class,NF-18475,Neil Französisch,Home Office,United States,Reno,Nevada,89502.0,West,OFF-FA-10000254,Office Supplies,Fasteners,Sterling Rubber Bands by Alliance,4.71,1.0,0.0,0.0,ERP,Approved,
8707.0,CA-2014-146815,9/8/2014,9/13/2014,Standard Class,PP-18955,Paul Prost,Home Office,United States,New York City,New York,10009.0,East,FUR-CH-10004289,Furniture,Chairs,Global Super Steno Chair,172.764,2.0,0.1,13.4372,Manual Upload,,Check later
8708.0,CA-2014-146815,9/8/2014,9/13/2014,Standard Class,PP-18955,Paul Prost,Home Office,United States,New York City,New York,10009.0,East,OFF-AR-10003469,Office Supplies,Art,Nontoxic Chalk,3.52,2.0,0.0,1.6896,ERP,,Duplicate?
8709.0,CA-2014-119144,11/16/2014,11/18/2014,First Class,JD-16150,Justin Deggeller,Corporate,United States,Los Angeles,California,90008.0,West,TEC-PH-10004188,Technology,Phones,OtterBox Commuter Series Case - Samsung Galaxy S4,79.968,4.0,0.2,-17.9928,ERP,Pending,Urgent
8710.0,CA-2014-119144,11/16/2014,11/18/2014,First Class,JD-16150,Justin Deggeller,Corporate,United States,Los Angeles,California,90008.0,West,FUR-BO-10004015,Furniture,Bookcases,"Bush Andora Bookcase, Maple/Graphite Gray Finish",305.9745,3.0,0.15,25.1979,Manual Upload,Pending,Duplicate?
8711.0,CA-2014-119144,11/16/2014,11/18/2014,First Class,JD-16150,Justin Deggeller,Corporate,United States,Los Angeles,California,90008.0,West,OFF-ST-10000991,Office Supplies,Storage,Space Solutions HD Industrial Steel Shelving.,344.91,3.0,0.0,10.3473,Manual Upload,,Duplicate?
8712.0,CA-2014-105648,3/3/2014,3/7/2014,Standard Class,EJ-14155,Eva Jacobs,Consumer,United States,San Diego,California,92037.0,West,FUR-TA-10002958,Furniture,Tables,"Bevis Oval Conference Table, Walnut",626.352,3.0,0.2,-23.4882,Legacy,Approved,Duplicate?
8713.0,US-2015-145422,12/3/2015,12/7/2015,Standard Class,PW-19240,Pierre Wener,Consumer,United States,San Francisco,California,94110.0,West,FUR-BO-10002213,Furniture,Bookcases,"Sauder Forest Hills Library, Woodland Oak Finish",359.499,3.0,0.15,-29.6058,Legacy,Rejected,
8714.0,CA-2017-136623,7/11/2017,7/16/2017,Standard Class,TS-21430,Tom Stivers,Corporate,United States,San Diego,California,92105.0,West,TEC-PH-10000004,Technology,Phones,Belkin iPhone and iPad Lightning Cable,71.952,6.0,0.2,5.3964,Legacy,,Check later
8715.0,CA-2017-136623,7/11/2017,7/16/2017,Standard Class,TS-21430,Tom Stivers,Corporate,United States,San Diego,California,92105.0,West,OFF-BI-10003708,Office Supplies,Binders,"Acco Four Pocket Poly Ring Binder with Label Holder, Smoke, 1""",29.8,5.0,0.2,9.3125,Manual Upload,Pending,Urgent
8716.0,CA-2017-121678,11/16/2017,11/20/2017,Second Class,BM-11650,Brian Moss,Corporate,United States,Elyria,Ohio,44035.0,East,OFF-BI-10002949,Office Supplies,Binders,Prestige Round Ring Binders,1.824,1.0,0.7,-1.3984,ERP,Approved,Duplicate?
8717.0,CA-2016-120824,6/12/2016,6/16/2016,Second Class,AW-10930,Arthur Wiediger,Home Office,United States,Houston,Texas,77070.0,Central,OFF-AP-10001242,Office Supplies,Appliances,APC 7 Outlet Network SurgeArrest Surge Protector,64.384,4.0,0.8,-160.96,Manual Upload,,Duplicate?
8718.0,CA-2016-120824,6/12/2016,6/16/2016,Second Class,AW-10930,Arthur Wiediger,Home Office,United States,Houston,Texas,77070.0,Central,FUR-FU-10001424,Furniture,Furnishings,Dax Clear Box Frame,6.984,2.0,0.6,-4.5396,ERP,,Urgent
8719.0,CA-2016-120824,6/12/2016,6/16/2016,Second Class,AW-10930,Arthur Wiediger,Home Office,United States,Houston,Texas,77070.0,Central,OFF-AR-10003469,Office Supplies,Art,Nontoxic Chalk,11.264,8.0,0.2,3.9424,Legacy,Approved,Duplicate?
8720.0,CA-2016-120824,6/12/2016,6/16/2016,Second Class,AW-10930,Arthur Wiediger,Home Office,United States,Houston,Texas,77070.0,Central,OFF-PA-10000232,Office Supplies,Paper,Xerox 1975,15.552,3.0,0.2,5.6376,CRM,Rejected,Check later
8721.0,CA-2016-120824,6/12/2016,6/16/2016,Second Class,AW-10930,Arthur Wiediger,Home Office,United States,Houston,Texas,77070.0,Central,FUR-CH-10000229,Furniture,Chairs,Global Enterprise Series Seating High-Back Swivel/Tilt Chairs,379.372,2.0,0.3,-119.2312,CRM,Rejected,Duplicate?
8722.0,CA-2016-120824,6/12/2016,6/16/2016,Second Class,AW-10930,Arthur Wiediger,Home Office,United States,Houston,Texas,77070.0,Central,OFF-ST-10002562,Office Supplies,Storage,Staple magnet,67.536,9.0,0.2,6.7536,Legacy,Rejected,Check later
8723.0,CA-2016-120824,6/12/2016,6/16/2016,Second Class,AW-10930,Arthur Wiediger,Home Office,United States,Houston,Texas,77070.0,Central,OFF-BI-10001525,Office Supplies,Binders,"Acco Pressboard Covers with Storage Hooks, 14 7/8"" x 11"", Executive Red",1.524,2.0,0.8,-2.667,CRM,Approved,Urgent
8724.0,US-2016-135209,12/29/2016,12/31/2016,Second Class,MH-17290,Marc Harrigan,Home Office,United States,Miami,Florida,33178.0,South,OFF-PA-10002986,Office Supplies,Paper,Xerox 1898,37.408,7.0,0.2,13.0928,ERP,,
8725.0,US-2016-135209,12/29/2016,12/31/2016,Second Class,MH-17290,Marc Harrigan,Home Office,United States,Miami,Florida,33178.0,South,OFF-PA-10000143,Office Supplies,Paper,Astroparche Fine Business Paper,25.344,6.0,0.2,8.8704,Legacy,Approved,
8726.0,CA-2017-148145,3/18/2017,3/23/2017,Standard Class,SW-20275,Scott Williamson,Consumer,United States,Seattle,Washington,98115.0,West,OFF-AR-10003752,Office Supplies,Art,Deluxe Chalkboard Eraser Cleaner,46.2,4.0,0.0,21.252,Manual Upload,Approved,Duplicate?
8727.0,CA-2015-103870,12/27/2015,12/31/2015,Standard Class,SP-20860,Sung Pak,Corporate,United States,Murfreesboro,Tennessee,37130.0,South,TEC-AC-10002370,Technology,Accessories,Maxell CD-R Discs,4.728,3.0,0.2,0.7092,ERP,Approved,Duplicate?
8728.0,CA-2015-103870,12/27/2015,12/31/2015,Standard Class,SP-20860,Sung Pak,Corporate,United States,Murfreesboro,Tennessee,37130.0,South,FUR-FU-10002030,Furniture,Furnishings,"Executive Impressions 14"" Contract Wall Clock with Quartz Movement",53.352,3.0,0.2,16.0056,Manual Upload,,Urgent
8729.0,CA-2015-103870,12/27/2015,12/31/2015,Standard Class,SP-20860,Sung Pak,Corporate,United States,Murfreesboro,Tennessee,37130.0,South,FUR-BO-10002853,Furniture,Bookcases,O'Sullivan 5-Shelf Heavy-Duty Bookcases,131.104,2.0,0.2,8.194,CRM,,Check later
8730.0,CA-2015-103870,12/27/2015,12/31/2015,Standard Class,SP-20860,Sung Pak,Corporate,United States,Murfreesboro,Tennessee,37130.0,South,OFF-ST-10002562,Office Supplies,Storage,Staple magnet,22.512,3.0,0.2,2.2512,Manual Upload,Approved,
8731.0,CA-2015-103870,12/27/2015,12/31/2015,Standard Class,SP-20860,Sung Pak,Corporate,United States,Murfreesboro,Tennessee,37130.0,South,TEC-AC-10004227,Technology,Accessories,SanDisk Ultra 16 GB MicroSDHC Class 10 Memory Card,72.744,7.0,0.2,-12.7302,Manual Upload,Rejected,Urgent
8732.0,CA-2015-111017,7/31/2015,8/6/2015,Standard Class,SC-20695,Steve Chapman,Corporate,United States,Saint Louis,Missouri,63116.0,Central,OFF-SU-10002573,Office Supplies,Supplies,"Acme 10"" Easy Grip Assistive Scissors",52.59,3.0,0.0,15.777,Manual Upload,,
8733.0,CA-2017-116988,6/27/2017,6/29/2017,Second Class,PW-19030,Pauline Webber,Corporate,United States,Seattle,Washington,98105.0,West,OFF-PA-10003848,Office Supplies,Paper,Xerox 1997,19.44,3.0,0.0,9.3312,Manual Upload,Pending,Check later
8734.0,CA-2017-116988,6/27/2017,6/29/2017,Second Class,PW-19030,Pauline Webber,Corporate,United States,Seattle,Washington,98105.0,West,FUR-FU-10001290,Furniture,Furnishings,Executive Impressions Supervisor Wall Clock,126.3,3.0,0.0,40.416,Legacy,Rejected,Check later
8735.0,CA-2017-116988,6/27/2017,6/29/2017,Second Class,PW-19030,Pauline Webber,Corporate,United States,Seattle,Washington,98105.0,West,TEC-AC-10003832,Technology,Accessories,Logitech P710e Mobile Speakerphone,1287.45,5.0,0.0,244.6155,Legacy,Pending,
8736.0,US-2014-169390,2/7/2014,2/10/2014,Second Class,CS-12250,Chris Selesnick,Corporate,United States,New York City,New York,10024.0,East,OFF-ST-10001558,Office Supplies,Storage,Acco Perma 4000 Stacking Storage Drawers,64.96,4.0,0.0,9.744,ERP,,Urgent
8737.0,CA-2016-168774,9/4/2016,9/9/2016,Standard Class,RP-19855,Roy Phan,Corporate,United States,Woodbury,Minnesota,55125.0,Central,OFF-ST-10001490,Office Supplies,Storage,"Hot File 7-Pocket, Floor Stand",535.41,3.0,0.0,160.623,Legacy,Pending,Urgent
8738.0,CA-2017-161592,4/6/2017,4/10/2017,Standard Class,CS-12175,Charles Sheldon,Corporate,United States,Chattanooga,Tennessee,37421.0,South,OFF-BI-10003669,Office Supplies,Binders,3M Organizer Strips,8.1,5.0,0.7,-5.94,CRM,Pending,Urgent
8739.0,US-2017-131961,12/8/2017,12/11/2017,First Class,MJ-17740,Max Jones,Consumer,United States,Philadelphia,Pennsylvania,19140.0,East,OFF-AR-10004441,Office Supplies,Art,BIC Brite Liner Highlighters,13.248,4.0,0.2,3.6432,Manual Upload,Pending,
8740.0,US-2017-131961,12/8/2017,12/11/2017,First Class,MJ-17740,Max Jones,Consumer,United States,Philadelphia,Pennsylvania,19140.0,East,TEC-PH-10001924,Technology,Phones,iHome FM Clock Radio with Lightning Dock,83.988,2.0,0.4,-20.997,ERP,Approved,
8741.0,CA-2016-102498,7/24/2016,7/25/2016,First Class,JG-15160,James Galang,Consumer,United States,Lafayette,Louisiana,70506.0,South,OFF-AR-10004456,Office Supplies,Art,Panasonic KP-4ABK Battery-Operated Pencil Sharpener,73.2,5.0,0.0,21.228,ERP,,Duplicate?
8742.0,CA-2015-113222,11/9/2015,11/9/2015,Same Day,AG-10765,Anthony Garverick,Home Office,United States,Lawrence,Indiana,46226.0,Central,OFF-BI-10001890,Office Supplies,Binders,Avery Poly Binder Pockets,10.74,3.0,0.0,5.1552,ERP,Rejected,Check later
8743.0,US-2015-144771,10/2/2015,10/4/2015,First Class,CK-12205,Chloris Kastensmidt,Consumer,United States,Hillsboro,Oregon,97123.0,West,FUR-FU-10000629,Furniture,Furnishings,9-3/4 Diameter Round Wall Clock,11.032,1.0,0.2,3.0338,ERP,Approved,
8744.0,US-2015-144771,10/2/2015,10/4/2015,First Class,CK-12205,Chloris Kastensmidt,Consumer,United States,Hillsboro,Oregon,97123.0,West,TEC-AC-10002323,Technology,Accessories,SanDisk Ultra 32 GB MicroSDHC Class 10 Memory Card,53.04,3.0,0.2,-4.641,ERP,,
8745.0,CA-2015-162376,11/22/2015,11/25/2015,Second Class,HD-14785,Harold Dahlen,Home Office,United States,Cambridge,Massachusetts,2138.0,East,OFF-AR-10003056,Office Supplies,Art,Newell 341,17.12,4.0,0.0,4.9648,ERP,Approved,Urgent
8746.0,CA-2015-162376,11/22/2015,11/25/2015,Second Class,HD-14785,Harold Dahlen,Home Office,United States,Cambridge,Massachusetts,2138.0,East,OFF-PA-10000300,Office Supplies,Paper,Xerox 1936,59.94,3.0,0.0,28.1718,ERP,,
8747.0,CA-2017-128076,2/2/2017,2/7/2017,Standard Class,BO-11350,Bill Overfelt,Corporate,United States,San Diego,California,92105.0,West,FUR-FU-10000293,Furniture,Furnishings,Eldon Antistatic Chair Mats for Low to Medium Pile Carpets,210.58,2.0,0.0,12.6348,Manual Upload,Pending,Check later
8748.0,CA-2017-128076,2/2/2017,2/7/2017,Standard Class,BO-11350,Bill Overfelt,Corporate,United States,San Diego,California,92105.0,West,OFF-BI-10003638,Office Supplies,Binders,GBC Durable Plastic Covers,30.96,2.0,0.2,10.062,ERP,,Duplicate?
8749.0,CA-2017-128076,2/2/2017,2/7/2017,Standard Class,BO-11350,Bill Overfelt,Corporate,United States,San Diego,California,92105.0,West,TEC-MA-10002109,Technology,Machines,"HP Officejet Pro 8600 e-All-In-One Printer, Copier, Scanner, Fax",239.984,2.0,0.2,38.9974,ERP,Rejected,
8750.0,US-2015-163825,6/16/2015,6/19/2015,First Class,LC-16885,Lena Creighton,Consumer,United States,New York City,New York,10009.0,East,OFF-BI-10003527,Office Supplies,Binders,Fellowes PB500 Electric Punch Plastic Comb Binding Machine with Manual Bind,3050.376,3.0,0.2,1143.891,Legacy,,Check later
8751.0,US-2015-163825,6/16/2015,6/19/2015,First Class,LC-16885,Lena Creighton,Consumer,United States,New York City,New York,10009.0,East,TEC-PH-10004922,Technology,Phones,RCA Visys Integrated PBX 8-Line Router,133.98,2.0,0.0,33.495,Manual Upload,,Check later
8752.0,CA-2016-105662,5/5/2016,5/9/2016,Standard Class,RB-19465,Rick Bensley,Home Office,United States,Tallahassee,Florida,32303.0,South,OFF-PA-10001001,Office Supplies,Paper,"Snap-A-Way Black Print Carbonless Speed Message, No Reply Area, Duplicate",93.248,4.0,0.2,31.4712,Manual Upload,Pending,
8753.0,CA-2016-105662,5/5/2016,5/9/2016,Standard Class,RB-19465,Rick Bensley,Home Office,United States,Tallahassee,Florida,32303.0,South,TEC-PH-10001198,Technology,Phones,Avaya 4621SW VoIP phone,177.48,3.0,0.2,19.9665,CRM,,
8754.0,CA-2017-152198,9/9/2017,9/10/2017,First Class,JD-16015,Joy Daniels,Consumer,United States,Toledo,Ohio,43615.0,East,OFF-LA-10000443,Office Supplies,Labels,Avery 501,17.712,6.0,0.2,5.9778,Legacy,Pending,Duplicate?
8755.0,CA-2017-152198,9/9/2017,9/10/2017,First Class,JD-16015,Joy Daniels,Consumer,United States,Toledo,Ohio,43615.0,East,OFF-BI-10003669,Office Supplies,Binders,3M Organizer Strips,4.86,3.0,0.7,-3.564,CRM,Approved,Duplicate?
8756.0,CA-2017-152198,9/9/2017,9/10/2017,First Class,JD-16015,Joy Daniels,Consumer,United States,Toledo,Ohio,43615.0,East,OFF-BI-10001628,Office Supplies,Binders,"Acco Data Flex Cable Posts For Top & Bottom Load Binders, 6"" Capacity",6.258,2.0,0.7,-5.215,Manual Upload,,Urgent
8757.0,CA-2016-114307,2016/07/22,7/26/2016,Standard Class,MF-17665,Maureen Fritzler,Corporate,United States,Columbia,Maryland,21044.0,East,OFF-AP-10002350,Office Supplies,Appliances,Belkin F9H710-06 7 Outlet SurgeMaster Surge Protector,37.68,2.0,0.0,10.5504,CRM,Pending,Check later
8758.0,CA-2016-114307,7/22/2016,7/26/2016,Standard Class,MF-17665,Maureen Fritzler,Corporate,United States,Columbia,Maryland,21044.0,East,OFF-PA-10004100,Office Supplies,Paper,Xerox 216,51.84,8.0,0.0,24.8832,CRM,Pending,
8759.0,CA-2016-114307,7/22/2016,7/26/2016,Standard Class,MF-17665,Maureen Fritzler,Corporate,United States,Columbia,Maryland,21044.0,East,FUR-FU-10000794,Furniture,Furnishings,"Eldon Stackable Tray, Side-Load, Legal, Smoke",27.42,3.0,0.0,9.3228,ERP,Approved,Check later
8760.0,CA-2016-114307,7/22/2016,7/26/2016,Standard Class,MF-17665,Maureen Fritzler,Corporate,United States,Columbia,Maryland,21044.0,East,OFF-BI-10002012,Office Supplies,Binders,Wilson Jones Easy Flow II Sheet Lifters,5.4,3.0,0.0,2.592,Legacy,Pending,Check later
8761.0,CA-2016-159891,1/31/2016,2/6/2016,Standard Class,BF-11170,Ben Ferrer,Home Office,United States,Atlanta,Georgia,30318.0,South,OFF-BI-10003527,Office Supplies,Binders,Fellowes PB500 Electric Punch Plastic Comb Binding Machine with Manual Bind,1270.99,1.0,0.0,635.495,Legacy,Approved,Check later
8762.0,CA-2016-159891,1/31/2016,2/6/2016,Standard Class,BF-11170,Ben Ferrer,Home Office,United States,Atlanta,Georgia,30318.0,South,OFF-EN-10004483,Office Supplies,Envelopes,"#10 White Business Envelopes,4 1/8 x 9 1/2",125.36,8.0,0.0,58.9192,Legacy,Rejected,Urgent
8763.0,CA-2016-112578,12/29/2016,1/2/2017,Standard Class,FO-14305,Frank Olsen,Consumer,United States,Sacramento,California,95823.0,West,OFF-ST-10003722,Office Supplies,Storage,Project Tote Personal File,14.03,1.0,0.0,4.0687,Legacy,Pending,Check later
8764.0,CA-2016-112578,12/29/2016,1/2/2017,Standard Class,FO-14305,Frank Olsen,Consumer,United States,Sacramento,California,95823.0,West,OFF-SU-10002557,Office Supplies,Supplies,Fiskars Spring-Action Scissors,27.96,2.0,0.0,7.2696,ERP,,Urgent
8765.0,CA-2015-107083,11/21/2015,11/27/2015,Standard Class,BB-11545,Brenda Bowman,Corporate,United States,Fort Worth,Texas,76106.0,Central,OFF-AR-10002257,Office Supplies,Art,"Eldon Spacemaker Box, Quick-Snap Lid, Clear",5.344,2.0,0.2,0.7348,ERP,,Check later
8766.0,CA-2015-107083,11/21/2015,11/27/2015,Standard Class,BB-11545,Brenda Bowman,Corporate,United States,Fort Worth,Texas,76106.0,Central,OFF-BI-10000756,Office Supplies,Binders,Storex DuraTech Recycled Plastic Frosted Binders,1.696,2.0,0.8,-2.544,Legacy,Approved,Urgent
8767.0,CA-2015-107083,11/21/2015,11/27/2015,Standard Class,BB-11545,Brenda Bowman,Corporate,United States,Fort Worth,Texas,76106.0,Central,OFF-AP-10004136,Office Supplies,Appliances,Kensington 6 Outlet SmartSocket Surge Protector,24.588,3.0,0.8,-67.617,Manual Upload,,
8768.0,CA-2015-107083,11/21/2015,11/27/2015,Standard Class,BB-11545,Brenda Bowman,Corporate,United States,Fort Worth,Texas,76106.0,Central,OFF-BI-10002194,Office Supplies,Binders,Cardinal Hold-It CD Pocket,7.98,5.0,0.8,-13.167,Manual Upload,,Urgent
8769.0,CA-2015-151722,10/5/2015,10/9/2015,Standard Class,IL-15100,Ivan Liston,Consumer,United States,Columbus,Ohio,43229.0,East,TEC-AC-10000892,Technology,Accessories,NETGEAR N750 Dual Band Wi-Fi Gigabit Router,288.0,4.0,0.2,57.6,ERP,Rejected,
8770.0,CA-2016-151148,9/12/2016,9/13/2016,Same Day,PO-19180,Philisse Overcash,Home Office,United States,Louisville,Colorado,80027.0,West,TEC-PH-10001870,Technology,Phones,Lunatik TT5L-002 Taktik Strike Impact Protection System for iPhone 5,146.952,3.0,0.2,9.1845,CRM,,Duplicate?
8771.0,CA-2016-151148,9/12/2016,13/09/2016,Same Day,PO-19180,Philisse Overcash,Home Office,United States,Louisville,Colorado,80027.0,West,FUR-CH-10002304,Furniture,Chairs,"Global Stack Chair without Arms, Black",83.136,4.0,0.2,5.196,Legacy,,Urgent
8772.0,CA-2017-115882,9/14/2017,9/17/2017,First Class,DB-13555,Dorothy Badders,Corporate,United States,Raleigh,North Carolina,27604.0,South,OFF-AP-10002534,Office Supplies,Appliances,3.6 Cubic Foot Counter Height Office Refrigerator,942.784,4.0,-0.2,94.2784,CRM,,
8773.0,CA-2017-115882,9/14/2017,9/17/2017,First Class,DB-13555,Dorothy Badders,Corporate,United States,Raleigh,North Carolina,27604.0,South,OFF-PA-10001125,Office Supplies,Paper,Xerox 1988,74.352,3.0,0.2,23.235,Legacy,Rejected,Urgent
8774.0,CA-2015-132276,2/23/2015,2/28/2015,Standard Class,LC-16960,Lindsay Castell,Home Office,United States,New York City,New York,10024.0,East,OFF-AP-10000804,Office Supplies,Appliances,Hoover Portapower Portable Vacuum,26.88,6.0,0.0,6.72,ERP,Rejected,Urgent
8775.0,CA-2015-132276,2/23/2015,2/28/2015,Standard Class,LC-16960,Lindsay Castell,Home Office,United States,New York City,New York,10024.0,East,OFF-BI-10002982,Office Supplies,Binders,Avery Self-Adhesive Photo Pockets for Polaroid Photos,10.896,2.0,0.2,3.8136,CRM,Pending,Check later
8776.0,CA-2016-163636,12/5/2016,12/9/2016,Second Class,MP-18175,Mike Pelletier,Home Office,United States,Chicago,Illinois,60623.0,Central,OFF-AR-10001547,Office Supplies,Art,Newell 311,3.536,2.0,0.2,0.3094,ERP,Pending,
8777.0,CA-2016-102813,7/2/2016,7/3/2016,First Class,EA-14035,Erin Ashbrook,Corporate,United States,Huntsville,Texas,77340.0,Central,FUR-CH-10000665,Furniture,Chairs,"Global Airflow Leather Mesh Back Chair, Black",528.43,5.0,0.3,0.0,ERP,,
8778.0,CA-2016-102813,7/2/2016,7/3/2016,First Class,EA-14035,Erin Ashbrook,Corporate,United States,Huntsville,Texas,77340.0,Central,OFF-PA-10000520,Office Supplies,Paper,Xerox 201,41.472,8.0,0.2,14.5152,ERP,Rejected,Urgent
8779.0,CA-2017-135377,12/13/2017,12/18/2017,Standard Class,BP-11095,Bart Pistole,Corporate,United States,New York City,New York,10024.0,East,FUR-BO-10004015,Furniture,Bookcases,"Bush Andora Bookcase, Maple/Graphite Gray Finish",287.976,3.0,0.2,7.1994,Legacy,Approved,
8780.0,CA-2015-165813,3/20/2015,3/22/2015,Second Class,BM-11785,Bryan Mills,Consumer,United States,Salem,Oregon,97301.0,West,OFF-ST-10004258,Office Supplies,Storage,Portable Personal File Box,29.304,3.0,0.2,2.5641,Manual Upload,Pending,Urgent
8781.0,CA-2015-133585,3/1/2015,3/4/2015,First Class,CM-12715,Craig Molinari,Corporate,United States,Houston,Texas,77070.0,Central,OFF-AR-10003696,Office Supplies,Art,Panasonic KP-350BK Electric Pencil Sharpener with Auto Stop,55.328,2.0,0.2,6.2244,ERP,Rejected,Check later
8782.0,CA-2015-133585,3/1/2015,3/4/2015,First Class,CM-12715,Craig Molinari,Corporate,United States,Houston,Texas,77070.0,Central,FUR-BO-10001811,Furniture,Bookcases,"Atlantic Metals Mobile 5-Shelf Bookcases, Custom Colors",1227.9984,6.0,0.32,-36.1176,Legacy,Pending,Check later
8783.0,CA-2016-116911,9/15/2016,9/20/2016,Standard Class,JD-16150,Justin Deggeller,Corporate,United States,Twin Falls,Idaho,83301.0,West,OFF-BI-10001249,Office Supplies,Binders,Avery Heavy-Duty EZD View Binder with Locking Rings,20.416,4.0,0.2,6.6352,ERP,Rejected,Duplicate?
8784.0,CA-2016-116911,9/15/2016,9/20/2016,Standard Class,JD-16150,Justin Deggeller,Corporate,United States,Twin Falls,Idaho,83301.0,West,FUR-TA-10003473,Furniture,Tables,Bretford Rectangular Conference Table Tops,1128.39,3.0,0.0,259.5297,Legacy,Approved,
8785.0,US-2017-129224,3/17/2017,3/23/2017,Standard Class,AS-10630,Ann Steele,Home Office,United States,Knoxville,Tennessee,37918.0,South,OFF-LA-10003190,Office Supplies,Labels,Avery 474,4.608,2.0,0.2,1.6704,ERP,Rejected,
8786.0,CA-2017-145765,5/28/2017,6/2/2017,Standard Class,CM-11815,Candace McMahon,Corporate,United States,Phoenix,Arizona,85023.0,West,TEC-PH-10001305,Technology,Phones,Panasonic KX TS208W Corded phone,195.96,5.0,0.2,19.596,CRM,Rejected,
8787.0,CA-2017-145765,5/28/2017,6/2/2017,Standard Class,CM-11815,Candace McMahon,Corporate,United States,Phoenix,Arizona,85023.0,West,OFF-PA-10001534,Office Supplies,Paper,Xerox 230,15.552,3.0,0.2,5.4432,CRM,Rejected,
8788.0,CA-2017-145765,5/28/2017,6/2/2017,Standard Class,CM-11815,Candace McMahon,Corporate,United States,Phoenix,Arizona,85023.0,West,TEC-AC-10000844,TECHNOLOGY,Accessories,Logitech Gaming G510s - Keyboard,271.968,4.0,0.2,54.3936,Legacy,,Duplicate?
8789.0,CA-2017-126914,06/15/2017,6/19/2017,Standard Class,JE-15715,Joe Elijah,Consumer,United States,Monroe,North Carolina,28110.0,South,FUR-CH-10000847,Furniture,Chairs,Global Executive Mid-Back Manager's Chair,698.352,3.0,0.2,52.3764,ERP,Approved,
8790.0,CA-2017-126914,6/15/2017,6/19/2017,Standard Class,JE-15715,Joe Elijah,Consumer,United States,Monroe,North Carolina,28110.0,South,FUR-BO-10000468,Furniture,Bookcases,O'Sullivan 2-Shelf Heavy-Duty Bookcases,77.728,2.0,0.2,-3.8864,Legacy,Pending,Urgent
8791.0,CA-2015-169572,9/6/2015,9/12/2015,Standard Class,AG-10525,Andy Gerbode,Corporate,United States,Richmond,Virginia,23223.0,South,OFF-BI-10002799,Office Supplies,Binders,"SlimView Poly Binder, 3/8""",46.62,9.0,0.0,21.4452,Legacy,,Check later
8792.0,CA-2017-162075,3/18/2017,3/24/2017,Standard Class,TT-21220,Thomas Thornton,Consumer,United States,Houston,Texas,77041.0,Central,TEC-PH-10001557,Technology,Phones,Pyle PMP37LED,537.544,7.0,0.2,47.0351,CRM,Approved,Duplicate?
8793.0,CA-2014-162992,12/19/2014,12/21/2014,First Class,BP-11095,Bart Pistole,Corporate,United States,Los Angeles,California,90008.0,West,OFF-LA-10001934,Office Supplies,Labels,Avery 516,14.62,2.0,0.0,6.8714,CRM,Rejected,
8794.0,CA-2014-162992,12/19/2014,12/21/2014,First Class,BP-11095,Bart Pistole,Corporate,United States,Los Angeles,California,90008.0,West,OFF-FA-10004248,OfficeSupply,Fasteners,Advantus T-Pin Paper Clips,22.55,5.0,0.0,8.7945,ERP,Rejected,Check later
8795.0,CA-2014-162992,12/19/2014,12/21/2014,First Class,BP-11095,Bart Pistole,Corporate,United States,Los Angeles,California,90008.0,West,TEC-PH-10001944,Technology,Phones,Wi-Ex zBoost YX540 Cellular Phone Signal Booster,583.8,5.0,0.2,72.975,CRM,Pending,Check later
8796.0,CA-2014-162992,12/19/2014,12/21/2014,First Class,BP-11095,Bart Pistole,Corporate,United States,Los Angeles,California,90008.0,West,TEC-PH-10002085,Technology,Phones,Clarity 53712,211.168,4.0,0.2,15.8376,CRM,,Duplicate?
8797.0,CA-2016-106397,7/7/2016,7/13/2016,Standard Class,MJ-17740,Max Jones,Consumer,United States,Orem,Utah,84057.0,West,OFF-PA-10003441,Office Supplies,Paper,Xerox 226,12.96,2.0,0.0,6.2208,Legacy,Pending,Duplicate?
8798.0,CA-2016-106397,7/7/2016,13/07/2016,Standard Class,MJ-17740,Max Jones,Consumer,United States,Orem,Utah,84057.0,West,OFF-AR-10004602,Office Supplies,Art,Boston KS Multi-Size Manual Pencil Sharpener,45.98,2.0,0.0,12.8744,ERP,Approved,Urgent
8799.0,US-2016-150140,4/6/2016,4/10/2016,Standard Class,VM-21685,Valerie Mitchum,Home Office,United States,Burlington,Vermont,5408.0,East,TEC-PH-10002555,Technology,Phones,Nortel Meridian M5316 Digital phone,1294.75,5.0,0.0,336.635,Legacy,,Urgent
8800.0,CA-2014-116666,5/8/2014,5/10/2014,First Class,KT-16480,Kean Thornton,Consumer,United States,Philadelphia,Pennsylvania,19134.0,East,TEC-CO-10001449,Technology,Copiers,Hewlett Packard LaserJet 3310 Copier,1799.97,5.0,0.4,239.996,CRM,Pending,Duplicate?
8801.0,CA-2017-148992,11/23/2017,11/27/2017,Standard Class,CS-12250,Chris Selesnick,Corporate,United States,Chicago,Illinois,60623.0,Central,OFF-PA-10004285,Office Supplies,Paper,Xerox 1959,10.688,2.0,0.2,3.7408,ERP,,Duplicate?
8802.0,CA-2016-140935,11/10/2016,11/12/2016,First Class,AB-10015,Aaron Bergman,Consumer,United States,Oklahoma City,Oklahoma,73120.0,Central,TEC-PH-10000562,Technology,Phones,Samsung Convoy 3,221.98,2.0,0.0,62.1544,ERP,Pending,Check later
8803.0,CA-2016-140935,11/10/2016,11/12/2016,First Class,AB-10015,Aaron Bergman,Consumer,United States,Oklahoma City,Oklahoma,73120.0,Central,FUR-BO-10003966,Furniture,Bookcases,"Sauder Facets Collection Library, Sky Alder Finish",341.96,2.0,0.0,54.7136,Legacy,Rejected,Duplicate?
8804.0,CA-2014-157644,12/31/2014,1/1/2015,First Class,AH-10030,Aaron Hawkins,Corporate,United States,New York City,New York,10035.0,East,TEC-AC-10003614,Technology,Accessories,"Verbatim 25 GB 6x Blu-ray Single Layer Recordable Disc, 10/Pack",34.77,3.0,0.0,11.4741,Legacy,,Urgent
8805.0,CA-2014-157644,12/31/2014,1/1/2015,First Class,AH-10030,Aaron Hawkins,Corporate,United States,New York City,New York,10035.0,East,OFF-LA-10003148,Office Supplies,Labels,Avery 51,18.9,3.0,0.0,8.694,CRM,Rejected,Check later
8806.0,US-2017-100398,8/19/2017,8/23/2017,Standard Class,DO-13435,Denny Ordway,Consumer,United States,Salt Lake City,Utah,84106.0,West,OFF-BI-10002133,Office Supplies,Binders,"Wilson Jones Elliptical Ring 3 1/2"" Capacity Binders, 800 sheets",102.72,3.0,0.2,37.236,CRM,Pending,Duplicate?
8807.0,CA-2016-113082,9/12/2016,9/16/2016,Standard Class,MC-17590,Matt Collister,Corporate,United States,Utica,New York,13501.0,East,FUR-FU-10002813,Furniture,Furnishings,"DAX Contemporary Wood Frame with Silver Metal Mat, Desktop, 11 x 14 Size",40.48,2.0,0.0,14.5728,CRM,Approved,Urgent
8808.0,US-2017-110646,26 Oct 2017,10/31/2017,Standard Class,JF-15190,Jamie Frazer,Consumer,United States,Philadelphia,Pennsylvania,19134.0,East,OFF-BI-10004330,Office Supplies,Binders,"GBC Velobind Prepunched Cover Sets, Regency Series",33.282,3.0,0.7,-27.735,Legacy,Rejected,
8809.0,US-2017-110646,10/26/2017,10/31/2017,Standard Class,JF-15190,Jamie Frazer,Consumer,United States,Philadelphia,Pennsylvania,19134.0,East,TEC-PH-10002807,Technology,Phones,Motorla HX550 Universal Bluetooth Headset,118.65,5.0,0.4,19.775,Legacy,,
8810.0,US-2017-110646,10/26/2017,10/31/2017,Standard Class,JF-15190,Jamie Frazer,Consumer,United States,Philadelphia,Pennsylvania,19134.0,East,OFF-LA-10001404,Office Supplies,Labels,Avery 517,14.76,5.0,0.2,4.9815,ERP,,
8811.0,CA-2017-120614,5/30/2017,6/4/2017,Standard Class,SM-20950,Suzanne McNair,Corporate,United States,Los Angeles,California,90004.0,West,OFF-PA-10004911,Office Supplies,Paper,"Rediform S.O.S. 1-Up Phone Message Bk, 4-1/4x3-1/16 Bk, 1 Form/Pg, 40 Messages/Bk, 3/Pk",37.52,4.0,0.0,18.0096,Manual Upload,Rejected,
8812.0,US-2016-140172,3/8/2016,3/13/2016,Standard Class,SP-20650,Stephanie Phelps,Corporate,United States,Jackson,Michigan,49201.0,Central,OFF-AP-10004233,Office Supplies,Appliances,Honeywell Enviracaire Portable Air Cleaner for up to 8 x 10 Room,207.144,3.0,0.1,48.3336,Legacy,,Check later
8813.0,US-2016-140172,3/8/2016,3/13/2016,Standard Class,SP-20650,Stephanie Phelps,Corporate,United States,Jackson,Michigan,49201.0,Central,OFF-AR-10002766,Office Supplies,Art,Prang Drawing Pencil Set,13.9,5.0,0.0,3.753,CRM,Pending,Urgent
8814.0,CA-2015-127754,7/26/2015,7/31/2015,Standard Class,CK-12760,Cyma Kinney,Corporate,United States,Glendale,Arizona,85301.0,West ,FUR-CH-10003199,Furniture,Chairs,Office Star - Contemporary Task Swivel Chair,266.352,3.0,0.2,13.3176,Manual Upload,,
8815.0,CA-2015-144274,11/23/2015,11/25/2015,Second Class,PW-19240,Pierre Wener,Consumer,United States,Wilmington,Delaware,19805.0,East,TEC-PH-10003012,Technology,Phones,Nortel Meridian M3904 Professional Digital phone,307.98,2.0,0.0,89.3142,Manual Upload,,Urgent
8816.0,CA-2015-144274,11/23/2015,11/25/2015,Second Class,PW-19240,Pierre Wener,CONSUMER,United States,Wilmington,Delaware,19805.0,East,OFF-PA-10001583,Office Supplies,Paper,"1/4 Fold Party Design Invitations & White Envelopes, 24 8-1/2"" X 11"" Cards, 25 Env./Pack",44.1,6.0,0.0,20.727,Legacy,Approved,
8817.0,CA-2015-144274,11/23/2015,11/25/2015,Second Class,PW-19240,Pierre Wener,Consumer,United States,Wilmington,Delaware,19805.0,East,OFF-AR-10001940,Office Supplies,Art,"Sanford Colorific Eraseable Coloring Pencils, 12 Count",13.12,4.0,0.0,5.6416,Manual Upload,Rejected,Urgent
8818.0,CA-2015-144274,11/23/2015,11/25/2015,Second Class,PW-19240,Pierre Wener,Consumer,United States,Wilmington,Delaware,19805.0,East,OFF-EN-10003286,Office Supplies,Envelopes,Staple envelope,16.56,2.0,0.0,7.7832,CRM,Rejected,
8819.0,CA-2015-144274,11/23/2015,11/25/2015,Second Class,PW-19240,Pierre Wener,Consumer,United States,Wilmington,Delaware,19805.0,East,OFF-PA-10003441,Office Supplies,Paper,Xerox 226,38.88,6.0,0.0,18.6624,ERP,Pending,Check later
8820.0,CA-2015-142930,11/28/2015,12/2/2015,Standard Class,EB-14170,Evan Bailliet,Consumer,United States,Austin,Texas,78745.0,Central,OFF-PA-10003395,Office Supplies,Paper,Xerox 1941,335.52,4.0,0.2,117.432,ERP,Approved,Check later
8821.0,CA-2017-100622,11/3/2017,11/7/2017,Standard Class,DK-13090,Dave Kipp,CONSUMER,United States,Orlando,Florida,32839.0,South,TEC-CO-10003236,Technology,Copiers,Canon Image Class D660 Copier,959.984,2.0,0.2,311.9948,CRM,Approved,
8822.0,CA-2017-100622,11/3/2017,11/7/2017,Standard Class,DK-13090,Dave Kipp,Consumer,United States,Orlando,Florida,32839.0,South,OFF-BI-10002982,Office Supplies,Binders,Avery Self-Adhesive Photo Pockets for Polaroid Photos,4.086,2.0,0.7,-2.9964,Manual Upload,Pending,Check later
8823.0,CA-2017-100622,11/3/2017,11/7/2017,Standard Class,DK-13090,Dave Kipp,Consumer,United States,Orlando,Florida,32839.0,South,OFF-AR-10004010,Office Supplies,Art,Hunt Boston Vacuum Mount KS Pencil Sharpener,55.984,2.0,0.2,4.1988,CRM,Approved,Duplicate?
8824.0,CA-2017-100622,11/3/2017,11/7/2017,Standard Class,DK-13090,Dave Kipp,Consumer,United States,Orlando,Florida,32839.0,South,OFF-PA-10002947,Office Supplies,Paper,Xerox 1923,10.688,2.0,0.2,3.7408,CRM,Approved,Check later
8825.0,CA-2017-117156,3/21/2017,3/23/2017,Second Class,TB-21055,Ted Butterfield,Consumer,United States,Reading,Pennsylvania,19601.0,East,OFF-EN-10003845,Office Supplies,Envelopes,Colored Envelopes,8.856,3.0,0.2,2.8782,CRM,,
8826.0,CA-2015-115399,12/19/2015,12/22/2015,First Class,AG-10900,Arthur Gainer,Consumer,United States,Philadelphia,Pennsylvania,19134.0,East,OFF-LA-10003190,Office Supplies,Labels,Avery 474,6.912,3.0,0.2,2.5056,Manual Upload,Rejected,Check later
8827.0,US-2014-157847,4/2/2014,4/6/2014,Second Class,SC-20020,Sam Craven,Consumer,United States,Houston,Texas,77095.0,Central,OFF-PA-10002986,Office Supplies,Paper,Xerox 1898,26.72,5.0,0.2,9.352,Manual Upload,,
8828.0,US-2014-157847,4/2/2014,4/6/2014,Second Class,SC-20020,Sam Craven,Consumer,United States,Houston,Texas,77095.0,Central,OFF-PA-10001593,Office Supplies,Paper,Xerox 1947,33.488,7.0,0.2,10.465,ERP,,Duplicate?
8829.0,CA-2015-115168,6/5/2015,6/9/2015,Standard Class,BB-11545,Brenda Bowman,Corporate,United States,Saint Charles,Missouri,63301.0,Central,OFF-PA-10000528,Office Supplies,Paper,Xerox 1981,10.56,2.0,0.0,4.752,ERP,Approved,
8830.0,CA-2014-109680,10/6/2014,10/9/2014,First Class,VP-21760,Victoria Pisteka,Corporate,United States,Indianapolis,Indiana,46203.0,Central,OFF-ST-10001932,Office Supplies,Storage,Fellowes Staxonsteel Drawer Files,386.34,2.0,0.0,54.0876,Legacy,Approved,Urgent
8831.0,CA-2016-167983,8/21/2016,8/24/2016,Second Class,RP-19270,Rachel Payne,Corporate,United States,Seattle,Washington,98115.0,West,OFF-BI-10003727,Office Supplies,Binders,Avery Durable Slant Ring Binders With Label Holder,33.44,10.0,0.2,11.704,ERP,Pending,Check later
8832.0,CA-2015-145324,11/15/2015,11/19/2015,Standard Class,DH-13675,Duane Huffman,Home Office,United States,Harrisonburg,Virginia,22801.0,South,FUR-FU-10002759,Furniture,Furnishings,12-1/2 Diameter Round Wall Clock,39.96,2.0,0.0,14.3856,ERP,Approved,
8833.0,CA-2015-153423,6/22/2015,6/27/2015,Standard Class,SW-20455,Shaun Weien,Consumer,United States,Rochester,New York,14609.0,East,OFF-BI-10000545,Office Supplies,Binders,GBC Ibimaster 500 Manual ProClick Binding System,1217.568,2.0,0.2,456.588,Legacy,Approved,Duplicate?
8834.0,US-2017-132675,9/24/2017,9/28/2017,Standard Class,KF-16285,Karen Ferguson,Home Office,United States,Sandy Springs,Georgia,30328.0,South,OFF-ST-10004950,Office Supplies,Storage,"Tenex Personal Filing Tote With Secure Closure Lid, Black/Frost",15.51,1.0,0.0,3.8775,Manual Upload,Rejected,
8835.0,US-2017-132675,9/24/2017,9/28/2017,Standard Class,KF-16285,Karen Ferguson,Home Office,United States,Sandy Springs,Georgia,30328.0,South,TEC-PH-10003171,Technology,Phones,Plantronics Encore H101 Dual Earpieces Headset,89.9,2.0,0.0,25.172,CRM,Pending,
8836.0,US-2017-132675,9/24/2017,9/28/2017,Standard Class,KF-16285,Karen Ferguson,Home Office,United States,Sandy Springs,Georgia,30328.0,South,OFF-AR-10000614,Office Supplies,Art,Barrel Sharpener,14.28,4.0,0.0,3.7128,CRM,Rejected,
8837.0,US-2017-132675,9/24/2017,9/28/2017,Standard Class,KF-16285,Karen Ferguson,Home Office,United States,Sandy Springs,Georgia,30328.0,South,OFF-AR-10000034,Office Supplies,Art,"BIC Brite Liner Grip Highlighters, Assorted, 5/Pack",12.72,3.0,0.0,4.9608,CRM,Rejected,
8838.0,US-2017-132675,9/24/2017,9/28/2017,Standard Class,KF-16285,Karen Ferguson,Home Office,United States,Sandy Springs,Georgia,30328.0,South,OFF-LA-10003766,Office Supplies,Labels,Self-Adhesive Removable Labels,15.75,5.0,0.0,7.56,Manual Upload,Approved,
8839.0,CA-2014-153808,4/6/2014,4/10/2014,Second Class,FH-14275,Frank Hawley,Corporate,United States,Los Angeles,California,90004.0,West,OFF-AR-10001725,Office Supplies,Art,Boston Home & Office Model 2000 Electric Pencil Sharpeners,70.95,3.0,0.0,18.447,Legacy,Rejected,Duplicate?
8840.0,CA-2014-153808,4/6/2014,4/10/2014,Second Class,FH-14275,Frank Hawley,Corporate,United States,Los Angeles,California,90004.0,West,OFF-BI-10002794,Office Supplies,Binders,"Avery Trapezoid Ring Binder, 3"" Capacity, Black, 1040 sheets",65.568,2.0,0.2,23.7684,Legacy,Approved,Duplicate?
8841.0,CA-2014-153808,4/6/2014,4/10/2014,Second Class,FH-14275,Frank Hawley,Corporate,United States,Los Angeles,California,90004.0,West,TEC-AC-10004171,Technology,Accessories,Razer Kraken 7.1 Surround Sound Over Ear USB Gaming Headset,299.97,3.0,0.0,131.9868,ERP,Pending,Urgent
8842.0,US-2016-112396,2/9/2016,2/13/2016,Standard Class,JR-16210,Justin Ritter,Corporate,United States,San Francisco,California,94110.0,West,TEC-AC-10003628,Technology,Accessories,Logitech 910-002974 M325 Wireless Mouse for Web Scrolling,89.97,3.0,0.0,39.5868,Legacy,Rejected,Check later
8843.0,US-2016-112396,2/9/2016,2/13/2016,Standard Class,JR-16210,Justin Ritter,Corporate,United States,San Francisco,California,94110.0,West,TEC-AC-10004761,Technology,Accessories,Maxell 4.7GB DVD+RW 3/Pack,31.86,2.0,0.0,11.151,ERP,,Duplicate?
8844.0,CA-2014-141173,11/18/2014,11/20/2014,Second Class,JC-16105,Julie Creighton,Corporate,United States,Minneapolis,Minnesota,55407.0,Central,OFF-ST-10000885,Office Supplies,Storage,Fellowes Desktop Hanging File Manager,67.15,5.0,0.0,16.7875,Manual Upload,Pending,Urgent
8845.0,CA-2017-156664,12/18/2017,12/23/2017,Standard Class,BP-11290,Beth Paige,Consumer,United States,Columbus,Ohio,43229.0,East,OFF-BI-10004209,Office Supplies,Binders,"Fellowes Twister Kit, Gray/Clear, 3/pkg",7.236,3.0,0.7,-6.03,Manual Upload,Approved,
8846.0,CA-2017-156664,12/18/2017,12/23/2017,Standard Class,BP-11290,Beth Paige,Consumer,United States,Columbus,Ohio,43229.0,East,OFF-FA-10002988,Office Supplies,Fasteners,Ideal Clamps,4.824,3.0,0.2,1.7487,Legacy,Rejected,
8847.0,CA-2017-156664,12/18/2017,12/23/2017,Standard Class,BP-11290,Beth Paige,Consumer,United States,Columbus,Ohio,43229.0,East,OFF-PA-10002222,office_supplies,Paper,"Xerox Color Copier Paper, 11"" x 17"", Ream",91.36,5.0,0.2,29.692,Legacy,,Duplicate?
8848.0,CA-2017-156664,12/18/2017,12/23/2017,Standard Class,BP-11290,Beth Paige,Consumer,United States,Columbus,Ohio,43229.0,East,OFF-AP-10004487,Office Supplies,Appliances,Kensington 4 Outlet MasterPiece Compact Power Control Center,130.112,2.0,0.2,13.0112,Manual Upload,Approved,Duplicate?
8849.0,CA-2015-140718,7/2/2015,7/4/2015,First Class,FA-14230,Frank Atkinson,Corporate,United States,Raleigh,North Carolina,27604.0,South,TEC-PH-10003505,Technology,Phones,Geemarc AmpliPOWER60,74.24,1.0,0.2,8.352,CRM,Approved,Urgent
8850.0,CA-2015-140718,7/2/2015,7/4/2015,First Class,FA-14230,Frank Atkinson,Corporate,United States,Raleigh,North Carolina,27604.0,South,FUR-FU-10000076,Furniture,Furnishings,24-Hour Round Wall Clock,159.84,10.0,0.2,45.954,CRM,Rejected,
8851.0,CA-2015-140718,7/2/2015,7/4/2015,First Class,FA-14230,Frank Atkinson,Corporate,United States,Raleigh,North Carolina,27604.0,South,OFF-BI-10004728,Office Supplies,Binders,Wilson Jones Turn Tabs Binder Tool for Ring Binders,2.892,2.0,0.7,-2.3136,Legacy,Rejected,Duplicate?
8852.0,CA-2015-140718,7/2/2015,7/4/2015,First Class,FA-14230,Frank Atkinson,Corporate,United States,Raleigh,North Carolina,27604.0,South,OFF-PA-10002250,Office Supplies,Paper,Things To Do Today Pad,9.392,2.0,0.2,3.2872,ERP,Pending,
8853.0,CA-2014-119977,10/8/2014,10/13/2014,Second Class,DN-13690,Duane Noonan,Consumer,United States,New York City,New York,10011.0,East,OFF-PA-10003823,Office Supplies,Paper,Xerox 197,123.92,4.0,0.0,55.764,CRM,Approved,Duplicate?
8854.0,US-2015-115343,9/22/2015,9/25/2015,First Class,FO-14305,Frank Olsen,Consumer,United States,Philadelphia,Pennsylvania,19143.0,East,OFF-SU-10000898,Office Supplies,Supplies,"Acme Hot Forged Carbon Steel Scissors with Nickel-Plated Handles, 3 7/8"" Cut, 8""L",55.6,5.0,0.2,6.255,CRM,,
8855.0,US-2015-115343,9/22/2015,9/25/2015,First Class,FO-14305,Frank Olsen,Consumer,United States,Philadelphia,Pennsylvania,19143.0,East,TEC-AC-10003832,Technology,Accessories,Logitech P710e Mobile Speakerphone,617.976,3.0,0.2,-7.7247,CRM,Rejected,
8856.0,CA-2017-163671,12/24/2017,12/30/2017,Standard Class,DP-13105,Dave Poirier,Corporate,United States,Meridian,Idaho,83642.0,West,OFF-BI-10001679,Office Supplies,Binders,GBC Instant Index System for Binding Systems,21.312,3.0,0.2,7.992,Legacy,Rejected,Urgent
8857.0,CA-2017-135909,10/13/2017,10/20/2017,Standard Class,JW-15220,Jane Waco,Corporate,United States,Sacramento,California,95823.0,West,TEC-AC-10002335,Technology,Accessories,Logitech Media Keyboard K200,209.94,6.0,0.0,39.8886,ERP,,Check later
8858.0,CA-2017-135909,10/13/2017,10/20/2017,Standard Class,JW-15220,Jane Waco,Corporate,United States,Sacramento,California,95823.0,West,TEC-PH-10003187,Technology,Phones,Anker Astro Mini 3000mAh Ultra-Compact Portable Charger,31.984,2.0,0.2,-7.996,ERP,,Check later
8859.0,CA-2017-135909,10/13/2017,10/20/2017,Standard Class,JW-15220,Jane Waco,Corporate,United States,Sacramento,California,95823.0,West,OFF-BI-10003527,Office Supplies,Binders,Fellowes PB500 Electric Punch Plastic Comb Binding Machine with Manual Bind,5083.96,5.0,0.2,1906.485,Legacy,,
8860.0,US-2017-114356,8/20/2017,8/26/2017,Standard Class,TT-21460,Tonja Turnell,Home Office,United States,Charlotte,North Carolina,28205.0,South,TEC-PH-10003171,Technology,Phones,Plantronics Encore H101 Dual Earpieces Headset,35.96,1.0,0.2,3.596,Legacy,Approved,Duplicate?
8861.0,CA-2015-125934,9/11/2015,9/18/2015,Standard Class,SN-20560,Skye Norling,Home Office,United States,Paterson,New Jersey,7501.0,East,OFF-LA-10000414,Office Supplies,Labels,Avery 503,31.05,3.0,0.0,14.904,Manual Upload,Pending,
8862.0,CA-2015-125934,9/11/2015,9/18/2015,Standard Class,SN-20560,Skye Norling,Home Office,United States,Paterson,New Jersey,7501.0,East,FUR-FU-10002107,Furniture,Furnishings,Eldon Pizzaz Desk Accessories,8.92,4.0,0.0,3.9248,Legacy,Approved,
8863.0,CA-2015-125934,9/11/2015,9/18/2015,Standard Class,SN-20560,Skye Norling,Home Office,United States,Paterson,New Jersey,7501.0,East,OFF-BI-10004593,Office Supplies,Binders,Ibico Laser Imprintable Binding System Covers,209.6,4.0,0.0,96.416,CRM,,Urgent
8864.0,CA-2015-125934,11-09-2015,9/18/2015,Standard Class,SN-20560,Skye Norling,Home Office,United States,Paterson,New Jersey,7501.0,East,OFF-AP-10003860,Office Supplies,Appliances,Fellowes Advanced 8 Outlet Surge Suppressor with Phone/Fax Protection,111.04,4.0,0.0,29.9808,ERP,Approved,Check later
8865.0,CA-2015-125934,9/11/2015,9/18/2015,Standard Class,SN-20560,Skye Norling,Home Office,United States,Paterson,New Jersey,7501.0,East,OFF-PA-10000556,Office Supplies,Paper,Xerox 208,38.88,6.0,0.0,18.6624,ERP,Pending,Check later
8866.0,CA-2015-158148,12/20/2015,12/26/2015,Standard Class,JM-15865,John Murray,Consumer,United States,Arlington,Virginia,22204.0,South,OFF-AP-10003281,Office Supplies,Appliances,Acco 6 Outlet Guardian Standard Surge Suppressor,36.27,3.0,0.0,10.881,CRM,Approved,Urgent
8867.0,CA-2014-120411,9/20/2014,9/23/2014,First Class,SB-20185,Sarah Brown,Consumer,United States,Chicago,Illinois,60653.0,Central,FUR-BO-10004218,Furniture,Bookcases,"Bush Heritage Pine Collection 5-Shelf Bookcase, Albany Pine Finish, *Special Order",493.43,5.0,0.3,-70.49,Manual Upload,Approved,
8868.0,CA-2014-120411,9/20/2014,9/23/2014,First Class,SB-20185,Sarah Brown,Consumer,United States,Chicago,Illinois,60653.0,Central,TEC-PH-10002185,Technology,Phones,QVS USB Car Charger 2-Port 2.1Amp for iPod/iPhone/iPad/iPad 2/iPad 3,11.12,2.0,0.2,3.475,Legacy,Approved,
8869.0,CA-2016-158260,11/4/2016,11/8/2016,Standard Class,CC-12475,Cindy Chapman,Consumer,United States,San Diego,California,92037.0,West,TEC-MA-10003176,Technology,Machines,Okidata B400 Printer,686.4,2.0,0.2,77.22,CRM,,
8870.0,CA-2017-101805,12/1/2017,12/6/2017,Standard Class,SH-19975,Sally Hughsby,Corporate,United States,Seattle,Washington,98105.0,West,OFF-BI-10002003,Office Supplies,Binders,Ibico Presentation Index for Binding Systems,15.92,5.0,0.2,5.373,ERP,Pending,
8871.0,CA-2017-101805,12/1/2017,12/6/2017,Standard Class,SH-19975,Sally Hughsby,Corporate,United States,Seattle,Washington,98105.0,West,FUR-FU-10000023,Furniture,Furnishings,Eldon Wave Desk Accessories,70.68,12.0,0.0,31.0992,ERP,Pending,Check later
8872.0,CA-2017-101805,12/1/2017,12/6/2017,Standard Class,SH-19975,Sally Hughsby,Corporate,United States,Seattle,Washington,98105.0,West,OFF-ST-10002756,Office Supplies,Storage,"Tennsco Stur-D-Stor Boltless Shelving, 5 Shelves, 24"" Deep, Sand",541.24,4.0,0.0,5.4124,Legacy,Pending,Check later
8873.0,US-2014-105137,10/10/2014,10/10/2014,Same Day,RB-19435,Richard Bierner,Consumer,United States,Columbus,Ohio,43229.0,East,TEC-MA-10002694,Technology,Machines,Hewlett-Packard Deskjet F4180 All-in-One Color Ink-jet - Printer / copier / scanner,101.994,2.0,0.7,-71.3958,Legacy,Approved,Duplicate?
8874.0,US-2014-105137,10/10/2014,10/10/2014,Same Day,RB-19435,Richard Bierner,Consumer,United States,Columbus,Ohio,43229.0,East,OFF-BI-10002429,Office Supplies,Binders,"Premier Elliptical Ring Binder, Black",18.264,2.0,0.7,50000.0,Manual Upload,,Urgent
8875.0,CA-2017-142489,11/14/2017,11/16/2017,Second Class,TC-21295,Toby Carlisle,Consumer,United States,Houston,Texas,77095.0,Central,OFF-BI-10003684,Office Supplies,Binders,Wilson Jones Legal Size Ring Binders,21.99,5.0,0.8,-32.985,Legacy,,Duplicate?
8876.0,US-2016-141264,8/13/2016,8/19/2016,Standard Class,CT-11995,Carol Triggs,Consumer,United States,Irving,Texas,75061.0,Central,OFF-SU-10003505,Office Supplies,Supplies,Premier Electric Letter Opener,185.376,2.0,0.2,-34.758,Manual Upload,Approved,Duplicate?
8877.0,US-2016-141264,8/13/2016,8/19/2016,Standard Class,CT-11995,Carol Triggs,Consumer,United States,Irving,Texas,75061.0,Central,OFF-AP-10002534,Office Supplies,Appliances,3.6 Cubic Foot Counter Height Office Refrigerator,58.924,1.0,0.8,-153.2024,Manual Upload,Rejected,Duplicate?
8878.0,CA-2017-126928,9/17/2017,9/23/2017,Standard Class,GZ-14470,Gary Zandusky,Consumer,United States,Morristown,New Jersey,7960.0,East,TEC-MA-10004626,Technology,Machines,Lexmark 20R1285 X6650 Wireless All-in-One Printer,480.0,4.0,0.0,225.6,Legacy,Approved,
8879.0,CA-2017-126928,9/17/2017,9/23/2017,Standard Class,GZ-14470,Gary Zandusky,Consumer,United States,Morristown,New Jersey,7960.0,East,OFF-ST-10000615,Office Supplies,Storage,"SimpliFile Personal File, Black Granite, 15w x 6-15/16d x 11-1/4h",34.05,3.0,0.0,9.534,Manual Upload,,
8880.0,US-2015-107944,3/23/2015,3/25/2015,First Class,AM-10360,Alice McCarthy,Corporate,United States,Los Angeles,California,90008.0,West,OFF-PA-10000659,Office Supplies,Paper,"TOPS Carbonless Receipt Book, Four 2-3/4 x 7-1/4 Money Receipts per Page",192.72,11.0,0.0,92.5056,Manual Upload,Rejected,
8881.0,US-2015-107944,3/23/2015,3/25/2015,First Class,AM-10360,Alice McCarthy,Corporate,United States,Los Angeles,California,90008.0,West,TEC-AC-10000736,Technology,Accessories,Logitech G600 MMO Gaming Mouse,239.97,3.0,0.0,86.3892,CRM,,Duplicate?
8882.0,CA-2016-135594,6/30/2016,7/3/2016,Second Class,AH-10120,Adrian Hane,Home Office,United States,Aurora,Illinois,60505.0,Central,TEC-AC-10003038,Technology,Accessories,Kingston Digital DataTraveler 16GB USB 2.0,50.12,7.0,0.2,-0.6265,CRM,Rejected,
8883.0,US-2017-115252,10/20/2017,Oct 25 2017,Standard Class,MY-18295,Muhammed Yedwab,Corporate,United States,Durham,North Carolina,27707.0,South,TEC-PH-10004071,Technology,Phones,PayAnywhere Card Reader,15.984,2.0,0.2,1.3986,CRM,,
8884.0,US-2017-115252,10/20/2017,10/25/2017,Standard Class,MY-18295,Muhammed Yedwab,Corporate,United States,Durham,North Carolina,27707.0,South,OFF-PA-10001667,Office Supplies,Paper,Great White Multi-Use Recycled Paper (20Lb. and 84 Bright),14.352,3.0,0.2,4.485,ERP,Rejected,Urgent
8885.0,CA-2014-107398,8/25/2014,8/30/2014,Standard Class,BS-11590,Brendan Sweed,Corporate,United States,Columbus,Ohio,43229.0,East,OFF-BI-10001982,Office Supplies,Binders,Wilson Jones Custom Binder Spines & Labels,6.528,4.0,0.7,-4.5696,CRM,Approved,
8886.0,CA-2014-107398,8/25/2014,8/30/2014,Standard Class,BS-11590,Brendan Sweed,Corporate,United States,Columbus,Ohio,43229.0,East,OFF-BI-10004141,Office Supplies,Binders,Insertable Tab Indexes For Data Binders,2.862,3.0,0.7,-2.2896,ERP,Pending,Check later
8887.0,CA-2014-107398,8/25/2014,8/30/2014,Standard Class,BS-11590,Brendan Sweed,Corporate,United States,Columbus,Ohio,43229.0,East,OFF-BI-10002103,Office Supplies,Binders,"Cardinal Slant-D Ring Binder, Heavy Gauge Vinyl",20.856,8.0,0.7,-16.6848,CRM,,
8888.0,CA-2014-169642,7/27/2014,7/30/2014,Second Class,BB-10990,Barry Blumstein,Corporate,United States,Los Angeles,California,90036.0,West,OFF-ST-10002574,Office Supplies,Storage,"SAFCO Commercial Wire Shelving, Black",276.28,2.0,0.99,0.0,Manual Upload,,
8889.0,CA-2017-103968,12/1/2017,12/7/2017,Standard Class,ML-17755,Max Ludwig,Home Office,United States,Stockton,California,95207.0,West,FUR-FU-10003394,Furniture,Furnishings,"Tenex ""The Solids"" Textured Chair Mats",629.64,9.0,0.0,107.0388,Manual Upload,Pending,Urgent
8890.0,CA-2016-147256,10/17/2016,10/21/2016,Second Class,FC-14245,Frank Carlisle,Home Office,United States,Columbia,Missouri,65203.0,Central,TEC-PH-10003072,Technology,Phones,Panasonic KX-TG9541B DECT 6.0 Digital 2-Line Expandable Cordless Phone With Digital Answering System,449.97,3.0,0.0,220.4853,Manual Upload,Rejected,
8891.0,CA-2016-147256,10/17/2016,10/21/2016,Second Class,FC-14245,Frank Carlisle,Home Office,United States,Columbia,Missouri,65203.0,Central,OFF-AP-10003057,Office Supplies,Appliances,Honeywell Enviracaire Portable HEPA Air Cleaner for 16' x 20' Room,1927.59,7.0,0.0,751.7601,ERP,Rejected,Urgent
8892.0,CA-2016-162159,9/16/2016,9/18/2016,First Class,CR-12625,Corey Roper,Home Office,United States,Columbus,Georgia,31907.0,South,FUR-CH-10001146,Furniture,Chairs,"Global Value Mid-Back Manager's Chair, Gray",121.78,2.0,0.0,30.445,Manual Upload,Approved,
8893.0,CA-2015-111038,12/1/2015,12/6/2015,Standard Class,LC-16960,Lindsay Castell,Home Office,United States,San Diego,California,92037.0,West,FUR-CH-10003973,Furniture,Chairs,GuestStacker Chair with Chrome Finish Legs,2676.672,9.0,0.2,267.6672,CRM,Pending,Check later
8894.0,CA-2014-124723,8/5/2014,8/12/2014,Standard Class,GZ-14470,Gary Zandusky,Consumer,United States,Texas City,Texas,77590.0,Central,FUR-TA-10001307,Furniture,Tables,"SAFCO PlanMaster Heigh-Adjustable Drafting Table Base, 43w x 30d x 30-37h, Black",489.23,2.0,0.3,41.934,CRM,Pending,
8895.0,CA-2016-167241,8/15/2016,8/22/2016,Standard Class,BD-11320,Bill Donatelli,Consumer,United States,Los Angeles,California,90004.0,West,FUR-FU-10004071,Furniture,Furnishings,Luxo Professional Magnifying Clamp-On Fluorescent Lamps,312.03,3.0,0.0,43.6842,ERP,Rejected,
8896.0,CA-2016-167241,8/15/2016,8/22/2016,Standard Class,BD-11320,Bill Donatelli,Consumer,United States,Los Angeles,California,90004.0,West,OFF-ST-10001505,Office Supplies,Storage,"Perma STOR-ALL Hanging File Box, 13 1/8""W x 12 1/4""D x 10 1/2""H",17.94,3.0,0.0,3.0498,Legacy,Pending,Urgent
8897.0,CA-2016-167241,8/15/2016,8/22/2016,Standard Class,BD-11320,Bill Donatelli,Consumer,United States,Los Angeles,California,90004.0,West,TEC-PH-10004614,Technology,Phones,AT&T 841000 Phone,165.6,3.0,0.2,10.35,ERP,,Duplicate?
8898.0,CA-2016-167241,8/15/2016,8/22/2016,Standard Class,BD-11320,Bill Donatelli,Consumer,United States,Los Angeles,California,90004.0,West,OFF-PA-10004911,Office Supplies,Paper,"Rediform S.O.S. 1-Up Phone Message Bk, 4-1/4x3-1/16 Bk, 1 Form/Pg, 40 Messages/Bk, 3/Pk",37.52,4.0,0.0,18.0096,ERP,Pending,Urgent
8899.0,CA-2015-163237,8/7/2015,8/9/2015,Second Class,EM-14095,Eudokia Martin,Corporate,United States,Springfield,Virginia,22153.0,South,TEC-PH-10003601,Technology,Phones,"Ativa D5772 2-Line 5.8GHz Digital Expandable Corded/Cordless Phone System with Answering & Caller ID/Call Waiting, Black/Silver",494.97,3.0,0.0,148.491,CRM,,
8900.0,CA-2015-163237,8/7/2015,8/9/2015,Second Class,EM-14095,Eudokia Martin,Corporate,United States,Springfield,Virginia,22153.0,South,OFF-LA-10004545,Office Supplies,Labels,Avery 50,25.06,2.0,0.0,11.7782,Legacy,Approved,Check later
8901.0,CA-2016-150483,5/31/2016,6/4/2016,Standard Class,BP-11290,Beth Paige,Consumer,United States,Decatur,Illinois,62521.0,Central,FUR-FU-10001379,Furniture,Furnishings,"Executive Impressions 16-1/2"" Circular Wall Clock",32.064,3.0,0.6,-12.8256,CRM,Rejected,Check later
8902.0,CA-2016-150483,31-05-2016,6/4/2016,Standard Class,BP-11290,Beth Paige,Consumer,United States,Decatur,Illinois,62521.0,Central,OFF-PA-10001846,Office Supplies,Paper,Xerox 1899,18.496,4.0,0.2,6.7048,CRM,Rejected,Check later
8903.0,CA-2016-150483,5/31/2016,6/4/2016,Standard Class,BP-11290,Beth Paige,Consumer,United States,Decatur,Illinois,62521.0,Central,FUR-CH-10000422,Furniture,Chairs,Global Highback Leather Tilter in Burgundy,191.079,3.0,0.3,-38.2158,CRM,,
8904.0,CA-2016-150483,5/31/2016,6/4/2016,Standard Class,BP-11290,Beth Paige,Consumer,United States,Decatur,Illinois,62521.0,Central,OFF-PA-10004621,Office Supplies,Paper,Xerox 212,10.368,2.0,0.2,3.6288,ERP,,Check later
8905.0,US-2016-126431,7/1/2016,7/1/2016,Same Day,SU-20665,Stephanie Ulpright,Home Office,United States,New York City,New York,ABCDE,EAST,OFF-LA-10001474,Office Supplies,Labels,Avery 477,30.53,1.0,0.0,14.0438,CRM,Rejected,Duplicate?
8906.0,US-2016-126431,7/1/2016,7/1/2016,Same Day,SU-20665,Stephanie Ulpright,Home Office,United States,New York City,New York,10009.0,East,TEC-AC-10001635,Technology,Accessories,KeyTronic KT400U2 - Keyboard - Black,30.84,3.0,0.0,6.168,Legacy,,Urgent
8907.0,US-2016-126431,7/1/2016,7/1/2016,Same Day,SU-20665,Stephanie Ulpright,Home Office,United States,New York City,New York,10009.0,East,OFF-PA-10001950,Office Supplies,Paper,Southworth 25% Cotton Antique Laid Paper & Envelopes,-500.0,9.0,0.0,33.777,Legacy,Rejected,Check later
8908.0,CA-2016-139934,12/18/2016,12/20/2016,First Class,AY-10555,Andy Yotov,Corporate,United States,San Francisco,California,94110.0,West,TEC-PH-10001552,Technology,Phones,I Need's 3d Hello Kitty Hybrid Silicone Case Cover for HTC One X 4g with 3d Hello Kitty Stylus Pen Green/pink,66.976,7.0,0.2,6.6976,ERP,Rejected,Duplicate?
8909.0,CA-2015-109603,1/26/2015,2/1/2015,Standard Class,EM-13825,Elizabeth Moffitt,Corporate,United States,Moreno Valley,California,92553.0,West,OFF-PA-10003790,Office Supplies,Paper,Xerox 1991,182.72,8.0,0.0,84.0512,CRM,Rejected,
8910.0,CA-2017-160661,10/28/2017,11/1/2017,Standard Class,SA-20830,Sue Ann Reed,Consumer,United States,Everett,Massachusetts,2149.0,East,OFF-LA-10002475,Office Supplies,Labels,Avery 519,21.93,3.0,0.0,10.3071,Manual Upload,Rejected,
8911.0,CA-2017-102610,11/4/2017,11/8/2017,Standard Class,CA-12265,Christina Anderson,Consumer,United States,Chattanooga,Tennessee,37421.0,South,TEC-AC-10000303,Technology,Accessories,Logitech M510 Wireless Mouse,95.976,3.0,0.2,15.5961,Manual Upload,,Duplicate?
8912.0,CA-2017-102610,11/4/2017,11/8/2017,Standard Class,CA-12265,Christina Anderson,Consumer,United States,Chattanooga,Tennessee,37421.0,South,TEC-PH-10000127,technology,Phones,iOttie XL Car Mount,143.928,9.0,0.2,-32.3838,CRM,Pending,
8913.0,CA-2017-102610,11/4/2017,11/8/2017,Standard Class,CA-12265,Christina Anderson,Consumer,United States,Chattanooga,Tennessee,37421.0,South,OFF-BI-10004364,Office Supplies,Binders,Storex Dura Pro Binders,3.564,2.0,0.99,-2.97,ERP,Rejected,Urgent
8914.0,CA-2017-102610,11/4/2017,11/8/2017,Standard Class,CA-12265,Christina Anderson,Consumer,United States,Chattanooga,Tennessee,37421.0,South,OFF-LA-10002195,Office Supplies,Labels,Avery 481,4.928,2.0,0.2,1.7248,Manual Upload,Rejected,Duplicate?
8915.0,US-2016-144057,5/9/2016,5/13/2016,Standard Class,CV-12805,Cynthia Voltz,Corporate,United States,Austin,Texas,78745.0,Central,OFF-ST-10001490,Office Supplies,Storage,"Hot File 7-Pocket, Floor Stand",856.656,6.0,0.2,107.082,Manual Upload,,Check later
8916.0,US-2016-144057,5/9/2016,5/13/2016,Standard Class,CV-12805,Cynthia Voltz,Corporate,United States,Austin,Texas,78745.0,Central,OFF-BI-10002852,Office Supplies,Binders,Ibico Standard Transparent Covers,13.184,4.0,0.8,-20.4352,CRM,Rejected,
8917.0,US-2016-144057,5/9/2016,5/13/2016,Standard Class,CV-12805,Cynthia Voltz,Corporate,United States,Austin,Texas,78745.0,Central,OFF-AP-10000390,Office Supplies,Appliances,Euro Pro Shark Stick Mini Vacuum,48.784,4.0,0.8,-131.7168,ERP,Approved,
8918.0,US-2016-144057,5/9/2016,5/13/2016,Standard Class,CV-12805,Cynthia Voltz,Corporate,United States,Austin,Texas,78745.0,Central,OFF-PA-10004327,Office Supplies,Paper,Xerox 1911,76.64,2.0,0.2,26.824,Legacy,Pending,
8919.0,US-2016-144057,5/9/2016,5/13/2016,Standard Class,CV-12805,Cynthia Voltz,Corporate ,United States,Austin,Texas,78745.0,Central,OFF-BI-10002353,Office Supplies,Binders,GBC VeloBind Cover Sets,18.528,6.0,0.8,-27.792,Manual Upload,Rejected,
8920.0,CA-2014-160276,02 Apr 2014,4/8/2014,Standard Class,AH-10690,Anna Häberlin,Corporate,United States,Virginia Beach,Virginia,23464.0,South,FUR-FU-10003192,Furniture,Furnishings,Luxo Adjustable Task Clamp Lamp,177.68,2.0,0.0,46.1968,Legacy,,Urgent
8921.0,CA-2014-132983,4/28/2014,5/3/2014,Standard Class,DS-13180,David Smith,Corporate,United States,Jamestown,New York,14701.0,East,TEC-AC-10000736,Technology,Accessories,Logitech G600 MMO Gaming Mouse,159.98,2.0,0.0,57.5928,ERP,Pending,Check later
8922.0,CA-2016-145709,10/4/2016,10/8/2016,Standard Class,AH-10690,Anna Häberlin,Corporate,United States,Coral Gables,Florida,33134.0,South,TEC-PH-10003095,Technology,Phones,Samsung HM1900 Bluetooth Headset,52.68,3.0,0.2,19.755,ERP,Approved,
8923.0,CA-2016-145709,10/4/2016,10/8/2016,Standard Class,AH-10690,Anna Häberlin,Corporate,United States,Coral Gables,Florida,33134.0,South,FUR-FU-10002885,Furniture,Furnishings,Magna Visual Magnetic Picture Hangers,11.568,3.0,0.2,2.6028,ERP,,Urgent
8924.0,CA-2017-133928,6/11/2017,6/17/2017,Standard Class,ZC-21910,Zuschuss Carroll,Consumer,United States,Hickory,North Carolina,28601.0,South,OFF-BI-10001525,Office Supplies,Binders,"Acco Pressboard Covers with Storage Hooks, 14 7/8"" x 11"", Executive Red",4.572,4.0,0.7,-3.81,Legacy,,
8925.0,CA-2016-168032,30-01-2016,2/3/2016,Standard Class,DF-13135,David Flashing,Consumer,United States,Rockford,Illinois,61107.0,Central,TEC-PH-10004241,Technology,Phones,Nokia Lumia 1020,1439.968,4.0,0.2,143.9968,ERP,,Check later
8926.0,CA-2016-168032,1/30/2016,2/3/2016,Standard Class,DF-13135,David Flashing,Consumer,United States,Rockford,Illinois,61107.0,Central,OFF-BI-10000546,Office Supplies,Binders,Avery Durable Binders,1.728,3.0,0.8,-2.6784,ERP,Pending,Urgent
8927.0,CA-2016-168032,1/30/2016,2/3/2016,Standard Class,DF-13135,David Flashing,Consumer,United States,Rockford,Illinois,61107.0,Central,FUR-TA-10004256,Furniture,Tables,Bretford Just In Time Height-Adjustable Multi-Task Work Tables,626.1,3.0,0.5,-538.446,Manual Upload,,
8928.0,CA-2015-143616,9/27/2015,9/29/2015,Second Class,SS-20140,Saphhira Shifley,Corporate,United States,Seattle,Washington,98103.0,West,OFF-AR-10002067,Office Supplies,Art,Newell 334,99.2,5.0,0.0,25.792,CRM,Rejected,Urgent
8929.0,US-2015-168704,4/13/2015,4/17/2015,Standard Class,FP-14320,Frank Preis,Consumer,United States,Huntsville,Texas,77340.0,Central,FUR-TA-10000688,Furniture,Tables,"Chromcraft Bull-Nose Wood Round Conference Table Top, Wood Base",609.98,4.0,0.3,-113.282,Legacy,Approved,Check later
8930.0,US-2015-168704,4/13/2015,4/17/2015,Standard Class,FP-14320,Frank Preis,Consumer,United States,Huntsville,Texas,77340.0,Central,FUR-TA-10002530,Furniture,Tables,"Iceberg OfficeWorks 42"" Round Tables",211.372,2.0,0.3,-45.294,CRM,Approved,Check later
8931.0,US-2015-168704,4/13/2015,4/17/2015,Standard Class,FP-14320,Frank Preis,Consumer,United States,Huntsville,Texas,77340.0,Central,TEC-PH-10001061,Technology,Phones,Apple iPhone 5C,239.976,3.0,0.2,17.9982,ERP,Pending,
8932.0,CA-2017-143252,12/18/2017,12/24/2017,Standard Class,HE-14800,Harold Engle,Corporate,United States,Milwaukee,Wisconsin,53209.0,Central,FUR-FU-10001057,Furniture,Furnishings,Tensor Track Tree Floor Lamp,99.95,5.0,0.0,22.9885,Legacy,Rejected,Duplicate?
8933.0,CA-2017-143252,12/18/2017,12/24/2017,Standard Class,HE-14800,Harold Engle,Corporate,United States,Milwaukee,Wisconsin,53209.0,Central,TEC-AC-10002331,Technology,Accessories,"Maxell 74 Minute CDR, 10/Pack",29.34,3.0,0.0,10.8558,Legacy,Pending,Check later
8934.0,CA-2016-102134,3/14/2016,3/19/2016,Standard Class,SP-20545,Sibella Parks,Corporate,United States,Green Bay,Wisconsin,54302.0,Central,FUR-FU-10003724,Furniture,Furnishings,Westinghouse Clip-On Gooseneck Lamps,16.74,2.0,0.0,4.3524,Legacy,,
8935.0,CA-2017-130036,8/27/2017,8/27/2017,Same Day,BP-11185,Ben Peterman,Corporate,United States,Philadelphia,Pennsylvania,19120.0,East,OFF-PA-10000528,Office Supplies,Paper,Xerox 1981,12.672,3.0,0.2,3.96,CRM,,
8936.0,CA-2017-130036,8/27/2017,8/27/2017,Same Day,BP-11185,Ben Peterman,Corporate,United States,Philadelphia,Pennsylvania,19120.0,East,TEC-AC-10001908,Technology,Accessories,Logitech Wireless Headset h800,1119.888,14.0,0.2,209.979,CRM,Pending,
8937.0,CA-2015-134117,12/17/2015,12/19/2015,Second Class,PG-18895,Paul Gonzalez,Consumer,United States,Los Angeles,California,90008.0,West,OFF-AR-10003903,Office Supplies,Art,Sanford 52201 APSCO Electric Pencil Sharpener,204.85,5.0,0.0,53.261,Manual Upload,Approved,
8938.0,CA-2015-134117,12/17/2015,12/19/2015,Second Class,PG-18895,Paul Gonzalez,Consumer,United States,Los Angeles,California,90008.0,West,TEC-PH-10004908,Technology,Phones,Panasonic KX TS3282W Corded phone,135.984,2.0,-0.2,16.998,ERP,Rejected,Urgent
8939.0,CA-2015-134117,12/17/2015,12/19/2015,Second Class,PG-18895,Paul Gonzalez,Consumer,United States,Los Angeles,California,90008.0,West,OFF-AR-10001940,Office Supplies,Art,"Sanford Colorific Eraseable Coloring Pencils, 12 Count",16.4,5.0,0.0,7.052,Legacy,Approved,Duplicate?
8940.0,CA-2015-134117,12/17/2015,12/19/2015,Second Class,PG-18895,Paul Gonzalez,Consumer,United States,Los Angeles,California,90008.0,West,OFF-BI-10002026,Office Supplies,Binders,Avery Arch Ring Binders,92.96,2.0,0.2,31.374,Manual Upload,Pending,Check later
8941.0,CA-2014-130918,8/22/2014,8/24/2014,Second Class,JP-15520,Jeremy Pistek,Consumer,United States,North Miami,Florida,33161.0,South,OFF-SU-10003936,Office Supplies,Supplies,Acme Serrated Blade Letter Opener,7.632,3.0,0.2,-1.8126,ERP,Rejected,Duplicate?
8942.0,CA-2016-159023,11/3/2016,11/5/2016,First Class,NW-18400,Natalie Webber,Consumer,United States,Portland,Oregon,97206.0,West,OFF-BI-10002813,Office Supplies,Binders,Avery Reinforcements for Hole-Punch Pages,4.158,7.0,0.7,-3.465,ERP,Pending,
8943.0,CA-2016-159023,11/3/2016,11/5/2016,First Class,NW-18400,Natalie Webber,Consumer,United States,Portland,Oregon,97206.0,West,TEC-MA-10003337,Technology,Machines,Okidata B401 Printer,179.991,3.0,0.7,-251.9874,CRM,,Check later
8944.0,CA-2017-111717,10/10/2017,10/16/2017,Standard Class,SW-20245,Scot Wooten,Consumer,United States,Aurora,Illinois,60505.0,Central,FUR-CH-10001545,Furniture,Chairs,Hon Comfortask Task/Swivel Chairs,239.358,3.0,0.3,-47.8716,ERP,Pending,
8945.0,CA-2014-154592,12/7/2014,12/8/2014,First Class,EH-14005,Erica Hernandez,Home Office,United States,San Francisco,California,94109.0,West,OFF-PA-10000062,Office Supplies,Paper,Green Bar Computer Printout Paper,164.88,3.0,0.0,80.7912,ERP,Pending,Urgent
8946.0,CA-2014-128622,11/15/2014,11/17/2014,Second Class,SC-20260,Scott Cohen,Corporate,United States,San Francisco,California,94110.0,West,OFF-SU-10001574,Office Supplies,Supplies,Acme Value Line Scissors,10.95,3.0,0.0,3.285,ERP,Approved,Urgent
8947.0,CA-2017-148355,12/24/2017,12/28/2017,Standard Class,NC-18535,Nick Crebassa,Corporate,United States,New Bedford,Massachusetts,2740.0,East,OFF-PA-10001972,Office Supplies,Paper,Xerox 214,19.44,3.0,0.0,9.3312,Manual Upload,Rejected,Urgent
8948.0,CA-2017-148355,12/24/2017,12/28/2017,Standard Class,NC-18535,Nick Crebassa,Corporate,United States,New Bedford,Massachusetts,2740.0,East,OFF-BI-10000201,Office Supplies,Binders,"Avery Triangle Shaped Sheet Lifters, Black, 2/Pack",12.3,5.0,0.0,6.15,Manual Upload,Rejected,
8949.0,CA-2014-132913,12/24/2014,12/26/2014,First Class,AS-10090,Adam Shillingsburg,Consumer,United States,San Diego,California,92037.0,West,OFF-AP-10003278,Office Supplies,Appliances,Belkin 7-Outlet SurgeMaster Home Series,13.97,1.0,0.0,3.6322,Manual Upload,Approved,Check later
8950.0,CA-2017-150910,12/22/2017,12/28/2017,Standard Class,JL-15130,Jack Lebron,Consumer,United States,Jackson,Tennessee,38301.0,South,FUR-TA-10002903,Furniture,Tables,"Bevis Round Bullnose 29"" High Table Top",934.956,6.0,0.4,-249.3216,Manual Upload,Pending,Duplicate?
8951.0,CA-2017-150910,12/22/2017,12/28/2017,Standard Class,JL-15130,Jack Lebron,Consumer,United States,Jackson,Tennessee,38301.0,South,TEC-AC-10001013,Technology,Accessories,Logitech ClearChat Comfort/USB Headset H390,46.864,2.0,0.2,7.6154,CRM,Rejected,Check later
8952.0,CA-2017-150910,12/22/2017,12/28/2017,Standard Class,JL-15130,Jack Lebron,Consumer,United States,Jackson,Tennessee,38301.0,South,OFF-ST-10000918,Office Supplies,Storage,Crate-A-Files,26.16,3.0,0.2,1.962,Manual Upload,Approved,
8953.0,CA-2017-150910,12/22/2017,12/28/2017,Standard Class,JL-15130,Jack Lebron,Consumer,United States,Jackson,Tennessee,38301.0,South,OFF-AR-10001419,Office Supplies,Art,Newell 325,23.128,7.0,0.2,2.891,Legacy,Rejected,
8954.0,CA-2017-150910,12/22/2017,12/28/2017,Standard Class,JL-15130,Jack Lebron,Consumer,United States,Jackson,Tennessee,38301.0,South,OFF-AP-10003266,Office Supplies,Appliances,"Holmes Replacement Filter for HEPA Air Cleaner, Large Room",59.24,5.0,0.2,16.291,ERP,Rejected,
8955.0,CA-2014-156790,8/8/2014,8/10/2014,Second Class,VG-21790,Vivek Gonzalez,Consumer,United States,Jacksonville,Florida,32216.0,South,FUR-BO-10000468,Furniture,Bookcases,O'Sullivan 2-Shelf Heavy-Duty Bookcases,155.456,4.0,0.2,-7.7728,CRM,Pending,Duplicate?
8956.0,CA-2014-126480,9/20/2014,9/24/2014,Standard Class,HG-14965,Henry Goldwyn,Corporate,United States,San Diego,California,92024.0,West,OFF-PA-10004610,Office Supplies,Paper,Xerox 1900,8.56,2.0,0.0,3.852,Legacy,,
8957.0,CA-2017-105620,12/25/2017,12/28/2017,First Class,JH-15430,Jennifer Halladay,Consumer,United States,Hialeah,Florida,33012.0,South,FUR-FU-10004963,Furniture,Furnishings,"Eldon 400 Class Desk Accessories, Black Carbon",21.0,3.0,0.2,5.775,ERP,Approved,
8958.0,CA-2017-105620,12/25/2017,12/28/2017,First Class,JH-15430,Jennifer Halladay,Consumer,United States,Hialeah,Florida,33012.0,South,TEC-MA-10004626,Technology,Machines,Lexmark 20R1285 X6650 Wireless All-in-One Printer,120.0,2.0,0.5,-7.2,Legacy,Pending,Urgent
8959.0,CA-2017-150266,11/25/2017,11/30/2017,Standard Class,RO-19780,Rose O'Brian,Consumer,United States,Houston,Texas,77070.0,Central,TEC-PH-10003437,Technology,Phones,Blue Parrot B250XT Professional Grade Wireless Bluetooth Headset with,299.96,5.0,0.2,37.495,CRM,Rejected,Urgent
8960.0,CA-2017-150266,11/25/2017,11/30/2017,Standard Class,RO-19780,Rose O'Brian,Consumer,United States,Houston,Texas,77070.0,Central,OFF-AP-10002867,Office Supplies,Appliances,Fellowes Command Center 5-outlet power strip,67.84,5.0,0.8,-179.776,Manual Upload,,Check later
8961.0,CA-2017-150266,11/25/2017,11/30/2017,Standard Class,RO-19780,Rose O'Brian,Consumer,United States,Houston,Texas,77070.0,Central,FUR-CH-10002126,Furniture,Chairs,Hon Deluxe Fabric Upholstered Stacking Chairs,853.93,5.0,0.3,-24.398,CRM,,Duplicate?
8962.0,CA-2017-150266,11/25/2017,11/30/2017,Standard Class,RO-19780,Rose O'Brian,Consumer,United States,Houston,Texas,77070.0,Central,OFF-AR-10001761,Office Supplies,Art,Avery Hi-Liter Smear-Safe Highlighters,18.688,4.0,0.2,3.7376,ERP,Approved,Urgent
8963.0,CA-2016-157280,11/5/2016,11/7/2016,First Class,LW-17125,Liz Willingham,Consumer,United States,Virginia Beach,Virginia,23464.0,South,FUR-FU-10004665,Furniture,Furnishings,"3M Polarizing Task Lamp with Clamp Arm, Light Gray",273.96,2.0,0.0,71.2296,Legacy,,
8964.0,CA-2016-157280,11/5/2016,11/7/2016,First Class,LW-17125,Liz Willingham,Consumer,United States,Virginia Beach,Virginia,23464.0,South,TEC-AC-10000057,Technology,Accessories,Microsoft Natural Ergonomic Keyboard 4000,89.97,3.0,0.0,18.8937,ERP,Pending,
8965.0,CA-2016-157280,11/5/2016,11/7/2016,First Class,LW-17125,Liz Willingham,Consumer,United States,Virginia Beach,Virginia,23464.0,South,FUR-FU-10003806,Furniture,Furnishings,"Tenex Chairmat w/ Average Lip, 45"" x 53""",756.8,5.0,0.0,75.68,ERP,,
8966.0,CA-2017-106691,11/6/2017,12/11/2017,Standard Class,CC-12370,Christopher Conant,Consumer,United States,Houston,Texas,77070.0,Central,OFF-BI-10000145,Office Supplies,Binders,Zipper Ring Binder Pockets,1.248,2.0,-0.2,-1.9344,Legacy,Approved,Urgent
8967.0,CA-2016-134180,11/3/2016,11/7/2016,Standard Class,JP-16135,Julie Prescott,Home Office,United States,Philadelphia,Pennsylvania,19120.0,East,TEC-AC-10000892,Technology,Accessories,NETGEAR N750 Dual Band Wi-Fi Gigabit Router,72.0,1.0,0.2,14.4,Manual Upload,,Urgent
8968.0,CA-2016-134180,11/3/2016,11/7/2016,Standard Class,JP-16135,Julie Prescott,Home Office,United States,Philadelphia,Pennsylvania,19120.0,East,FUR-CH-10004886,Furniture,Chairs,Bevis Steel Folding Chairs,470.155,7.0,0.3,-13.433,Legacy,Approved,Duplicate?
8969.0,CA-2014-166730,12/30/2014,1/1/2015,First Class,DD-13570,DOROTHY DICKINSON,Consumer,United States,Memphis,Tennessee,38109.0,South,OFF-ST-10002554,Office Supplies,Storage,Tennsco Industrial Shelving,39.128,1.0,0.2,-8.8038,Manual Upload,Pending,Urgent
8970.0,CA-2017-157469,12/2/2017,12/7/2017,Standard Class,ES-14080,Erin Smith,Corporate,United States,Lakewood,Ohio,44107.0,East,OFF-AR-10001662,Office Supplies,Art,Rogers Handheld Barrel Pencil Sharpener,19.728,9.0,0.2,1.7262,Manual Upload,Approved,Duplicate?
8971.0,CA-2017-157469,12/2/2017,12/7/2017,Standard Class,ES-14080,Erin Smith,Corporate,United States,Lakewood,Ohio,44107.0,East,TEC-PH-10004531,Technology,Phones,AT&T CL2909,151.188,2.0,0.4,-25.198,Legacy,,Urgent
8972.0,CA-2017-122308,3/24/2017,3/28/2017,Standard Class,MV-17485,Mark Van Huff,Consumer,United States,New York City,New York,10011.0,East,FUR-CH-10000665,Furniture,Chairs,"Global Airflow Leather Mesh Back Chair, Black",271.764,2.0,0.1,60.392,Manual Upload,Approved,Check later
8973.0,US-2014-149034,11/19/2014,11/21/2014,First Class,RD-19900,Ruben Dartt,Consumer,United States,Philadelphia,Pennsylvania,19120.0,East,TEC-AC-10003023,Technology,Accessories,Logitech G105 Gaming Keyboard,47.496,1.0,0.2,-1.1874,CRM,Rejected,Check later
8974.0,CA-2017-159226,4/25/2017,4/27/2017,Second Class,RL-19615,Rob Lucas,Consumer,United States,Los Angeles,California,90008.0,West,FUR-BO-10004709,Furniture,Bookcases,"Bush Westfield Collection Bookcases, Medium Cherry Finish",344.981,7.0,0.15,28.4102,Legacy,Pending,Urgent
8975.0,CA-2017-156622,11/23/2017,11/26/2017,First Class,JP-15460,Jennifer Patt,Corporate,United States,Dallas,Texas,75220.0,Central,OFF-PA-10000477,Office Supplies,Paper,Xerox 22,36.288,7.0,0.2,12.7008,Manual Upload,Rejected,Check later
8976.0,CA-2017-156622,11/23/2017,11/26/2017,First Class,JP-15460,Jennifer Patt,Corporate,United States,Dallas,Texas,75220.0,Central,OFF-PA-10002923,Office Supplies,Paper,Xerox 1942,78.304,2.0,0.2,29.364,CRM,Pending,Urgent
8977.0,CA-2017-156622,11/23/2017,11/26/2017,First Class,JP-15460,Jennifer Patt,Corporate,United States,Dallas,Texas,75220.0,Central,FUR-TA-10003008,Furniture,Tables,"Lesro Round Back Collection Coffee Table, End Table",127.785,1.0,0.3,-31.0335,Legacy,Rejected,
8978.0,CA-2017-156622,11/23/2017,11/26/2017,First Class,JP-15460,Jennifer Patt,Corporate,United States,Dallas,Texas,75220.0,Central,OFF-BI-10003707,Office Supplies,Binders,Aluminum Screw Posts,6.104,2.0,0.8,-9.156,Manual Upload,Pending,Check later
8979.0,CA-2014-119529,11/3/2014,11/5/2014,Second Class,DM-13345,Denise Monton,Corporate,United States,Orange,New Jersey,7050.0,East,OFF-BI-10000546,Office Supplies,Binders,Avery Durable Binders,5.76,2.0,0.0,2.8224,Legacy,Pending,
8980.0,CA-2015-150413,10/19/2015,10/24/2015,Second Class,CS-11860,Cari Schnelling,Consumer,United States,Dallas,Texas,75220.0,Central,OFF-BI-10000404,Office Supplies,Binders,Avery Printable Repositionable Plastic Tabs,1.72,1.0,0.8,-2.838,Manual Upload,Pending,Urgent
8981.0,CA-2014-108182,2/6/2014,2/10/2014,Second Class,DL-13315,Delfina Latchford,Consumer,United States,Romeoville,Illinois,60441.0,Central,OFF-BI-10001196,Office Supplies,Binders,"Avery Flip-Chart Easel Binder, Black",8.952,2.0,0.8,-14.7708,Manual Upload,,
8982.0,CA-2016-110898,3/6/2016,3/12/2016,Standard Class,LC-16870,Lena Cacioppo,Consumer,United States,Chicago,Illinois,60623.0,Central,OFF-AP-10001626,Office Supplies,Appliances,"Commercial WindTunnel Clean Air Upright Vacuum, Replacement Belts, Filtration Bags",99999.0,3.0,0.8,-6.3018,Legacy,Rejected,Duplicate?
8983.0,CA-2016-110898,3/6/2016,3/12/2016,Standard Class,LC-16870,Lena Cacioppo,Consumer,United States,Chicago,Illinois,60623.0,Central,OFF-BI-10004656,Office Supplies,Binders,Peel & Stick Add-On Corner Pockets,1.728,4.0,0.8,-2.7648,CRM,Rejected,Check later
8984.0,CA-2016-110898,3/6/2016,3/12/2016,Standard Class,LC-16870,Lena Cacioppo,Consumer,United States,Chicago,Illinois,60623.0,Central,FUR-FU-10003773,Furniture,Furnishings,Eldon Cleatmat Plus Chair Mats for High Pile Carpets,159.04,5.0,0.6,-194.824,Manual Upload,Approved,
8985.0,CA-2016-110898,3/6/2016,3/12/2016,Standard Class,LC-16870,Lena Cacioppo,Consumer,United States,Chicago,Illinois,60623.0,Central,FUR-TA-10000849,Furniture,Tables,Bevis Rectangular Conference Tables,145.98,2.0,0.5,-99.2664,Manual Upload,Pending,Duplicate?
8986.0,CA-2015-123092,12/3/2015,12/7/2015,Standard Class,JG-15115,Jack Garza,Consumer,United States,Jacksonville,North Carolina,28540.0,South,FUR-FU-10000222,Furniture,Furnishings,"Seth Thomas 16"" Steel Case Clock",77.952,3.0,0.2,12.6672,CRM,Rejected,
8987.0,CA-2015-123092,12/3/2015,12/7/2015,Standard Class,JG-15115,Jack Garza,Consumer,United States,Jacksonville,North Carolina,28540.0,South,OFF-BI-10001718,Office Supplies,Binders,GBC DocuBind P50 Personal Binding Machine,95.97,5.0,0.7,-73.577,ERP,Approved,Urgent
8988.0,CA-2015-123092,12/3/2015,12/7/2015,Standard Class,JG-15115,Jack Garza,Consumer,United States,Jacksonville,North Carolina,28540.0,South,TEC-PH-10001700,Technology,Phones,Panasonic KX-TG6844B Expandable Digital Cordless Telephone,105.584,2.0,0.2,9.2386,Manual Upload,Approved,Duplicate?
8989.0,CA-2015-123092,12/3/2015,12/7/2015,Standard Class,JG-15115,Jack Garza,Consumer,United States,Jacksonville,North Carolina,28540.0,South,OFF-AR-10004078,Office Supplies,Art,Newell 312,9.344,2.0,0.2,1.168,Manual Upload,,
8990.0,US-2015-128587,12/24/2015,12/30/2015,Standard Class,HM-14860,Harry Marie,Corporate,United States,Springfield,Missouri,65807.0,Central,FUR-FU-10003026,Furniture,Furnishings,"Eldon Regeneration Recycled Desk Accessories, Black",9.68,2.0,0.0,3.7752,Manual Upload,,
8991.0,US-2015-128587,12/24/2015,12/30/2015,Standard Class,HM-14860,Harry Marie,Corporate,United States,Springfield,Missouri,65807.0,Central,TEC-CO-10003763,Technology,Copiers,Canon PC1060 Personal Laser Copier,4899.93,7.0,0.0,2302.9671,ERP,Approved,Duplicate?
8992.0,US-2017-139577,10/1/2017,10/6/2017,Standard Class,TN-21040,Tanja Norvell,Home Office,United States,San Francisco,California,94110.0,West,TEC-AC-10004708,Technology,Accessories,Sony 32GB Class 10 Micro SDHC R40 Memory Card,104.75,5.0,0.0,21.9975,CRM,,Check later
8993.0,CA-2017-159100,10/16/2017,10/21/2017,Standard Class,VP-21760,Victoria Pisteka,Corporate,United States,Columbia,Tennessee,38401.0,South,TEC-AC-10003499,Tech,Accessories,Memorex Mini Travel Drive 8 GB USB 2.0 Flash Drive,18.528,2.0,0.2,4.4004,Manual Upload,Rejected,Duplicate?
8994.0,CA-2017-159100,10/16/2017,10/21/2017,Standard Class,VP-21760,Victoria Pisteka,Corporate,United States,Columbia,Tennessee,38401.0,South,FUR-TA-10001950,Furniture,Tables,Balt Solid Wood Round Tables,1875.258,7.0,0.4,-968.8833,CRM,,Duplicate?
8995.0,CA-2014-109043,8/15/2014,8/17/2014,First Class,CS-12355,Christine Sundaresam,Consumer,United States,Hollywood,Florida,33021.0,South,OFF-PA-10000312,Office Supplies,Paper,Xerox 1955,91.36,5.0,0.2,29.692,Manual Upload,Approved,
8996.0,CA-2014-109043,8/15/2014,8/17/2014,First Class,CS-12355,Christine Sundaresam,Consumer,United States,Hollywood,Florida,33021.0,South,OFF-AP-10004708,Office Supplies,Appliances,Fellowes Superior 10 Outlet Split Surge Protector,152.24,5.0,0.2,17.127,CRM,Pending,Urgent
8997.0,US-2017-116491,11/11/2017,11/13/2017,First Class,PG-18820,Patrick Gardner,Consumer,United States,Dallas,Texas,75081.0,Central,TEC-PH-10004531,Technology,Phones,OtterBox Commuter Series Case - iPhone 5 & 5s,35.184,2.0,0.2,12.3144,Legacy,Rejected,Urgent
8998.0,CA-2017-122763,3/20/2017,3/20/2017,Same Day,HG-14845,Harry Greene,Consumer,United States,Houston,Texas,77041.0,Central,OFF-PA-10000474,Office Supplies,Paper,Easy-staple paper,56.704,2.0,0.2,19.1376,Manual Upload,Approved,Duplicate?
8999.0,CA-2017-122763,3/20/2017,3/20/2017,Same Day,HG-14845,Harry Greene,Consumer,United States,Houston,Texas,77041.0,Central,OFF-PA-10002377,Office Supplies,Paper,Xerox 1916,274.064,7.0,0.2,102.774,Manual Upload,Rejected,Check later
9000.0,CA-2017-137785,5/13/2017,5/17/2017,Standard Class,MH-18115,Mick Hernandez,Home Office,United States,Philadelphia,Pennsylvania,19140.0,East,FUR-CH-10001482,Furniture,Chairs,Office Star - Mesh Screen back chair with Vinyl seat,458.43,5.0,0.3,-124.431,CRM,Pending,
9001.0,CA-2014-133389,6/22/2014,6/22/2014,Same Day,TB-21280,Toby Braunhardt,Consumer,United States,Phoenix,Arizona,85023.0,West,OFF-BI-10001553,Office Supplies,Binders,SpineVue Locking Slant-D Ring Binders by Cardinal,8.226,3.0,1.5,-6.0324,ERP,Approved,
9002.0,CA-2014-103807,12/2/2014,12/9/2014,Standard Class,EM-13825,Elizabeth Moffitt,Corporate,United States,Sandy Springs,Georgia,30328.0,South,TEC-AC-10000199,Technology,Accessories,Kingston Digital DataTraveler 8GB USB 2.0,5.95,1.0,0.0,0.833,CRM,Rejected,Urgent
9003.0,CA-2014-103807,12/2/2014,12/9/2014,Standard Class,EM-13825,Elizabeth Moffitt,Corporate,United States,Sandy Springs,Georgia,30328.0,South,OFF-PA-10002195,Office Supplies,Paper,"RSVP Cards & Envelopes, Blank White, 8-1/2"" X 11"", 24 Cards/25 Envelopes/Set",15.24,3.0,0.0,7.1628,CRM,Pending,Check later
9004.0,CA-2015-102855,4/5/2015,4/6/2015,Same Day,JF-15415,Jennifer Ferguson,Consumer,United States,Spokane,Washington,99207.0,West,TEC-AC-10001767,Technology,Accessories,SanDisk Ultra 64 GB MicroSDHC Class 10 Memory Card,239.94,6.0,0.0,26.3934,CRM,Approved,Urgent
9005.0,CA-2015-102855,4/5/2015,4/6/2015,Same Day,JF-15415,Jennifer Ferguson,Consumer,United States,Spokane,Washington,99207.0,West,OFF-AR-10002467,Office Supplies,Art,Dixon Ticonderoga Pencils,23.84,8.0,0.0,6.4368,Manual Upload,,Duplicate?
9006.0,CA-2017-107825,11/18/2017,11/18/2017,Same Day,NB-18655,Nona Balk,Corporate,United States,Milwaukee,Wisconsin,53209.0,Central,OFF-ST-10001321,Office Supplies,Storage,"Decoflex Hanging Personal Folder File, Blue",92.52,6.0,0.0,24.9804,Legacy,Pending,Duplicate?
9007.0,CA-2017-107825,11/18/2017,11/18/2017,Same Day,NB-18655,Nona Balk,Corporate,United States,Milwaukee,Wisconsin,53209.0,Central,OFF-ST-10000777,Office Supplies,Storage,"Companion Letter/Legal File, Black",37.76,1.0,0.0,10.5728,Manual Upload,Pending,Check later
9008.0,CA-2017-107825,11/18/2017,11/18/2017,Same Day,NB-18655,Nona Balk,Corporate,United States,Milwaukee,Wisconsin,53209.0,Central,OFF-LA-10003720,Office Supplies,Labels,Avery 487,7.38,2.0,0.0,3.4686,CRM,,
9009.0,CA-2017-107825,11/18/2017,11/18/2017,Same Day,NB-18655,Nona Balk,Corporate,United States,Milwaukee,Wisconsin,53209.0,Central,FUR-FU-10000206,Furniture,Furnishings,"GE General Purpose, Extra Long Life, Showcase & Floodlight Incandescent Bulbs",5.82,2.0,0.0,2.7354,CRM,Rejected,
9010.0,CA-2017-106047,7/12/2017,7/18/2017,Standard Class,CS-11860,Cari Schnelling,Consumer,United States,Fairfield,Ohio,45014.0,East,OFF-PA-10000791,Office Supplies,Paper,"Wirebound Message Books, Four 2 3/4 x 5 Forms per Page, 200 Sets per Book",3.816,1.0,0.2,1.1925,CRM,Rejected,Check later
9011.0,CA-2017-127803,5/19/2017,5/23/2017,Standard Class,ND-18460,Neil Ducich,Corporate,United States,Huntsville,Alabama,35810.0,South,OFF-BI-10001787,Office Supplies,Binders,Wilson Jones Four-Pocket Poly Binders,26.16,4.0,0.0,12.8184,Manual Upload,Approved,
9012.0,CA-2015-137071,12/20/2015,12/21/2015,First Class,ED-13885,Emily Ducich,Home Office,United States,Houston,Texas,77036.0,Central,TEC-AC-10004353,Technology,Accessories,Hypercom P1300 Pinpad,100.8,2.0,0.2,21.42,CRM,Pending,
9013.0,CA-2016-121447,2/21/2016,2/22/2016,First Class,EA-14035,Erin Ashbrook,Corporate,United States,New York City,New York,10011.0,East,FUR-FU-10001861,Furniture,Furnishings,"Floodlight Indoor Halogen Bulbs, 1 Bulb per Pack, 60 Watts",135.8,7.0,0.0,66.542,ERP,Rejected,Duplicate?
9014.0,CA-2017-143084,3/18/2017,3/22/2017,Standard Class,BP-11050,Barry Pond,Corporate,United States,Los Angeles,California,90008.0,West,OFF-AR-10002766,Office Supplies,Art,Prang Drawing Pencil Set,13.9,5.0,0.0,3.753,ERP,Pending,Duplicate?
9015.0,CA-2017-143084,3/18/2017,3/22/2017,Standard Class,BP-11050,Barry Pond,Corporate,United States,Los Angeles,California,90008.0,West,OFF-EN-10003072,Office Supplies,Envelopes,Peel & Seel Envelopes,19.4,5.0,0.0,9.312,ERP,Pending,Check later
9016.0,CA-2016-131639,12/17/2016,12/23/2016,Standard Class,NS-18640,Noel Staavos,Corporate,United States,Carlsbad,New Mexico,88220.0,West,OFF-BI-10001636,office supplies,Binders,Ibico Plastic and Wire Spiral Binding Combs,13.488,2.0,0.2,4.3836,Legacy,Rejected,
9017.0,CA-2016-131639,12/17/2016,12/23/2016,Standard Class,NS-18640,Noel Staavos,Corporate,United States,Carlsbad,New Mexico,88220.0,West,OFF-BI-10000948,Office Supplies,Binders,"GBC Laser Imprintable Binding System Covers, Desert Sand",11.416,1.0,0.2,3.8529,CRM,,
9018.0,CA-2016-161361,3/26/2016,3/28/2016,Second Class,MV-17485,Mark Van Huff,Consumer,United States,Pocatello,Idaho,83201.0,West,OFF-PA-10001838,Office Supplies,Paper,"Adams Telephone Message Book W/Dividers/Space For Phone Numbers, 5 1/4""X8 1/2"", 300/Messages",17.64,3.0,0.0,8.6436,ERP,Rejected,Check later
9019.0,CA-2016-161361,3/26/2016,3/28/2016,Second Class,MV-17485,Mark Van Huff,Consumer,United States,Pocatello,Idaho,83201.0,West,OFF-BI-10002215,Office Supplies,Binders,"Wilson Jones Hanging View Binder, White, 1""",17.04,3.0,0.2,5.538,Legacy,Pending,Duplicate?
9020.0,CA-2014-100706,12/16/2014,12/18/2014,Second Class,LE-16810,Laurel Elliston,Consumer,United States,Springfield,Virginia,22153.0,South,TEC-AC-10001314,Technology,Accessories,Case Logic 2.4GHz Wireless Keyboard,99.98,2.0,0.0,7.9984,Legacy,Rejected,
9021.0,CA-2014-100706,12/16/2014,12/18/2014,Second Class,LE-16810,Laurel Elliston,Consumer,United States,Springfield,Virginia,22153.0,South,FUR-FU-10002268,Furniture,Furnishings,Ultra Door Push Plate,29.46,6.0,0.0,9.7218,Legacy,Approved,Duplicate?
9022.0,CA-2015-129525,11/15/2015,11/20/2015,standard class,VP-21760,Victoria Pisteka,Corporate,United States,Toledo,Ohio,43615.0,East,OFF-BI-10002133,Office Supplies,Binders,"Wilson Jones Elliptical Ring 3 1/2"" Capacity Binders, 800 sheets",166.92,13.0,0.7,-116.844,Legacy,,Check later
9023.0,US-2016-141880,8/22/2016,8/23/2016,First Class,TC-21475,Tony Chapman,Home Office,United States,Fort Collins,Colorado,80525.0,West,FUR-FU-10001979,Furniture,Furnishings,Dana Halogen Swing-Arm Architect Lamp,98.328,3.0,0.2,9.8328,CRM,Pending,
9024.0,CA-2015-165799,6/29/2015,7/2/2015,First Class,SG-20470,Sheri Gordon,Consumer,United States,New York City,New York,10024.0,East,FUR-CH-10001482,Furniture,Chairs,Office Star - Mesh Screen back chair with Vinyl seat,117.882,1.0,0.1,1.3098,ERP,Rejected,
9025.0,CA-2016-102127,6/26/2016,7/2/2016,Standard Class,VP-21760,Victoria Pisteka,Corporate,United States,New York City,New York,10035.0,East,TEC-AC-10002018,Technology,Accessories,AmazonBasics 3-Button USB Wired Mouse,20.97,3.0,0.0,9.0171,CRM,Approved,
9026.0,CA-2016-102127,6/26/2016,7/2/2016,Standard Class,VP-21760,Victoria Pisteka,Corporate,United States,New York City,New York,10035.0,East,TEC-AC-10000397,Technology,Accessories,"Perixx PERIBOARD-512B, Ergonomic Split Keyboard",139.96,4.0,0.0,9.7972,ERP,Pending,
9027.0,CA-2016-102127,6/26/2016,7/2/2016,Standard Class,VP-21760,Victoria Pisteka,Corporate,United States,New York City,New York,10035.0,East,FUR-FU-10003976,Furniture,Furnishings,"DAX Executive Solid Wood Document Frame, Desktop or Hang, Mahogany, 5 x 7",37.74,3.0,0.0,12.8316,ERP,,
9028.0,US-2016-152415,9/17/2016,9/22/2016,Standard Class,PO-18865,Patrick O'Donnell,Consumer,United States,Marlborough,Massachusetts,1752.0,East,FUR-FU-10002597,Furniture,Furnishings,"C-Line Magnetic Cubicle Keepers, Clear Polypropylene",14.82,3.0,0.0,6.2244,Manual Upload,Rejected,Urgent
9029.0,US-2016-152415,2016/09/17,9/22/2016,Standard Class,PO-18865,Patrick O'Donnell,Consumer,United States,Marlborough,Massachusetts,1752.0,East,FUR-FU-10004864,Furniture,Furnishings,"Howard Miller 14-1/2"" Diameter Chrome Round Wall Clock",191.82,3.0,0.0,61.3824,Manual Upload,,
9030.0,CA-2014-138198,7/18/2014,7/23/2014,Standard Class,JL-15130,Jack Lebron,Consumer,United States,New Rochelle,New York,10801.0,East,OFF-BI-10002103,Office Supplies,Binders,"Cardinal Slant-D Ring Binder, Heavy Gauge Vinyl",13.904,2.0,0.2,4.5188,Legacy,Rejected,
9031.0,CA-2017-128041,9/1/2017,9/1/2017,Same Day,RW-19540,Rick Wilson,Corporate,United States,Seattle,Washington,98103.0,West,OFF-AP-10001005,Office Supplies,Appliances,Honeywell Quietcare HEPA Air Cleaner,314.6,4.0,0.0,103.818,CRM,Rejected,
9032.0,CA-2017-128041,9/1/2017,9/1/2017,Same Day,RW-19540,Rick Wilson,Corporate,United States,Seattle,Washington,98103.0,West,FUR-TA-10002607,Furniture,Tables,KI Conference Tables,283.56,4.0,0.0,45.3696,CRM,,
9033.0,CA-2017-105823,6/22/2017,6/26/2017,Standard Class,RB-19465,Rick Bensley,Home Office,United States,Detroit,Michigan,48227.0,Central,FUR-CH-10000454,Furniture,Chairs,"Hon Deluxe Fabric Upholstered Stacking Chairs, Rounded Back",487.96,2.0,0.0,146.388,ERP,,
9034.0,CA-2014-152268,9/2/2014,9/7/2014,Standard Class,SC-20095,Sanjit Chand,Consumer,United States,Fayetteville,Arkansas,72701.0,South,OFF-BI-10001359,Office Supplies,Binders,GBC DocuBind TL300 Electric Binding System,1793.98,2.0,0.0,843.1706,ERP,Rejected,Check later
9035.0,CA-2015-148873,10/1/2015,10/5/2015,Standard Class,EM-13960,Eric Murdock,Consumer,United States,Quincy,Illinois,62301.0,Central,OFF-BI-10003196,Office Supplies,Binders,Accohide Poly Flexible Ring Binders,2.992,4.0,0.8,-4.488,Manual Upload,Rejected,Duplicate?
9036.0,CA-2015-148873,10/1/2015,10/5/2015,Standard Class,EM-13960,Eric Murdock,Consumer,United States,Quincy,Illinois,62301.0,Central,TEC-AC-10003657,Technology,Accessories,Lenovo 17-Key USB Numeric Keypad,108.768,4.0,0.2,2.7192,Legacy,,Duplicate?
9037.0,CA-2015-166492,4/7/2015,4/10/2015,First Class,RP-19390,Resi Pölking,Consumer,United States,New York City,New York,10035.0,East,OFF-PA-10002262,Office Supplies,Paper,Xerox 192,25.92,4.0,0.0,12.4416,ERP,Pending,Urgent
9038.0,CA-2015-166492,4/7/2015,4/10/2015,First Class,RP-19390,Resi Pölking,Consumer,United States,New York City,New York,10035.0,East,OFF-ST-10002214,Office Supplies,Storage,X-Rack File for Hanging Folders,22.58,2.0,0.0,5.8708,Manual Upload,Rejected,
9039.0,CA-2017-157420,11/21/2017,11/21/2017,Same Day,HZ-14950,Henia Zydlo,Consumer,United States,Houston,Texas,77095.0,Central,TEC-PH-10003555,Technology,Phones,Motorola HK250 Universal Bluetooth Headset,55.176,3.0,0.2,-12.4146,Legacy,Pending,Check later
9040.0,CA-2016-117121,12/17/2016,12/21/2016,Standard Class,AB-10105,Adrian Barton,Consumer,United States,Detroit,Michigan,48205.0,Central,OFF-BI-10000545,Office Supplies,Binders,GBC Ibimaster 500 Manual ProClick Binding System,9892.74,13.0,0.0,4946.37,CRM,Rejected,
9041.0,CA-2014-138177,9/19/2014,9/24/2014,Standard Class,ND-18460,Neil Ducich,Corporate,United States,Chandler,Arizona,85224.0,West,FUR-TA-10004607,Furniture,Tables,Hon 2111 Invitation Series Straight Table,73.915,1.0,0.5,-45.8273,ERP,Approved,Duplicate?
9042.0,CA-2014-114335,9/28/2014,10/3/2014,Standard Class,XP-21865,Xylona Preis,Consumer,United States,Hollywood,Florida,33021.0,South,FUR-FU-10000277,Furniture,Furnishings,Deflect-o DuraMat Antistatic Studded Beveled Mat for Medium Pile Carpeting,337.088,4.0,0.2,16.8544,Manual Upload,Pending,Check later
9043.0,CA-2015-168760,9/22/2015,9/26/2015,Second Class,MM-18280,Muhammed MacIntyre,Corporate,United States,Los Angeles,California,90049.0,West,OFF-AP-10004532,Office Supplies,Appliances,Kensington 6 Outlet Guardian Standard Surge Protector,61.44,3.0,0.0,16.5888,CRM,,Urgent
9044.0,CA-2016-168830,11/7/2016,11/13/2016,Standard Class,ML-17395,Marina Lichtenstein,Corporate,United States,San Francisco,California,94122.0,West,TEC-AC-10003911,Technology,Accessories,NETGEAR AC1750 Dual Band Gigabit Smart WiFi Router,479.97,3.0,0.0,163.1898,Legacy,Pending,
9045.0,CA-2017-137463,12/16/2017,12/20/2017,Second Class,KM-16225,Kalyca Meade,Corporate,United States,Sunnyvale,California,94086.0,West,OFF-BI-10003196,Office Supplies,Binders,Accohide Poly Flexible Ring Binders,5.984,2.0,0.2,2.244,Legacy,,Urgent
9046.0,CA-2017-137463,12/16/2017,12/20/2017,Second Class,KM-16225,Kalyca Meade,Corporate,United States,Sunnyvale,California,94086.0,West,TEC-AC-10000358,Technology,Accessories,Imation Secure Drive + Hardware Encrypted USB flash drive - 16 GB,189.95,5.0,0.0,45.588,ERP,Approved,
9047.0,CA-2017-137463,12/16/2017,12/20/2017,Second Class,KM-16225,Kalyca Meade,Corporate,United States,Sunnyvale,California,94086.0,West,TEC-AC-10000057,Technology,Accessories,Microsoft Natural Ergonomic Keyboard 4000,149.95,5.0,0.0,31.4895,CRM,Pending,
9048.0,CA-2017-137463,12/16/2017,12/20/2017,Second Class,KM-16225,Kalyca Meade,Corporate,United States,Sunnyvale,California,94086.0,West,OFF-AR-10001988,Office Supplies,Art,Bulldog Table or Wall-Mount Pencil Sharpener,29.95,5.0,0.0,8.6855,Manual Upload,Approved,Urgent
9049.0,CA-2017-137463,16-12-2017,12/20/2017,Second Class,KM-16225,Kalyca Meade,Corporate,United States,Sunnyvale,California,94086.0,West,OFF-LA-10003498,Office Supplies,Labels,Avery 475,44.4,3.0,0.0,22.2,Legacy,Pending,Urgent
9050.0,CA-2014-124513,9/21/2014,9/25/2014,Standard Class,SL-20155,Sara Luxemburg,Home Office,United States,New York City,New York,10011.0,East,OFF-AR-10002956,Office Supplies,Art,Boston 16801 Nautilus Battery Pencil Sharpener,66.03,3.0,0.0,17.1678,Legacy,Rejected,Duplicate?
9051.0,CA-2015-165554,5/18/2015,5/22/2015,Standard Class,AJ-10780,Anthony Jacobs,Corporate,United States,Los Angeles,California,90004.0,West,OFF-PA-10003724,Office Supplies,Paper,"Wirebound Message Book, 4 per Page",-500.0,2.0,0.0,5.3214,Legacy,Approved,
9052.0,CA-2014-141838,3/26/2014,2014-03-31,Second Class,DK-12835,Damala Kotsonis,Corporate,United States,San Francisco,California,94122.0,West,OFF-AR-10004272,Office Supplies,Art,Newell 308,3.36,2.0,0.0,0.84,CRM,Approved,Check later
9053.0,CA-2014-141838,3/26/2014,3/31/2014,Second Class,DK-12835,Damala Kotsonis,Corporate,United States,San Francisco,California,94122.0,West,OFF-BI-10003291,Office Supplies,Binders,Wilson Jones Leather-Like Binders with DublLock Round Rings,27.936,4.0,0.2,9.4284,Legacy,Approved,
9054.0,CA-2014-141838,3/26/2014,3/31/2014,Second Class,DK-12835,Damala Kotsonis,Corporate,United States,San Francisco,California,94122.0,West,TEC-PH-10004100,Technology,Phones,Griffin GC17055 Auxiliary Audio Cable,28.784,2.0,0.2,2.8784,ERP,Rejected,
9055.0,CA-2017-117009,9/22/2017,9/28/2017,Standard Class,BK-11260,Berenike Kampe,Consumer,United States,Santa Ana,California,92704.0,West,OFF-SU-10001218,Office Supplies,Supplies,Fiskars Softgrip Scissors,21.96,2.0,0.0,6.1488,Manual Upload,Pending,
9056.0,CA-2015-128993,9/12/2015,9/17/2015,Second Class,CC-12670,Craig Carreira,Consumer,United States,Seattle,Washington,98103.0,West,TEC-AC-10004209,Technology,Accessories,Memorex Froggy Flash Drive 4 GB,21.98,2.0,0.0,8.5722,Legacy,Rejected,Urgent
9057.0,CA-2015-160227,11/2/2015,11/4/2015,First Class,ED-13885,Emily Ducich,Home Office,United States,New York City,New York,10011.0,East,FUR-CH-10002073,Furniture,Chairs,Hon Olson Stacker Chairs,2621.322,11.0,0.1,553.3902,Manual Upload,Rejected,Urgent
9058.0,CA-2015-149097,10/20/2015,10/24/2015,Standard Class,SV-20785,Stewart Visinsky,Consumer,United States,Los Angeles,California,90045.0,West,FUR-FU-10003424,Furniture,Furnishings,Nu-Dell Oak Frame,74.76,7.0,0.0,23.9232,Manual Upload,Approved,Duplicate?
9059.0,CA-2015-149097,10/20/2015,10/24/2015,Standard Class,SV-20785,Stewart Visinsky,Consumer ,United States,Los Angeles,California,90045.0,West,FUR-TA-10001086,Furniture,Tables,"SAFCO PlanMaster Boards, 60w x 37-1/2d, White Melamine",364.776,3.0,0.2,27.3582,Legacy,Pending,
9060.0,CA-2016-132304,6/14/2016,6/18/2016,Standard Class,AR-10825,Anthony Rawles,Corporate,United States,Seattle,Washington,98103.0,West,FUR-TA-10004619,Furniture,Tables,Hon Non-Folding Utility Tables,1115.17,7.0,0.0,334.551,ERP,Pending,Urgent
9061.0,CA-2015-136420,11/20/2015,11/21/2015,First Class,CS-12250,Chris Selesnick,Corporate,United States,San Diego,California,92024.0,West,OFF-BI-10002854,Office Supplies,Binders,"Performers Binder/Pad Holder, Black",89.696,4.0,0.2,33.636,CRM,Pending,
9062.0,CA-2015-136420,11/20/2015,11/21/2015,First Class,CS-12250,Chris Selesnick,Corporate,United States,San Diego,California,92024.0,West,OFF-LA-10002762,Office Supplies,Labels,Avery 485,50.12,4.0,0.0,23.5564,CRM,Approved,
9063.0,CA-2016-101623,2/28/2016,3/6/2016,Standard Class,RR-19525,Rick Reed,Corporate,United States,New York City,New York,10035.0,East,OFF-FA-10003495,Office Supplies,Fasteners,Staples,36.48,6.0,0.0,18.24,ERP,Pending,
9064.0,US-2014-151015,10/14/2014,10/20/2014,Standard Class,BD-11500,Bradley Drucker,Consumer,United States,Chicago,Illinois,60653.0,Central,OFF-PA-10002581,Office Supplies,Paper,Xerox 1951,322.192,-1.0,0.2,100.685,ERP,,
9065.0,US-2014-151015,10/14/2014,10/20/2014,Standard Class,BD-11500,Bradley Drucker,Consumer,United States,Chicago,Illinois,60653.0,Central,OFF-BI-10000343,Office Supplies,Binders,"Pressboard Covers with Storage Hooks, 9 1/2"" x 11"", Light Blue",2.946,3.0,0.8,-4.8609,CRM,,Urgent
9066.0,US-2014-151015,10/14/2014,10/20/2014,Standard Class,BD-11500,Bradley Drucker,Consumer,United States,Chicago,Illinois,60653.0,Central,OFF-PA-10001184,Office Supplies,Paper,Xerox 1903,19.136,4.0,0.2,6.9368,Manual Upload,,Check later
9067.0,CA-2017-152968,5/26/2017,5/30/2017,Standard Class,BM-11785,Bryan Mills,Consumer,United States,Harrisonburg,Virginia,22801.0,South,TEC-AC-10000521,Technology,Accessories,"Verbatim Slim CD and DVD Storage Cases, 50/Pack",23.08,2.0,0.0,6.924,Legacy,Approved,
9068.0,CA-2016-150077,2/4/2016,2/10/2016,Standard Class,MS-17365,Maribeth Schnelling,Consumer,United States,Rockville,Maryland,20852.0,East,TEC-PH-10002890,Technology,Phones,AT&T 17929 Lendline Telephone,90.48,2.0,0.0,23.5248,Manual Upload,Pending,Duplicate?
9069.0,CA-2016-106278,9/2/2016,9/5/2016,Second Class,BM-11140,Becky Martin,Consumer,United States,Des Moines,Washington,98198.0,West,FUR-CH-10003061,Furniture,Chairs,"Global Leather Task Chair, Black",215.976,3.0,0.2,-2.6997,CRM,Approved,Check later
9070.0,CA-2016-106278,9/2/2016,9/5/2016,Second Class,BM-11140,Becky Martin,Consumer,United States,Des Moines,washington,98198.0,West,OFF-EN-10003567,Office Supplies,Envelopes,"Inter-Office Recycled Envelopes, Brown Kraft, Button-String,10"" x 13"" , 100/Box",65.94,3.0,0.0,30.9918,ERP,Rejected,
9071.0,CA-2017-147550,12/4/2017,12/5/2017,First Class,KE-16420,Katrina Edelman,Corporate,United States,Philadelphia,Pennsylvania,19134.0,East,FUR-FU-10001918,Furniture,Furnishings,C-Line Cubicle Keepers Polyproplyene Holder With Velcro Backings,11.352,3.0,0.2,2.6961,CRM,Rejected,Urgent
9072.0,CA-2015-136105,6/12/2015,6/16/2015,Standard Class,SZ-20035,Sam Zeldin,Home Office,United States,Columbus,Indiana,47201.0,Central,OFF-ST-10002444,Office Supplies,Storage,Recycled Eldon Regeneration Jumbo File,24.56,2.0,0.0,6.8768,CRM,Rejected,Check later
9073.0,CA-2016-142524,9/4/2016,9/8/2016,Standard Class,MB-18085,Mick Brown,Consumer,United States,Springfield,Missouri,65807.0,Central,OFF-EN-10003286,Office Supplies,Envelopes,Staple envelope,16.56,2.0,0.0,7.7832,CRM,Approved,
9074.0,CA-2016-142524,9/4/2016,9/8/2016,Standard Class,MB-18085,Mick Brown,Consumer,United States,Springfield,Missouri,65807.0,Central,TEC-AC-10000109,Technology,Accessories,Sony Micro Vault Click 16 GB USB 2.0 Flash Drive,279.95,5.0,0.0,67.188,Legacy,Pending,
9075.0,CA-2014-136336,4/21/2014,4/26/2014,Standard Class,DB-13555,Dorothy Badders,Corporate,United States,Henderson,Kentucky,42420.0,South,OFF-ST-10002574,Office Supplies,Storage,"SAFCO Commercial Wire Shelving, Black",828.84,6.0,0.0,0.0,Legacy,,
9076.0,US-2015-136259,11/5/2015,11/8/2015,First Class,CB-12415,Christy Brittain,Consumer,United States,Lakewood,Ohio,44107.0,East,OFF-BI-10000773,Office Supplies,Binders,Insertable Tab Post Binder Dividers,7.218,3.0,0.7,-5.5338,Manual Upload,,Duplicate?
9077.0,US-2015-136259,11/5/2015,11/8/2015,First Class,CB-12415,Christy Brittain,Consumer,United States,Lakewood,Ohio,44107.0,East,OFF-SU-10004661,Office Supplies,Supplies,Acme Titanium Bonded Scissors,27.2,4.0,0.2,2.04,CRM,Rejected,
9078.0,US-2014-124625,11/3/2014,11/7/2014,Standard Class,SP-20650,Stephanie Phelps,Corporate,United States,Omaha,Nebraska,68104.0,Central,TEC-AC-10003280,Technology,Accessories,Belkin F8E887 USB Wired Ergonomic Keyboard,89.97,3.0,0.0,18.8937,Legacy,Approved,Urgent
9079.0,CA-2016-108105,2/16/2016,2/23/2016,Standard Class,GW-14605,Giulietta Weimer,Consumer,United States,Henderson,Kentucky,42420.0,South,FUR-FU-10003773,Furniture,Furnishings,Eldon Cleatmat Plus Chair Mats for High Pile Carpets,318.08,4.0,0.0,34.9888,Legacy,Pending,Duplicate?
9080.0,CA-2016-108105,2/16/2016,2/23/2016,Standard Class,GW-14605,Giulietta Weimer,Consumer,United States,Henderson,Kentucky,42420.0,South,OFF-BI-10002412,Office Supplies,Binders,Wilson Jones Snap Scratch Pad Binder Tool for Ring Binders,5.8,1.0,0.0,2.61,CRM,Pending,Urgent
9081.0,CA-2017-166898,9/11/2017,9/13/2017,Second Class,KH-16630,Ken Heidel,Corporate,United States,Santa Ana,California,92704.0,West,TEC-PH-10002564,Technology,Phones,OtterBox Defender Series Case - Samsung Galaxy S4,143.952,6.0,0.2,17.994,ERP,Pending,
9082.0,CA-2017-166898,9/11/2017,9/13/2017,Second Class,KH-16630,Ken Heidel,Corporate,United States,Santa Ana,California,92704.0,West,OFF-PA-10002262,Office Supplies,Paper,Xerox 192,19.44,3.0,0.0,9.3312,ERP,Pending,
9083.0,CA-2017-169005,11/2/2017,11/6/2017,Standard Class,BG-11035,Barry Gonzalez,Consumer,United States,Springfield,Virginia,22153.0,South,OFF-AR-10000246,Office Supplies,Art,Newell 318,5.56,2.0,0.0,1.4456,Manual Upload,Approved,Check later
9084.0,CA-2015-104038,2/6/2015,2/8/2015,First Class,LO-17170,Lori Olson,Corporate,United States,Suffolk,Virginia,23434.0,South,OFF-ST-10002554,Office Supplies,Storage,Tennsco Industrial Shelving,146.73,3.0,0.0,2.9346,Legacy,Approved,Urgent
9085.0,CA-2015-104038,2/6/2015,2/8/2015,First Class,LO-17170,Lori Olson,Corporate,United States,Suffolk,Virginia,23434.0,South,OFF-PA-10002751,Office Supplies,Paper,Xerox 1920,29.9,5.0,0.0,13.455,Legacy,,Urgent
9086.0,CA-2016-126102,9/10/2016,9/12/2016,Second Class,DV-13465,Dianna Vittorini,Consumer,United States,Los Angeles,California,90049.0,West,OFF-BI-10004318,Office Supplies,Binders,Ibico EB-19 Dual Function Manual Binding System,276.784,2.0,0.2,89.9548,ERP,Approved,Check later
9087.0,CA-2016-143406,9/26/2016,9/30/2016,Standard Class,LR-17035,Lisa Ryan,Corporate,United States,Houston,Texas,77041.0,Central,OFF-AP-10001564,Office Supplies,Appliances,Hoover Commercial Lightweight Upright Vacuum with E-Z Empty Dirt Cup,93.032,2.0,0.8,-251.1864,ERP,Rejected,
9088.0,CA-2016-143406,9/26/2016,9/30/2016,Standard Class,LR-17035,Lisa Ryan,Corporate,United States,Houston,Texas,77041.0,Central,FUR-CH-10000513,Furniture,Chairs,High-Back Leather Manager's Chair,454.965,5.0,0.3,-136.4895,Legacy,,Urgent
9089.0,CA-2015-150308,12/15/2015,12/20/2015,Standard Class,RR-19525,Rick Reed,Corporate,United States,Cary,North Carolina,27511.0,South,TEC-PH-10001433,Technology,Phones,Cisco Small Business SPA 502G VoIP phone,246.168,3.0,0.2,21.5397,CRM,Rejected,Check later
9090.0,CA-2016-131093,9/17/2016,9/20/2016,Second Class,TS-21610,Troy Staebel,Consumer,United States,Springfield,Ohio,45503.0,East,OFF-ST-10002790,Office Supplies,Storage,Safco Industrial Shelving,295.4,5.0,0.2,-62.7725,Legacy,,
9091.0,US-2017-148831,10/13/2017,10/15/2017,First Class,AH-10210,Alan Hwang,Consumer,United States,Louisville,Kentucky,40214.0,South,OFF-ST-10002974,Office Supplies,Storage,"Trav-L-File Heavy-Duty Shuttle II, Black",348.56,8.0,0.0,104.568,Manual Upload,Rejected,Duplicate?
9092.0,CA-2015-162950,6/28/2015,7/3/2015,Second Class,DW-13585,Dorothy Wardle,Corporate,United States,Troy,Ohio,45373.0,East,OFF-PA-10003177,Office Supplies,Paper,Xerox 1999,15.552,3.0,0.2,5.4432,Manual Upload,Pending,Duplicate?
9093.0,CA-2015-162950,6/28/2015,7/3/2015,Second Class,DW-13585,Dorothy Wardle,Corporate,United States,Troy,Ohio,45373.0,East,FUR-BO-10001918,Furniture,Bookcases,"Sauder Forest Hills Library with Doors, Woodland Oak Finish",482.94,6.0,0.5,-376.6932,Legacy,Approved,
9094.0,US-2015-132836,2015/06/01,6/5/2015,Standard Class,AJ-10945,Ashley Jarboe,Consumer,United States,Detroit,Michigan,48227.0,Cntrl,TEC-PH-10001299,Technology,Phones,Polycom CX300 Desktop Phone USB VoIP phone,299.98,2.0,0.0,83.9944,ERP,,Check later
9095.0,US-2015-132836,6/1/2015,6/5/2015,Standard Class,AJ-10945,Ashley Jarboe,Consumer,United States,Detroit,Michigan,48227.0,Central,OFF-BI-10004224,Office Supplies,Binders,Catalog Binders with Expanding Posts,403.68,6.0,0.0,181.656,ERP,Pending,
9096.0,US-2015-132836,6/1/2015,6/5/2015,Standard Class,AJ-10945,Ashley Jarboe,Consumer,United States,Detroit,Michigan,48227.0,Central,TEC-PH-10001300,Technology,Phones,"iKross Bluetooth Portable Keyboard + Cell Phone Stand Holder + Brush for Apple iPhone 5S 5C 5, 4S 4",41.9,2.0,0.0,11.732,ERP,Approved,
9097.0,US-2015-132836,6/1/2015,6/5/2015,Standard Class,AJ-10945,Ashley Jarboe,Consumer,United States,Detroit,Michigan,48227.0,Central,OFF-LA-10004178,Office Supplies,Labels,Avery 491,28.91,7.0,0.0,13.2986,Manual Upload,,Urgent
9098.0,US-2014-158365,4/12/2014,4/17/2014,Standard Class,SV-20785,Stewart Visinsky,Consumer,United States,Bloomington,Indiana,47401.0,Central,OFF-PA-10000289,Office Supplies,Paper,Xerox 213,32.4,5.0,0.0,15.552,Manual Upload,Rejected,Urgent
9099.0,CA-2017-152933,10/12/2017,10/16/2017,Standard Class,MG-17650,Matthew Grinstein,Home Office,United States,Dallas,Texas,75081.0,Central,TEC-PH-10002085,Technology,Phones,Clarity 53712,369.544,7.0,0.2,27.7158,CRM,Approved,Urgent
9100.0,CA-2017-152933,10/12/2017,10/16/2017,Standard Class,MG-17650,Matthew Grinstein,Home Office,United States,Dallas,Texas,75081.0,Central,OFF-PA-10001934,Office Supplies,Paper,Xerox 1993,10.368,2.0,0.2,3.7584,ERP,Rejected,Urgent
9101.0,CA-2017-152933,10/12/2017,10/16/2017,Standard Class,MG-17650,Matthew Grinstein,Home Office,United States,Dallas,Texas,75081.0,Central,TEC-AC-10003033,Technology,Accessories,Plantronics CS510 - Over-the-Head monaural Wireless Headset System,791.88,3.0,0.2,128.6805,ERP,,
9102.0,CA-2015-163181,11/7/2015,11/12/2015,Standard Class,AB-10105,Adrian Barton,Consumer,United States,Houston,Texas,77041.0,Central,OFF-AR-10001683,Office Supplies,Art,Lumber Crayons,23.64,3.0,0.2,5.319,Manual Upload,,
9103.0,CA-2015-163181,11/7/2015,11/12/2015,Standard Class,AB-10105,Adrian Barton,Consumer,United States,Houston,Texas,77041.0,Central,OFF-ST-10001713,Office Supplies,Storage,"Gould Plastics 9-Pocket Panel Bin, 18-3/8w x 5-1/4d x 20-1/2h, Black",84.784,2.0,0.2,-16.9568,ERP,,
9104.0,CA-2015-163181,11/7/2015,11/12/2015,Standard Class,AB-10105,Adrian Barton,Consumer,United States,Houston,Texas,77041.0,Central,FUR-FU-10000193,Furniture,Furnishings,Tenex Chairmats For Use with Hard Floors,64.96,5.0,0.6,-84.448,CRM,Rejected,
9105.0,CA-2015-163181,11/7/2015,11/12/2015,Standard Class,AB-10105,Adrian Barton,Consumer,United States,Houston,Texas,77041.0,Central,OFF-BI-10000474,Office Supplies,Binders,Avery Recycled Flexi-View Covers for Binding Systems,32.06,10.0,0.8,-51.296,Manual Upload,Pending,
9106.0,CA-2015-163181,11/7/2015,11/12/2015,Standard Class,AB-10105,Adrian Barton,Consumer,United States,Houston,Texas,77041.0,Central,OFF-ST-10000129,Office Supplies,Storage,Fellowes Recycled Storage Drawers,177.648,2.0,0.2,-28.8678,ERP,Approved,
9107.0,CA-2015-163181,11/7/2015,11/12/2015,Standard Class,AB-10105,Adrian Barton,Consumer,United States,Houston,texas,77041.0,Central,TEC-MA-10001016,Technology,Machines,Canon PC170 Desktop Personal Copier,287.91,3.0,0.4,33.5895,ERP,,Check later
9108.0,CA-2015-132941,5/25/2015,5/28/2015,First Class,MM-18280,Muhammed MacIntyre,Corporate,United States,Haltom City,Texas,76117.0,Central,OFF-SU-10002557,Office Supplies,Supplies,Fiskars Spring-Action Scissors,22.368,2.0,0.2,1.6776,CRM,,Urgent
9109.0,CA-2015-132941,5/25/2015,5/28/2015,First Class,MM-18280,MuhammedMacIntyre,Corporate ,United States,Haltom City,Texas,76117.0,Central,OFF-PA-10002160,Office Supplies,Paper,Xerox 1978,32.368,7.0,0.2,11.7334,ERP,Approved,Duplicate?
9110.0,CA-2015-132941,5/25/2015,5/28/2015,First Class,MM-18280,Muhammed MacIntyre,Corporate,United States,Haltom City,Texas,76117.0,Central,TEC-AC-10003095,Technology,Accessories,Logitech G35 7.1-Channel Surround Sound Headset,207.984,2.0,0.2,36.3972,CRM,Approved,Urgent
9111.0,CA-2014-132010,10/13/2014,10/15/2014,First Class,MA-17995,Michelle Arnett,Home Office,United States,Richmond,Virginia,23223.0,South,OFF-EN-10003160,Office Supplies,Envelopes,Pastel Pink Envelopes,36.4,5.0,0.0,17.472,Legacy,Approved,Check later
9112.0,CA-2014-132010,10/13/2014,10/15/2014,First Class,MA-17995,Michelle Arnett,Home Office,United States,Richmond,Virginia,23223.0,South ,TEC-AC-10001542,Technology,Accessories,SanDisk Cruzer 16 GB USB Flash Drive,22.96,2.0,0.0,4.3624,CRM,Rejected,Duplicate?
9113.0,CA-2014-132010,10/13/2014,10/15/2014,First Class,MA-17995,Michelle Arnett,Home Office,United States,Richmond,Virginia,23223.0,South,OFF-ST-10003641,Office Supplies,Storage,Space Solutions Industrial Galvanized Steel Shelving.,315.2,4.0,0.0,6.304,Legacy,,Duplicate?
9114.0,CA-2014-132010,10/13/2014,10/15/2014,First Class,MA-17995,Michelle Arnett,Home Office,United States,Richmond,Virginia,23223.0,South,OFF-BI-10002432,Office Supplies,Binders,Wilson Jones Standard D-Ring Binders,15.18,3.0,0.0,7.1346,Manual Upload,Pending,Check later
9115.0,CA-2016-135461,2/7/2016,2/10/2016,Second Class,EB-13975,Erica Bern,Corporate,United States,Los Angeles,California,90049.0,West,TEC-PH-10004094,Technology,Phones,Motorola L703CM,623.96,5.0,0.2,38.9975,CRM,Approved,Check later
9116.0,CA-2017-153045,1/19/2017,1/24/2017,Second Class,NS-18505,Neola Schneider,Consumer,United States,Philadelphia,Pennsylvania,19140.0,East,TEC-PH-10001817,Technology,Phones,Wilson Electronics DB Pro Signal Booster,429.6,2.0,0.4,-93.08,Legacy,Rejected,
9117.0,CA-2017-153045,1/19/2017,1/24/2017,Second Class,NS-18505,Neola Schneider,Consumer,United States,Philadelphia,Pennsylvania,00000,East,FUR-FU-10002759,Furniture,Furnishings,12-1/2 Diameter Round Wall Clock,31.968,2.0,0.2,6.3936,Legacy,Approved,
9118.0,CA-2017-153045,1/19/2017,1/24/2017,Second Class,NS-18505,Neola Schneider,Consumer,United States,Philadelphia,Pennsylvania,19140.0,East,FUR-CH-10000309,Furniture,Chairs,Global Comet Stacking Arm Chair,887.271,3.0,0.3,-63.3765,ERP,Rejected,
9119.0,CA-2017-153045,1/19/2017,1/24/2017,Second Class,NS-18505,Neola Schneider,Consumer,United States,Philadelphia,Pennsylvania,19140.0,East,OFF-PA-10003673,Office Supplies,Paper,Strathmore Photo Mount Cards,21.696,4.0,0.2,7.0512,CRM,Approved,
9120.0,US-2016-155971,6/6/2016,6/12/2016,Standard Class,RB-19795,,Home Office,United States,Los Angeles,California,90036.0,West,OFF-LA-10000452,Office Supplies,Labels,Avery 488,22.05,7.0,0.0,10.584,ERP,Approved,Urgent
9121.0,US-2016-155971,6/6/2016,6/12/2016,Standard Class,RB-19795,Ross Baird,Home Office,United States,Los Angeles,California,90036.0,West,OFF-PA-10000210,Office Supplies,Paper,Xerox Blank Computer Paper,99.9,5.0,0.0,46.953,CRM,Rejected,Check later
9122.0,CA-2017-122007,3/18/2017,3/20/2017,Second Class,JK-15325,Jason Klamczynski,Corporate,United States,Los Angeles,California,90032.0,West,OFF-AP-10000358,Office Supplies,Appliances,Fellowes Basic Home/Office Series Surge Protectors,90.86,7.0,0.0,26.3494,ERP,Approved,Urgent
9123.0,CA-2017-162250,11/24/2017,11/24/2017,Same Day,PR-18880,Patrick Ryan,Consumer,United States,San Francisco,California,94109.0,West,OFF-PA-10002137,Office Supplies,Paper,"Southworth 100% Résumé Paper, 24lb.",7.78,1.0,0.0,3.501,CRM,Pending,Urgent
9124.0,US-2016-158288,11/26/2016,11/28/2016,Second Class,EH-13945,Eric Hoffmann,Consumer,United States,Philadelphia,Pennsylvania,19120.0,East,OFF-BI-10003364,Office Supplies,Binders,Binding Machine Supplies,78.759,9.0,0.7,-57.7566,CRM,Approved,Urgent
9125.0,CA-2016-128916,8/18/2016,8/20/2016,Second Class,MA-17560,Matt Abelman,Home Office,United States,Houston,Texas,77070.0,Central,FUR-FU-10001940,Furniture,Furnishings,Staple-based wall hangings,9.552,3.0,0.6,-3.8208,ERP,Rejected,
9126.0,CA-2016-128916,8/18/2016,8/20/2016,Second Class,MA-17560,Matt Abelman,Home Office,United States,Houston,Texas,77070.0,Central,FUR-FU-10000320,Furniture,Furnishings,OIC Stacking Trays,5.344,4.0,0.6,-2.1376,Manual Upload,Pending,
9127.0,CA-2015-157028,11/28/2015,12/3/2015,Standard Class,MA-17995,Michelle Arnett,Home Office,United States,Las Cruces,New Mexico,88001.0,West,OFF-AR-10004441,Office Supplies,Art,BIC Brite Liner Highlighters,8.28,2.0,0.0,3.4776,Manual Upload,Pending,Duplicate?
9128.0,CA-2017-112473,5/25/2017,6/1/2017,Standard Class,JL-15505,Jeremy Lonsdale,Consumer,United States,Houston,Texas,77070.0,Central,OFF-ST-10002182,Office Supplies,Storage,"Iris 3-Drawer Stacking Bin, Black",50.136,3.0,0.2,-11.2806,CRM,Pending,Check later
9129.0,US-2017-147655,9/4/2017,9/5/2017,First Class,AS-10045,Aaron Smayling,Corporate,United States,Redmond,Oregon,97756.0,West,OFF-BI-10002931,Office Supplies,Binders,"Avery Trapezoid Extra Heavy Duty 4"" Binders",88.074,7.0,0.7,-58.716,Legacy,Rejected,
9130.0,CA-2016-130911,3/24/2016,3/26/2016,Second Class,DC-12850,Dan Campbell,Consumer,United States,Cleveland,Ohio,44105.0,East,FUR-BO-10004357,Furniture,Bookcases,O'Sullivan Living Dimensions 3-Shelf Bookcases,301.47,3.0,0.5,-241.176,CRM,Approved,Check later
9131.0,CA-2016-130911,3/24/2016,3/26/2016,Second Class,DC-12850,Dan Campbell,Consumer,United States,Cleveland,Ohio,44105.0,East,OFF-AR-10000475,Office Supplies,Art,"Hunt BOSTON Vista Battery-Operated Pencil Sharpener, Black",18.656,2.0,0.2,1.6324,Legacy,Approved,
9132.0,CA-2017-100055,5/28/2017,6/1/2017,Standard Class,MD-17860,Michael Dominguez,Corporate,United States,Laurel,Maryland,20707.0,East,FUR-FU-10001473,Furniture,Furnishings,DAX Wood Document Frame,27.46,2.0,0.0,9.8856,Manual Upload,Pending,Check later
9133.0,CA-2017-100055,5/28/2017,6/1/2017,Standard Class,MD-17860,Michael Dominguez,Corporate,United States,Laurel,Maryland,20707.0,East,OFF-AP-10001469,Office Supplies,Appliances,Fellowes 8 Outlet Superior Workstation Surge Protector,125.13,3.0,0.0,36.2877,Manual Upload,Approved,
9134.0,CA-2015-157805,8/31/2015,9/4/2015,Standard Class,RH-19510,Rick Huthwaite,Home Office,United States,San Diego,California,92037.0,West,TEC-PH-10004447,Technology,Phones,Toshiba IPT2010-SD IP Telephone,555.96,5.0,0.2,41.697,Legacy,,Duplicate?
9135.0,CA-2016-124254,4/12/2016,4/17/2016,Standard Class,TB-21175,Thomas Boland,Corporate,United States,Wilson,North Carolina,27893.0,South,OFF-ST-10001469,Office Supplies,Storage,Fellowes Bankers Box Recycled Super Stor/Drawer,129.552,3.0,0.2,-22.6716,ERP,,Urgent
9136.0,CA-2016-124254,4/12/2016,4/17/2016,Standard Class,TB-21175,Thomas Boland,Corporate,United States,Wilson,North Carolina,27893.0,South,OFF-ST-10000060,Office Supplies,Storage,Fellowes Bankers Box Staxonsteel Drawer File/Stacking System,51.984,1.0,0.2,-5.1984,Legacy,Pending,Duplicate?
9137.0,CA-2016-124254,4/12/2016,4/17/2016,Std Class,TB-21175,Thomas Boland,Corporate,United States,Wilson,North Carolina,27893.0,South,OFF-PA-10000807,Office Supplies,Paper,"TOPS ""Important Message"" Pads, Canary, 4-1/4 x 5-1/2, 50 Sheets per Pad",10.272,3.0,0.2,3.4668,CRM,Pending,
9138.0,CA-2014-123400,02 Feb 2014,2/9/2014,Standard Class,EB-13930,Eric Barreto,Consumer,United States,Saint Petersburg,Florida,33710.0,South,OFF-BI-10000666,Office Supplies,Binders,Surelock Post Binders,18.336,2.0,0.7,-12.224,Manual Upload,Pending,Check later
9139.0,CA-2014-123400,2/2/2014,2/9/2014,Standard Class,EB-13930,Eric Barreto,Consumer,United States,Saint Petersburg,Florida,33710.0,South,TEC-PH-10002890,Technology,Phones,AT&T 17929 Lendline Telephone,180.96,5.0,0.2,13.572,ERP,Pending,
9140.0,CA-2014-106971,9/2/2014,9/8/2014,Standard Class,BM-11785,Bryan Mills,Consumer,United States,Buffalo Grove,Illinois,60089.0,Central,TEC-AC-10000844,Technology,Accessories,Logitech Gaming G510s - Keyboard,475.944,7.0,0.2,95.1888,Legacy,Pending,
9141.0,CA-2017-123029,9/30/2017,10/2/2017,Second Class,BT-11530,Bradley Talbott,Home Office,United States,Los Angeles,California,90049.0,West,TEC-AC-10002402,Technology,Accessories,Razer Kraken PRO Over Ear PC and Music Headset,159.98,2.0,0.0,47.994,ERP,Approved,Duplicate?
9142.0,CA-2016-139409,9/5/2016,9/7/2016,First Class,FW-14395,Fred Wasserman,Corporate,United States,New York City,New York,10011.0,East,TEC-PH-10003988,Technology,Phones,"LF Elite 3D Dazzle Designer Hard Case Cover, Lf Stylus Pen and Wiper For Apple Iphone 5c Mini Lite",43.6,4.0,0.0,12.208,Legacy,Pending,
9143.0,US-2017-166688,5/20/2017,5/26/2017,Standard Class,RD-19480,Rick Duston,Consumer,United States,Las Vegas,Nevada,89115.0,West,OFF-BI-10004040,Office Supplies,Binders,Wilson Jones Impact Binders,8.288,2.0,0.2,3.0044,Manual Upload,Approved,
9144.0,US-2017-166688,5/20/2017,5/26/2017,Standard Class,RD-19480,Rick Duston,Consumer,United States,Las Vegas,Nevada,89115.0,West,TEC-PH-10004094,Technology,Phones,Motorola L703CM,1123.128,9.0,0.2,70.1955,CRM,Approved,Urgent
9145.0,US-2017-166688,5/20/2017,5/26/2017,Standard Class,RD-19480,Rick Duston,Consumer,United States,Las Vegas,Nevada,89115.0,West,OFF-AP-10000358,Office Supplies,Appliances,Fellowes Basic Home/Office Series Surge Protectors,64.9,5.0,0.0,18.821,Manual Upload,,
9146.0,CA-2015-126970,9/20/2015,9/24/2015,Standard Class,TP-21130,Theone Pippenger,Consumer,United States,Naperville,Illinois,60540.0,Central,OFF-BI-10000138,Office Supplies,Binders,Acco Translucent Poly Ring Binders,2.808,3.0,0.8,-4.4928,Legacy,Rejected,Duplicate?
9147.0,US-2016-165505,1/23/2016,1/27/2016,Standard Class,CB-12535,Claudia Bergmann,Corporate,United States,Burlington,Vermont,5408.0,East,TEC-AC-10002926,Technology,Accessories,Logitech Wireless Marathon Mouse M705,99.98,2.0,0.0,42.9914,Manual Upload,,Duplicate?
9148.0,US-2016-165505,1/23/2016,1/27/2016,Standard Class,CB-12535,Claudia Bergmann,Corporate,United States,Burlington,Vermont,5408.0,East,OFF-AR-10003477,Office Supplies,Art,4009 Highlighters,8.04,6.0,0.0,2.7336,Manual Upload,Approved,Urgent
9149.0,US-2016-165505,1/23/2016,1/27/2016,Standard Class,CB-12535,Claudia Bergmann,Corporate,United States,Burlington,Vermont,5408.0,East,OFF-ST-10001526,Office Supplies,Storage,Iceberg Mobile Mega Data/Printer Cart ,1564.29,13.0,0.0,406.7154,Legacy,Approved,Urgent
9150.0,US-2014-157070,6/1/2014,6/6/2014,Standard Class,QJ-19255,Quincy Jones,Corporate,United States,Detroit,Michigan,48234.0,Central,OFF-BI-10001765,Office Supplies,Binders,Wilson Jones Heavy-Duty Casebound Ring Binders with Metal Hinges,138.56,4.0,0.0,66.5088,Legacy,Rejected,Urgent
9151.0,US-2014-157070,6/1/2014,6/6/2014,Standard Class,QJ-19255,Quincy Jones,Corporate,United States,Detroit,Michigan,48234.0,Central,OFF-AP-10004859,Office Supplies,Appliances,Acco 6 Outlet Guardian Premium Surge Suppressor,65.52,5.0,0.1,12.376,Manual Upload,Rejected,Check later
9152.0,US-2015-106873,9/24/2015,9/29/2015,SecondClass,KM-16720,Kunst Miller,Consumer,United States,Avondale,Arizona,85323.0,west,OFF-AR-10003179,Office Supplies,Art,Dixon Ticonderoga Core-Lock Colored Pencils,14.576,2.0,0.2,2.3686,Manual Upload,,
9153.0,US-2015-106873,9/24/2015,9/29/2015,Second Class,KM-16720,Kunst Miller,Consumer,United States,Avondale,Arizona,85323.0,West,TEC-AC-10002345,Technology,Accessories,HP Standard 104 key PS/2 Keyboard,23.2,2.0,0.2,1.45,CRM,,Urgent
9154.0,US-2015-106873,9/24/2015,9/29/2015,Second Class,KM-16720,Kunst Miller,Consumer,United States,Avondale,Arizona,85323.0,West,OFF-AR-10001246,Office Supplies,Art,Newell 317,16.464,7.0,0.2,1.8522,Manual Upload,,Urgent
9155.0,CA-2016-132990,08/01/2016,8/3/2016,Second Class,KM-16660,Khloe Miller,Consumer,United States,Philadelphia,Pennsylvania,19140.0,East,FUR-FU-10004864,Furniture,Furnishings,Eldon 500 Class Desk Accessories,19.312,2.0,0.2,3.1382,Legacy,Pending,Check later
9156.0,CA-2014-102645,1/23/2014,1/28/2014,Standard Class,IM-15055,Ionia McGrath,Consumer,United States,Las Vegas,Nevada,89115.0,West,OFF-PA-10001804,Office Supplies,Paper,Xerox 195,40.08,6.0,0.0,19.2384,CRM,Rejected,Check later
9157.0,CA-2014-134215,8/4/2014,8/8/2014,Standard Class,ML-17395,Marina Lichtenstein,Corporate,United States,Bangor,Maine,4401.0,East,OFF-AP-10001271,Office Supplies,Appliances,Eureka The Boss Cordless Rechargeable Stick Vac,101.96,2.0,0.0,27.5292,CRM,Approved,Duplicate?
9158.0,CA-2014-134215,8/4/2014,8/8/2014,Standard Class,ML-17395,Marina Lichtenstein,Corporate,United States,Bangor,Maine,4401.0,East,OFF-PA-10004353,Office Supplies,Paper,Southworth 25% Cotton Premium Laser Paper and Envelopes,259.74,13.0,0.0,124.6752,Manual Upload,Pending,
9159.0,CA-2014-134215,8/4/2014,8/8/2014,Standard Class,ML-17395,Marina Lichtenstein,Corporate,United States,Bangor,Maine,4401.0,East,TEC-AC-10002473,Technology,Accessories,Maxell 4.7GB DVD-R,255.42,9.0,0.0,104.7222,Manual Upload,,Check later
9160.0,CA-2016-118934,8/9/2016,8/14/2016,Standard Class,GH-14410,Gary Hansen,Home Office,United States,Hendersonville,Tennessee,37075.0,South,OFF-BI-10003314,Office Supplies,Binders,Tuff Stuff Recycled Round Ring Binders,4.338,3.0,0.7,-3.0366,Manual Upload,Approved,
9161.0,CA-2016-118934,8/9/2016,8/14/2016,Standard Class,GH-14410,Gary Hansen,Home Office,United States,Hendersonville,Tennessee,37075.0,South,OFF-BI-10004465,Office Supplies,Binders,Avery Durable Slant Ring Binders,11.88,5.0,0.7,-7.92,ERP,Approved,Urgent
9162.0,CA-2016-160108,12/8/2016,12/12/2016,Standard Class,AG-10900,Arthur Gainer,Consumer,United States,Eau Claire,Wisconsin,54703.0,Central,FUR-BO-10003450,Furniture,Bookcases,"Bush Westfield Collection Bookcases, Dark Cherry Finish",405.86,7.0,0.0,32.4688,CRM,,Check later
9163.0,CA-2016-160108,12/8/2016,12/12/2016,Standard Class,AG-10900,Arthur Gainer,Consumer,United States,Eau Claire,Wisconsin,54703.0,Central,FUR-CH-10002335,Furniture,Chairs,Hon GuestStacker Chair,680.01,3.0,0.0,176.8026,Legacy,Pending,Check later
9164.0,CA-2015-164007,6/8/2015,6/12/2015,Standard Class,MG-17695,Maureen Gnade,Consumer,United States,Chicago,Illinois,60610.0,Central,TEC-AC-10003433,Technology,Accessories,Maxell 4.7GB DVD+R 5/Pack,2.376,3.0,0.2,0.7425,Manual Upload,Rejected,
9165.0,CA-2015-164007,6/8/2015,6/12/2015,Standard Class,MG-17695,Maureen Gnade,Consumer,United States,Chicago,Illinois,60610.0,Central,OFF-AP-10003849,Office Supplies,Appliances,Hoover Shoulder Vac Commercial Portable Vacuum,143.128,2.0,0.8,-393.602,CRM,Pending,Urgent
9166.0,CA-2016-100300,6/24/2016,6/26/2016,Second Class,MJ-17740,Max Jones,Consumer,United States,San Diego,California,92037.0,West,TEC-MA-10000984,Technology,Machines,Okidata MB760 Printer,4476.8,4.0,0.2,503.64,ERP,Approved,Duplicate?
9167.0,CA-2016-100300,6/24/2016,6/26/2016,Second Class,MJ-17740,Max Jones,Consumer,United States,San Diego,California,92037.0,West,OFF-PA-10000418,Office Supplies,Paper,Xerox 189,104.85,1.0,0.0,50.328,ERP,Pending,Duplicate?
9168.0,CA-2016-100300,6/24/2016,6/26/2016,Second Class,MJ-17740,Max Jones,Consumer,United States,San Diego,California,92037.0,West,OFF-AP-10001242,Office Supplies,Appliances,APC 7 Outlet Network SurgeArrest Surge Protector,241.44,3.0,0.0,72.432,ERP,Pending,Urgent
9169.0,CA-2016-140571,3/15/2016,3/19/2016,Standard Class,SJ-20125,Sanjit Jacobs,Home Office,United States,Jackson,Mississippi,39212.0,South,OFF-PA-10001954,Office Supplies,Paper,Xerox 1964,319.76,14.0,0.0,147.0896,ERP,,Duplicate?
9170.0,CA-2016-140571,3/15/2016,3/19/2016,Standard Class,SJ-20125,Sanjit Jacobs,Home Office,United States,Jackson,Mississippi,39212.0,South,OFF-PA-10001954,Office Supplies,Paper,Xerox 1964,45.68,2.0,0.0,21.0128,Manual Upload,,Duplicate?
9171.0,US-2016-155768,12/1/2016,12/1/2016,Same Day,LB-16795,Laurel Beltran,Home Office,United States,Oxnard,Calif.,93030.0,West,FUR-FU-10000448,Furniture,Furnishings,Tenex Chairmats For Use With Carpeted Floors,31.96,2.0,0.0,1.598,CRM,Approved,Duplicate?
9172.0,US-2016-155768,12/1/2016,12/1/2016,Same Day,LB-16795,Laurel Beltran,Home Office,United States,Oxnard,California,93030.0,West,OFF-PA-10001357,Office Supplies,Paper,Xerox 1886,47.9,1.0,0.0,22.992,Legacy,,
9173.0,US-2016-155768,12/1/2016,12/1/2016,Same Day,LB-16795,Laurel Beltran,Home Office,United States,Oxnard,California,93030.0,West,OFF-ST-10002292,Office Supplies,Storage,"Sauder Facets Collection Locker/File Cabinet, Sky Alder Finish",1112.94,3.0,0.0,222.588,ERP,Approved,Duplicate?
9174.0,US-2016-155768,12/1/2016,01/12/2016,Same Day,LB-16795,Laurel Beltran,Home Office,United States,Oxnard,California,93030.0,West,OFF-EN-10001219,Office Supplies,Envelopes,"#10- 4 1/8"" x 9 1/2"" Security-Tint Envelopes",22.92,3.0,0.0,11.2308,Legacy,Approved,Urgent
9175.0,CA-2017-119424,6/12/2017,6/14/2017,Second Class,SB-20185,Sarah Brown,Consumer,United States,Kent,Washington,98031.0,West,TEC-PH-10002564,Technology,Phones,OtterBox Defender Series Case - Samsung Galaxy S4,71.976,3.0,0.2,8.997,CRM,Rejected,
9176.0,CA-2017-119424,6/12/2017,6/14/2017,Second Class,SB-20185,Sarah Brown,Consumer,United States,Kent,Washington,98031.0,West,OFF-PA-10001639,Office Supplies,Paper,Xerox 203,19.44,3.0,0.0,9.3312,Legacy,,
9177.0,CA-2016-118178,3/19/2016,3/24/2016,Standard Class,CC-12610,Corey Catlett,Corporate,United States,Nashville,Tennessee,37211.0,South,OFF-BI-10001153,Office Supplies,Binders,Ibico Recycled Grain-Textured Covers,31.086,3.0,0.7,-20.724,ERP,Pending,Duplicate?
9178.0,CA-2016-166618,11/14/2016,11/18/2016,Standard Class,DP-13000,Darren Powers,Consumer,United States,New York City,New York,10035.0,East,TEC-PH-10003356,Technology,Phones,"SmartStand Mobile Device Holder, Assorted Colors",13.98,2.0,0.0,3.9144,Legacy,Pending,Check later
9179.0,CA-2016-166618,11/14/2016,11/18/2016,Standard Class,DP-13000,Darren Powers,Consumer,United States,New York City,New York,10035.0,East,OFF-AR-10001725,office supplies,Art,Boston Home & Office Model 2000 Electric Pencil Sharpeners,23.65,1.0,0.99,6.149,Manual Upload,,
9180.0,CA-2017-156776,8/7/2017,8/11/2017,Standard Class,JL-15505,Jeremy Lonsdale,Consumer,United States,Westminster,California,92683.0,West,TEC-PH-10002415,Technology,Phones,Polycom VoiceStation 500 Conference phone,707.88,3.0,0.2,44.2425,Legacy,Rejected,
9181.0,CA-2017-156776,8/7/2017,8/11/2017,Standard Class,JL-15505,Jeremy Lonsdale,Consumer,United States,Westminster,California,92683.0,West,OFF-BI-10003355,Office Supplies,Binders,Cardinal Holdit Business Card Pockets,11.952,3.0,0.2,4.1832,Manual Upload,Pending,Check later
9182.0,CA-2017-156776,8/7/2017,8/11/2017,Standard Class,JL-15505,Jeremy Lonsdale,Consumer,United States,Westminster,California,92683.0,West,OFF-BI-10000216,Office Supplies,Binders,"Mead 1st Gear 2"" Zipper Binder, Asst. Colors",31.128,3.0,0.2,11.673,CRM,Pending,Duplicate?
9183.0,CA-2017-156776,8/7/2017,8/11/2017,Standard Class,JL-15505,Jeremy Lonsdale,Consumer,United States,Westminster,California,92683.0,West,TEC-AC-10004803,Technology,Accessories,Sony Micro Vault Click 4 GB USB 2.0 Flash Drive,55.76,4.0,0.0,7.8064,Manual Upload,Approved,Urgent
9184.0,CA-2017-156776,8/7/2017,8/11/2017,Standard Class,JL-15505,Jeremy Lonsdale,Consumer,United States,Westminster,California,92683.0,West,OFF-PA-10001970,Office Supplies,Paper,Xerox 1881,24.56,2.0,0.0,11.5432,Legacy,,
9185.0,CA-2017-156776,8/7/2017,8/11/2017,Standard Class,JL-15505,Jeremy Lonsdale,Consumer,United States,Westminster,California,92683.0,West,FUR-FU-10004848,Furniture,Furnishings,"Howard Miller 13-3/4"" Diameter Brushed Chrome Round Wall Clock",51.75,1.0,0.0,15.525,Manual Upload,Approved,Check later
9186.0,CA-2017-156776,8/7/2017,8/11/2017,Standard Class,JL-15505,Jeremy Lonsdale,Consumer,United States,Westminster,California,92683.0,West,FUR-CH-10002317,Furniture,Chairs,Global Enterprise Series Seating Low-Back Swivel/Tilt Chairs,207.184,1.0,0.2,25.898,Legacy,Approved,
9187.0,CA-2017-156776,08/07/2017,8/11/2017,Standard Class,JL-15505,Jeremy Lonsdale,Consumer,United States,Westminster,California,92683.0,West,OFF-AP-10002534,Office Supplies,Appliances,3.6 Cubic Foot Counter Height Office Refrigerator,1473.1,5.0,0.0,412.468,CRM,Rejected,Urgent
9188.0,US-2015-130512,8/21/2015,8/25/2015,Standard Class,SM-20320,Sean Miller,Home Office,United States,Allentown,Pennsylvania,18103.0,East,OFF-SU-10001935,Office Supplies,Supplies,Staple remover,3.488,2.0,2.0,-0.6976,CRM,Rejected,Duplicate?
9189.0,US-2015-130512,8/21/2015,8/25/2015,Standard Class,SM-20320,Sean Miller,Home Office,United States,Allentown,Pennsylvania,18103.0,East,TEC-AC-10000290,Technology,Accessories,Sabrent 4-Port USB 2.0 Hub,21.728,4.0,0.2,3.8024,CRM,Pending,Duplicate?
9190.0,US-2015-130512,8/21/2015,8/25/2015,Standard Class,SM-20320,Sean Miller,Home Office,United States,Allentown,Pennsylvania,18103.0,East,OFF-ST-10002574,Office Supplies,Storage,"SAFCO Commercial Wire Shelving, Black",663.072,6.0,0.2,-165.768,CRM,Pending,Duplicate?
9191.0,US-2015-130512,8/21/2015,8/25/2015,Standard Class,SM-20320,Sean Miller,Home Office,United States,Allentown,Pennsylvania,18103.0,East,OFF-BI-10004519,Office Supplies,Binders,GBC DocuBind P100 Manual Binding Machine,99.588,2.0,0.7,-82.99,Manual Upload,Pending,
9192.0,US-2015-130512,8/21/2015,8/25/2015,Standard Class,SM-20320,Sean Miller,Home Office,United States,Allentown,Pennsylvania,18103.0,East,OFF-PA-10003625,Office Supplies,Paper,Xerox 1979,49.568,2.0,0.2,15.49,ERP,Approved,Urgent
9193.0,CA-2015-141810,11/2/2015,11/7/2015,Standard Class,BB-10990,Barry Blumstein,Corporate,United States,San Antonio,Texas,78207.0,Central,OFF-BI-10001524,Office Supplies,Binders,GBC Premium Transparent Covers with Diagonal Lined Pattern,29.372,7.0,0.8,-46.9952,CRM,Pending,Duplicate?
9194.0,CA-2015-141810,11/2/2015,11/7/2015,Standard Class,BB-10990,Barry Blumstein,Corporate,United States,San Antonio,Texas,78207.0,Central,TEC-PH-10002200,Technology,Phones,Aastra 6757i CT Wireless VoIP phone,344.704,2.0,0.2,38.7792,CRM,Rejected,Duplicate?
9195.0,CA-2014-146843,11/30/2014,12/6/2014,Standard Class,PB-19150,Philip Brown,Consumer,United States,Avondale,Arizona,85323.0,West,OFF-SU-10001664,Office Supplies,Supplies,Acme Office Executive Series Stainless Steel Trimmers,47.992,7.0,0.2,3.5994,Manual Upload,Rejected,
9196.0,CA-2014-146843,11/30/2014,12/6/2014,Standard Class,PB-19150,Philip Brown,Consumer,United States,Avondale,Arizona,85323.0,West,TEC-AC-10002550,Technology,Accessories,"Memorex 25GB 6X Branded Blu-Ray Recordable Disc, 30/Pack",102.24,4.0,0.2,-16.614,ERP,Rejected,Duplicate?
9197.0,CA-2014-103310,5/10/2014,5/15/2014,Standard Class,GM-14680,Greg Matthias,Consumer,United States,San Jose,California,95123.0,West,OFF-PA-10004353,Office Supplies,Paper,Southworth 25% Cotton Premium Laser Paper and Envelopes,39.96,2.0,0.0,19.1808,Legacy,,
9198.0,CA-2014-103310,5/10/2014,5/15/2014,Standard Class,GM-14680,Greg Matthias,Consumer,United States,San Jose,California,95123.0,West,TEC-PH-10001817,Technology,Phones,Wilson Electronics DB Pro Signal Booster,1432.0,5.0,0.2,125.3,CRM,Pending,Duplicate?
9199.0,CA-2014-103310,5/10/2014,5/15/2014,Standard Class,GM-14680,Greg Matthias,Consumer,United States,San Jose,California,95123.0,West,OFF-SU-10004737,Office Supplies,Supplies,Acme Design Stainless Steel Bent Scissors,41.04,6.0,0.0,11.0808,Manual Upload,Approved,Urgent
9200.0,CA-2014-103310,5/10/2014,May 15 2014,Standard Class,GM-14680,Greg Matthias,Consumer,United States,San Jose,California,95123.0,West,FUR-CH-10002320,Furniture,Chairs,Hon Pagoda Stacking Chairs,256.784,1.0,0.2,32.098,CRM,Approved,
9201.0,CA-2016-152688,10/17/2016,10/20/2016,First Class,NR-18550,Nick Radford,Consumer,United States,Perth Amboy,New Jersey,8861.0,East,FUR-BO-10001337,Furniture,Bookcases,O'Sullivan Living Dimensions 2-Shelf Bookcases,120.98,1.0,0.0,12.098,Legacy,Approved,Duplicate?
9202.0,CA-2016-152688,10/17/2016,10/20/2016,First Class,NR-18550,Nick Radford,Consumer,United States,Perth Amboy,New Jersey,8861.0,East,OFF-BI-10004584,Office Supplies,Binders,GBC ProClick 150 Presentation Binding System,315.98,1.0,0.0,148.5106,Legacy,Rejected,Check later
9203.0,CA-2016-153836,10/30/2016,11/3/2016,Standard Class,EH-13765,Edward Hooks,Corporate,United States,New York City,New York,10011.0,East,OFF-BI-10004817,Office Supplies,Binders,GBC Personal VeloBind Strips,28.752,3.0,0.2,10.0632,Legacy,Rejected,
9204.0,CA-2016-153836,10/30/2016,11/3/2016,Standard Class,EH-13765,Edward Hooks,Corporate,United States,New York City,New York,10011.0,East,OFF-AR-10004602,Office Supplies,Art,Boston KS Multi-Size Manual Pencil Sharpener,114.95,5.0,0.0,32.186,Legacy,Pending,Urgent
9205.0,CA-2016-104689,12/1/2016,12/5/2016,Standard Class,FH-14365,Fred Hopkins,Corporate,United States,Los Angeles,California,90004.0,West,OFF-AR-10001149,Office Supplies,Art,"Sanford Colorific Colored Pencils, 12/Box",23.04,8.0,0.0,6.912,Manual Upload,Pending,Urgent
9206.0,CA-2016-146423,4/21/2016,4/21/2016,Same Day,BT-11680,Brian Thompson,Consumer,United States,Milford,Connecticut,6460.0,East,OFF-AR-10004817,Office Supplies,Art,Colorific Watercolor Pencils,15.48,3.0,0.0,4.4892,CRM,Rejected,Duplicate?
9207.0,CA-2016-146423,4/21/2016,4/21/2016,Same Day,BT-11680,Brian Thompson,Consumer,United States,Milford,Connecticut,6460.0,East,OFF-PA-10003797,Office Supplies,Paper,Xerox 209,51.84,8.0,0.0,24.8832,CRM,,Check later
9208.0,CA-2017-140781,8/3/2017,8/7/2017,Standard Class,AB-10105,Adrian Barton,Consumer,United States,Bloomington,Illinois,61701.0,Central,TEC-AC-10000682,Technology,Accessories,Kensington K72356US Mouse-in-a-Box USB Desktop Mouse,39.816,3.0,0.2,7.4655,Legacy,Pending,
9209.0,CA-2017-141747,8/3/2017,8/8/2017,Second Class,SC-20230,Scot Coram,Corporate,United States,Seattle,Washington,98105.0,West,OFF-ST-10003996,Office Supplies,Storage,"Letter/Legal File Tote with Clear Snap-On Lid, Black Granite",16.06,1.0,0.0,4.1756,CRM,Pending,Check later
9210.0,CA-2017-142776,12/11/2017,12/14/2017,Second Class,RS-19870,Roy Skaria,Home Office,United States,Burlington,Iowa,52601.0,Central,OFF-EN-10003160,Office Supplies,Envelopes,Pastel Pink Envelopes,7.28,1.0,0.0,3.4944,Manual Upload,Approved,Urgent
9211.0,CA-2017-142776,12/11/2017,12/14/2017,Second Class,RS-19870,Roy Skaria,Home Office,United States,Burlington,Iowa,52601.0,Central,OFF-BI-10002012,Office Supplies,Binders,Wilson Jones Easy Flow II Sheet Lifters,5.4,3.0,0.0,2.592,Legacy,,
9212.0,CA-2015-167479,3/14/2015,3/19/2015,Standard Class,AI-10855,Arianne Irving,Consumer,United States,Roseville,California,95661.0,West,OFF-PA-10002105,Office Supplies,Paper,Xerox 223,19.44,3.0,0.0,9.3312,Manual Upload,Approved,Check later
9213.0,CA-2014-144071,12/8/2014,12/15/2014,Standard Class,DJ-13420,Denny Joy,Corporate,United States,San Francisco,California,94110.0,West,FUR-FU-10000397,Furniture,Furnishings,Luxo Economy Swing Arm Lamp,39.88,2.0,0.0,11.1664,CRM,,
9214.0,CA-2014-144071,12/8/2014,12/15/2014,Standard Class,DJ-13420,Denny Joy,Corporate,United States,San Francisco,California,94110.0,West,FUR-FU-10000758,Furniture,Furnishings,DAX Natural Wood-Tone Poster Frame,79.44,3.0,0.0,28.5984,Legacy,Pending,Duplicate?
9215.0,US-2017-120908,9/30/2017,10/2/2017,First Class,BF-10975,Barbara Fisher,Corporate,United States,Philadelphia,Pennsylvania,19120.0,East,OFF-LA-10004677,Office Supplies,Labels,Self-Adhesive Address Labels for Typewriters with Dispenser Box,20.664,7.0,0.2,6.9741,Manual Upload,Rejected,Duplicate?
9216.0,CA-2016-152646,11/21/2016,11/26/2016,Standard Class,TH-21235,Tiffany House,Corporate,United States,Los Angeles,California,90049.0,West,OFF-PA-10004451,Office Supplies,Paper,Xerox 222,32.4,5.0,0.0,15.552,Legacy,Approved,
9217.0,CA-2017-103765,11/24/2017,11/30/2017,Standard Class,JG-15310,Jason Gross,Corporate,United States,Odessa,Texas,79762.0,Central,OFF-AP-10002311,Office Supplies,Appliances,"Holmes Replacement Filter for HEPA Air Cleaner, Very Large Room, HEPA Filter",13.762,1.0,0.8,-24.7716,ERP,Rejected,
9218.0,US-2017-118157,11/14/2017,11/17/2017,First Class,AW-10930,Arthur Wiediger,Home Office,United States,Minneapolis,Minnesota,55407.0,Central,OFF-EN-10004459,Office Supplies,Envelopes,Security-Tint Envelopes,15.28,2.0,0.0,7.4872,CRM,Rejected,Check later
9219.0,US-2015-164238,8/16/2015,8/20/2015,Standard Class,JW-15955,Joni Wasserman,Consumer,United States,Philadelphia,Pennsylvania,19120.0,East,OFF-ST-10002352,Office Supplies,Storage,Iris Project Case,44.688,7.0,0.2,3.3516,Manual Upload,Approved,Check later
9220.0,US-2015-164238,8/16/2015,8/20/2015,Standard Class,JW-15955,Joni Wasserman,Consumer,United States,Philadelphia,Pennsylvania,19120.0,East,FUR-BO-10000780,Furniture,Bookcases,O'Sullivan Plantations 2-Door Library in Landvery Oak,301.47,3.0,0.5,-204.9996,Legacy,Pending,Check later
9221.0,CA-2017-103212,10/13/2017,10/14/2017,First Class,MH-18025,Michelle Huthwaite,Consumer,United States,Lafayette,Louisiana,70506.0,South,OFF-LA-10000248,Office Supplies,Labels,Avery 52,11.07,3.0,0.0,5.2029,Manual Upload,,Check later
9222.0,CA-2017-103212,10/13/2017,10/14/2017,First Class,MH-18025,Michelle Huthwaite,Consumer,United States,Lafayette,Louisiana,70506.0,South,FUR-TA-10003473,Furniture,Tables,Bretford Rectangular Conference Table Tops,1504.52,4.0,0.0,346.0396,ERP,Approved,
9223.0,CA-2017-103212,10/13/2017,10/14/2017,First Class,MH-18025,Michelle Huthwaite,Consumer,United States,Lafayette,Louisiana,70506.0,South,OFF-PA-10004355,Office Supplies,Paper,Xerox 231,25.92,4.0,0.0,12.4416,Manual Upload,Pending,
9224.0,CA-2017-121160,11/4/2017,11/4/2017,Same Day,FM-14290,Frank Merwin,Home Office,United States,Bryan,Texas,77803.0,Central,OFF-BI-10001308,Office Supplies,Binders,GBC Standard Plastic Binding Systems' Combs,7.536,6.0,0.8,-13.188,Legacy,Pending,Check later
9225.0,CA-2017-121160,11/4/2017,11/4/2017,Same Day,FM-14290,Frank Merwin ,Home Office,United States,Bryan,Texas,77803.0,Central,OFF-BI-10003094,Office Supplies,Binders,Self-Adhesive Ring Binder Labels,1.408,2.0,0.8,-2.3232,CRM,Pending,
9226.0,CA-2017-121160,11/4/2017,11/4/2017,Same Day,FM-14290,Frank Merwin,Home Office,United States,Bryan,Texas,77803.0,Central,OFF-BI-10004040,Office Supplies,Binders,Wilson Jones Impact Binders,4.144,4.0,0.8,-6.4232,ERP,Approved,
9227.0,CA-2017-121160,11/4/2017,11/4/2017,Same Day,FM-14290,Frank Merwin,Home Office,United States,Bryan,Texas,77803.0,Central,OFF-ST-10002485,Office Supplies,Storage,Rogers Deluxe File Chest,52.752,3.0,0.2,-12.5286,Legacy,Rejected,Duplicate?
9228.0,CA-2017-140515,3/19/2017,3/24/2017,Standard Class,GZ-14545,George Zrebassa,Corporate,United States,Los Angeles,California,90008.0,West,OFF-AP-10001205,Office Supplies,Appliances,Belkin 5 Outlet SurgeMaster Power Centers,381.36,7.0,0.0,106.7808,CRM,Approved,Duplicate?
9229.0,CA-2014-153619,11/3/2014,11/3/2014,Same Day,TC-21535,Tracy Collins,Home Office,United States,Los Angeles,California,90049.0,West,OFF-AR-10001868,Office Supplies,Art,Prang Dustless Chalk Sticks,6.72,4.0,0.0,3.36,CRM,Rejected,Urgent
9230.0,CA-2017-133718,7/23/2017,7/26/2017,First Class,TB-21520,Tracy Blumstein,Consumer,United States,Los Angeles,California,90045.0,West,OFF-BI-10003429,Office Supplies,Binders,"Cardinal HOLDit! Binder Insert Strips,Extra Strips",15.192,3.0,0.2,5.5071,CRM,,Check later
9231.0,CA-2017-133718,7/23/2017,7/26/2017,First Class,TB-21520,Tracy Blumstein,Consumer,United States,Los Angeles,California,90045.0,West,OFF-PA-10002689,Office Supplies,Paper,Weyerhaeuser First Choice Laser/Copy Paper (20Lb. and 88 Bright),58.32,9.0,0.0,27.9936,Legacy,Approved,
9232.0,CA-2014-148383,12/27/2014,12/31/2014,Standard Class,RP-19390,Resi Pölking,Consumer,United States,Phoenix,Arizona,85023.0,West,OFF-BI-10003650,Office Supplies,Binders,GBC DocuBind 300 Electric Binding Machine,946.764,6.0,0.7,-694.2936,Legacy,,Duplicate?
9233.0,CA-2016-126732,9/2/2016,9/6/2016,Standard Class,LR-16915,Lena Radford,Consumer,United States,Los Angeles,California,90036.0,West,FUR-FU-10001889,Furniture,Furnishings,Ultra Door Pull Handle,94.68,9.0,0.0,31.2444,CRM,Rejected,Duplicate?
9234.0,CA-2016-126732,9/2/2016,9/6/2016,Standard Class,LR-16915,Lena Radford,Consumer,United States,Los Angeles,California,90036.0,West,OFF-ST-10000321,Office Supplies,Storage,Akro Stacking Bins,23.67,3.0,0.0,0.9468,Manual Upload,Approved,Duplicate?
9235.0,CA-2016-126732,9/2/2016,9/6/2016,Standard Class,LR-16915,Lena Radford,Consumer,United States,Los Angeles,California,90036.0,West,TEC-PH-10001530,Technology,Phones,Cisco Unified IP Phone 7945G VoIP phone,1091.168,4.0,0.2,68.198,Legacy,Pending,
9236.0,CA-2016-126732,9/2/2016,9/6/2016,Standard Class,LR-16915,Lena Radford,Consumer,United States,Los Angeles,California,90036.0,West,OFF-AR-10004752,Office Supplies,Art,Blackstonian Pencils,18.69,7.0,0.0,5.2332,Legacy,Pending,
9237.0,CA-2016-126732,9/2/2016,9/6/2016,Standard Class,LR-16915,Lena Radford,Consumer,United States,Los Angeles,California,90036.0,West,FUR-TA-10001539,Furniture,Tables,Chromcraft Rectangular Conference Tables,568.728,3.0,0.2,28.4364,Manual Upload,Approved,Duplicate?
9238.0,CA-2016-126732,9/2/2016,9/6/2016,Standard Class,LR-16915,Lena Radford,Consumer,United States,Los Angeles,California,90036.0,West,OFF-BI-10001553,Office Supplies,Binders,SpineVue Locking Slant-D Ring Binders by Cardinal,7.312,1.0,0.2,2.5592,Legacy,Rejected,Check later
9239.0,CA-2017-138156,2/11/2017,2/14/2017,First Class,MM-17260,Magdelene Morse,Consumer,United States,Columbus,Ohio,43229.0,East,FUR-FU-10003601,Furniture,Furnishings,"Deflect-o RollaMat Studded, Beveled Mat for Medium Pile Carpeting",147.568,2.0,0.2,-3.6892,Legacy,Rejected,Duplicate?
9240.0,CA-2017-110310,10/27/2017,11/2/2017,Standard Class,NB-18655,Nona Balk,Corporate,United States,Tallahassee,Florida,32303.0,South,OFF-PA-10001685,Office Supplies,Paper,Easy-staple paper,56.784,7.0,0.2,20.5842,ERP,Approved,
9241.0,CA-2017-110310,10/27/2017,11/2/2017,Standard Class,NB-18655,Nona Balk,Corporate,United States,Tallahassee,Florida,32303.0,South,OFF-BI-10001097,Office Supplies,Binders,Avery Hole Reinforcements,5.607,3.0,0.7,-3.9249,Manual Upload,Approved,Check later
9242.0,CA-2017-110310,10/27/2017,11/2/2017,Standard Class,NB-18655,Nona Balk,Corporate,United States,Tallahassee,Florida,32303.0,South,OFF-AR-10001662,Office Supplies,Art,Rogers Handheld Barrel Pencil Sharpener,6.576,3.0,0.2,0.5754,CRM,,Urgent
9243.0,CA-2014-113271,7/9/2014,7/14/2014,Standard Class,DS-13030,Darrin Sayre,Home Office,United States,San Francisco,California,94122.0,West,OFF-BI-10002609,Office Supplies,Binders,Avery Hidden Tab Dividers for Binding Systems,14.304,6.0,0.2,4.6488,Manual Upload,Pending,Duplicate?
9244.0,CA-2014-113271,7/9/2014,7/14/2014,Standard Class,DS-13030,Darrin Sayre,Home Office,United States,San Francisco,California,94122.0,West,FUR-BO-10004218,Furniture,Bookcases,"Bush Heritage Pine Collection 5-Shelf Bookcase, Albany Pine Finish, *Special Order",119.833,1.0,0.15,7.049,ERP,Rejected,Urgent
9245.0,CA-2014-113271,7/9/2014,7/14/2014,Standard Class,DS-13030,Darrin Sayre,Home Office,United States,San Francisco,California,94122.0,West,OFF-AR-10003251,Office Supplies,Art,Prang Drawing Pencil Set,5.56,2.0,0.0,2.224,Legacy,,
9246.0,CA-2014-113271,7/9/2014,7/14/2014,Standard Class,DS-13030,Darrin Sayre,Home Office,United States,San Francisco,California,94122.0,West,OFF-PA-10002365,Office Supplies,Paper,Xerox 1967,32.4,5.0,0.0,15.552,ERP,Approved,
9247.0,CA-2017-130106,5/22/2017,5/26/2017,Standard Class,VF-21715,Vicky Freymann,Home Office,United States,San Francisco,California,94109.0,West,OFF-AR-10003651,Office Supplies,Art,Newell 350,9.84,3.0,0.0,2.8536,CRM,Pending,Duplicate?
9248.0,CA-2017-130106,5/22/2017,5/26/2017,Standard Class,VF-21715,Vicky Freymann,Home Office,United States,San Francisco,California,94109.0,West,OFF-AR-10003732,Office Supplies,Art,Newell 333,2.78,1.0,0.0,0.7228,Legacy,Pending,Urgent
9249.0,CA-2016-127761,11/10/2016,11/14/2016,Standard Class,SW-20275,Scott Williamson,Consumer,United States,New York City,New York,10009.0,East,OFF-BI-10002557,Office Supplies,Binders,Presstex Flexible Ring Binders,3.64,1.0,0.2,1.365,Legacy,Approved,
9250.0,CA-2016-127761,11/10/2016,11/14/2016,Standard Class,SW-20275,Scott Williamson,Consumer,United States,New York City,New York,10009.0,East,TEC-PH-10003691,Technology,Phones,BlackBerry Q10,881.93,7.0,0.0,220.4825,Legacy,Pending,
9251.0,CA-2016-105354,12/2/2016,12/6/2016,Standard Class,PW-19030,Pauline Webber,Corporate,United States,Marion,Iowa,52302.0,Central,OFF-BI-10001107,Office Supplies,Binders,"GBC White Gloss Covers, Plain Front",115.84,8.0,0.0,54.4448,Manual Upload,Approved,Duplicate?
9252.0,CA-2017-155712,3/2/2017,3/8/2017,Standard Class,KD-16615,Ken Dana,Corporate,United States,Los Angeles,California,90008.0,West,OFF-BI-10004224,Office Supplies,Binders,Catalog Binders with Expanding Posts,107.648,2.0,0.2,33.64,CRM,Pending,Check later
9253.0,CA-2017-102309,9/23/2017,9/25/2017,Second Class,DO-13645,Doug O'Connell,Consumer,United States,Pine Bluff,Arkansas,71603.0,South,TEC-AC-10001114,Technology,Accessories,Microsoft Wireless Mobile Mouse 4000,199.95,5.0,0.0,63.984,CRM,Approved,Duplicate?
9254.0,CA-2017-102309,9/23/2017,9/25/2017,Second Class,DO-13645,Doug O'Connell,Consumer,United States,Pine Bluff,Arkansas,71603.0,South,OFF-PA-10002005,Office Supplies,Paper,Xerox 225,12.96,2.0,0.0,6.2208,ERP,Pending,
9255.0,CA-2014-168368,2/11/2014,2/15/2014,Second Class,GA-14725,Guy Armstrong,Consumer,United States,Columbia,Missouri,65203.0,Central,FUR-CH-10001146,Furniture,Chairs,"Global Value Mid-Back Manager's Chair, Gray",60.89,1.0,0.0,15.2225,CRM,Pending,
9256.0,CA-2014-168368,2/11/2014,2/15/2014,Second Class,GA-14725,Guy Armstrong,Consumer,United States,Columbia,Missouri,65203.0,Central,OFF-LA-10004853,Office Supplies,Labels,Avery 483,14.94,3.0,0.0,6.8724,CRM,,Duplicate?
9257.0,CA-2014-168368,2/11/2014,2/15/2014,Second Class,GA-14725,Guy Armstrong,Consumer,United States,Columbia,Missouri,65203.0,Central,OFF-BI-10004728,Office Supplies,Binders,Wilson Jones Turn Tabs Binder Tool for Ring Binders,9.64,2.0,0.0,4.4344,Manual Upload,,
9258.0,CA-2014-168368,2/11/2014,2/15/2014,Second Class,GA-14725,Guy Armstrong,Consumer,United States,Columbia,Missouri,65203.0,Central,FUR-FU-10002298,Furniture,Furnishings,"Rubbermaid ClusterMat Chairmats, Mat Size- 66"" x 60"", Lip 20"" x 11"" -90 Degree Angle",332.94,3.0,0.0,53.2704,CRM,Approved,
9259.0,CA-2014-168368,2/11/2014,2/15/2014,Second Class,GA-14725,Guy Armstrong,Consumer,United States,Columbia,Missouri,65203.0,Central,OFF-BI-10004654,Office Supplies,Binders,VariCap6 Expandable Binder,51.9,3.0,0.0,24.393,CRM,Rejected,Urgent
9260.0,CA-2014-168368,2/11/2014,2/15/2014,Second Class,GA-14725,Guy Armstrong,Consumer,United States,Columbia,Missouri,65203.0,Central,OFF-ST-10002583,Office Supplies,Storage,Fellowes Neat Ideas Storage Cubes,64.96,2.0,0.0,2.5984,CRM,Rejected,
9261.0,CA-2017-167976,11/11/2017,11/14/2017,Second Class,JL-15505,Jeremy Lonsdale,Consumer,United States,Aberdeen,South Dakota,57401.0,Central,OFF-SU-10004661,Office Supplies,Supplies,Acme Titanium Bonded Scissors,25.5,3.0,0.0,6.63,CRM,Approved,
9262.0,CA-2017-111388,9/2/2017,9/2/2017,Same Day,SU-20665,Stephanie Ulpright,Home Office,United States,Seattle,Washington,98103.0,West,FUR-CH-10003061,Furniture,Chairs,"Global Leather Task Chair, Black",215.976,3.0,0.2,-2.6997,Legacy,Rejected,Check later
9263.0,CA-2015-124499,10/9/2015,10/13/2015,Standard Class,FM-14380,Fred McMath,Consumer,United States,Detroit,Michigan,48227.0,Central,FUR-CH-10000513,Furniture,Chairs,High-Back Leather Manager's Chair,389.97,3.0,0.0,35.0973,CRM,Pending,Duplicate?
9264.0,CA-2015-124499,10/9/2015,10/13/2015,Standard Class,FM-14380,Fred McMath,Consumer,United States,Detroit,Michigan,48227.0,Central,OFF-AP-10002191,Office Supplies,Appliances,Belkin 8 Outlet SurgeMaster II Gold Surge Protector,269.91,5.0,0.1,53.982,CRM,Pending,Urgent
9265.0,US-2017-128118,11/24/2017,12/1/2017,Standard Class,MY-17380,Maribeth Yedwab,Corporate,United States,Memphis,Tennessee,38109.0,South,OFF-BI-10000216,Office Supplies,Binders,"Mead 1st Gear 2"" Zipper Binder, Asst. Colors",11.673,3.0,0.7,-7.782,Legacy,,Urgent
9266.0,US-2017-128118,11/24/2017,12/1/2017,Standard Class,MY-17380,Maribeth Yedwab,Corporate,United States,Memphis,Tennessee,38109.0,South,OFF-EN-10003448,Office Supplies,Envelopes,"Peel & Seel Recycled Catalog Envelopes, Brown",64.848,7.0,0.2,24.318,Legacy,Rejected,Duplicate?
9267.0,CA-2014-125759,2/8/2014,2/9/2014,First Class,NM-18445,Nathan Mautz,Home Office,United States,North Las Vegas,Nevada,89031.0,West,FUR-FU-10002111,Furniture,Furnishings,"Master Caster Door Stop, Large Brown",14.56,2.0,0.0,5.5328,ERP,Pending,
9268.0,CA-2015-151869,9/25/2015,9/25/2015,Same Day,CS-11950,Carlos Soltero,Consumer,United States,Freeport,New York,11520.0,East,FUR-CH-10001545,Furniture,Chairs,Hon Comfortask Task/Swivel Chairs,102.582,1.0,0.1,6.8388,ERP,Rejected,Urgent
9269.0,CA-2015-151869,9/25/2015,9/25/2015,Same Day,CS-11950,Carlos Soltero,Consumer,United States,Freeport,New York,11520.0,East,OFF-PA-10002947,Office Supplies,Paper,Xerox 1923,20.04,3.0,0.0,9.6192,Legacy,Pending,Check later
9270.0,US-2017-102183,8/21/2017,8/28/2017,Standard Class,PK-19075,Pete Kriz,Consumer,United States,New York City,New York,10035.0,East,OFF-BI-10003476,Office Supplies,Binders,Avery Metallic Poly Binders,32.088,7.0,0.2,11.2308,CRM,Pending,
9271.0,US-2017-102183,8/21/2017,8/28/2017,Standard Class,PK-19075,Pete Kriz,Consumer,United States,New York City,New York,10035.0,East,OFF-BI-10001359,Office Supplies,Binders,GBC DocuBind TL300 Electric Binding System,4305.552,6.0,0.2,1453.1238,Manual Upload,Rejected,
9272.0,CA-2016-100510,5/12/2016,5/17/2016,Standard Class,HM-14860,Harry Marie,Corporate,United States,New York City,New York,10024.0,East,FUR-FU-10000320,Furniture,Furnishings,OIC Stacking Trays,10.02,3.0,0.0,4.4088,ERP,Approved,Check later
9273.0,CA-2016-100510,5/12/2016,5/17/2016,Standard Class,HM-14860,Harry Marie,Corporate,United States,New York City,New York,10024.0,East,TEC-PH-10001835,Technology,Phones,Jawbone JAMBOX Wireless Bluetooth Speaker,631.96,4.0,0.0,303.3408,Manual Upload,Approved,
9274.0,CA-2017-146983,9/2/2017,9/6/2017,Standard Class,AH-10210,Alan Hwang,Consumer,United States,Henderson,Kentucky,42420.0,South,OFF-BI-10003650,Office Supplies,Binders,GBC DocuBind 300 Electric Binding Machine,1577.94,3.0,0.0,757.4112,ERP,Pending,
9275.0,US-2014-134054,10/10/2014,10/10/2014,Same Day,FC-14335,Fred Chung,Corporate,United States,Albuquerque,New Mexico,87105.0,West,OFF-AR-10000937,Office Supplies,Art,"Dixon Ticonderoga Core-Lock Colored Pencils, 48-Color Set",255.85,7.0,0.0,112.574,CRM,Pending,Check later
9276.0,CA-2016-113236,5/26/2016,5/29/2016,Second Class,CP-12085,Cathy Prescott,Corporate,United States,Delray Beach,Florida,33445.0,South,OFF-ST-10000532,Office Supplies,Storage,Advantus Rolling Drawer Organizers,184.704,6.0,0.2,13.8528,CRM,,Duplicate?
9277.0,CA-2016-113236,5/26/2016,5/29/2016,Second Class,CP-12085,Cathy Prescott,Corporate,United States,Delray Beach,Florida,33445.0,South,TEC-AC-10001267,Technology,Accessories,Imation 32GB Pocket Pro USB 3.0 Flash Drive - 32 GB - Black - 1 P ...,47.92,2.0,0.2,11.98,Legacy,Approved,Duplicate?
9278.0,CA-2017-122539,12/1/2017,12/5/2017,Standard Class,SC-20305,Sean Christensen,Consumer,United States,Philadelphia,Pennsylvania,19140.0,East,OFF-LA-10004853,Office Supplies,Labels,Avery 483,15.936,4.0,0.2,5.1792,Manual Upload,Rejected,Check later
9279.0,CA-2017-122539,12/1/2017,12/5/2017,Standard Class,SC-20305,Sean Christensen,Consumer,United States,Philadelphia,Pennsylvania,19140.0,East,OFF-BI-10001759,Office Supplies,Binders,"Acco Pressboard Covers with Storage Hooks, 14 7/8"" x 11"", Dark Blue",8.001,7.0,0.7,-5.6007,CRM,Pending,Duplicate?
9280.0,CA-2017-122539,12/1/2017,12/5/2017,Standard Class,SC-20305,Sean Christensen,Consumer,United States,Philadelphia,Pennsylvania,19140.0,East,FUR-CH-10003379,Furniture,Chairs,Global Commerce Series High-Back Swivel/Tilt Chairs,398.972,2.0,0.3,-28.498,ERP,Approved,
9281.0,CA-2016-166772,9/20/2016,9/24/2016,Standard Class,HJ-14875,Heather Jas,Home Office,United States,Seattle,Washington,98105.0,West,FUR-BO-10002853,Furniture,Bookcases,O'Sullivan 5-Shelf Heavy-Duty Bookcases,163.88,2.0,0.0,40.97,ERP,Rejected,Urgent
9282.0,US-2017-152898,9/11/2017,9/15/2017,Standard Class,CB-12025,Cassandra Brandow,Consumer,United States,Richmond,Virginia,23223.0,South,OFF-AP-10000027,Office Supplies,Appliances,Hoover Commercial SteamVac,67.9,5.0,0.0,20.37,Legacy,Pending,Duplicate?
9283.0,CA-2016-160486,30-12-2016,1/4/2017,Standard Class,EH-14185,Evan Henry,Consumer,United States,West Palm Beach,Florida,33407.0,South,OFF-PA-10002421,Office Supplies,Paper,Embossed Ink Jet Note Cards,72.224,4.0,0.2,25.2784,Manual Upload,Pending,Check later
9284.0,CA-2017-102218,09/02/2017,9/4/2017,Second Class,LW-17215,Luke Weiss,Consumer,United States,Fort Collins,Colorado,80525.0,West,OFF-LA-10002475,Office Supplies,Labels,Avery 519,11.696,2.0,0.2,3.9474,CRM,,Duplicate?
9285.0,CA-2014-161032,11/18/2014,11/23/2014,Standard Class,MK-17905,Michael Kennedy,Corporate,United States,Franklin,Wisconsin,53132.0,Central,FUR-CH-10001482,Furniture,Chairs,Office Star - Mesh Screen back chair with Vinyl seat,392.94,3.0,0.0,43.2234,Manual Upload,Pending,Check later
9286.0,CA-2015-102778,11/21/2015,11/24/2015,First Class,JH-15820,John Huston,Consumer,United States,Monroe,North Carolina,28110.0,South,FUR-FU-10000087,Furniture,Furnishings,"Executive Impressions 14"" Two-Color Numerals Wall Clock",18.176,1.0,0.2,4.7712,Legacy,Rejected,Check later
9287.0,CA-2017-154011,6/19/2017,6/26/2017,Standard Class,DB-13270,Deborah Brumfield,Home Office,United States,Dallas,Texas,75081.0,Central,OFF-BI-10003166,Office Supplies,Binders,GBC Plasticlear Binding Covers,6.888,3.0,0.8,-11.0208,Legacy,Rejected,Check later
9288.0,CA-2017-154011,6/19/2017,6/26/2017,Standard Class,DB-13270,Deborah Brumfield,Home Office,United States,Dallas,Texas,75081.0,Central,FUR-TA-10000688,Furniture,Tables,"Chromcraft Bull-Nose Wood Round Conference Table Top, Wood Base",457.485,3.0,0.3,-84.9615,Manual Upload,Rejected,
9289.0,US-2017-165456,11/30/2017,12/3/2017,First Class,TB-21625,Trudy Brown,Consumer,United States,Philadelphia,Pennsylvania,19134.0,East,FUR-CH-10003981,Furniture,Chairs,Global Commerce Series Low-Back Swivel/Tilt Chairs,1079.316,6.0,0.3,-15.4188,Manual Upload,,Urgent
9290.0,CA-2014-111857,4/23/2014,4/26/2014,Second Class,NM-18445,Nathan Mautz,Home Office,United States,San Francisco,California,94109.0,West,OFF-PA-10001878,Office Supplies,Paper,Xerox 1891,48.91,1.0,0.0,22.9877,ERP,Pending,Check later
9291.0,CA-2014-163650,9/23/2014,9/25/2014,First Class,TT-21220,Thomas Thornton,Consumer,United States,Dover,Delaware,19901.0,East,OFF-AR-10002375,Office Supplies,Art,Newell 351,9.84,3.0,0.0,2.8536,ERP,Pending,
9292.0,CA-2014-163650,9/23/2014,9/25/2014,First Class,TT-21220,Thomas Thornton,Consumer,United States,Dover,Delaware,19901.0,East,OFF-BI-10004965,Office Supplies,Binders,Ibico Covers for Plastic or Wire Binding Elements,34.5,3.0,0.0,15.525,CRM,,Duplicate?
9293.0,CA-2017-124114,3/2/2017,3/2/2017,Same Day,RS-19765,Roland Schwarz,Corporate,United States,Waco,Texas,76706.0,Central,OFF-BI-10004022,Office Supplies,Binders,Acco Suede Grain Vinyl Round Ring Binder,0.556,1.0,0.8,-0.9452,Legacy,Approved,Check later
9294.0,US-2017-116505,11/17/2017,11/21/2017,Second Class,TB-21625,Trudy Brown,Consumer,United States,Hagerstown,Maryland,21740.0,East,OFF-BI-10000050,Office Supplies,Binders,"Angle-D Binders with Locking Rings, Label Holders",43.8,6.0,0.0,20.586,ERP,Rejected,Urgent
9295.0,CA-2017-161340,5/28/2017,6/1/2017,Standard Class,AM-10360,Alice McCarthy,Corporate,United States,Cleveland,Ohio,44105.0,East,OFF-PA-10002464,Office Supplies,Paper,HP Office Recycled Paper (20Lb. and 87 Bright),13.872,3.0,0.2,5.0286,ERP,Approved,
9296.0,CA-2017-161340,5/28/2017,6/1/2017,Standard Class,AM-10360,Alice McCarthy,Corporate,United States,Cleveland,Ohio,44105.0,East,FUR-BO-10004709,Furniture,Bookcases,"Bush Westfield Collection Bookcases, Medium Cherry Finish",115.96,4.0,0.5,-64.9376,ERP,,Urgent
9297.0,US-2015-163433,4/18/2015,4/22/2015,Second Class,MP-17965,Michael Paige,Corporate,United States,Mcallen,Texas,78501.0,Central,TEC-AC-10003590,Technology,Accessories,"TRENDnet 56K USB 2.0 Phone, Internet and Fax Modem",41.424,-1.0,0.2,8.2848,Manual Upload,Rejected,Urgent
9298.0,US-2015-163433,4/18/2015,4/22/2015,Second Class,MP-17965,Michael Paige,Corporate,United States,Mcallen,Texas,78501.0,Central,TEC-PH-10003357,Technology,Phones,Grandstream GXP2100 Mainstream Business Phone,244.768,4.0,0.2,24.4768,CRM,,
9299.0,US-2015-163433,4/18/2015,4/22/2015,Second Class,MP-17965,Michael Paige,Corporate,United States,Mcallen,Texas,78501.0,Central,OFF-AR-10003373,Office Supplies,Art,"Boston School Pro Electric Pencil Sharpener, 1670",74.352,3.0,0.2,6.5058,ERP,Rejected,Urgent
9300.0,US-2015-163433,4/18/2015,4/22/2015,Second Class,MP-17965,Michael Paige,Corporate,United States,Mcallen,Texas,78501.0,Central,OFF-BI-10003676,Office Supplies,Binders,"GBC Standard Recycled Report Covers, Clear Plastic Sheets",4.312,2.0,0.8,-6.8992,ERP,Rejected,Urgent
9301.0,US-2015-163433,4/18/2015,4/22/2015,Second Class,MP-17965,Michael Paige,Corporate,United States,Mcallen,Texas,78501.0,Central,FUR-CH-10000225,Furniture,Chairs,"Global Geo Office Task Chair, Gray",56.686,1.0,0.3,-20.245,Manual Upload,Approved,
9302.0,US-2015-163433,4/18/2015,4/22/2015,Second Class,MP-17965,Michael Paige,Corporate,United States,Mcallen,Texas,78501.0,Central,TEC-PH-10001870,Technology,Phones,Lunatik TT5L-002 Taktik Strike Impact Protection System for iPhone 5,97.968,2.0,0.2,6.123,Manual Upload,Rejected,Duplicate?
9303.0,US-2015-163433,4/18/2015,4/22/2015,Second Class,MP-17965,Michael Paige,Corporate,United States,Mcallen,Texas,78501.0,Central,OFF-AR-10003481,Office Supplies,Art,Newell 348,7.872,3.0,0.2,0.8856,Manual Upload,Approved,
9304.0,US-2015-163433,4/18/2015,4/22/2015,Second Class,MP-17965,Michael Paige,Corporate,United States,Mcallen,Texas,78501.0,Central,OFF-PA-10003936,Office Supplies,Paper,Xerox 1994,15.552,3.0,0.2,5.4432,Manual Upload,Pending,
9305.0,US-2015-163433,4/18/2015,4/22/2015,Second Class,MP-17965,Michael Paige,Corporate,United States,Mcallen,Texas,78501.0,Central,OFF-BI-10000320,Office Supplies,Binders,GBC Plastic Binding Combs,1.476,1.0,0.8,-2.2878,Legacy,Approved,
9306.0,CA-2015-137603,9/19/2015,9/24/2015,Standard Class,MH-17290,Marc Harrigan,Home Office,United States,Santa Fe,New Mexico,,West,OFF-AR-10001972,Office Supplies,Art,Newell 323,8.4,5.0,0.0,2.184,Legacy,Rejected,Urgent
9307.0,CA-2014-128237,3/25/2014,3/30/2014,Standard Class,CA-12265,Christina Anderson,Consumer,United States,San Francisco,California,94110.0,West,OFF-AR-10003829,Office Supplies,Art,Newell 35,6.56,2.0,0.0,1.9024,Manual Upload,,Check later
9308.0,CA-2014-128237,3/25/2014,3/30/2014,Standard Class,CA-12265,Christina Anderson,Consumer,United States,San Francisco,California,94110.0,West,OFF-AR-10003338,Office Supplies,Art,"Eberhard Faber 3 1/2"" Golf Pencils",14.88,2.0,0.0,3.72,ERP,,Duplicate?
9309.0,CA-2014-128237,3/25/2014,3/30/2014,Standard Class,CA-12265,Christina Anderson,Consumer,United States,San Francisco,California,94110.0,West,TEC-AC-10002558,Technology,Accessories,Imation Swivel Flash Drive USB flash drive - 8 GB,45.48,4.0,0.0,15.918,Manual Upload,Approved,
9310.0,CA-2014-128237,3/25/2014,3/30/2014,Standard Class,CA-12265,Christina Anderson,Consumer,United States,San Francisco,California,94110.0,West,OFF-AR-10000034,Office Supplies,Art,"BIC Brite Liner Grip Highlighters, Assorted, 5/Pack",25.44,6.0,0.0,9.9216,ERP,Rejected,Check later
9311.0,US-2016-102141,8/26/2016,8/31/2016,Standard Class,KD-16615,Ken Dana,Corporate,United States,New York City,New York,10024.0,East,OFF-BI-10001510,Office Supplies,Binders,Deluxe Heavy-Duty Vinyl Round Ring Binder,146.688,8.0,0.2,45.84,Manual Upload,Rejected,
9312.0,CA-2017-148642,3/6/2017,3/12/2017,Standard Class,DW-13540,Don Weiss,Consumer,United States,Dallas,Texas,75220.0,Central,OFF-LA-10000134,Office Supplies,Labels,Avery 511,4.928,2.0,0.2,1.7248,ERP,Rejected,Check later
9313.0,CA-2017-148642,03/06/2017,3/12/2017,Standard Class,DW-13540,Don Weiss,Consumer,United States,Dallas,Texas,75220.0,Central,OFF-AR-10000588,Office Supplies,Art,Newell 345,63.488,4.0,0.2,50000.0,Manual Upload,Rejected,Check later
9314.0,CA-2015-111948,11/11/2015,11/11/2015,Same Day,AG-10495,Andrew Gjertsen,Corporate,United States,Detroit,Michigan,48234.0,Central,OFF-ST-10003282,Office Supplies,Storage,"Advantus 10-Drawer Portable Organizer, Chrome Metal Frame, Smoke Drawers",418.32,7.0,0.0,117.1296,Manual Upload,Rejected,
9315.0,CA-2015-111948,11/11/2015,11/11/2015,Same Day,AG-10495,Andrew Gjertsen,Corporate,United States,Detroit,Michigan,48234.0,Central,OFF-AP-10002311,Office Supplies,Appliances,"Holmes Replacement Filter for HEPA Air Cleaner, Very Large Room, HEPA Filter",123.858,2.0,0.1,46.7908,Manual Upload,,Check later
9316.0,CA-2016-161907,4/5/2016,4/9/2016,Standard Class,JH-16180,Justin Hirsh,Consumer,United States,Philadelphia,Pennsylvania,19140.0,East,TEC-PH-10000141,Technology,Phones,Clearsounds A400,118.782,3.0,0.4,-27.7158,CRM,Pending,Urgent
9317.0,CA-2016-161907,4/5/2016,4/9/2016,Standard Class,JH-16180,Justin Hirsh,Consumer,United States,Philadelphia,Pennsylvania,19140.0,East,OFF-SU-10000646,Office Supplies,Supplies,Premier Automatic Letter Opener,769.184,4.0,0.2,-163.4516,Manual Upload,Rejected,
9318.0,CA-2017-124940,2/21/2017,2/26/2017,Standard Class,DK-13090,Dave Kipp,Consumer,United States,Carrollton,Texas,75007.0,Central,TEC-AC-10002076,Technology,Accessories,Microsoft Natural Keyboard Elite,47.904,1.0,0.2,-2.994,Manual Upload,Pending,Urgent
9319.0,US-2017-108343,7/20/2017,7/25/2017,Standard Class,AR-10825,Anthony Rawles,Corporate,United States,New York City,New York,10009.0,East,OFF-PA-10000743,Office Supplies,Paper,Xerox 1977,13.36,2.0,0.0,6.4128,Manual Upload,,
9320.0,US-2017-108343,7/20/2017,7/25/2017,Standard Class,AR-10825,Anthony Rawles,Corporate,United States,New York City,New York,10009.0,East,FUR-CH-10002780,Furniture,Chairs,Office Star - Task Chair with Contemporary Loop Arms,163.764,2.0,0.1,25.4744,ERP,Approved,
9321.0,US-2017-108343,7/20/2017,7/25/2017,Standard Class,AR-10825,Anthony Rawles,Corporate,United States,New York City,New York,10009.0,East,FUR-FU-10000747,Furniture,Furnishings,Tenex B1-RE Series Chair Mats for Low Pile Carpets,183.92,4.0,0.0,31.2664,Manual Upload,,
9322.0,US-2016-111563,11/4/2016,11/8/2016,Standard Class,SM-20005,Sally Matthias,Consumer,United States,Houston,Texas,77041.0,Central,FUR-FU-10002445,Furniture,Furnishings,"DAX Two-Tone Rosewood/Black Document Frame, Desktop, 5 x 7",11.376,3.0,0.6,-5.688,Manual Upload,Rejected,
9323.0,US-2016-111563,11/4/2016,11/8/2016,Standard Class,SM-20005,Sally Matthias,Consumer,United States,Houston,Texas,77041.0,Central,FUR-FU-10000723,Furniture,Furnishings,"Deflect-o EconoMat Studded, No Bevel Mat for Low Pile Carpeting",66.112,4.0,0.6,-84.2928,ERP,,Check later
9324.0,CA-2017-121853,9/23/2017,9/29/2017,Standard Class,DB-13660,Duane Benoit,Consumer,United States,Los Angeles,California,90036.0,West,OFF-PA-10003641,Office Supplies,Paper,Xerox 1909,211.04,8.0,0.0,97.0784,Legacy,Rejected,Check later
9325.0,CA-2017-121853,9/23/2017,9/29/2017,Standard Class,DB-13660,Duane Benoit,Consumer,United States,Los Angeles,California,90036.0,West,FUR-CH-10003973,Furniture,Chairs,GuestStacker Chair with Chrome Finish Legs,594.816,2.0,0.2,59.4816,CRM,,
9326.0,CA-2017-121853,9/23/2017,2017-09-29,Standard Class,DB-13660,Duane Benoit,Consumer,United States,LA,California,90036.0,West,OFF-BI-10000977,Office Supplies,Binders,Ibico Plastic Spiral Binding Combs,72.96,3.0,0.2,23.712,ERP,Rejected,
9327.0,US-2017-130687,9/7/2017,9/10/2017,First Class,PF-19225,Phillip Flathmann,Consumer,United States,Edmonds,Washington,98026.0,West,FUR-FU-10004053,Furniture,Furnishings,DAX Two-Tone Silver Metal Document Frame,80.96,4.0,0.0,34.8128,Manual Upload,,
9328.0,US-2017-130687,9/7/2017,9/10/2017,First Class,PF-19225,Phillip Flathmann,Consumer,United States,Edmonds,Washington,98026.0,West,TEC-PH-10002033,Technology,Phones,Konftel 250 Conference phone - Charcoal black,455.712,2.0,0.2,34.1784,Legacy,,Check later
9329.0,US-2017-130687,9/7/2017,9/10/2017,First Class,PF-19225,Phillip Flathmann,Consumer,United States,Edmonds,Washington,98026.0,West,OFF-AR-10004260,Office Supplies,Art,Boston 1799 Powerhouse Electric Pencil Sharpener,25.98,1.0,0.0,7.2744,Legacy,Rejected,
9330.0,CA-2015-164497,11/28/2015,11/30/2015,First Class,AJ-10945,Ashley Jarboe,Consumer,United States,San Francisco,California,94110.0,West,OFF-AP-10004655,Office Supplies,Appliances,"Holmes Visible Mist Ultrasonic Humidifier with 2.3-Gallon Output per Day, Replacement Filter",45.28,4.0,0.0,15.3952,Legacy,Rejected,
9331.0,US-2015-153283,12-11-2015,11/18/2015,Standard Class,EB-14110,Eugene Barchas,Consumer,United States,New York City,New York,10035.0,East,OFF-EN-10001539,Office Supplies,Envelopes,Staple envelope,15.56,2.0,0.0,7.3132,ERP,Approved,Check later
9332.0,CA-2016-108056,9/29/2016,10/3/2016,Standard Class,ES-14080,Erin Smith,Corporate,United States,Springfield,Oregon,97477.0,West,TEC-PH-10001817,Technology,Phones,Wilson Electronics DB Pro Signal Booster,859.2,3.0,0.2,75.18,Manual Upload,Pending,Urgent
9333.0,CA-2017-127726,9/11/2017,9/13/2017,Second Class,SS-20410,Shahid Shariari,Consumer,United States,Georgetown,Kentucky,40324.0,South,OFF-AP-10002578,Office Supplies,Appliances,"Fellowes Premier Superior Surge Suppressor, 10-Outlet, With Phone and Remote",195.68,4.0,0.0,50.8768,Legacy,Rejected,
9334.0,CA-2017-127726,9/11/2017,9/13/2017,Second Class,SS-20410,Shahid Shariari,Consumer,United States,Georgetown,Kentucky,40324.0,South,OFF-FA-10000992,Office Supplies,Fasteners,"Acco Clips to Go Binder Clips, 24 Clips in Two Sizes",14.2,4.0,0.0,6.674,ERP,Rejected,Urgent
9335.0,CA-2017-110198,5/1/2017,5/2/2017,First Class,AG-10900,Arthur Gainer,Consumer,United States,Coral Springs,Florida,33065.0,South,FUR-BO-10001798,Furniture,Bookcases,Bush Somerset Collection Bookcase,314.352,3.0,0.2,-15.7176,Legacy,Approved,Urgent
9336.0,CA-2017-110198,5/1/2017,5/2/2017,First Class,AG-10900,Arthur Gainer,Consumer,United States,Coral Springs,Florida,33065.0,South,OFF-LA-10004409,Office Supplies,Labels,Avery 492,4.608,2.0,0.2,1.4976,CRM,Pending,
9337.0,CA-2017-130715,9/16/2017,9/20/2017,Standard Class,CY-12745,Craig Yedwab,Corporate,United States,San Francisco,California,94110.0,West,OFF-FA-10000621,Office Supplies,Fasteners,"OIC Colored Binder Clips, Assorted Sizes",17.9,5.0,0.0,8.771,Legacy,Rejected,Check later
9338.0,CA-2014-155264,10/19/2014,10/22/2014,Second Class,RP-19270,Rachel Payne,Corporate,United States,San Francisco,California,ABCDE,West,OFF-BI-10003196,Office Supplies,Binders,Accohide Poly Flexible Ring Binders,2.992,1.0,0.2,1.122,CRM,Rejected,Duplicate?
9339.0,CA-2014-155264,10/19/2014,10/22/2014,Second Class,RP-19270,Rachel Payne,Corporate,United States,San Francisco,California,94110.0,West,OFF-BI-10003727,Office Supplies,Binders,Avery Durable Slant Ring Binders With Label Holder,20.064,6.0,0.2,7.0224,ERP,,
9340.0,CA-2014-155264,10/19/2014,10/22/2014,Second Class,RP-19270,Rachel Payne,Corporate,United States,San Francisco,California,94110.0,West,OFF-PA-10003228,Office Supplies,Paper,Xerox 1917,146.73,3.0,0.0,68.9631,Legacy,,
9341.0,CA-2014-155264,10/19/2014,10/22/2014,Second Class,RP-19270,Rachel Payne,Corporate,United States,San Francisco,California,94110.0,West,OFF-LA-10002787,Office Supplies,Labels,Avery 480,18.75,5.0,0.0,9.0,CRM,Rejected,Urgent
9342.0,CA-2014-155264,10/19/2014,10/22/2014,Second Class,RP-19270,Rachel Payne,Corporate,United States,San Francisco,California,94110.0,West,TEC-PH-10001305,Technology,Phones,Panasonic KX TS208W Corded phone,117.576,3.0,0.2,11.7576,Manual Upload,Approved,
9343.0,CA-2016-119123,3/13/2016,3/18/2016,Standard Class,DB-13360,Dennis Bolton,Home Office,United States,Riverside,California,92503.0,West,OFF-BI-10001036,Office Supplies,Binders,Cardinal EasyOpen D-Ring Binders,51.184,7.0,0.2,19.194,CRM,Approved,
9344.0,CA-2017-109085,2/17/2017,2/20/2017,First Class,CK-12325,Christine Kargatis,Home Office,United States,Troy,Ohio,45373.0,East,FUR-TA-10001086,Furniture,Tables,"SAFCO PlanMaster Boards, 60w x 37-1/2d, White Melamine",455.97,5.0,0.4,-106.393,Manual Upload,,Duplicate?
9345.0,CA-2017-109085,2/17/2017,2/20/2017,First Class,CK-12325,Christine Kargatis,Home Office,United States,Troy,Ohio,45373.0,East,OFF-BI-10001525,Office Supplies,Binders,"Acco Pressboard Covers with Storage Hooks, 14 7/8"" x 11"", Executive Red",5.715,5.0,0.7,-4.7625,ERP,,Duplicate?
9346.0,CA-2017-109085,2/17/2017,2/20/2017,First Class,CK-12325,Christine Kargatis,Home Office,United States,Troy,Ohio,45373.0,East,TEC-PH-10000526,Technology,Phones,Vtech CS6719,57.594,1.0,0.4,-11.5188,Manual Upload,Rejected,Duplicate?
9347.0,CA-2017-109085,2/17/2017,2/20/2017,First Class,CK-12325,Christine Kargatis,Home Office,United States,Troy,Ohio,45373.0,East,FUR-FU-10004973,Furniture,Furnishings,Flat Face Poster Frame,30.144,2.0,0.2,8.2896,ERP,Rejected,Duplicate?
9348.0,CA-2017-109085,2/17/2017,2/20/2017,First Class,CK-12325,Christine Kargatis,Home Office,United States,Troy,Ohio,45373.0,East,FUR-CH-10003981,Furniture,Chairs,Global Commerce Series Low-Back Swivel/Tilt Chairs,899.43,5.0,0.3,-12.849,CRM,,Duplicate?
9349.0,CA-2016-114860,12/22/2016,12/28/2016,Standard Class,DN-13690,Duane Noonan,Consumer,United States,Moreno Valley,California,92553.0,West,FUR-FU-10000277,Furniture,Furnishings,Deflect-o DuraMat Antistatic Studded Beveled Mat for Medium Pile Carpeting,842.72,8.0,0.0,202.2528,CRM,Pending,Urgent
9350.0,CA-2016-114860,12/22/2016,12/28/2016,Standard Class,DN-13690,Duane Noonan,Consumer,United States,Moreno Valley,California,92553.0,West,FUR-FU-10001934,Furniture,Furnishings,Magnifier Swing Arm Lamp,41.96,2.0,0.0,10.9096,ERP,Rejected,Duplicate?
9351.0,CA-2016-159009,9/23/2016,9/27/2016,Standard Class,DP-13105,Dave Poirier,Corporate,United States,Seattle,Washington,98115.0,West,OFF-BI-10004970,Office Supplies,Binders,"ACCOHIDE 3-Ring Binder, Blue, 1""",13.216,4.0,0.2,4.4604,Manual Upload,Approved,
9352.0,CA-2016-159009,9/23/2016,9/27/2016,Standard Class,DP-13105,Dave Poirier,Corporate,United States,Seattle,Washington,98115.0,West,FUR-CH-10003396,Furniture,Chairs,Global Deluxe Steno Chair,184.752,3.0,0.2,-20.7846,Legacy,Rejected,
9353.0,CA-2017-148411,9/24/2017,9/26/2017,First Class,RO-19780,Rose O'Brian,Consumer,United States,Chicago,Illinois,60623.0,Central,FUR-CH-10003973,Furniture,Chairs,GuestStacker Chair with Chrome Finish Legs,520.464,2.0,0.3,-14.8704,CRM,Approved,
9354.0,CA-2017-148411,9/24/2017,9/26/2017,First Class,RO-19780,Rose O'Brian,Consumer,United States,Chicago,Illinois,60623.0,Central,OFF-PA-10002109,Office Supplies,Paper,Wirebound Voice Message Log Book,11.424,3.0,0.2,3.7128,CRM,Pending,
9355.0,CA-2015-110324,12/1/2015,12/5/2015,Standard Class,MA-17560,Matt Abelman,Home Office,United States,Jackson,Michigan,49201.0,Central,OFF-PA-10001826,Office Supplies,Paper,Xerox 207,19.44,3.0,0.0,9.3312,ERP,Approved,Duplicate?
9356.0,CA-2015-110324,12/1/2015,12/5/2015,Standard Class,MA-17560,Matt Abelman,Home Office,United States,Jackson,Michigan,49201.0,Central,OFF-AR-10000823,Office Supplies,Art,Newell 307,3.64,2.0,0.0,1.0192,Manual Upload,Approved,Check later
9357.0,CA-2015-110324,12/1/2015,12/5/2015,Standard Class,MA-17560,Matt Abelman,Home Office,United States,Jackson,Michigan,49201.0,Central,OFF-PA-10001776,Office Supplies,Paper,"Wirebound Message Books, Four 2 3/4"" x 5"" Forms per Page, 600 Sets per Book",18.54,2.0,0.0,8.7138,ERP,Pending,
9358.0,CA-2016-168046,1/25/2016,1/28/2016,Second Class,JD-15895,Jonathan Doherty,Corporate,United States,New York City,New York,10024.0,East,OFF-BI-10003676,Office Supplies,Binders,"GBC Standard Recycled Report Covers, Clear Plastic Sheets",43.12,5.0,0.2,15.092,Manual Upload,,Urgent
9359.0,CA-2016-168046,1/25/2016,1/28/2016,Second Class,JD-15895,Jonathan Doherty,Corporate,United States,New York City,New York,10024.0,East,FUR-TA-10001095,Furniture,Tables,Chromcraft Round Conference Tables,313.722,3.0,0.4,-99.3453,Legacy,Pending,Urgent
9360.0,CA-2016-168046,1/25/2016,1/28/2016,Second Class,JD-15895,Jonathan Doherty,Corporate,United States,New York City,New York,10024.0,East,FUR-FU-10000747,Furniture,Furnishings,Tenex B1-RE Series Chair Mats for Low Pile Carpets,45.98,1.0,0.0,7.8166,Legacy,Approved,Check later
9361.0,CA-2016-168046,1/25/2016,1/28/2016,Second Class,JD-15895,Jonathan Doherty,Corporate,United States,New York City,New York,10024.0,East,OFF-ST-10004337,Office Supplies,Storage,"SAFCO Commercial Wire Shelving, 72h",428.68,7.0,0.0,0.0,Manual Upload,Rejected,Duplicate?
9362.0,CA-2017-111591,3/21/2017,3/25/2017,Standard Class,PS-18970,Paul Stevenson,Home Office,United States,Seattle,Washington,98105.0,West,OFF-BI-10004410,Office Supplies,Binders,"C-Line Peel & Stick Add-On Filing Pockets, 8-3/4 x 5-1/8, 10/Pack",30.576,6.0,0.2,50000.0,ERP,Rejected,Duplicate?
9363.0,CA-2017-111591,3/21/2017,3/25/2017,Standard Class,PS-18970,Paul Stevenson,Home Office,United States,Seattle,Washington,98105.0,West,OFF-FA-10004838,Office Supplies,Fasteners,"Super Bands, 12/Pack",13.02,7.0,0.0,0.3906,Manual Upload,Approved,Check later
9364.0,CA-2017-111591,3/21/2017,2017-03-25,Standard Class,PS-18970,Paul Stevenson,Home Office,United States,Seattle,Washington,98105.0,West,FUR-FU-10002364,Furniture,Furnishings,"Eldon Expressions Wood Desk Accessories, Oak",22.14,3.0,0.0,6.4206,ERP,Approved,
9365.0,CA-2017-111591,3/21/2017,3/25/2017,Standard Class,PS-18970,Paul Stevenson,home office,United States,Seattle,Washington,98105.0,West,OFF-ST-10001809,Office Supplies,Storage,Fellowes Officeware Wire Shelving,359.32,4.0,0.0,7.1864,ERP,,Duplicate?
9366.0,US-2014-166828,8/22/2014,8/25/2014,First Class,JF-15415,Jennifer Ferguson,Consumer,United States,Saint Charles,Missouri,63301.0,Central,OFF-PA-10001846,Office Supplies,Paper,Xerox 1899,11.56,2.0,0.0,5.6644,ERP,Rejected,Urgent
9367.0,CA-2014-108147,6/8/2014,6/13/2014,Standard Class,RD-19480,rick duston,Consumer,United States,Long Beach,New York,11561.0,East,OFF-BI-10003876,Office Supplies,Binders,"Green Canvas Binder for 8-1/2"" x 14"" Sheets",68.48,2.0,0.2,25.68,ERP,,Urgent
9368.0,CA-2014-108147,6/8/2014,6/13/2014,Standard Class,RD-19480,Rick Duston,Consumer,United States,Long Beach,New York,11561.0,East,OFF-ST-10003470,OfficeSupply,Storage,"Tennsco Snap-Together Open Shelving Units, Starter Sets and Add-On Units",1676.88,6.0,0.0,83.844,Manual Upload,,Urgent
9369.0,CA-2016-154998,4/7/2016,4/9/2016,First Class,ES-14080,Erin Smith,Corporate,United States,Lakewood,New Jersey,8701.0,East,OFF-PA-10004243,Office Supplies,Paper,Xerox 1939,37.94,2.0,0.0,18.2112,ERP,Approved,Duplicate?
9370.0,CA-2017-113460,11/7/2017,11/9/2017,Second Class,KN-16390,Katherine Nockton,Corporate,United States,Clinton,Maryland,20735.0,East,FUR-CH-10000422,Furniture,Chairs,Global Highback Leather Tilter in Burgundy,272.97,3.0,0.0,43.6752,Legacy,Pending,Duplicate?
9371.0,CA-2015-111339,5/29/2015,5/31/2015,First Class,VP-21760,Victoria Pisteka,Corporate,United States,Columbus,Ohio,43229.0,East,FUR-FU-10002506,Furniture,Furnishings,"Tensor ""Hersey Kiss"" Styled Floor Lamp",41.568,4.0,0.2,-4.1568,Manual Upload,Pending,
9372.0,CA-2015-111339,5/29/2015,5/31/2015,First Class,VP-21760,Victoria Pisteka,Corporate,United States,Columbus,Ohio,43229.0,East,FUR-CH-10000863,Furniture,Chairs,Novimex Swivel Fabric Task Chair,317.058,3.0,0.3,-86.0586,Legacy,Pending,Urgent
9373.0,CA-2015-111339,5/29/2015,5/31/2015,First Class,VP-21760,Victoria Pisteka,Corporate,United States,Columbus,Ohio,43229.0,East,OFF-FA-10002988,Office Supplies,Fasteners,Ideal Clamps,8.04,5.0,0.2,2.9145,CRM,,
9374.0,CA-2017-102820,5/7/2017,5/11/2017,Standard Class,CS-11950,Carlos Soltero,Consumer,United States,Pasadena,California,91104.0,West,TEC-PH-10003437,Technology,Phones,Blue Parrot B250XT Professional Grade Wireless Bluetooth Headset with,419.944,7.0,0.2,52.493,CRM,Approved,Duplicate?
9375.0,CA-2016-149671,6/5/2016,6/9/2016,Standard Class,KB-16600,Ken Brennan,Corporate,United States,Seattle,Washington,98105.0,West,OFF-SU-10002537,Office Supplies,Supplies,Acme Box Cutter Scissors,61.38,6.0,0.0,15.9588,CRM,Rejected,Check later
9376.0,CA-2015-126347,12/14/2015,12/19/2015,Second Class,AJ-10945,Ashley Jarboe,Consumer,United States,Los Angeles,California,90045.0,West,TEC-AC-10003063,Technology,Accessories,Micro Innovations USB RF Wireless Keyboard with Mouse,50.0,2.0,0.0,10.5,ERP,,Check later
9377.0,CA-2017-108756,12/25/2017,12/29/2017,Standard Class,PO-18865,Patrick O'Donnell,Consumer,United States,East Orange,New Jersey,7017.0,East,TEC-AC-10003237,Technology,Accessories,Memorex Micro Travel Drive 4 GB,31.8,3.0,0.0,13.674,Legacy,Rejected,
9378.0,CA-2017-155362,12/17/2017,12/21/2017,Standard Class,DP-13105,Dave Poirier,Corporate,United States,Eau Claire,Wisconsin,54703.0,Central,OFF-ST-10001031,Office Supplies,Storage,Adjustable Personal File Tote,32.56,2.0,0.0,8.4656,Manual Upload,,Duplicate?
9379.0,CA-2016-117625,5/10/2016,5/15/2016,Standard Class,GM-14500,Gene McClure ,Consumer,United States,Chicago,Illinois,60610.0,Central,OFF-EN-10001535,Office Supplies,Envelopes,Grip Seal Envelopes,7.072,2.0,0.2,2.3868,Legacy,Pending,
9380.0,CA-2014-154158,12/23/2014,2014-12-27,Second Class,CC-12670,Craig Carreira,Consumer,United States,Tampa,Florida,33614.0,South,OFF-PA-10001295,Office Supplies,Paper,Computer Printout Paper with Letter-Trim Perforations,45.528,3.0,0.2,15.9348,Legacy,Pending,
9381.0,CA-2014-154158,12/23/2014,12/27/2014,Second Class,CC-12670,Craig Carreira,Consumer,United States,Tampa,Florida,33614.0,South,FUR-CH-10004698,Furniture,Chairs,"Padded Folding Chairs, Black, 4/Carton",64.784,1.0,0.2,6.4784,CRM,,
9382.0,CA-2014-154158,12/23/2014,12/27/2014,Second Class,CC-12670,Craig Carreira,Consumer,United States,Tampa,Florida,33614.0,South,OFF-ST-10000078,Office Supplies,Storage,Tennsco 6- and 18-Compartment Lockers,424.272,2.0,0.2,-10.6068,CRM,,Duplicate?
9383.0,CA-2014-154158,12/23/2014,12/27/2014,Second Class,CC-12670,Craig Carreira,Consumer,United States,Tampa,Florida,33614.0,South,OFF-AR-10001868,Office Supplies,Art,Prang Dustless Chalk Sticks,1.344,1.0,0.2,0.504,Legacy,,Urgent
9384.0,CA-2014-154158,12/23/2014,12/27/2014,Second Class,CC-12670,Craig Carreira,Consumer,United States,Tampa,Florida,33614.0,South,OFF-ST-10004950,Office Supplies,Storage,Acco Perma 3000 Stacking Storage Drawers,83.92,5.0,0.2,-1.049,CRM,Rejected,
9385.0,CA-2017-100433,8/11/2017,8/16/2017,Standard Class,SJ-20125,Sanjit Jacobs,Home Office,United States,New York City,N.Y.,10009.0,East,OFF-PA-10003441,Office Supplies,Paper,Xerox 226,25.92,4.0,0.0,12.4416,Manual Upload,,Urgent
9386.0,CA-2017-163097,8/27/2017,8/31/2017,Standard Class,SF-20200,Sarah Foster,Consumer,United States,Mesa,Arizona,85204.0,West,FUR-FU-10004973,Furniture,Furnishings,Flat Face Poster Frame,120.576,8.0,0.2,33.1584,Manual Upload,Pending,Check later
9387.0,US-2017-127292,1/19/2017,1/23/2017,Standard Class,RM-19375,Raymond Messe,Consumer,United States,Burlington,Vermont,5408.0,East,OFF-PA-10000157,Office Supplies,Paper,Xerox 191,79.92,4.0,0.0,37.5624,Manual Upload,Pending,Check later
9388.0,US-2017-127292,1/19/2017,1/23/2017,Standard Class,RM-19375,Raymond Messe,Consumer,United States,Burlington,Vermont,5408.0,East,OFF-PA-10001970,Office Supplies,Paper,Xerox 1881,12.28,1.0,0.0,5.7716,CRM,Approved,
9389.0,US-2017-127292,1/19/2017,1/23/2017,Standard Class,RM-19375,Raymond Messe,Consumer,United States,Burlington,Vermont,5408.0,East,OFF-AP-10000828,Office Supplies,Appliances,Avanti 4.4 Cu. Ft. Refrigerator,542.94,3.0,0.0,152.0232,Manual Upload,Rejected,
9390.0,US-2017-127292,1/19/2017,1/23/2017,Standard Class,RM-19375,Raymond Messe,Consumer,United States,Burlington,Vermont,5408.0,East,OFF-EN-10001509,Office Supplies,Envelopes,Poly String Tie Envelopes,2.04,1.0,0.0,0.9588,ERP,Approved,
9391.0,CA-2015-163734,6/19/2015,6/24/2015,Standard Class,KM-16375,Katherine Murray,Home Office,United States,Houston,Texas,77070.0,Central,OFF-ST-10003692,Office Supplies,Storage,Recycled Steel Personal File for Hanging File Folders,228.92,5.0,0.2,14.3075,ERP,Approved,
9392.0,CA-2017-162474,3/13/2017,3/16/2017,First Class,FH-14275,Frank Hawley,Corporate,United States,Aurora,Illinois,60505.0,Central,TEC-PH-10004700,Technology,Phones,PowerGen Dual USB Car Charger,7.992,1.0,0.2,2.5974,ERP,Approved,Check later
9393.0,CA-2015-130848,10/25/2015,10/25/2015,Same Day,DG-13300,Deirdre Greer,Corporate,United States,Denver,Colorado,80219.0,West,FUR-CH-10000422,Furniture,Chairs,Global Highback Leather Tilter in Burgundy,582.336,8.0,0.2,-29.1168,CRM,Pending,
9394.0,CA-2014-125997,9/20/2014,9/23/2014,First Class,MW-18220,Mitch Webber,Consumer,United States,New York City,New York,10011.0,East,TEC-PH-10003484,Technology,Phones,Ooma Telo VoIP Home Phone System,629.95,5.0,0.0,157.4875,Legacy,Approved,Urgent
9395.0,CA-2014-125997,9/20/2014,9/23/2014,First Class,MW-18220,Mitch Webber,Consumer,United States,New York City,New York,10011.0,East,FUR-CH-10001394,Furniture,Chairs,Global Leather Executive Chair,631.782,2.0,0.1,140.396,CRM,Pending,
9396.0,CA-2014-125997,9/20/2014,9/23/2014,First Class,MW-18220,Mitch Webber,Consumer,United States,New York City,New York,10011.0,East,FUR-BO-10002213,Furniture,Bookcases,DMI Eclipse Executive Suite Bookcases,801.568,2.0,0.2,-10.0196,Legacy,Pending,Duplicate?
9397.0,CA-2014-125997,9/20/2014,9/23/2014,First Class,MW-18220,Mitch Webber,Consumer,United States,New York City,New York,10011.0,East,OFF-LA-10002762,Office Supplies,Labels,Avery 485,75.18,6.0,0.0,35.3346,Legacy,Rejected,
9398.0,CA-2014-125997,9/20/2014,9/23/2014,First Class,MW-18220,Mitch Webber,Consumer,United States,New York City,New York,10011.0,East,OFF-AP-10003842,Office Supplies,Appliances,Euro-Pro Shark Turbo Vacuum,30.98,1.0,0.0,8.0548,Manual Upload,Pending,Urgent
9399.0,CA-2014-125997,9/20/2014,9/23/2014,First Class,MW-18220,Mitch Webber,Consumer,United States,New York City,New York,10011.0,East,TEC-PH-10003072,Technology,Phones,Panasonic KX-TG9541B DECT 6.0 Digital 2-Line Expandable Cordless Phone With Digital Answering System,1349.91,9.0,0.0,0.0,Legacy,,
9400.0,CA-2016-103128,11/11/2016,11/15/2016,Standard Class,SC-20845,Sung Chung,Consumer,United States,Arlington Heights,Illinois,60004.0,Central,OFF-AR-10003394,Office Supplies,Art,Newell 332,14.112,6.0,0.2,1.2348,ERP,Approved,Duplicate?
9401.0,CA-2015-167696,9/16/2015,9/21/2015,Standard Class,BD-11500,Bradley Drucker,Consumer,United States,Newport News,Virginia,23602.0,South,OFF-EN-10001539,Office Supplies,Envelopes,Staple envelope,99999.0,4.0,0.0,14.6264,Legacy,Rejected,
9402.0,CA-2014-159814,6/24/2014,6/28/2014,Standard Class,LP-17080,Liz Pelletier,Consumer,United States,Tucson,Arizona,85705.0,West,FUR-FU-10001731,Furniture,Furnishings,Acrylic Self-Standing Desk Frames,4.272,2.0,0.2,0.9612,Legacy,Rejected,
9403.0,CA-2016-105459,8/12/2016,8/17/2016,Second Class,NP-18700,Nora Preis,Consumer,United States,New York City,New York,10024.0,East,FUR-TA-10001095,Furniture,Tables,Chromcraft Round Conference Tables,209.148,2.0,0.4,-66.2302,CRM,,Check later
9404.0,CA-2016-105459,8/12/2016,8/17/2016,Second Class,NP-18700,Nora Preis,Consumer,United States,New York City,New York,10024.0,East,OFF-ST-10000078,Office Supplies,Storage,Tennsco 6- and 18-Compartment Lockers,1591.02,6.0,0.0,286.3836,CRM,Rejected,
9405.0,CA-2017-141663,4/13/2017,4/17/2017,Standard Class,DP-13105,Dave Poirier,Corporate,United States,Philadelphia,Pennsylvania,19134.0,East,OFF-FA-10004076,Office Supplies,Fasteners,Translucent Push Pins by OIC,7.92,5.0,0.2,1.683,CRM,Approved,
9406.0,CA-2014-152618,3/14/2014,3/17/2014,First Class,RB-19465,Rick Bensley,Home Office,United States,Chicago,Illinois,60653.0,Central,TEC-MA-10003626,Technology,Machines,Hewlett-Packard Deskjet 6540 Color Inkjet Printer,574.91,2.0,0.3,156.047,Manual Upload,Rejected,Check later
9407.0,CA-2014-152618,3/14/2014,3/17/2014,First Class,RB-19465,Rick Bensley,Home Office,United States,Chicago,Illinois,60653.0,Central,OFF-PA-10001215,Office Supplies,Paper,Xerox 1963,8.448,2.0,0.2,2.64,Legacy,Rejected,Duplicate?
9408.0,CA-2017-162789,9/22/2017,9/24/2017,Second Class,LC-17140,Logan Currie,Consumer,United States,New York City,New York,10035.0,East,TEC-AC-10002842,Technology,Accessories,WD My Passport Ultra 2TB Portable External Hard Drive,1071.0,9.0,0.0,171.36,Manual Upload,Pending,Check later
9409.0,CA-2017-162789,9/22/2017,9/24/2017,Second Class,LC-17140,Logan Currie,Consumer,United States,New York City,New York,10035.0,East,FUR-FU-10004864,Furniture,Furnishings,Eldon 500 Class Desk Accessories,12.07,1.0,0.0,3.9831,Manual Upload,Rejected,Duplicate?
9410.0,US-2017-110149,12/10/2017,12/13/2017,First Class,WB-21850,William Brown,Consumer,United States,Philadelphia,Pennsylvania,19143.0,East,OFF-BI-10000014,Office Supplies,Binders,Heavy-Duty E-Z-D Binders,3.273,1.0,0.7,-2.5093,Legacy,,Urgent
9411.0,US-2017-110149,12/10/2017,12/13/2017,First Class,WB-21850,William Brown,Consumer,United States,Philadelphia,Pennsylvania,19143.0,East,FUR-FU-10001475,Furniture,Furnishings,"Contract Clock, 14"", Brown",87.92,5.0,0.2,15.386,Manual Upload,,
9412.0,CA-2016-108959,3/10/2016,3/14/2016,Second Class,MH-17785,Maya Herman,Corporate,United States,Glendale,Arizona,85301.0,West,OFF-ST-10001272,Office Supplies,Storage,"Mini 13-1/2 Capacity Data Binder Rack, Pearl",104.696,1.0,0.2,6.5435,CRM,Rejected,Check later
9413.0,CA-2015-164777,1/27/2015,1/29/2015,First Class,SC-20305,Sean Christensen,Consumer,United States,Los Angeles,California,90036.0,West,FUR-CH-10002024,Furniture,Chairs,HON 5400 Series Task Chairs for Big and Tall,2803.92,5.0,0.2,0.0,CRM,Pending,Urgent
9414.0,CA-2016-132017,9/26/2016,9/27/2016,First Class,MH-17620,Matt Hagelstein,Corporate,United States,Houston,Texas,77041.0,Central,OFF-BI-10004001,Office Supplies,Binders,GBC Recycled VeloBinder Covers,6.816,2.0,0.8,-11.5872,Legacy,Rejected,Urgent
9415.0,CA-2015-127824,10/18/2015,10/22/2015,Standard Class,JC-15775,John Castell,Consumer,United States,Seattle,Washington,98115.0,West,TEC-PH-10004094,Technology,Phones,Motorola L703CM,249.584,2.0,0.2,15.599,Manual Upload,,Duplicate?
9416.0,CA-2015-127824,10/18/2015,10/22/2015,standard class,JC-15775,John Castell,Consumer,United States,Seattle,Washington,98115.0,West,OFF-PA-10001184,Office Supplies,Paper,Xerox 1903,17.94,3.0,0.0,8.7906,Manual Upload,Approved,Duplicate?
9417.0,CA-2015-127824,10/18/2015,10/22/2015,Standard Class,JC-15775,John Castell,Consumer,United States,Seattle,Washington,98115.0,West,FUR-FU-10002505,Furniture,Furnishings,Eldon 100 Class Desk Accessories,10.11,3.0,0.0,3.2352,Manual Upload,Approved,
9418.0,CA-2014-148285,10/27/2014,11/1/2014,Standard Class,RD-19810,Ross DeVincentis,Home Office,United States,Fayetteville,North Carolina,28314.0,South,OFF-PA-10001166,Office Supplies,Paper,Xerox 2,-500.0,2.0,0.2,3.6288,CRM,Approved,Check later
9419.0,CA-2014-148285,10/27/2014,11/1/2014,Standard Class,RD-19810,Ross DeVincentis,Home Office,United States,Fayetteville,North Carolina,28314.0,South,OFF-PA-10000349,Office Supplies,Paper,Easy-staple paper,11.952,3.0,0.2,4.0338,CRM,,Duplicate?
9420.0,CA-2017-152926,10/2/2017,10/4/2017,Second Class,SC-20695,Steve Chapman,Corporate,United States,Houston,texas,UNKNOWN,Central,OFF-AP-10004708,Office Supplies,Appliances,Fellowes Superior 10 Outlet Split Surge Protector,15.224,2.0,0.8,-38.8212,ERP,Rejected,
9421.0,CA-2017-152926,10/2/2017,10/4/2017,Second Class,SC-20695,Steve Chapman,Corporate,United States,Houston,Texas,77041.0,Central,OFF-AP-10001947,Office Supplies,Appliances,Acco 6 Outlet Guardian Premium Plus Surge Suppressor,21.984,6.0,0.8,-56.0592,ERP,Approved,Duplicate?
9422.0,CA-2014-145254,7/23/2014,7/27/2014,Standard Class,NC-18535,Nick Crebassa,Corporate,United States,San Francisco,California,94122.0,West,TEC-PH-10000441,Technology,Phones,VTech DS6151,604.752,6.0,0.2,60.4752,ERP,Rejected,Check later
9423.0,CA-2014-145254,7/23/2014,7/27/2014,Standard Class,NC-18535,Nick Crebassa,Corporate,United States,San Francisco,California,94122.0,West,OFF-SU-10004664,Office Supplies,Supplies,Acme Softgrip Scissors,40.7,5.0,0.0,11.803,ERP,,Check later
9424.0,CA-2014-145254,7/23/2014,7/27/2014,Standard Class,NC-18535,Nick Crebassa,Corporate,United States,San Francisco,California,94122.0,West,TEC-PH-10004531,tech,Phones,AT&T CL2909,302.376,3.0,0.2,37.797,Manual Upload,Pending,Check later
9425.0,CA-2014-145254,7/23/2014,7/27/2014,Standard Class,NC-18535,Nick Crebassa,Corporate,United States,San Francisco,California,94122.0,West,TEC-AC-10002167,Technology,Accessories,Imation 8gb Micro Traveldrive Usb 2.0 Flash Drive,45.0,3.0,0.0,4.95,Manual Upload,Pending,Check later
9426.0,CA-2014-116246,9/12/2014,9/17/2014,Second Class,LW-17215,Luke Weiss,Consumer,United States,New York City,New York,10035.0,East,FUR-CH-10002024,Furniture,Chairs,HON 5400 Series Task Chairs for Big and Tall,3785.292,6.0,0.1,420.588,Legacy,Rejected,Duplicate?
9427.0,CA-2016-160479,9/15/2016,9/20/2016,Standard Class,AH-10585,Angele Hood,Consumer,United States,Seattle,Washington,98105.0,West,OFF-AR-10002445,Office Supplies,Art,SANFORD Major Accent Highlighters,35.4,5.0,0.0,13.452,ERP,Pending,Urgent
9428.0,CA-2014-167486,11/27/2014,12/1/2014,Standard Class,JO-15145,Jack O'Briant,Corporate,United States,Buffalo,New York,14215.0,East,FUR-FU-10003268,Furniture,Furnishings,Eldon Radial Chair Mat for Low to Medium Pile Carpets,199.9,5.0,0.0,39.98,CRM,Pending,Check later
9429.0,CA-2014-152100,5/11/2014,5/16/2014,Standard Class,VW-21775,Victoria Wilson,Corporate,United States,Huntsville,Texas,77340.0,Central,FUR-CH-10000015,furniture,Chairs,Hon Multipurpose Stacking Arm Chairs,1212.96,8.0,0.3,-69.312,Legacy,Rejected,
9430.0,CA-2015-166219,8/28/2015,9/1/2015,Standard Class,BP-11185,Ben Peterman,Corporate,United States,Dallas,Texas,75081.0,Central,TEC-PH-10004165,Technology,Phones,Mitel MiVoice 5330e IP Phone,1099.96,5.0,0.2,82.497,ERP,Pending,Check later
9431.0,CA-2015-166219,8/28/2015,9/1/2015,Standard Class,BP-11185,Ben Peterman,Corporate,United States,Dallas,Texas,75081.0,Central,FUR-TA-10004607,Furniture,Tables,Hon 2111 Invitation Series Straight Table,103.481,1.0,0.3,-16.2613,CRM,Approved,
9432.0,CA-2015-111864,6/19/2015,6/19/2015,Same Day,PP-18955,Paul Prost,Home Office,United States,Philadelphia,Pennsylvania,19134.0,East,OFF-LA-10004677,Office Supplies,Labels,Self-Adhesive Address Labels for Typewriters with Dispenser Box,5.904,2.0,0.2,1.9926,Legacy,Pending,Duplicate?
9433.0,CA-2015-119627,8/17/2015,8/23/2015,Standard Class,SC-20725,Steven Cartwright,Consumer,United States,Peoria,Arizona,85345.0,West,TEC-AC-10002217,Technology,Accessories,Imation Clip USB flash drive - 8 GB,30.08,2.0,0.2,-5.264,Manual Upload,Rejected,Duplicate?
9434.0,CA-2015-119627,8/17/2015,8/23/2015,Standard Class,SC-20725,Steven Cartwright,Consumer,United States,Peoria,Arizona,85345.0,West,OFF-PA-10001937,Office Supplies,Paper,Xerox 21,36.288,7.0,0.2,12.7008,ERP,Rejected,Duplicate?
9435.0,CA-2015-119627,8/17/2015,8/23/2015,Standard Class,SC-20725,Steven Cartwright,Consumer,United States,Peoria,Arizona,85345.0,West,OFF-AR-10000203,Office Supplies,Art,Newell 336,10.272,3.0,0.2,1.1556,ERP,Rejected,Urgent
9436.0,CA-2015-119627,8/17/2015,8/23/2015,Standard Class,SC-20725,Steven Cartwright,Consumer,United States,Peoria,Arizona,85345.0,West,TEC-AC-10001142,Technology,Accessories,First Data FD10 PIN Pad,252.8,4.0,0.2,-31.6,ERP,Pending,Duplicate?
9437.0,CA-2015-160787,9/25/2015,9/25/2015,Same Day,BM-11785,Bryan Mills,Consumer,United States,Philadelphia,Pennsylvania,19143.0,East,OFF-BI-10003712,Office Supplies,Binders,"Acco Pressboard Covers with Storage Hooks, 14 7/8"" x 11"", Light Blue",2.946,2.0,0.7,-2.0622,Manual Upload,,Check later
9438.0,CA-2017-107853,5/26/2017,5/31/2017,Standard Class,CD-11920,Carlos Daly,Consumer,United States,Oceanside,California,92054.0,West,OFF-PA-10000520,Office Supplies,Paper,Xerox 201,12.96,2.0,0.0,6.2208,ERP,Pending,Check later
9439.0,CA-2017-126144,7/31/2017,8/5/2017,Standard Class,GM-14680,Greg Matthias,Consumer,United States,Philadelphia,Pennsylvania,19134.0,East,TEC-PH-10001079,Technology,Phones,Polycom SoundPoint Pro SE-225 Corded phone,285.576,4.0,0.4,-57.1152,Legacy,Rejected,
9440.0,US-2014-154655,10/12/2014,10/17/2014,Standard Class,BP-11050,Barry Pond,Corporate,United States,Chicago,Illinois,60623.0,Central,OFF-SU-10000898,Office Supplies,Supplies,"Acme Hot Forged Carbon Steel Scissors with Nickel-Plated Handles, 3 7/8"" Cut, 8""L",22.24,2.0,0.2,2.502,ERP,Rejected,Duplicate?
9441.0,CA-2014-100391,5/25/2014,5/29/2014,Standard Class,BW-11065,Barry Weirich,Consumer,United States,New York City,New York,10035.0,East,OFF-PA-10001471,Office Supplies,Paper,Strathmore Photo Frame Cards,14.62,2.0,0.0,6.7252,ERP,Pending,Duplicate?
9442.0,CA-2014-165477,12/29/2014,12/31/2014,Second Class,RE-19405,Ricardo Emerson,Consumer,United States,Kent,Ohio,44240.0,East,OFF-AP-10003281,Office Supplies,Appliances,Acco 6 Outlet Guardian Standard Surge Suppressor,48.36,5.0,0.2,6.045,CRM,Approved,
9443.0,CA-2017-165904,4/7/2017,4/11/2017,Standard Class,HR-14770,Hallie Redmond,Home Office,United States,Jacksonville,Florida,32216.0,South,OFF-AR-10003156,Office Supplies,Art,50 Colored Long Pencils,16.256,2.0,0.2,1.2192,CRM,Rejected,
9444.0,CA-2017-165904,4/7/2017,4/11/2017,Standard Class,HR-14770,Hallie Redmond,Home Office,United States,Jacksonville,Florida,32216.0,South,TEC-PH-10000576,Technology,Phones,AT&T 1080 Corded phone,219.184,2.0,0.2,19.1786,Legacy,Pending,
9445.0,CA-2015-104052,3/1/2015,3/2/2015,First Class,TP-21565,Tracy Poddar,Corporate,United States,Coppell,Texas,75019.0,Central,TEC-PH-10003215,Technology,Phones,Jackery Bar Premium Fast-charging Portable Charger,95.84,4.0,0.2,34.742,Legacy,Pending,Check later
9446.0,CA-2015-168277,5/29/2015,Jun 03 2015,Standard Class,KB-16315,Karl Braun,Consumer,United States,Indianapolis,Indiana,46203.0,Central,OFF-LA-10004484,Office Supplies,Labels,Avery 476,12.39,3.0,0.0,5.6994,CRM,Rejected,Check later
9447.0,CA-2016-158617,9/22/2016,9/28/2016,Standard Class,AC-10660,Anna Chung,Consumer,United States,Lawrence,Indiana,46226.0,Central,OFF-PA-10002245,Office Supplies,Paper,Xerox 1895,35.88,6.0,0.0,16.146,ERP,Pending,
9448.0,CA-2017-136882,5/27/2017,03/06/2017,Standard Class,DN-13690,Duane Noonan,Consumer,United States,Tulsa,Oklahoma,74133.0,Central,FUR-FU-10003664,Furniture,Furnishings,"Electrix Architect's Clamp-On Swing Arm Lamp, Black",477.3,5.0,0.0,138.417,Manual Upload,Rejected,Check later
9449.0,US-2016-148957,9/17/2016,9/23/2016,Standard Class,CC-12430,Chuck Clark,Home Office,United States,Redmond,Washington,98052.0,West,OFF-LA-10002195,Office Supplies,Labels,Avery 481,12.32,4.0,0.0,5.9136,Manual Upload,Pending,Urgent
9450.0,CA-2014-140032,9/8/2014,9/13/2014,Standard Class,TS-21340,Toby Swindell,Consumer,United States,San Francisco,California,94109.0,West,OFF-BI-10000822,Office Supplies,Binders,"Acco PRESSTEX Data Binder with Storage Hooks, Light Blue, 9 1/2"" X 11""",8.608,2.0,0.2,3.0128,Manual Upload,Approved,Check later
9451.0,CA-2017-145506,6/3/2017,6/7/2017,Standard Class,MO-17800,Meg O'Connel,Home Office,United States,Spokane,Washington,99207.0,West,OFF-ST-10004963,Office Supplies,Storage,Eldon Gobal File Keepers,136.26,9.0,0.0,5.4504,Legacy,Approved,Check later
9452.0,CA-2015-129546,9/28/2015,10/5/2015,Standard Class,RP-19855,Roy Phan,Corporate,United States,Los Angeles,California,90032.0,West,OFF-AP-10002495,Office Supplies,Appliances,"Acco Smartsocket Table Surge Protector, 6 Color-Coded Adapter Outlets",186.15,3.0,0.0,55.845,Legacy,Pending,
9453.0,CA-2015-129546,9/28/2015,10/5/2015,Standard Class,RP-19855,Roy Phan,Corporate,United States,Los Angeles,California,90032.0,West,OFF-BI-10004001,Office Supplies,Binders,GBC Recycled VeloBinder Covers,81.792,6.0,0.2,0.0,Manual Upload,Rejected,Check later
9454.0,CA-2015-129546,9/28/2015,10/5/2015,Standard Class,RP-19855,Roy Phan,Corporate,United States,Los Angeles,California,90032.0,West,OFF-SU-10004884,Office Supplies,Supplies,Acme Galleria Hot Forged Steel Scissors with Colored Handles,47.19,3.0,0.0,13.6851,CRM,Pending,
9455.0,CA-2015-129546,9/28/2015,10/5/2015,Standard Class,RP-19855,Roy Phan,Corporate,United States,Los Angeles,California,90032.0,West,TEC-PH-10003555,Technology,Phones,Motorola HK250 Universal Bluetooth Headset,36.784,2.0,0.2,-8.2764,ERP,,Check later
9456.0,CA-2016-140977,6/16/2016,6/19/2016,Second Class,JL-15175,James Lanier,Home Office,United States,Chattanooga,Tennessee,37421.0,South,TEC-MA-10003493,Technology,Machines,Penpower WorldCard Pro Card Scanner,91.475,1.0,0.5,-1.8295,CRM,Approved,Urgent
9457.0,CA-2017-151855,5/27/2017,6/3/2017,Standard Class,BW-11110,Bart Watters,Corporate,United States,Greensboro,North Carolina,27405.0,South,TEC-AC-10002380,Technology,Accessories,Sony 8GB Class 10 Micro SDHC R40 Memory Card,27.192,3.0,0.2,0.3399,CRM,Rejected,
9458.0,CA-2017-151855,5/27/2017,6/3/2017,Standard Class,BW-11110,Bart Watters,Corporate,United States,Greensboro,North Carolina,27405.0,South,OFF-BI-10004209,Office Supplies,Binders,"Fellowes Twister Kit, Gray/Clear, 3/pkg",12.06,5.0,0.7,-10.05,CRM,Rejected,Duplicate?
9459.0,CA-2014-138240,10/9/2014,10/14/2014,Standard Class,SJ-20500,Shirley Jackson,Consumer,United States,San Francisco,California,94122.0,West,OFF-AR-10002135,Office Supplies,Art,Boston Heavy-Duty Trimline Electric Pencil Sharpeners,144.6,3.0,0.0,41.934,Legacy,Approved,
9460.0,CA-2014-138240,10/9/2014,10/14/2014,Standard Class,SJ-20500,Shirley Jackson,Consumer,United States,San Francisco,California,94122.0,West,TEC-PH-10002583,Technology,Phones,iOttie HLCRIO102 Car Mount,15.992,1.0,0.2,-2.9985,Manual Upload,Approved,
9461.0,CA-2014-101833,11/17/2014,11/22/2014,Second Class,FG-14260,Frank Gastineau,Home Office,United States,New York City,New York,10024.0,East,OFF-PA-10003591,Office Supplies,Paper,Southworth 100% Cotton The Best Paper,34.44,3.0,0.0,17.22,CRM,Pending,Check later
9462.0,CA-2014-100867,10/19/2014,10/24/2014,Standard Class,EH-14125,Eugene Hildebrand,Home Office,United States,Lakewood,California,90712.0,West,TEC-PH-10004922,Technology,Phones,RCA Visys Integrated PBX 8-Line Router,321.552,6.0,0.2,20.097,CRM,Approved,Check later
9463.0,US-2017-109610,11/25/2017,11/30/2017,Second Class,BS-11590,Brendan Sweed,Corporate,United States,Louisville,Kentucky,40214.0,South,FUR-CH-10001854,Furniture,Chairs,Office Star - Professional Matrix Back Chair with 2-to-1 Synchro Tilt and Mesh Fabric Seat,701.96,2.0,0.0,168.4704,Legacy,Rejected,Urgent
9464.0,CA-2014-156545,2/27/2014,3/3/2014,First Class,JS-16030,Joy Smith,Consumer,United States,Columbus,Ohio,43229.0,East,OFF-AR-10003560,Office Supplies,Art,Zebra Zazzle Fluorescent Highlighters,19.456,4.0,0.2,3.4048,CRM,Rejected,Duplicate?
9465.0,CA-2014-109127,12/21/2014,12/25/2014,Standard Class,JC-15775,John Castell,Consumer,United States,Newark,Delaware,19711.0,East,OFF-LA-10004409,Office Supplies,Labels,Avery 492,17.28,6.0,0.0,7.9488,ERP,Approved,
9466.0,CA-2016-126858,11/19/2016,11/23/2016,Standard Class,JM-15265,Janet Molinari,Corporate,United States,Seattle,Washington,98115.0,West,FUR-FU-10000448,Furniture,Furnishings,Tenex Chairmats For Use With Carpeted Floors,31.96,2.0,0.0,1.598,ERP,,Check later
9467.0,CA-2017-102925,11/5/2017,11/10/2017,Second Class,CD-12280,Christina DeMoss,Consumer,United States,New York City,New York,10024.0,East,OFF-BI-10002735,Office Supplies,Binders,GBC Prestige Therm-A-Bind Covers,164.688,6.0,0.2,55.5822,ERP,Rejected,Urgent
9468.0,CA-2017-102925,11/5/2017,11/10/2017,Second Class,CD-12280,Christina DeMoss,Consumer,United States,New York City,New York,10024.0,East,FUR-TA-10003469,Furniture,Tables,Balt Split Level Computer Training Table,166.5,2.0,0.4,-66.6,CRM,,
9469.0,CA-2017-102925,11/5/2017,11/10/2017,Second Class,CD-12280,Christina DeMoss,Consumer,United States,New York City,New York,10024.0,East,OFF-PA-10001870,Office Supplies,Paper,Xerox 202,12.96,2.0,0.0,6.2208,Manual Upload,Approved,Check later
9470.0,CA-2017-102925,11/5/2017,11/10/2017,Second Class,CD-12280,Christina DeMoss,Consumer,United States,New York City,New York,10024.0,East,OFF-PA-10004071,Office Supplies,Paper,"Eaton Premium Continuous-Feed Paper, 25% Cotton, Letter Size, White, 1000 Shts/Box",110.96,2.0,0.0,53.2608,Legacy,Rejected,Check later
9471.0,CA-2017-102925,11/5/2017,11/10/2017,Second Class,CD-12280,Christina DeMoss,Consumer,United States,New York City,New York,10024.0,East,TEC-PH-10001448,Technology,Phones,Anker Astro 15000mAh USB Portable Charger,99.98,2.0,0.0,3.9992,Manual Upload,Pending,
9472.0,CA-2017-102925,11/5/2017,11/10/2017,Second Class,CD-12280,Christina DeMoss,Consumer,United States,New York City,New York,10024.0,East,OFF-BI-10002706,Office Supplies,Binders,Avery Premier Heavy-Duty Binder with Round Locking Rings,11.424,1.0,0.2,3.7128,ERP,,Urgent
9473.0,CA-2017-102925,11/5/2017,11/10/2017,Second Class,CD-12280,Christina DeMoss,Consumer,United States,New York City,New York,10024.0,East,FUR-CH-10004875,Furniture,Chairs,Harbour Creations 67200 Series Stacking Chairs,128.124,2.0,0.1,24.2012,ERP,,Urgent
9474.0,CA-2017-102925,11/5/2017,2017-11-10,Second Class,CD-12280,Christina DeMoss,Consumer,United States,New York City,New York,10024.0,East,FUR-FU-10004245,Furniture,Furnishings,"Career Cubicle Clock, 8 1/4"", Black",101.4,5.0,0.0,38.532,CRM,Pending,
9475.0,CA-2015-100818,5/31/2015,6/5/2015,Second Class,JM-15265,Janet Molinari,Corporate,United States,Chicago,Illinois,60653.0,Cntrl,OFF-LA-10000443,Office Supplies,Labels,Avery 501,5.904,2.0,0.2,1.9926,ERP,Approved,
9476.0,CA-2015-100818,5/31/2015,6/5/2015,Second Class,JM-15265,Janet Molinari,Corporate,United States,Chicago,Illinois,60653.0,Central,OFF-PA-10001125,Office Supplies,Paper,Xerox 1988,173.488,7.0,0.2,54.215,Legacy,Pending,
9477.0,CA-2015-100818,5/31/2015,6/5/2015,Second Class,JM-15265,Janet Molinari,Corporate,United States,Chicago,Illinois,60653.0,Central,FUR-FU-10002703,Furniture,Furnishings,"Tenex Traditional Chairmats for Hard Floors, Average Lip, 36"" x 48""",51.56,2.0,0.6,-61.872,Legacy,Pending,Check later
9478.0,CA-2015-100818,2015/05/31,6/5/2015,Second Class,JM-15265,Janet Molinari,Corporate,United States,Chicago,Illinois,60653.0,Central,OFF-BI-10004364,Office Supplies,Binders,Storex Dura Pro Binders,3.564,3.0,0.8,-6.237,CRM,Pending,
9479.0,CA-2014-126193,9/7/2014,9/14/2014,Standard Class,SS-20410,Shahid Shariari,Consumer,United States,Oswego,Illinois,60543.0,CENTRAL,OFF-FA-10000936,Office Supplies,Fasteners,Acco Hot Clips Clips to Go,13.16,5.0,0.2,4.1125,Legacy,Approved,Check later
9480.0,CA-2014-126193,9/7/2014,9/14/2014,Standard Class,SS-20410,Shahid Shariari,Consumer,United States,Oswego,Illinois,60543.0,Central,OFF-BI-10001249,Office Supplies,Binders,Avery Heavy-Duty EZD View Binder with Locking Rings,3.828,3.0,0.8,-6.5076,CRM,Pending,
9481.0,CA-2014-126193,9/7/2014,9/14/2014,Standard Class,SS-20410,Shahid Shariari,Consumer,United States,Oswego,Illinois,60543.0,Central,OFF-BI-10004632,Office Supplies,Binders,Ibico Hi-Tech Manual Binding System,304.99,5.0,0.8,-533.7325,ERP,,Check later
9482.0,CA-2017-150504,11/6/2017,11/12/2017,Standard Class,HG-14845,Harry Greene,Consumer,United States,Dallas,Texas,75220.0,Central,OFF-ST-10000615,Office Supplies,Storage,"SimpliFile Personal File, Black Granite, 15w x 6-15/16d x 11-1/4h",18.16,2.0,0.2,1.816,CRM,Rejected,
9483.0,CA-2015-158351,6/20/2015,6/24/2015,Second Class,BC-11125,Becky Castell,Home Office,United States,Philadelphia,Pennsylvania,19134.0,East,TEC-AC-10001838,Technology,Accessories,Razer Tiamat Over Ear 7.1 Surround Sound PC Gaming Headset,319.984,2.0,0.2,91.9954,CRM,Rejected,
9484.0,CA-2014-122679,7/22/2014,7/28/2014,Standard Class,AB-10255,Alejandro Ballentine,Home Office,United States,Los Angeles,California,90008.0,West,OFF-AR-10004757,Office Supplies,Art,Crayola Colored Pencils,19.68,6.0,0.0,6.4944,ERP,Approved,
9485.0,CA-2016-164770,12/2/2016,12/4/2016,Second Class,MY-18295,Muhammed Yedwab,Corporate,United States,Houston,Texas,77036.0,Central,FUR-BO-10003893,Furniture,Bookcases,Sauder Camden County Collection Library,781.864,10.0,0.32,-137.976,ERP,Rejected,Duplicate?
9486.0,CA-2016-164770,12/2/2016,12/4/2016,Second Class,MY-18295,Muhammed Yedwab,Corporate,United States,Houston,Texas,77036.0,Central,OFF-PA-10003893,Office Supplies,Paper,Xerox 1962,30.816,9.0,0.2,9.63,ERP,Rejected,Duplicate?
9487.0,CA-2017-130505,10/12/2017,10/12/2017,Same Day,NF-18385,Natalie Fritzler,Consumer,United States,Wheeling,West Virginia,26003.0,East,FUR-TA-10001932,Furniture,Tables,"Chromcraft 48"" x 96"" Racetrack Double Pedestal Table",673.344,3.0,0.3,-76.9536,Manual Upload,Approved,Duplicate?
9488.0,US-2017-125213,12/11/2017,12/13/2017,First Class,NB-18655,Nona Balk,Corporate,United States,Paterson,New Jersey,7501.0,East,OFF-FA-10001561,Office Supplies,Fasteners,Stockwell Push Pins,6.54,3.0,0.0,2.1582,ERP,Pending,Duplicate?
9489.0,CA-2015-156566,10/1/2015,10/4/2015,First Class,EM-13960,Eric Murdock,Consumer,United States,Portland,Oregon,97206.0,West,TEC-PH-10001817,Technology,Phones,Wilson Electronics DB Pro Signal Booster,572.8,2.0,0.2,50.12,ERP,,
9490.0,US-2016-102232,8/5/2016,8/11/2016,Standard Class,MF-17665,Maureen Fritzler,Corporate,United States,Huntsville,Alabama,35810.0,South,OFF-AR-10000538,Office Supplies,Art,"Boston Model 1800 Electric Pencil Sharpener, Gray",197.05,7.0,0.0,59.115,CRM,Pending,Duplicate?
9491.0,CA-2017-111738,1/3/2017,1/7/2017,Standard Class,CM-12385,Christopher Martinez,Consumer,United States,San Francisco,California,94110.0,West,OFF-BI-10004584,Office Supplies,Binders,GBC ProClick 150 Presentation Binding System,2022.272,8.0,0.2,682.5168,Manual Upload,Rejected,
9492.0,CA-2017-111738,1/3/2017,1/7/2017,Standard Class,CM-12385,Christopher Martinez,Consumer,United States,San Francisco,California,94110.0,West,OFF-AR-10000817,office_supplies,Art,Manco Dry-Lighter Erasable Highlighter,9.12,3.0,0.0,3.1008,Manual Upload,Rejected,Duplicate?
9493.0,CA-2017-163188,11/7/2017,11/7/2017,Same Day,EC-14050,Erin Creighton,Consumer,United States,Oklahoma City,Oklahoma,73120.0,Central,OFF-BI-10000756,Office Supplies,Binders,Storex DuraTech Recycled Plastic Frosted Binders,38.16,9.0,0.0,19.08,Manual Upload,Approved,Urgent
9494.0,CA-2016-105207,1/3/2016,1/8/2016,Standard Class,BO-11350,Bill Overfelt,Corporate,United States,Broken Arrow,Oklahoma,74012.0,Central,FUR-TA-10000617,Furniture,Tables,"Hon Practical Foundations 30 x 60 Training Table, Light Gray/Charcoal",1592.85,7.0,0.0,350.427,CRM,Approved,Check later
9495.0,CA-2016-105207,1/3/2016,1/8/2016,Standard Class,BO-11350,Bill Overfelt,Corporate,United States,Broken Arrow,Oklahoma,74012.0,Central,OFF-BI-10004364,Office Supplies,Binders,Storex Dura Pro Binders,11.88,2.0,0.0,5.346,Manual Upload,,
9496.0,US-2016-123610,5/12/2016,5/16/2016,Standard Class,VM-21835,Vivian Mathis,Consumer,United States,Mission Viejo,California,92691.0,West,TEC-AC-10004518,Technology,Accessories,Memorex Mini Travel Drive 32 GB USB 2.0 Flash Drive,120.0,6.0,0.0,46.8,Legacy,Approved,Duplicate?
9497.0,US-2016-123610,5/12/2016,5/16/2016,Standard Class,VM-21835,Vivian Mathis,Consumer,United States,Mission Viejo,California,92691.0,West,OFF-AP-10002222,Office Supplies,Appliances,Staple holder,8.67,1.0,0.0,2.3409,ERP,Approved,Check later
9498.0,CA-2017-118213,11/5/2017,11/7/2017,First Class,AB-10060,Adam Bellavance,Home Office,United States,Greenwood,Indiana,46142.0,Central,OFF-PA-10002615,office supplies,Paper,"Ampad Gold Fibre Wirebound Steno Books, 6"" x 9"", Gregg Ruled",4.41,1.0,0.0,2.0286,CRM,Approved,
9499.0,CA-2017-118213,11/5/2017,11/7/2017,First Class,AB-10060,Adam Bellavance,Home Office,United States,Greenwood,Indiana,46142.0,Central,OFF-PA-10000565,Office Supplies,Paper,Easy-staple paper,167.94,3.0,0.0,82.2906,Manual Upload,Pending,
9500.0,CA-2017-118213,11/5/2017,11/7/2017,First Class,AB-10060,Adam Bellavance,Home Office,United States,Greenwood,Indiana,46142.0,Central,OFF-PA-10003673,Office Supplies,Paper,Strathmore Photo Mount Cards,67.8,10.0,0.0,31.188,Manual Upload,Approved,
9501.0,CA-2016-149237,2016/05/26,5/30/2016,Standard Class,CM-12235,Chris McAfee,Consumer,United States,Milwaukee,Wisconsin,53209.0,Central,FUR-FU-10002088,Furniture,Furnishings,Nu-Dell Float Frame 11 x 14 1/2,26.94,3.0,0.0,11.3148,Legacy,Rejected,
9502.0,US-2015-158589,11/20/2015,11/24/2015,Standard Class,KW-16570,Kelly Williams,Consumer,United States,San Francisco,California,94109.0,West,FUR-FU-10001546,Furniture,Furnishings,Dana Swing-Arm Lamps,32.04,3.0,0.0,8.01,Legacy,Approved,Check later
9503.0,CA-2016-101329,4/22/2016,4/29/2016,Standard Class,MM-17920,Michael Moore,Consumer,United States,Rome,New York,13440.0,East,OFF-AR-10000614,Office Supplies,Art,Barrel Sharpener,32.13,9.0,0.0,8.3538,Legacy,Pending,Check later
9504.0,CA-2016-101329,4/22/2016,4/29/2016,Standard Class,MM-17920,Michael Moore,Consumer,United States,Rome,New York,13440.0,East,OFF-AR-10003190,Office Supplies,Art,Newell 32,2.88,1.0,0.0,0.8064,Manual Upload,Approved,Duplicate?
9505.0,CA-2016-113607,10/14/2016,10/18/2016,Standard Class,PW-19030,Pauline Webber,Corporate,United States,New York City,New York,10009.0,East,TEC-PH-10004094,Technology,Phones,Motorola L703CM,0.0,7.0,0.0,272.9825,Manual Upload,,Check later
9506.0,CA-2016-113607,10/14/2016,18/10/2016,Standard Class,PW-19030,Pauline Webber,Corporate,United States,New York City,N.Y.,10009.0,East,OFF-PA-10001970,Office Supplies,Paper,Xerox 1908,111.96,2.0,0.0,54.8604,Legacy,,
9507.0,CA-2014-149104,4/5/2014,4/7/2014,Second Class,RD-19900,Ruben Dartt,Consumer,United States,Dearborn Heights,Michigan,,Central,OFF-AR-10002952,Office Supplies,Art,Stanley Contemporary Battery Pencil Sharpeners,26.7,2.0,0.0,7.476,CRM,,Duplicate?
9508.0,CA-2014-149104,4/5/2014,4/7/2014,Second Class,RD-19900,Ruben Dartt,Consumer,United States,Dearborn Heights,Michigan,48127.0,Central,OFF-BI-10004209,Office Supplies,Binders,"Fellowes Twister Kit, Gray/Clear, 3/pkg",40.2,5.0,0.0,18.09,CRM,Pending,
9509.0,CA-2014-149104,4/5/2014,4/7/2014,Second Class,RD-19900,Ruben Dartt,Consumer,United States,Dearborn Heights,Michigan,48127.0,Central,OFF-AR-10004685,Office Supplies,Art,"Binney & Smith Crayola Metallic Colored Pencils, 8-Color Set",13.89,3.0,0.0,4.5837,ERP,,Check later
9510.0,CA-2014-149104,4/5/2014,4/7/2014,Second Class,RD-19900,Ruben Dartt,Consumer,United States,Dearborn Heights,Michigan,48127.0,Central,OFF-ST-10000991,Office Supplies,Storage,Space Solutions HD Industrial Steel Shelving.,689.82,6.0,0.0,20.6946,Legacy,Rejected,
9511.0,CA-2016-105263,8/6/2016,8/11/2016,Standard Class,LM-17065,Liz MacKendrick,Consumer,United States,New York City,New York,10024.0,East,OFF-AR-10002399,Office Supplies,Art,"Dixon Prang Watercolor Pencils, 10-Color Set with Brush",38.34,9.0,0.0,15.7194,Manual Upload,Pending,Check later
9512.0,CA-2014-130575,12/14/2014,12/16/2014,First Class,CS-11845,Cari Sayre,Corporate,United States,Chicago,Illinois,60623.0,Central,OFF-BI-10002353,Office Supplies,Binders,GBC VeloBind Cover Sets,9.264,3.0,0.8,-13.896,Manual Upload,Approved,Urgent
9513.0,CA-2017-142461,5/30/2017,6/3/2017,Second Class,KT-16480,Kean Thornton,consumer,United States,Dallas,Texas,75217.0,Central,FUR-BO-10001811,Furniture,Bookcases,"Atlantic Metals Mobile 5-Shelf Bookcases, Custom Colors",204.6664,1.0,0.32,-6.0196,ERP,Pending,
9514.0,CA-2016-125220,10/14/2016,10/19/2016,Standard Class,BE-11410,Bobby Elias,Consumer,United States,Appleton,Wisconsin,54915.0,Central,TEC-AC-10003033,Technology,Accessories,Plantronics CS510 - Over-the-Head monaural Wireless Headset System,1649.75,5.0,0.0,544.4175,Legacy,Rejected,
9515.0,CA-2014-100293,3/14/2014,3/18/2014,Standard Class,NF-18475,Neil Französisch,Home Office,United States,Jacksonville,Florida,32216.0,South,OFF-PA-10000176,Office Supplies,Paper,Xerox 1887,91.056,6.0,0.2,31.8696,CRM,Approved,Duplicate?
9516.0,CA-2014-154165,2/17/2014,2/24/2014,Standard Class,DL-13315,Delfina Latchford,Consumer,United States,Chicago,Illinois,60653.0,Central,OFF-AR-10003631,Office Supplies,Art,Staples in misc. colors,54.208,14.0,0.2,0.0,Manual Upload,,Duplicate?
9517.0,CA-2015-123939,8/24/2015,8/26/2015,Second Class,MS-17710,Maurice Satty,Consumer,United States,Bowling Green,Ohio,43402.0,East,TEC-PH-10000923,Technology,Phones,"Belkin SportFit Armband For iPhone 5s/5c, Fuchsia",26.982,3.0,0.4,4.0473,ERP,Pending,Check later
9518.0,CA-2015-123939,8/24/2015,8/26/2015,Second Class,MS-17710,Maurice Satty,Consumer,United States,Bowling Green,Ohio,43402.0,East,OFF-LA-10003190,Office Supplies,Labels,Avery 474,6.912,3.0,0.2,2.5056,Legacy,Approved,
9519.0,CA-2015-123939,8/24/2015,8/26/2015,Second Class,MS-17710,Maurice Satty,Consumer,United States,Bowling Green,Ohio,43402.0,East,OFF-ST-10003208,Office Supplies,Storage,Adjustable Depth Letter/Legal Cart,435.504,3.0,1.5,48.9942,ERP,Approved,Check later
9520.0,US-2017-104451,5/8/2017,5/12/2017,Second Class,MM-18055,Michelle Moray,Consumer,United States,San Francisco,California,94110.0,West,OFF-AP-10000692,Office Supplies,Appliances,Fellowes Mighty 8 Compact Surge Protector,81.08,4.0,0.0,22.7024,Manual Upload,,
9521.0,CA-2016-101189,2/4/2016,2/9/2016,Standard Class,JB-15400,Jennifer Braxton,Corporate,United States,Los Angeles,California,90049.0,West,OFF-ST-10004180,Office Supplies,Storage,Safco Commercial Shelving,93.02,2.0,0.0,3.7208,CRM,Pending,Duplicate?
9522.0,CA-2014-169446,12/19/2014,12/25/2014,Standard Class,SG-20605,Speros Goranitis,Consumer,United States,Chicago,Illinois,60623.0,Central,TEC-PH-10002817,Technology,Phones,RCA ViSYS 25425RE1 Corded phone,323.976,3.0,0.2,36.4473,ERP,,Duplicate?
9523.0,CA-2014-169446,12/19/2014,12/25/2014,Standard Class,SG-20605,Speros Goranitis,Consumer,United States,Chicago,Illinois,60623.0,central,OFF-PA-10000295,Office Supplies,Paper,Xerox 229,15.552,3.0,0.2,5.4432,Manual Upload,Pending,Urgent
9524.0,CA-2014-169446,12/19/2014,2014-12-25,Standard Class,SG-20605,Speros Goranitis,Consumer,United States,Chicago,Illinois,60623.0,Central,OFF-ST-10000419,Office Supplies,Storage,"Rogers Jumbo File, Granite",32.592,3.0,0.2,-7.7406,ERP,Approved,
9525.0,CA-2017-156958,12/5/2017,12/6/2017,First Class,PB-18805,Patrick Bzostek,Home Office,United States,Seattle,Washington,98115.0,West,OFF-BI-10001524,Office Supplies,Binders,GBC Premium Transparent Covers with Diagonal Lined Pattern,83.92,5.0,0.2,29.372,Legacy,Pending,
9526.0,CA-2017-156958,12/5/2017,12/6/2017,First Class,PB-18805,Patrick Bzostek,Home Office,United States,Seattle,Washington,98115.0,West,FUR-FU-10003268,Furniture,Furnishings,Eldon Radial Chair Mat for Low to Medium Pile Carpets,199.9,5.0,0.0,39.98,CRM,Rejected,
9527.0,CA-2017-156958,12/5/2017,12/6/2017,First Class,PB-18805,Patrick Bzostek,Home Office,United States,Seattle,Washington,98115.0,West,TEC-PH-10000148,Technology,Phones,Cyber Acoustics AC-202b Speech Recognition Stereo Headset,31.176,3.0,0.2,-7.0146,ERP,Rejected,
9528.0,CA-2017-156958,12/5/2017,12/6/2017,First Class,PB-18805,Patrick Bzostek,Home Office,United States,Seattle,Washington,98115.0,West,OFF-BI-10001543,Office Supplies,Binders,GBC VeloBinder Manual Binding System,172.752,6.0,0.2,60.4632,CRM,Approved,Duplicate?
9529.0,CA-2017-156958,12/5/2017,12/6/2017,First Class,PB-18805,Patrick Bzostek,Home Office,United States,Seattle,Washington,98115.0,West,OFF-BI-10002071,Office Supplies,Binders,Fellowes Black Plastic Comb Bindings,9.296,2.0,0.2,3.0212,Manual Upload,,
9530.0,CA-2017-101637,3/24/2017,3/25/2017,Same Day,AC-10615,Ann Chong,Corporate,United States,Beaumont,Texas,77705.0,Central,OFF-ST-10002352,Office Supplies,Storage,Iris Project Case,12.768,2.0,0.2,0.9576,Manual Upload,,Duplicate?
9531.0,CA-2017-111759,7/8/2017,7/12/2017,Standard Class,MR-17545,Mathew Reese,Home Office,United States,Seattle,Washington,98103.0,West,OFF-PA-10003127,Office Supplies,Paper,Easy-staple paper,52.76,2.0,0.0,24.2696,Manual Upload,,Urgent
9532.0,CA-2017-102729,10/26/2017,10/31/2017,Standard Class,BF-11215,Benjamin Farhat,Home Office,United States,Dallas,Texas,75217.0,Central,OFF-ST-10000464,Office Supplies,Storage,"Multi-Use Personal File Cart and Caster Set, Three Stacking Bins",55.616,2.0,0.2,5.5616,Legacy,Rejected,
9533.0,CA-2016-116596,10/27/2016,10/31/2016,Standard Class,BW-11200,Ben Wallace,Consumer,United States,New York City,New York,10011.0,East,FUR-CH-10000553,Furniture,Chairs,"Metal Folding Chairs, Beige, 4/Carton",427.644,14.0,0.1,80.7772,ERP,Pending,
9534.0,CA-2016-116596,10/27/2016,10/31/2016,Standard Class,BW-11200,Ben Wallace,Consumer,United States,New York City,New York,10011.0,East,OFF-FA-10000134,Office Supplies,Fasteners,"Advantus Push Pins, Aluminum Head",40.67,7.0,0.0,12.6077,ERP,Rejected,Urgent
9535.0,CA-2016-116596,10/27/2016,10/31/2016,Standard Class,BW-11200,Ben Wallace,Consumer,United States,New York City,New York,10011.0,East,OFF-ST-10000636,Office Supplies,Storage,Rogers Profile Extra Capacity Storage Tub,99999.0,2.0,0.0,1.3392,CRM,,
9536.0,CA-2016-116596,10/27/2016,10/31/2016,Standard Class,BW-11200,Ben Wallace,Consumer,United States,New York City,New York,10011.0,East,OFF-BI-10002949,Office Supplies,Binders,Prestige Round Ring Binders,9.728,2.0,0.2,3.2832,ERP,Rejected,
9537.0,CA-2017-124191,6/12/2017,6/14/2017,Second Class,TS-21610,Troy Staebel,Consumer,United States,Chicago,Illinois,60610.0,Central,FUR-FU-10002364,Furniture,Furnishings,"Eldon Expressions Wood Desk Accessories, Oak",8.856,3.0,0.6,-6.8634,Manual Upload,Rejected,Duplicate?
9538.0,CA-2016-148747,9/25/2016,9/27/2016,First Class,AS-10045,Aaron Smayling,Corporate,United States,San Francisco,California,94110.0,West,FUR-BO-10002613,Furniture,Bookcases,"Atlantic Metals Mobile 4-Shelf Bookcases, Custom Colors",477.666,2.0,0.15,84.294,Legacy,Rejected,
9539.0,US-2017-169488,9/7/2017,9/9/2017,First Class,AA-10375,Allen Armold,Consumer,United States,Providence,Rhode Island,2908.0,East,OFF-PA-10002659,Office Supplies,Paper,Avoid Verbal Orders Carbonless Minifold Book,16.9,5.0,0.0,7.774,Manual Upload,Pending,
9540.0,US-2017-169488,9/7/2017,9/9/2017,First Class,AA-10375,Allen Armold,Consumer,United States,Providence,Rhode Island,2908.0,East,OFF-PA-10000157,Office Supplies,Paper,Xerox 191,39.96,2.0,0.0,18.7812,ERP,Rejected,
9541.0,CA-2015-135727,5/11/2015,5/16/2015,Second Class,PS-18970,Paul Stevenson,Home Office,United States,Phoenix,Arizona,85023.0,West,FUR-CH-10004540,Furniture,Chairs,Global Chrome Stack Chair,191.968,7.0,0.2,16.7972,CRM,Rejected,Check later
9542.0,CA-2015-135251,8/6/2015,8/10/2015,Standard Class,RP-19270,Rachel Payne,Corporate,United States,Houston,Texas,77095.0,Central,OFF-LA-10004544,Office Supplies,Labels,Avery 505,35.52,3.0,0.2,13.32,Manual Upload,Approved,
9543.0,CA-2015-135251,8/6/2015,8/10/2015,Standard Class,RP-19270,Rachel Payne,Corporate,United States,Houston,Texas,77095.0,Central,OFF-BI-10001097,Office Supplies,Binders,Avery Hole Reinforcements,6.23,5.0,0.8,-9.6565,CRM,,Urgent
9544.0,CA-2015-135251,8/6/2015,8/10/2015,Standard Class,RP-19270,Rachel Payne,Corporate,United States,Houston,Texas,77095.0,Central,OFF-PA-10003302,Office Supplies,Paper,Xerox 1906,56.704,2.0,0.2,19.1376,Manual Upload,Rejected,
9545.0,CA-2015-135251,8/6/2015,8/10/2015,Standard Class,RP-19270,Rachel Payne,corporate,United States,Houston,Texas,77095.0,Central,FUR-BO-10003965,Furniture,Bookcases,O'Sullivan Manor Hill 2-Door Library in Brianna Oak,369.1992,3.0,0.32,-114.0174,Manual Upload,Rejected,Check later
9546.0,CA-2014-166590,10/29/2014,11/2/2014,Standard Class,NC-18625,Noah Childs,Corporate,United States,Columbus,Indiana,47201.0,Central,TEC-AC-10003433,Technology,Accessories,Maxell 4.7GB DVD+R 5/Pack,1.98,2.0,0.0,0.891,ERP,Rejected,Urgent
9547.0,CA-2014-166590,10/29/2014,11/2/2014,Standard Class,NC-18625,Noah Childs,Corporate,United States,Columbus,Indiana,47201.0,Central,OFF-PA-10000482,Office Supplies,Paper,"Snap-A-Way Black Print Carbonless Ruled Speed Letter, Triplicate",75.88,2.0,0.0,35.6636,CRM,Approved,Duplicate?
9548.0,CA-2016-131744,6/18/2016,6/20/2016,Second Class,SC-20770,Stewart Carmichael,Corporate,United States,Philadelphia,Pennsylvania,19134.0,East,OFF-PA-10004610,Office Supplies,Paper,Xerox 1900,6.848,2.0,0.2,2.14,Manual Upload,,Duplicate?
9549.0,CA-2016-131744,6/18/2016,6/20/2016,Second Class,SC-20770,Stewart Carmichael,Corporate,United States,Philadelphia,Pennsylvania,19134.0,East,OFF-BI-10003910,Office Supplies,Binders,DXL Angle-View Binders with Locking Rings by Samsill,4.626,2.0,0.7,-3.855,CRM,,Check later
9550.0,CA-2016-131744,6/18/2016,6/20/2016,Second Class,SC-20770,Stewart Carmichael,Corporate,United States,Philadelphia,Pennsylvania,19134.0,East,OFF-AP-10001394,Office Supplies,Appliances,Harmony Air Purifier,453.6,3.0,0.2,90.72,ERP,Rejected,
9551.0,CA-2015-160864,5/3/2015,5/6/2015,First Class,NF-18595,Nicole Fjeld,Home Office,United States,San Jose,California,95123.0,West,OFF-BI-10004654,Office Supplies,Binders,Avery Binding System Hidden Tab Executive Style Index Sets,13.848,3.0,0.2,5.193,CRM,Approved,
9552.0,CA-2015-147690,11/10/2015,11/14/2015,Standard Class,SC-20020,Sam Craven,Consumer,United States,Philadelphia,Pennsylvania,19140.0,East,OFF-ST-10001526,Office Supplies,Storage,Iceberg Mobile Mega Data/Printer Cart ,577.584,6.0,0.2,43.3188,ERP,,
9553.0,CA-2015-163923,5/30/2015,6/3/2015,Standard Class,BD-11560,Brendan Dodson,Home Office,United States,Springfield,Virginia,22153.0,South,TEC-AC-10000358,Technology,Accessories,Imation Secure Drive + Hardware Encrypted USB flash drive - 16 GB,151.96,4.0,0.0,36.4704,Legacy,,Urgent
9554.0,CA-2016-125724,9/22/2016,9/27/2016,Standard Class,SM-20950,Suzanne McNair,Corporate,United States,Broomfield,Colorado,80020.0,West,FUR-FU-10000246,Furniture,Furnishings,Aluminum Document Frame,68.432,7.0,0.2,8.554,Legacy,Pending,Check later
9555.0,CA-2015-111612,11/28/2015,12/2/2015,Standard Class,EB-14110,Eugene Barchas,Consumer,United States,Columbus,Ohio,43229.0,East,FUR-FU-10003799,Furniture,Furnishings,"Seth Thomas 13 1/2"" Wall Clock",71.12,5.0,0.2,9.779,ERP,Rejected,Check later
9556.0,CA-2015-111612,11/28/2015,12/2/2015,Standard Class,EB-14110,Eugene Barchas,Consumer,United States,Columbus,Ohio,UNKNOWN,East,OFF-FA-10003021,Office Supplies,Fasteners,Staples,3.008,2.0,0.2,0.564,CRM,,
9557.0,CA-2015-156853,12/3/2015,12/5/2015,Second Class,HP-14815,Harold Pawlan,Home Office,United States,Concord,New Hampshire,3301.0,East,OFF-PA-10003656,Office Supplies,Paper,Xerox 1935,184.66,7.0,0.0,84.9436,Manual Upload,Approved,Urgent
9558.0,CA-2014-103086,10/17/2014,10/19/2014,Second Class,EB-14170,Evan Bailliet,Consumer,United States,Houston,Texas,77095.0,Central,FUR-FU-10004586,Furniture,Furnishings,G.E. Longer-Life Indoor Recessed Floodlight Bulbs,5.312,2.0,0.6,-1.5936,Manual Upload,Rejected,
9559.0,CA-2016-129280,5/3/2016,5/5/2016,First Class,SM-20905,Susan MacKendrick,Consumer,United States,Newark,Ohio,43055.0,East,TEC-AC-10003832,Technology,Accessories,Imation 16GB Mini TravelDrive USB 2.0 Flash Drive,132.52,5.0,0.2,34.7865,Legacy,,
9560.0,CA-2016-129280,5/3/2016,5/5/2016,First Class,SM-20905,Susan MacKendrick,Consumer,United States,Newark,Ohio,43055.0,East,OFF-ST-10002554,Office Supplies,Storage,Tennsco Industrial Shelving,195.64,5.0,0.2,-44.019,ERP,Rejected,
9561.0,CA-2016-129280,5/3/2016,5/5/2016,First Class,SM-20905,Susan MacKendrick,Consumer,United States,Newark,Ohio,43055.0,East,FUR-FU-10001876,Furniture,Furnishings,"Computer Room Manger, 14""",51.968,2.0,0.2,10.3936,Manual Upload,Approved,Check later
9562.0,CA-2016-129280,5/3/2016,5/5/2016,First Class,SM-20905,Susan MacKendrick,Consumer,United States,Newark,Ohio,43055.0,East,TEC-AC-10002637,Technology,Accessories,Logitech VX Revolution Cordless Laser Mouse for Notebooks (Black),431.976,3.0,0.2,-75.5958,ERP,Approved,Check later
9563.0,CA-2016-129280,5/3/2016,5/5/2016,First Class,SM-20905,Susan MacKendrick,Consumer,United States,Newark,Ohio,43055.0,East,TEC-MA-10003589,Technology,Machines,Cisco 8961 IP Phone Charcoal,224.937,3.0,0.7,-164.9538,Manual Upload,Approved,Check later
9564.0,CA-2016-129280,5/3/2016,5/5/2016,First Class,SM-20905,Susan MacKendrick,Consumer,United States,Newark,Ohio,43055.0,East,OFF-LA-10000081,Office Supplies,Labels,Avery 496,6.0,2.0,0.2,2.1,Legacy,Rejected,Urgent
9565.0,CA-2015-161242,6/1/2015,6/8/2015,Standard Class,CG-12040,Catherine Glotzbach,Home Office,United States,Los Angeles,California,90045.0,West,OFF-PA-10001838,Office Supplies,Paper,"Adams Telephone Message Book W/Dividers/Space For Phone Numbers, 5 1/4""X8 1/2"", 300/Messages",11.76,2.0,0.0,5.7624,Legacy,,Check later
9566.0,CA-2014-130428,3/31/2014,3/31/2014,Same Day,TG-21640,Trudy Glocke,Consumer,United States,Tampa,Florida,33614.0,South,FUR-CH-10002965,Furniture,Chairs,"Global Leather Highback Executive Chair with Pneumatic Height Adjustment, Black",1125.488,7.0,0.2,98.4802,ERP,,Duplicate?
9567.0,CA-2014-130428,3/31/2014,3/31/2014,Same Day,TG-21640,Trudy Glocke,Consumer,United States,Tampa,Florida,33614.0,South,OFF-BI-10001636,Office Supplies,Binders,Ibico Plastic and Wire Spiral Binding Combs,12.645,5.0,0.7,-10.116,ERP,Rejected,Check later
9568.0,CA-2014-130428,3/31/2014,3/31/2014,Same Day,TG-21640,Trudy Glocke,Consumer,United States,Tampa,Florida,33614.0,South,OFF-AR-10004027,Office Supplies,Art,"Binney & Smith inkTank Erasable Desk Highlighter, Chisel Tip, Yellow, 12/Box",4.032,2.0,0.2,1.0584,ERP,,
9569.0,CA-2017-104388,7/5/2017,7/7/2017,First Class,DK-12835,Damala Kotsonis,Corporate,United States,Fremont,Nebraska,68025.0,Central,TEC-PH-10002293,Technology,Phones,Anker 36W 4-Port USB Wall Charger Travel Power Adapter for iPhone 5s 5c 5,79.96,4.0,0.0,22.3888,Manual Upload,Rejected,Urgent
9570.0,CA-2015-113131,9/24/2015,9/24/2015,Same Day,MB-17305,Maria Bertelson,Consumer,United States,Columbus,Ohio,43229.0,East,OFF-BI-10003196,Office Supplies,Binders,Accohide Poly Flexible Ring Binders,6.732,6.0,0.7,-4.488,ERP,Approved,Urgent
9571.0,CA-2015-113131,9/24/2015,9/24/2015,Same Day,MB-17305,Maria Bertelson,Consumer,United States,Columbus,Ohio,43229.0,East,OFF-ST-10001172,Office Supplies,Storage,"Tennsco Lockers, Sand",33.568,2.0,0.2,1.6784,ERP,,Duplicate?
9572.0,CA-2015-113131,9/24/2015,9/24/2015,Same Day,MB-17305,Maria Bertelson,Consumer,United States,Columbus,Ohio,43229.0,East,OFF-EN-10003068,Office Supplies,Envelopes,#6 3/4 Gummed Flap White Envelopes,15.84,2.0,0.2,5.544,Legacy,Rejected,Check later
9573.0,CA-2015-113131,9/24/2015,9/24/2015,Same Day,MB-17305,Maria Bertelson,Consumer,United States,Columbus,Ohio,43229.0,East,OFF-LA-10003510,Office Supplies,Labels,"Avery 4027 File Folder Labels for Dot Matrix Printers, 5000 Labels per Box, White",24.424,1.0,0.2,7.9378,Legacy,Approved,Urgent
9574.0,CA-2015-113131,9/24/2015,9/24/2015,Same Day,MB-17305,Maria Bertelson,Consumer,United States,Columbus,Ohio,43229.0,East,OFF-AR-10003504,Office Supplies,Art,Newell 347,17.12,5.0,0.2,1.926,Legacy,Approved,Urgent
9575.0,CA-2015-148495,8/13/2015,8/13/2015,Same Day,SF-20065,Sandra Flanagan,Consumer,United States,Pomona,California,91767.0,West,FUR-FU-10001889,Furniture,Furnishings,Ultra Door Pull Handle,31.56,3.0,0.0,10.4148,Manual Upload,Pending,Check later
9576.0,CA-2015-143147,5/26/2015,5/28/2015,Second Class,PS-18760,Pamela Stobb,Consumer,United States,San Antonio,Texas,78207.0,Central,FUR-CH-10000863,Furniture,Chairs,Novimex Swivel Fabric Task Chair,105.686,1.0,0.3,-28.6862,CRM,Pending,
9577.0,CA-2015-143147,5/26/2015,5/28/2015,Second Class,PS-18760,Pamela Stobb,Consumer,United States,San Antonio,Texas,78207.0,Central,TEC-MA-10004679,Technology,Machines,StarTech.com 10/100 VDSL2 Ethernet Extender Kit,399.54,2.0,0.4,-79.908,Manual Upload,Pending,Check later
9578.0,CA-2015-143147,5/26/2015,5/28/2015,Second Class,PS-18760,Pamela Stobb,Consumer,United States,San Antonio,Texas,78207.0,Central ,FUR-CH-10004754,Furniture,Chairs,"Global Stack Chair with Arms, Black",104.93,5.0,0.3,-4.497,ERP,Pending,
9579.0,CA-2017-152975,9/14/2017,9/16/2017,First Class,RB-19705,Roger Barcio,Home Office,United States,New York City,New York,10035.0,East,TEC-PH-10004586,Technology,Phones,Wilson SignalBoost 841262 DB PRO Amplifier Kit,1079.85,3.0,0.0,323.955,Legacy,Approved,Check later
9580.0,CA-2017-152975,9/14/2017,9/16/2017,First Class,RB-19705,Roger Barcio,Home Office,United States,New York City,New York,10035.0,East,OFF-ST-10001370,Office Supplies,Storage,Sensible Storage WireTech Storage Systems,70.98,1.0,0.0,3.549,Manual Upload,Pending,
9581.0,CA-2017-152975,9/14/2017,9/16/2017,First Class,RB-19705,Roger Barcio,Home Office,United States,New York City,New York,10035.0,East,OFF-AR-10001988,Office Supplies,Art,Bulldog Table or Wall-Mount Pencil Sharpener,29.95,5.0,0.0,8.6855,CRM,Rejected,Urgent
9582.0,CA-2017-152975,9/14/2017,9/16/2017,First Class,RB-19705,Roger Barcio,Home Office,United States,New York City,New York,10035.0,East,FUR-CH-10003298,Furniture,Chairs,"Office Star - Contemporary Task Swivel chair with Loop Arms, Charcoal",589.41,5.0,0.1,-6.549,Manual Upload,Approved,Urgent
9583.0,CA-2016-107475,6/7/2016,6/11/2016,Standard Class,RS-19870,Roy Skaria,Home Office,United States,Philadelphia,Pennsylvania,19120.0,East,OFF-FA-10002988,Office Supplies,Fasteners,Ideal Clamps,9.648,6.0,0.2,3.4974,CRM,Approved,Duplicate?
9584.0,CA-2017-116127,6/25/2017,6/27/2017,Second Class,SB-20185,Sarah Brown,Consumer,United States,New York City,New York,10024.0,East,FUR-BO-10002213,Furniture,Bookcases,DMI Eclipse Executive Suite Bookcases,400.784,1.0,0.2,-5.0098,ERP,Pending,
9585.0,CA-2017-132584,8/26/2017,8/27/2017,First Class,HJ-14875,Heather Jas,Home Office,United States,Detroit,Michigan,48234.0,Central,OFF-ST-10000344,Office Supplies,Storage,"Neat Ideas Personal Hanging Folder Files, Black",53.72,4.0,0.0,13.9672,ERP,Approved,
9586.0,CA-2016-160598,8/26/2016,8/28/2016,First Class,SV-20815,Stuart Van,Corporate,United States,Miami,Florida,33142.0,South,OFF-PA-10002319,Office Supplies,Paper,Xerox 1944,31.008,1.0,0.2,11.2404,Manual Upload,Approved,
9587.0,CA-2016-108630,11/18/2016,11/18/2016,Same Day,BE-11410,Bobby Elias,Consumer,United States,Concord,California,94521.0,West,OFF-BI-10002437,Office Supplies,Binders,Recycled Premium Regency Composition Covers,61.12,5.0,0.2,22.156,ERP,Rejected,
9588.0,US-2017-129203,4/17/2017,4/22/2017,Standard Class,BM-11575,Brendan Murry,Corporate,United States,Chicago,Illinois,60653.0,Central,OFF-ST-10001418,Office Supplies,Storage,Carina Media Storage Towers in Natural & Black,195.136,4.0,0.2,-43.9056,Manual Upload,Rejected,Duplicate?
9589.0,CA-2017-110940,2017/07/23,7/28/2017,Standard Class,AZ-10750,Annie Zypern,Consumer,United States,Wheeling,Illinois,60090.0,Central,OFF-AR-10000380,Office Supplies,Art,"Hunt PowerHouse Electric Pencil Sharpener, Blue",121.536,4.0,0.2,15.192,Manual Upload,Approved,
9590.0,CA-2014-119172,5/11/2014,5/15/2014,Standard Class,HD-14785,Harold Dahlen,Home Office,United States,Chicago,Illinois,60610.0,Central,OFF-PA-10003036,Office Supplies,Paper,"Black Print Carbonless 8 1/2"" x 8 1/4"" Rapid Memo Book",17.472,3.0,0.2,5.6784,ERP,Approved,Urgent
9591.0,CA-2014-119172,5/11/2014,5/15/2014,Standard Class,HD-14785,Harold Dahlen,Home Office,United States,Chicago,Illinois,60610.0,Central,OFF-BI-10002026,Office Supplies,Binders,Avery Arch Ring Binders,104.58,9.0,0.8,-172.557,Legacy,,Check later
9592.0,US-2016-105452,7/28/2016,8/1/2016,Standard Class,BF-11005,Barry Franz,Home Office,United States,Pasadena,Texas,77506.0,Central,FUR-FU-10003691,Furniture,Furnishings,"Eldon Image Series Desk Accessories, Ebony",24.7,5.0,0.6,-9.88,ERP,,
9593.0,US-2016-105452,7/28/2016,8/1/2016,Standard Class,BF-11005,Barry Franz,Home Office,United States,Pasadena,Texas,77506.0,Central,FUR-FU-10003806,Furniture,Furnishings,"Tenex Chairmat w/ Average Lip, 45"" x 53""",302.72,5.0,0.6,-378.4,CRM,Pending,Urgent
9594.0,CA-2017-108931,9/14/2017,9/19/2017,Standard Class,HZ-14950,Henia Zydlo,Consumer,United States,New York City,New York,10024.0,East,OFF-PA-10002741,Office Supplies,Paper,Xerox 1980,8.56,2.0,0.0,3.852,Legacy,,
9595.0,CA-2017-108931,9/14/2017,9/19/2017,Standard Class,HZ-14950,Henia Zydlo,Consumer,United States,New York City,New York,10024.0,East,OFF-PA-10003845,Office Supplies,Paper,Xerox 1987,11.56,2.0,0.0,5.6644,ERP,Rejected,
9596.0,CA-2017-104619,1/24/2017,1/29/2017,Standard Class,KD-16495,Keith Dawkins,Corporate,United States,San Jose,California,95123.0,West,OFF-AP-10001492,Office Supplies,Appliances,"Acco Six-Outlet Power Strip, 4' Cord Length",25.86,3.0,0.0,6.7236,Legacy,,
9597.0,CA-2017-104619,1/24/2017,1/29/2017,Standard Class,KD-16495,Keith Dawkins,Corporate,United States,San Jose,California,95123.0,West,OFF-BI-10004318,Office Supplies,Binders,Ibico EB-19 Dual Function Manual Binding System,276.784,2.0,0.2,89.9548,ERP,Rejected,Check later
9598.0,CA-2017-104619,1/24/2017,1/29/2017,Standard Class,KD-16495,Keith Dawkins,Corporate,United States,San Jose,California,95123.0,West,TEC-PH-10000193,Technology,Phones,Jensen SMPS-640 - speaker phone,110.352,3.0,0.2,8.2764,Manual Upload,,
9599.0,CA-2015-149517,9/19/2015,9/23/2015,Standard Class,FC-14245,Frank Carlisle,Home Office,United States,Sacramento,California,95823.0,West,FUR-FU-10003464,Furniture,Furnishings,"Seth Thomas 8 1/2"" Cubicle Clock",60.84,3.0,0.0,19.4688,CRM,Rejected,
9600.0,CA-2015-116841,4/14/2015,4/18/2015,Standard Class,TP-21130,Theone Pippenger,Consumer,United States,Springfield,Oregon,97477.0,West,OFF-AP-10002403,Office Supplies,Appliances,Acco Smartsocket Color-Coded Six-Outlet AC Adapter Model Surge Protectors,35.208,1.0,0.2,2.6406,ERP,Approved,Check later
9601.0,CA-2017-107797,5/8/2017,5/11/2017,Second Class,EB-13705,Ed Braxton,Corporate,United States,Mansfield,Texas,76063.0,Central,OFF-PA-10003848,Office Supplies,Paper,Xerox 1997,41.472,8.0,0.2,14.5152,Manual Upload,Rejected,Check later
9602.0,CA-2016-117604,9/4/2016,9/9/2016,Standard Class,JP-15520,Jeremy Pistek,Consumer,United States,Jonesboro,Arkansas,72401.0,South,OFF-PA-10001357,Office Supplies,Paper,Xerox 1886,239.5,5.0,0.0,114.96,Legacy,Rejected,
9603.0,CA-2014-130155,5/19/2014,5/22/2014,First Class,TD-20995,Tamara Dahlen,Consumer,United States,Virginia Beach,Virginia,23464.0,South,OFF-SU-10004737,Office Supplies,Supplies,Acme Design Stainless Steel Bent Scissors,34.2,5.0,0.0,9.234,ERP,,
9604.0,CA-2016-129861,6/17/2016,6/23/2016,Standard Class,DM-13345,Denise Monton,Corporate,United States,Rochester,New York,14609.0,East,FUR-TA-10003715,Furniture,Tables,Hon 2111 Invitation Series Corner Table,376.866,3.0,0.4,-213.5574,Manual Upload,,Check later
9605.0,CA-2015-138625,11/2/2015,11/5/2015,First Class,EG-13900,Emily Grady,Consumer,United States,Chesapeake,Virginia,23320.0,South,OFF-AP-10003099,Office Supplies,Appliances,"Eureka Hand Vacuum, Bagless",197.72,4.0,0.0,55.3616,Legacy,Pending,Check later
9606.0,US-2017-122672,11/4/2017,11/9/2017,Standard Class,HG-14965,Henry Goldwyn,Corporate,United States,Lancaster,Ohio,43130.0,East,TEC-AC-10002323,Technology,Accessories,SanDisk Ultra 32 GB MicroSDHC Class 10 Memory Card,70.72,4.0,0.2,-6.188,CRM,Approved,Check later
9607.0,US-2017-122672,11/4/2017,11/9/2017,Standard Class,HG-14965,Henry Goldwyn,Corporate,United States,Lancaster,Ohio,43130.0,East,OFF-ST-10002344,Office Supplies,Storage,"Carina 42""Hx23 3/4""W Media Storage Unit",194.352,3.0,0.2,-43.7292,CRM,Approved,Check later
9608.0,CA-2017-117128,12/5/2017,12/8/2017,Second Class,BF-11080,Bart Folk,Consumer,United States,New York City,New York,10024.0,East,OFF-PA-10000007,Office Supplies,Paper,"Telephone Message Books with Fax/Mobile Section, 4 1/4"" x 6""",21.6,6.0,0.0,9.936,ERP,,Urgent
9609.0,CA-2017-117128,12/5/2017,12/8/2017,Second Class,BF-11080,Bart Folk,Consumer,United States,New York City,New York,10024.0,East,OFF-LA-10000248,Office Supplies,Labels,Avery 52,11.07,3.0,0.0,5.2029,Legacy,Rejected,
9610.0,CA-2016-130638,5/16/2016,5/19/2016,Second Class,SC-20095,Sanjit Chand,Consumer,United States,Los Angeles,California,90045.0,West,FUR-FU-10002116,Furniture,Furnishings,"Tenex Carpeted, Granite-Look or Clear Contemporary Contour Shape Chair Mats",282.84,4.0,0.0,19.7988,CRM,Rejected,Duplicate?
9611.0,CA-2016-130638,5/16/2016,5/19/2016,Second Class,SC-20095,Sanjit Chand,Consumer,United States,Los Angeles,California,90045.0,West,OFF-LA-10002195,Office Supplies,Labels,Avery 481,27.72,9.0,0.0,13.3056,Legacy,,Check later
9612.0,CA-2017-144365,10/24/2017,10/30/2017,Standard Class,CS-11950,Carlos Soltero,Consumer,United States,Jackson,Mississippi,39212.0,South,OFF-FA-10000735,Office Supplies,Fasteners,Staples,11.68,4.0,0.0,5.256,CRM,Approved,
9613.0,CA-2016-110086,9/18/2016,9/22/2016,Standard Class,BD-11320,Bill Donatelli,Consumer,United States,Woodland,California,95695.0,West,TEC-PH-10001299,Technology,Phones,Polycom CX300 Desktop Phone USB VoIP phone,239.984,2.0,0.2,23.9984,Manual Upload,Pending,Duplicate?
9614.0,CA-2014-128524,11/11/2014,11/13/2014,First Class,MZ-17515,Mary Zewe,Corporate,United States,Seattle,Washington,98115.0,West,OFF-AP-10002892,Office Supplies,Appliances,Belkin F5C206VTEL 6 Outlet Surge,22.98,1.0,0.0,6.894,CRM,Approved,
9615.0,CA-2014-128524,11/11/2014,11/13/2014,First Class,MZ-17515,Mary Zewe,Corporate,United States,Seattle,Washington,98115.0,West,TEC-AC-10002718,Technology,Accessories,Belkin Standard 104 key USB Keyboard,102.13,7.0,0.0,15.3195,ERP,,Check later
9616.0,CA-2014-128524,11/11/2014,11/13/2014,First Class,MZ-17515,Mary Zewe,Corporate,United States,Seattle,Washington,98115.0,West,OFF-BI-10003527,Office Supplies,Binders,Fellowes PB500 Electric Punch Plastic Comb Binding Machine with Manual Bind,2033.584,2.0,0.2,762.594,Manual Upload,,Urgent
9617.0,CA-2016-140256,8/22/2016,8/29/2016,Standard Class,PW-19030,Pauline Webber,Corporate,United States,Los Angeles,California,90049.0,West,OFF-AR-10002255,Office Supplies,Art,Newell 346,5.76,2.0,0.0,1.6704,CRM,Approved,Check later
9618.0,CA-2017-160633,11/16/2017,11/21/2017,Standard Class,BS-11380,Bill Stewart,Corporate,United States,Bowling Green,Ohio,43402.0,East,TEC-CO-10002095,Technology,Copiers,Hewlett Packard 610 Color Digital Copier / Printer,899.982,3.0,0.4,74.9985,Legacy,,Urgent
9619.0,CA-2017-160633,11/16/2017,11/21/2017,Standard Class,BS-11380,Bill Stewart,Corporate,United States,Bowling Green,Ohio,43402.0,East,OFF-AR-10004022,Office Supplies,Art,Panasonic KP-380BK Classic Electric Pencil Sharpener,86.352,3.0,0.2,-9999.0,CRM,Approved,Urgent
9620.0,CA-2017-160633,11/16/2017,11/21/2017,Standard Class,BS-11380,Bill Stewart,Corporate,United States,Bowling Green,Ohio,43402.0,East,TEC-AC-10002335,Technology,Accessories,Logitech Media Keyboard K200,139.96,5.0,0.2,-1.7495,CRM,Rejected,
9621.0,CA-2014-115133,9/26/2014,9/30/2014,Standard Class,DA-13450,Dianna Arnett,Home Office,United States,Lancaster,Ohio,43130.0,East,OFF-AP-10001634,Office Supplies,Appliances,Hoover Commercial Lightweight Upright Vacuum,16.704,6.0,0.2,1.2528,Legacy,Pending,
9622.0,CA-2014-115133,9/26/2014,9/30/2014,Standard Class,DA-13450,Dianna Arnett,Home Office,United States,Lancaster,Ohio,43130.0,East,TEC-AC-10002370,Technology,Accessories,Maxell CD-R Discs,3.152,2.0,0.2,0.4728,CRM,Rejected,
9623.0,CA-2014-115133,9/26/2014,9/30/2014,Standard Class,DA-13450,Dianna Arnett,Home Office,United States,Lancaster,Ohio,43130.0,East,OFF-PA-10000174,Office Supplies,Paper,"Message Book, Wirebound, Four 5 1/2"" X 4"" Forms/Pg., 200 Dupl. Sets/Book",32.896,4.0,0.2,11.1024,CRM,Pending,
9624.0,CA-2017-137449,6/29/2017,6/30/2017,First Class,ME-17725,Max Engle,Consumer,United States,Dallas,Texas,75220.0,Central,OFF-AP-10000240,Office Supplies,Appliances,Belkin F9G930V10-GRY 9 Outlet Surge,21.392,2.0,0.8,-54.5496,CRM,Rejected,Duplicate?
9625.0,CA-2017-137449,29 Jun 2017,6/30/2017,First Class,ME-17725,Max Engle,Consumer,United States,Dallas,Texas,75220.0,Central,FUR-TA-10002855,Furniture,Tables,Bevis Round Conference Table Top & Single Column Base,307.314,3.0,0.3,-39.5118,Legacy,Rejected,Urgent
9626.0,CA-2017-137449,6/29/2017,6/30/2017,First Class,ME-17725,Max Engle,Consumer,United States,Dallas,Texas,75220.0,Central,FUR-BO-10000780,Furniture,Bookcases,O'Sullivan Plantations 2-Door Library in Landvery Oak,409.9992,3.0,0.32,-96.4704,ERP,Pending,Urgent
9627.0,CA-2017-103520,9/23/2017,9/25/2017,First Class,MH-17785,Maya Herman,Corporate,United States,Lubbock,Texas,79424.0,Central,OFF-PA-10001846,Office Supplies,Paper,Xerox 1899,9.248,2.0,0.2,3.3524,Legacy,Approved,Duplicate?
9628.0,CA-2014-139283,11/23/2014,11/27/2014,Standard Class,BT-11440,Bobby Trafton,Consumer,United States,Detroit,Michigan,48227.0,Central,OFF-BI-10002049,Office Supplies,Binders,UniKeep View Case Binders,14.67,3.0,0.0,6.7482,ERP,Rejected,Duplicate?
9629.0,CA-2014-118192,01/13/2014,1/18/2014,Standard Class,MM-17920,Michael Moore,Consumer,United States,Newark,Ohio,43055.0,East,OFF-PA-10002947,Office Supplies,Paper,Xerox 1923,37.408,7.0,0.2,13.0928,CRM,Rejected,
9630.0,CA-2014-118192,1/13/2014,1/18/2014,Standard Class,MM-17920,Michael Moore,Consumer,United States,Newark,Ohio,43055.0,East,OFF-BI-10003476,Office Supplies,Binders,Avery Metallic Poly Binders,3.438,2.0,0.7,-2.5212,Manual Upload,,Urgent
9631.0,CA-2016-168844,5/31/2016,6/6/2016,Standard Class,NM-18520,Neoma Murray,Consumer,United States,New York City,New York,10011.0,East,OFF-BI-10002609,Office Supplies,Binders,Avery Hidden Tab Dividers for Binding Systems,7.152,3.0,0.2,2.3244,Legacy,Approved,Duplicate?
9632.0,CA-2016-168844,5/31/2016,6/6/2016,Standard Class,NM-18520,Neoma Murray,Consumer,United States,New York City,New York,10011.0,East,TEC-PH-10003215,Technology,Phones,Jackery Bar Premium Fast-charging Portable Charger,179.7,6.0,0.0,88.053,CRM,Pending,Urgent
9633.0,CA-2017-154809,2/13/2017,2/17/2017,Standard Class,MH-17455,Mark Hamilton,Consumer,United States,Minneapolis,Minnesota,55407.0,Central,OFF-AP-10004785,Office Supplies,Appliances,"Holmes Replacement Filter for HEPA Air Cleaner, Medium Room",90.64,8.0,0.0,38.9752,CRM,Rejected,Check later
9634.0,CA-2014-151330,10/14/2014,10/17/2014,First Class,TC-21295,Toby Carlisle,Consumer,United States,Everett,Massachusetts,2149.0,East,TEC-AC-10000865,Technology,Accessories,WD My Passport Ultra 500GB Portable External Hard Drive,177.0,3.0,0.0,30.09,ERP,,
9635.0,CA-2014-151330,10/14/2014,10/17/2014,First Class,TC-21295,Toby Carlisle,Consumer,United States,Everett,Massachusetts,2149.0,East,OFF-ST-10000615,Office Supplies,Storage,"SimpliFile Personal File, Black Granite, 15w x 6-15/16d x 11-1/4h",79.45,7.0,0.0,22.246,Legacy,Rejected,
9636.0,CA-2014-151330,10/14/2014,10/17/2014,First Class,TC-21295,Toby Carlisle,Consumer,United States,Everett,Massachusetts,2149.0,East,FUR-CH-10000749,Furniture,Chairs,Office Star - Ergonomic Mid Back Chair with 2-Way Adjustable Arms,1628.82,9.0,0.0,260.6112,ERP,Rejected,
9637.0,CA-2014-124702,11/18/2014,11/25/2014,Standard Class,MH-17785,Maya Herman,Corporate,United States,Seattle,Washington,98105.0,West,FUR-FU-10003553,Furniture,Furnishings,"Howard Miller 13-1/2"" Diameter Rosebrook Wall Clock",137.54,2.0,0.0,55.016,Manual Upload,,Check later
9638.0,CA-2014-124702,11/18/2014,11/25/2014,Standard Class,MH-17785,Maya Herman,Corporate,United States,Seattle,Washington,98105.0,West,FUR-TA-10003008,Furniture,Tables,"Lesro Round Back Collection Coffee Table, End Table",730.2,4.0,0.0,94.926,CRM,Pending,
9639.0,US-2017-125808,11/12/2017,11/15/2017,Second Class,EP-13915,Emily Phan,Consumer,United States,Los Angeles,California,90032.0,West,OFF-PA-10001846,Office Supplies,Paper,Xerox 1899,11.56,2.0,0.0,5.6644,ERP,Rejected,Check later
9640.0,CA-2015-116638,1/28/2015,1/31/2015,Second Class,JH-15985,Joseph Holt,Consumer,United States,Concord,North Carolina,28027.0,South,FUR-TA-10000198,Furniture,Tables,Chromcraft Bull-Nose Wood Oval Conference Tables & Bases,4297.644,13.0,0.4,-1862.3124,Legacy,,Check later
9641.0,CA-2014-104563,3/7/2014,3/12/2014,Standard Class,CM-12715,Craig Molinari,Corporate,United States,Seattle,Washington,98103.0,West,OFF-AR-10000390,Office Supplies,Art,Newell Chalk Holder,20.65,5.0,0.0,9.499,Legacy,Approved,
9642.0,CA-2014-104563,3/7/2014,3/12/2014,Standard Class,CM-12715,Craig Molinari,Corporate,United States,Seattle,Washington,98103.0,West,OFF-ST-10000934,Office Supplies,Storage,"Contico 72""H Heavy-Duty Storage System",204.9,5.0,0.0,0.0,ERP,Approved,Urgent
9643.0,CA-2014-104563,3/7/2014,3/12/2014,Standard Class,CM-12715,Craig Molinari,Corporate,United States,Seattle,Washington,98103.0,West ,FUR-CH-10002780,Furniture,Chairs,Office Star - Task Chair with Contemporary Loop Arms,436.704,6.0,0.2,21.8352,ERP,Pending,Check later
9644.0,CA-2014-104563,3/7/2014,3/12/2014,Standard Class,CM-12715,Craig Molinari,Corporate,United States,Seattle,Washington,98103.0,West,FUR-CH-10004495,Furniture,Chairs,"Global Leather and Oak Executive Chair, Black",481.568,2.0,0.2,54.1764,ERP,,
9645.0,US-2017-107979,6/8/2017,6/13/2017,Standard Class,FO-14305,Frank Olsen,Consumer,United States,Glendale,Arizona,85301.0,West,TEC-AC-10002006,Technology,Accessories,Memorex Micro Travel Drive 16 GB,89.544,7.0,0.2,12.3123,Legacy,Rejected,
9646.0,US-2017-107979,6/8/2017,6/13/2017,Standard Class,FO-14305,Frank Olsen,Consumer,United States,Glendale,Arizona,85301.0,West,OFF-ST-10002485,Office Supplies,Storage,Rogers Deluxe File Chest,35.168,2.0,0.2,-8.3524,Legacy,Pending,
9647.0,US-2017-107979,6/8/2017,6/13/2017,Standard Class,FO-14305,Frank Olsen,Consumer,United States,Glendale,Arizona,85301.0,West,OFF-BI-10000778,Office Supplies,Binders,GBC VeloBinder Electric Binding Machine,72.588,2.0,0.7,-48.392,Legacy,Rejected,Duplicate?
9648.0,CA-2014-150518,11/19/2014,11/24/2014,Standard Class,MW-18220,Mitch Webber,Consumer,United States,Coon Rapids,Minnesota,55433.0,Central,OFF-ST-10000877,Office Supplies,Storage,Recycled Steel Personal File for Standard File Folders,221.16,4.0,0.0,57.5016,CRM,Pending,Check later
9649.0,CA-2014-150518,11/19/2014,11/24/2014,Standard Class,MW-18220,Mitch Webber,Consumer,United States,Coon Rapids,Minnesota,55433.0,Central,TEC-PH-10002103,Technology,Phones,Jabra SPEAK 410,281.97,3.0,0.0,78.9516,ERP,,
9650.0,CA-2016-107104,11/26/2016,11/30/2016,Standard Class,MS-17365,Maribeth Schnelling,Consumer,United States,Los Angeles,California,90045.0,West,FUR-BO-10002213,Furniture,Bookcases,DMI Eclipse Executive Suite Bookcases,3406.664,8.0,0.15,160.3136,Manual Upload,Pending,
9651.0,CA-2016-107104,11/26/2016,11/30/2016,Standard Class,MS-17365,Maribeth Schnelling,Consumer,United States,Los Angeles,california,90045.0,West,OFF-AR-10004269,Office Supplies,Art,Newell 31,37.17,9.0,0.0,10.4076,ERP,,Duplicate?
9652.0,CA-2016-107104,11/26/2016,11/30/2016,Std Class,MS-17365,Maribeth Schnelling,Consumer,United States,Los Angeles,California,90045.0,West,OFF-AP-10000055,Office Supplies,Appliances,Belkin F9S820V06 8 Outlet Surge,64.96,2.0,0.0,19.488,Manual Upload,Rejected,Urgent
9653.0,CA-2016-107104,11/26/2016,11/30/2016,Standard Class,MS-17365,Maribeth Schnelling,Consumer,United States,Los Angeles,California,90045.0,West,FUR-FU-10002937,Furniture,Furnishings,"GE 48"" Fluorescent Tube, Cool White Energy Saver, 34 Watts, 30/Box",595.38,6.0,0.0,297.69,Legacy,,Duplicate?
9654.0,CA-2017-161893,1/23/2017,1/27/2017,Standard Class,HP-14815,Harold Pawlan,Home Office,United States,Tucson,Arizona,85705.0,West,TEC-AC-10001874,Technology,Accessories,Logitech Wireless Anywhere Mouse MX for PC and Mac,95.984,2.0,0.2,11.998,Manual Upload,Approved,
9655.0,CA-2017-161893,1/23/2017,1/27/2017,Standard Class,HP-14815,Harold Pawlan,Home Office,United States,Tucson,Arizona,85705.0,West,OFF-BI-10004506,Office Supplies,Binders,Wilson Jones data.warehouse D-Ring Binders with DublLock,4.938,2.0,0.7,-3.6212,CRM,Rejected,Check later
9656.0,CA-2014-156160,9/22/2014,9/29/2014,Standard Class,AS-10090,Adam Shillingsburg,Consumer,United States,New York City,New York,10035.0,East,FUR-FU-10001876,Furniture,Furnishings,"Computer Room Manger, 14""",97.44,3.0,0.0,35.0784,ERP,Approved,Check later
9657.0,CA-2014-156160,9/22/2014,9/29/2014,Standard Class,AS-10090,Adam Shillingsburg,Consumer,United States,New York City,New York,10035.0,East,OFF-BI-10003355,Office Supplies,Binders,Cardinal Holdit Business Card Pockets,3.984,1.0,0.2,1.3944,Legacy,Rejected,Check later
9658.0,CA-2014-156160,9/22/2014,9/29/2014,Standard Class,AS-10090,Adam Shillingsburg,Consumer,United States,New York City,New York,10035.0,East,OFF-AR-10003876,Office Supplies,Art,"Avery Hi-Liter GlideStik Fluorescent Highlighter, Yellow Ink",13.04,4.0,0.0,5.7376,Manual Upload,Approved,Duplicate?
9659.0,CA-2014-156160,22 Sep 2014,9/29/2014,Standard Class,AS-10090,Adam Shillingsburg,Consumer,United States,New York City,New York,10035.0,East,FUR-CH-10004983,Furniture,Chairs,Office Star - Mid Back Dual function Ergonomic High Back Chair with 2-Way Adjustable Arms,579.528,4.0,0.1,83.7096,Legacy,Approved,Duplicate?
9660.0,CA-2014-100860,3/26/2014,3/30/2014,Second Class,CS-12505,Cindy Stewart,Consumer,United States,Pomona,California,91767.0,West,OFF-LA-10001982,Office Supplies,Labels,Smead Alpha-Z Color-Coded Name Labels First Letter Starter Set,18.75,5.0,0.0,9.0,ERP,Approved,Check later
9661.0,CA-2016-160717,6/6/2016,6/11/2016,Standard Class,ME-17320,Maria Etezadi,Home Office,United States,Santa Barbara,California,93101.0,West,TEC-PH-10001459,Technology,Phones,Samsung Galaxy Mega 6.3,3023.928,9.0,0.2,226.7946,Manual Upload,Approved,Urgent
9662.0,CA-2016-160717,6/6/2016,6/11/2016,Standard Class,ME-17320,Maria Etezadi,Home Office,United States,Santa Barbara,California,93101.0,West,TEC-AC-10002134,Technology,Accessories,Rosewill 107 Normal Keys USB Wired Standard Keyboard,26.96,2.0,0.0,3.7744,ERP,Approved,
9663.0,CA-2016-160717,6/6/2016,6/11/2016,Standard Class,ME-17320,Maria Etezadi,Home Office,United States,Santa Barbara,California,93101.0,West,TEC-PH-10001760,Technology,Phones,Bose SoundLink Bluetooth Speaker,477.6,3.0,0.2,161.19,CRM,Approved,
9664.0,CA-2017-132619,8/31/2017,9/5/2017,Standard Class,MS-17770,Maxwell Schwartz,Consumer,United States,San Francisco,California,94109.0,West,OFF-ST-10001511,Office Supplies,Storage,Space Solutions Commercial Steel Shelving,193.95,3.0,0.0,9.6975,CRM,Pending,Urgent
9665.0,US-2015-120957,12/7/2015,12/7/2015,Same Day,KH-16690,Kristen Hastings,Corporate,United States,Riverside,California,92503.0,West,OFF-PA-10003953,Office Supplies,Paper,Xerox 218,12.96,2.0,0.0,6.2208,Manual Upload,,
9666.0,CA-2017-157448,11/16/2017,11/20/2017,Standard Class,LC-16885,Lena Creighton,Consumer,United States,Los Angeles,California,90049.0,West,FUR-FU-10003268,Furniture,Furnishings,Eldon Radial Chair Mat for Low to Medium Pile Carpets,119.94,3.0,0.0,23.988,ERP,Pending,Urgent
9667.0,CA-2017-157448,11/16/2017,11/20/2017,Standard Class,LC-16885,Lena Creighton,Consumer,United States,Los Angeles,California,90049.0,West,FUR-FU-10001847,Furniture,Furnishings,Eldon Image Series Black Desk Accessories,12.42,3.0,0.0,4.4712,CRM,Approved,Check later
9668.0,CA-2016-126270,4/23/2016,4/27/2016,Standard Class,AF-10870,Art Ferguson,Consumer,United States,San Clemente,California,92672.0,West,OFF-BI-10002764,Office Supplies,Binders,Recycled Pressboard Report Cover with Reinforced Top Hinge,18.088,7.0,0.2,6.5569,ERP,Approved,Check later
9669.0,CA-2016-126270,4/23/2016,4/27/2016,Standard Class,AF-10870,Art Ferguson,Consumer,United States,San Clemente,California,92672.0,West,OFF-EN-10004386,Office Supplies,Envelopes,"Recycled Interoffice Envelopes with String and Button Closure, 10 x 13",71.97,3.0,0.0,35.985,Manual Upload,,Urgent
9670.0,CA-2017-145275,4/2/2017,4/6/2017,Standard Class,AH-10465,Amy Hunt,Consumer,United States,Decatur,Alabama,35601.0,South,OFF-LA-10001569,Office Supplies,Labels,Avery 499,14.94,3.0,0.0,6.8724,Manual Upload,Approved,Duplicate?
9671.0,CA-2015-133396,8/13/2015,8/15/2015,First Class,GK-14620,Grace Kelly,Corporate,United States,Greensboro,North Carolina,27405.0,South,OFF-AR-10001446,Office Supplies,Art,Newell 309,64.68,7.0,0.2,8.085,Manual Upload,Pending,Duplicate?
9672.0,US-2017-140312,11/13/2017,11/19/2017,Standard Class,KL-16645,Ken Lonsdale,Consumer,United States,Dublin,California,94568.0,West,TEC-PH-10003442,Technology,Phones,Samsung Replacement EH64AVFWE Premium Headset,22.0,5.0,0.2,1.375,CRM,,
9673.0,CA-2016-114867,12/23/2016,12/28/2016,Standard Class,FM-14290,Frank Merwin,Home Office,United States,Philadelphia,Pennsylvania,19143.0,East,OFF-PA-10000477,Office Supplies,Paper,Xerox 1952,7.968,2.0,0.2,2.6892,Legacy,Approved,
9674.0,CA-2016-114867,12/23/2016,12/28/2016,Standard Class,FM-14290,Frank Merwin,Home Office,United States,Philadelphia,Pennsylvania,19143.0,East,TEC-PH-10002645,Technology,Phones,LG G2,1499.97,5.0,0.4,-374.9925,CRM,Approved,
9675.0,US-2014-164644,07/22/2014,7/24/2014,Second Class,JL-15850,John Lucas,Consumer,United States,Houston,Texas,77095.0,Central,OFF-ST-10003123,Office Supplies,Storage,Fellowes Bases and Tops For Staxonsteel/High-Stak Systems,26.632,1.0,0.2,1.3316,ERP,,Urgent
9676.0,CA-2016-137393,5/6/2016,5/10/2016,Standard Class,GM-14500,Gene McClure,Consumer,United States,Bakersfield,California,93309.0,West,FUR-FU-10001617,Furniture,Furnishings,"Executive Impressions 8-1/2"" Career Panel/Partition Cubicle Clock",41.6,4.0,0.0,14.144,Legacy,,
9677.0,US-2014-120175,11/28/2014,12/3/2014,Standard Class,MC-17635,Matthew Clasen,Corporate,United States,Richmond,Indiana,47374.0,Central,OFF-EN-10003862,Office Supplies,Envelopes,Laser & Ink Jet Business Envelopes,64.02,6.0,0.0,29.4492,Manual Upload,Rejected,
9678.0,CA-2016-144785,4/18/2016,4/23/2016,Standard Class,CS-12490,Cindy Schnelling,Corporate,United States,New York City,New York,10009.0,East,OFF-AR-10001573,Office Supplies,Art,American Pencil,6.99,3.0,0.0,2.0271,CRM,Rejected,Check later
9679.0,CA-2016-144785,4/18/2016,4/23/2016,Standard Class,CS-12490,Cindy Schnelling,Corporate,United States,New York City,New York,10009.0,East,OFF-SU-10004290,Office Supplies,Supplies,"Acme Design Line 8"" Stainless Steel Bent Scissors w/Champagne Handles, 3-1/8"" Cut",6.84,1.0,0.0,1.8468,Legacy,Approved,Check later
9680.0,CA-2015-130113,12/27/2015,12/31/2015,Standard Class,AH-10030,Aaron Hawkins,Corporate,United States,San Francisco,California,94122.0,West,OFF-ST-10000046,Office Supplies,Storage,Fellowes Super Stor/Drawer Files,323.1,2.0,0.0,61.389,ERP,Pending,Duplicate?
9681.0,CA-2015-130113,12/27/2015,12/31/2015,Standard Class,AH-10030,Aaron Hawkins,Corporate,United States,San Francisco,California,94122.0,West,TEC-PH-10003505,Technology,Phones,Geemarc AmpliPOWER60,668.16,9.0,0.2,75.168,Manual Upload,Rejected,
9682.0,CA-2017-122770,12/13/2017,12/18/2017,Standard Class,EP-13915,Emily Phan,Consumer,United States,San Francisco,California,94122.0,West,OFF-LA-10004559,Office Supplies,Labels,Avery 49,8.64,3.0,0.0,4.2336,CRM,Pending,Duplicate?
9683.0,CA-2017-122770,12/13/2017,12/18/2017,Standard Class,EP-13915,Emily Phan,Consumer,United States,San Francisco,California,94122.0,West,OFF-PA-10003172,Office Supplies,Paper,Xerox 1996,38.88,6.0,0.0,18.6624,Manual Upload,,
9684.0,CA-2017-122770,12/13/2017,12/18/2017,Standard Class,EP-13915,Emily Phan,Consumer,United States,San Francisco,California,94122.0,West,FUR-FU-10001473,Furniture,Furnishings,"Eldon Executive Woodline II Desk Accessories, Mahogany",201.04,8.0,0.0,54.2808,ERP,Rejected,Urgent
9685.0,CA-2017-122770,12/13/2017,12/18/2017,Standard Class,EP-13915,Emily Phan,Consumer,United States,San Francisco,California,94122.0,West,OFF-PA-10000232,Office Supplies,Paper,Xerox 1975,12.96,2.0,0.0,6.3504,Legacy,,Urgent
9686.0,CA-2017-118668,1/2/2017,1/4/2017,Second Class,FW-14395,Fred Wasserman,Corporate,United States,Los Angeles,California,90032.0,West,TEC-AC-10000682,Technology,Accessories,Kensington K72356US Mouse-in-a-Box USB Desktop Mouse,16.59,1.0,0.0,5.8065,CRM,Approved,
9687.0,CA-2017-116498,5/30/2017,6/3/2017,Standard Class,KA-16525,Kelly Andreada,Consumer,United States,San Diego,California,92037.0,West,OFF-AR-10003405,Office Supplies,Art,"Dixon My First Ticonderoga Pencil, #2",35.1,6.0,0.0,10.179,CRM,,Duplicate?
9688.0,US-2017-130603,9/30/2017,10/6/2017,Standard Class,SC-20050,Sample Company A,Home Office,United States,Arlington,Texas,76017.0,Central,OFF-BI-10000301,Office Supplies,Binders,GBC Instant Report Kit,11.646,9.0,0.8,-17.469,ERP,Pending,Check later
9689.0,US-2017-135986,6/20/2017,6/27/2017,Standard Class,PG-18895,Paul Gonzalez,Consumer,United States,Richmond,Virginia,23223.0,South,OFF-PA-10001534,Office Supplies,Paper,Xerox 230,32.4,5.0,0.0,15.552,CRM,Approved,
9690.0,US-2017-135986,6/20/2017,6/27/2017,Standard Class,PG-18895,Paul Gonzalez,Consumer,United States,Richmond,Virginia,23223.0,South,TEC-PH-10003691,Technology,Phones,BlackBerry Q10,503.96,4.0,0.0,125.99,ERP,Pending,
9691.0,CA-2017-140536,4/4/2017,4/5/2017,First Class,TA-21385,Tom Ashbrook,Home Office,United States,New York City,New York,10035.0,East,OFF-AR-10001545,Office Supplies,Art,Newell 326,7.04,4.0,0.0,2.0416,Manual Upload,Rejected,Check later
9692.0,CA-2015-130183,11/13/2015,11/17/2015,Standard Class,PO-18850,Patrick O'Brill,Consumer,United States,Houston,Texas,77041.0,Central,FUR-BO-10001811,Furniture,Bookcases,"Atlantic Metals Mobile 5-Shelf Bookcases, Custom Colors",613.9992,3.0,0.32,-18.0588,Legacy,Pending,
9693.0,CA-2015-107902,8/28/2015,9/2/2015,Standard Class,SM-20950,Suzanne McNair,Corporate,United States,Fairfield,Connecticut,6824.0,East,OFF-ST-10001837,Office Supplies,Storage,"SAFCO Mobile Desk Side File, Wire Frame",470.36,11.0,0.0,122.2936,Legacy,Approved,Urgent
9694.0,CA-2017-130148,9/24/2017,9/28/2017,Second Class,NK-18490,Neil Knudson,Home Office,United States,San Francisco,California,94110.0,West,OFF-PA-10000551,Office Supplies,Paper,Array Memo Cubes,31.08,6.0,0.0,15.2292,Legacy,Pending,Duplicate?
9695.0,CA-2017-130148,9/24/2017,9/28/2017,Second Class,NK-18490,Neil Knudson,Home Office,United States,San Francisco,California,94110.0,West,OFF-SU-10001574,Office Supplies,Supplies,Acme Value Line Scissors,7.3,2.0,0.0,2.19,ERP,,
9696.0,US-2016-151260,12/11/2016,12/14/2016,First Class,SC-20695,Steve Chapman,Corporate,United States,Springfield,Ohio,45503.0,EAST,OFF-AP-10002892,Office Supplies,Appliances,Belkin F5C206VTEL 6 Outlet Surge,73.536,4.0,0.2,9.192,Legacy,,Duplicate?
9697.0,CA-2014-144281,6/10/2014,6/15/2014,Second Class,HK-14890,Heather Kirkland,Corporate,United States,Detroit,Michigan,48234.0,Central,OFF-LA-10003930,Office Supplies,Labels,"Dot Matrix Printer Tape Reel Labels, White, 5000/Box",491.55,5.0,0.0,240.8595,ERP,,Duplicate?
9698.0,CA-2016-122511,3/11/2016,3/11/2016,Same Day,BT-11485,Brad Thomas,Home Office,United States,Philadelphia,Pennsylvania,19140.0,East,FUR-FU-10001037,Furniture,Furnishings,"DAX Charcoal/Nickel-Tone Document Frame, 5 x 7",30.336,4.0,0.2,9.48,Legacy,Approved,
9699.0,CA-2017-154116,12/15/2017,12/19/2017,Standard Class,KM-16660,Khloe Miller,Consumer,United States,Inglewood,California,90301.0,West,OFF-PA-10004569,Office Supplies,Paper,"Wirebound Message Books, Two 4 1/4"" x 5"" Forms per Page",22.83,3.0,0.0,10.7301,Legacy,Pending,
9700.0,CA-2017-154116,12/15/2017,12/19/2017,Standard Class,KM-16660,Khloe Miller,Consumer,United States,Inglewood,California,90301.0,West,OFF-AP-10000027,Office Supplies,Appliances,Hoover Commercial SteamVac,54.32,4.0,0.0,16.296,CRM,,Urgent
9701.0,CA-2017-154116,12/15/2017,12/19/2017,Standard Class,KM-16660,Khloe Miller,Consumer,United States,Inglewood,California,90301.0,West,TEC-PH-10000675,Technology,Phones,Panasonic KX TS3282B Corded phone,196.776,3.0,0.2,14.7582,Manual Upload,Pending,
9702.0,CA-2016-105291,10/30/2016,11/4/2016,Standard Class,SP-20920,Susan Pistek,Consumer,United States,San Luis Obispo,California,93405.0,West,OFF-FA-10003059,Office Supplies,Fasteners,Assorted Color Push Pins,3.62,2.0,0.0,1.1946,ERP,Pending,Duplicate?
9703.0,CA-2017-147032,7/31/2017,8/4/2017,Standard Class,LB-16795,Laurel Beltran,Home Office,United States,Wilmington,Delaware,19805.0,East,OFF-PA-10003256,Office Supplies,Paper,Avery Personal Creations Heavyweight Cards,11.54,1.0,0.0,5.5392,CRM,Approved,
9704.0,CA-2017-147032,7/31/2017,8/4/2017,Standard Class,LB-16795,Laurel Beltran,Home Office,United States,Wilmington,Delaware,19805.0,East,OFF-BI-10003656,Office Supplies,Binders,Fellowes PB200 Plastic Comb Binding Machine,849.95,5.0,0.0,390.977,CRM,Pending,Urgent
9705.0,CA-2017-147032,7/31/2017,8/4/2017,Standard Class,LB-16795,Laurel Beltran,Home Office,United States,Wilmington,Delaware,19805.0,East,OFF-BI-10002897,Office Supplies,Binders,"Black Avery Memo-Size 3-Ring Binder, 5 1/2"" x 8 1/2""",11.01,3.0,0.0,5.3949,CRM,Approved,
9706.0,CA-2017-125990,10/19/2017,10/23/2017,Standard Class,JS-16030,Joy Smith,Consumer,United States,San Francisco,california,94122.0,West,OFF-BI-10004826,Office Supplies,Binders,JM Magazine Binder,39.624,3.0,0.2,13.8684,CRM,Approved,Check later
9707.0,CA-2016-161746,10/21/2016,10/27/2016,Standard Class,CS-11950,Carlos Soltero,Consumer,United States,Los Angeles,California,90045.0,West,FUR-CH-10004626,Furniture,Chairs,Office Star Flex Back Scooter Chair with Aluminum Finish Frame,242.136,3.0,0.2,12.1068,Legacy,,
9708.0,CA-2016-161746,10/21/2016,10/27/2016,Standard Class,CS-11950,Carlos Soltero,Consumer,United States,Los Angeles,California,90045.0,West,OFF-AR-10000390,Office Supplies,Art,Newell Chalk Holder,12.39,3.0,0.0,5.6994,Manual Upload,Rejected,Urgent
9709.0,CA-2016-161746,10/21/2016,10/27/2016,Standard Class,CS-11950,Carlos Soltero,Consumer,United States,Los Angeles,California,90045.0,West,FUR-FU-10003731,Furniture,Furnishings,"Eldon Expressions Wood and Plastic Desk Accessories, Oak",19.96,2.0,0.0,5.5888,Legacy,,Check later
9710.0,CA-2016-161746,10/21/2016,10/27/2016,Standard Class,CS-11950,Carlos Soltero,Consumer,United States,Los Angeles,California,90045.0,West,OFF-ST-10002743,Office Supplies,Storage,SAFCO Boltless Steel Shelving,340.92,3.0,0.0,3.4092,Manual Upload,Pending,
9711.0,CA-2014-114251,11/5/2014,11/10/2014,Standard Class,MD-17350,Maribeth Dona,Consumer,United States,Philadelphia,Pennsylvania,19143.0,East,FUR-FU-10001468,Furniture,Furnishings,Tenex Antistatic Computer Chair Mats,273.568,2.0,0.2,-34.196,Manual Upload,Rejected,
9712.0,CA-2014-114251,11/5/2014,11/10/2014,Standard Class,MD-17350,Maribeth Dona,Consumer,United States,Philadelphia,Pennsylvania,19143.0,East,OFF-BI-10003684,Office Supplies,Binders,Wilson Jones Legal Size Ring Binders,13.194,2.0,0.7,-8.796,ERP,Pending,Duplicate?
9713.0,CA-2014-114251,11/5/2014,11/10/2014,Standard Class,MD-17350,Maribeth Dona,Consumer,United States,Philadelphia,Pennsylvania,19143.0,East,OFF-ST-10003716,Office Supplies,Storage,Tennsco Double-Tier Lockers,1080.096,6.0,0.2,-94.5084,CRM,Pending,
9714.0,CA-2014-114251,11/5/2014,11/10/2014,Standard Class,MD-17350,Maribeth Dona,Consumer,United States,Philadelphia,Pennsylvania,19143.0,East,TEC-AC-10001101,Technology,Accessories,Sony 16GB Class 10 Micro SDHC R40 Memory Card,51.56,5.0,0.2,-6.445,ERP,Rejected,Check later
9715.0,CA-2014-114251,11/5/2014,11/10/2014,Standard Class,MD-17350,Maribeth Dona,Consumer,United States,Philadelphia,Pennsylvania,19143.0,East,TEC-AC-10004864,Technology,Accessories,Memorex Micro Travel Drive 32 GB,58.416,2.0,0.2,16.7946,Manual Upload,Pending,Check later
9716.0,CA-2016-116379,11/7/2016,11/12/2016,Standard Class,LD-17005,Lisa DeCherney,Consumer,United States,San Francisco,California,94122.0,West,OFF-BI-10001543,Office Supplies,Binders,GBC VeloBinder Manual Binding System,57.584,2.0,0.2,20.1544,ERP,Pending,Duplicate?
9717.0,US-2016-144477,8/12/2016,8/14/2016,Second Class,DB-13270,Deborah Brumfield,Home Office,United States,Philadelphia,Pennsylvania,19134.0,East,OFF-AR-10000914,Office Supplies,Art,Boston 16765 Mini Stand Up Battery Pencil Sharpener,37.312,4.0,0.2,2.7984,Legacy,,
9718.0,CA-2016-108210,5/30/2016,5/31/2016,Same Day,AT-10735,Annie Thurman,Consumer,United States,Houston,Texas,77041.0,Central,TEC-PH-10002293,Technology,Phones,Anker 36W 4-Port USB Wall Charger Travel Power Adapter for iPhone 5s 5c 5,79.96,5.0,0.2,7.996,ERP,Rejected,Check later
9719.0,CA-2016-108210,5/30/2016,5/31/2016,Same Day,AT-10735,Annie Thurman,Consumer,United States,Houston,Texas,77041.0,Central,TEC-AC-10000109,Technology,Accessories,Sony Micro Vault Click 16 GB USB 2.0 Flash Drive,223.96,5.0,0.2,11.198,Manual Upload,Rejected,Urgent
9720.0,CA-2017-166835,11/12/2017,11/14/2017,Second Class,DK-13375,Dennis Kane,Consumer,United States,Lancaster,Pennsylvania,17602.0,East,OFF-ST-10002574,Office Supplies,Storage,"SAFCO Commercial Wire Shelving, Black",221.024,2.0,0.2,-55.256,Legacy,Rejected,Urgent
9721.0,CA-2016-119641,9/22/2016,9/26/2016,Standard Class,CS-12250,Chris Selesnick,Corporate,United States,Green Bay,Wisconsin,54302.0,Central,FUR-FU-10002445,Furniture,Furnishings,"DAX Two-Tone Rosewood/Black Document Frame, Desktop, 5 x 7",18.96,2.0,0.0,7.584,Manual Upload,Rejected,Duplicate?
9722.0,CA-2016-105781,2/16/2016,2/20/2016,Standard Class,JF-15565,Jill Fjeld,Consumer,United States,New York City,New York,10024.0,East,FUR-CH-10001802,Furniture,Chairs,Hon Every-Day Chair Series Swivel Task Chairs,326.646,3.0,0.1,39.9234,Legacy,,Duplicate?
9723.0,CA-2016-105781,2/16/2016,2/20/2016,Standard Class,JF-15565,Jill Fjeld,Consumer,United States,New York City,New York,10024.0,East,TEC-AC-10003628,Technology,Accessories,Logitech 910-002974 M325 Wireless Mouse for Web Scrolling,89.97,3.0,0.0,50000.0,CRM,Approved,Urgent
9724.0,CA-2014-101364,12/22/2014,12/26/2014,Standard Class,TW-21025,Tamara Willingham,Home Office,United States,New York City,New York,10011.0,East,OFF-BI-10003984,Office Supplies,Binders,Lock-Up Easel 'Spel-Binder',296.712,13.0,0.2,100.1403,Legacy,Approved,Duplicate?
9725.0,CA-2015-117898,12/5/2015,12/11/2015,Standard Class,TB-21250,Tim Brockman,Consumer,United States,Bloomington,Illinois,61701.0,Central,OFF-EN-10004459,Office Supplies,Envelopes,Security-Tint Envelopes,12.224,2.0,0.2,4.4312,ERP,,Duplicate?
9726.0,CA-2017-142293,17-09-2017,9/20/2017,First Class,SC-20380,Shahid Collister,Consumer,United States,Boise,Idaho,83704.0,West,TEC-AC-10001109,Technology,Accessories,Logitech Trackman Marble Mouse,89.97,3.0,0.0,37.7874,ERP,,
9727.0,CA-2017-167395,12/2/2017,12/4/2017,First Class,KM-16720,Kunst Miller,Consumer,United States,Lowell,Massachusetts,1852.0,East,OFF-AP-10001293,Office Supplies,Appliances,Belkin 8 Outlet Surge Protector,286.86,7.0,0.0,80.3208,Legacy,Rejected,Duplicate?
9728.0,CA-2017-167395,12/2/2017,12/4/2017,First Class,KM-16720,Kunst Miller,Consumer,United States,Lowell,Massachusetts,1852.0,East,TEC-PH-10004977,Technology,Phones,GE 30524EE4,979.95,5.0,0.0,284.1855,Legacy,,Check later
9729.0,CA-2017-167395,12/2/2017,12/4/2017,First Class,KM-16720,Kunst Miller,Consumer,United States,Lowell,Massachusetts,1852.0,East,OFF-SU-10001935,Office Supplies,Supplies,Staple remover,4.36,2.0,0.0,0.1744,Manual Upload,Pending,Check later
9730.0,CA-2014-111962,9/29/2014,10/4/2014,Standard Class,EB-14170,Evan Bailliet,Consumer,United States,Seattle,Washington,98115.0,West,OFF-BI-10001308,Office Supplies,Binders,GBC Standard Plastic Binding Systems' Combs,10.048,2.0,0.2,3.14,Legacy,Pending,Check later
9731.0,CA-2014-111962,9/29/2014,10/4/2014,Standard Class,EB-14170,Evan Bailliet,Consumer,United States,Seattle,Washington,98115.0,West,OFF-ST-10000046,Office Supplies,Storage,Fellowes Super Stor/Drawer Files,807.75,5.0,0.0,153.4725,Manual Upload,Rejected,Duplicate?
9732.0,CA-2017-124261,11/14/2017,11/19/2017,Standard Class,JE-15715,Joe Elijah,Consumer,United States,Los Angeles,California,90049.0,West,OFF-AR-10003504,Office Supplies,Art,Newell 347,34.24,8.0,0.0,9.9296,Manual Upload,Approved,
9733.0,CA-2014-114321,8/20/2014,8/25/2014,Standard Class,NC-18535,Nick Crebassa,Corporate,United States,Hampton,Virginia,23666.0,South,FUR-CH-10001797,Furniture,Chairs,"Safco Chair Connectors, 6/Carton",500.24,13.0,0.0,145.0696,Legacy,Approved,Duplicate?
9734.0,CA-2014-114321,8/20/2014,8/25/2014,Standard Class,NC-18535,Nick Crebassa,Corporate,United States,Hampton,Virginia,23666.0,South,OFF-PA-10000246,Office Supplies,Paper,Riverleaf Stik-Withit Designer Note Cubes,20.12,2.0,0.0,9.2552,ERP,Approved,Urgent
9735.0,CA-2014-114321,8/20/2014,8/25/2014,Standard Class,NC-18535,Nick Crebassa,Corporate,United States,Hampton,Virginia,23666.0,South,OFF-BI-10001359,Office Supplies,Binders,GBC DocuBind TL300 Electric Binding System,896.99,1.0,0.0,421.5853,Legacy,,Urgent
9736.0,CA-2014-128062,11/19/2014,11/22/2014,Second Class,AD-10180,Alan Dominguez,Home Office,United States,Philadelphia,Pennsylvania,19134.0,East,OFF-PA-10001583,Office Supplies,Paper,"1/4 Fold Party Design Invitations & White Envelopes, 24 8-1/2"" X 11"" Cards, 25 Env./Pack",5.88,1.0,0.2,1.9845,ERP,Pending,
9737.0,US-2015-100069,6/29/2015,7/3/2015,Standard Class,NF-18475,Neil Französisch,Home Office,United States,Omaha,Nebraska,68104.0,Central,TEC-PH-10004667,Technology,Phones,Cisco 8x8 Inc. 6753i IP Business Phone System,269.98,2.0,0.0,72.8946,Legacy,Approved,Check later
9738.0,CA-2017-129294,3/16/2017,3/21/2017,Standard Class,KD-16615,Ken Dana,Corporate,United States,Los Angeles,California,90032.0,West,OFF-ST-10002615,Office Supplies,Storage,"Dual Level, Single-Width Filing Carts",310.12,2.0,0.0,80.6312,CRM,,Check later
9739.0,CA-2017-129294,3/16/2017,3/21/2017,Standard Class,KD-16615,Ken Dana,Corporate,United States,Los Angeles,California,90032.0,West,OFF-BI-10004236,Office Supplies,Binders,"XtraLife ClearVue Slant-D Ring Binder, White, 3""",70.464,6.0,0.2,22.9008,ERP,Rejected,
9740.0,CA-2017-129294,3/16/2017,3/21/2017,Standard Class,KD-16615,Ken Dana,Corporate,United States,Los Angeles,California,90032.0,West,OFF-BI-10001757,Office Supplies,Binders,Pressboard Hanging Data Binders for Unburst Sheets,19.68,5.0,0.2,6.888,Manual Upload,Rejected,Duplicate?
9741.0,CA-2017-129294,3/16/2017,3/21/2017,Standard Class,KD-16615,Ken Dana,Corporate,United States,Los Angeles,California,90032.0,West,OFF-AP-10001154,Office Supplies,Appliances,Bionaire Personal Warm Mist Humidifier/Vaporizer,140.67,3.0,0.0,54.8613,ERP,Approved,Duplicate?
9742.0,CA-2015-117086,11/8/2015,11/12/2015,Standard Class,QJ-19255,Quincy Jones,Corporate,United States,Burlington,Vermont,5408.0,East,FUR-BO-10004834,Furniture,Bookcases,"Riverside Palais Royal Lawyers Bookcase, Royale Cherry Finish",4404.9,5.0,0.0,1013.127,CRM,Approved,Urgent
9743.0,CA-2017-131303,11/28/2017,12/2/2017,Standard Class,EP-13915,Emily Phan,Consumer,United States,San Diego,California,92037.0,West,OFF-LA-10001074,Office Supplies,Labels,Round Specialty Laser Printer Labels,62.65,5.0,0.0,29.4455,Legacy,,Urgent
9744.0,CA-2016-137127,6/16/2016,6/22/2016,Standard Class,JJ-15445,Jennifer Jackson,Consumer,United States,Newark,Delaware,19711.0,East,OFF-LA-10001641,Office Supplies,Labels,Avery 518,9.45,3.0,0.0,4.536,ERP,,Check later
9745.0,CA-2017-141782,1/21/2017,1/25/2017,Standard Class,BE-11410,Bobby Elias,Consumer,United States,Aurora,Illinois,60505.0,Central,OFF-EN-10002230,Office Supplies,Envelopes,Airmail Envelopes,268.576,4.0,0.2,90.6444,Legacy,Pending,Duplicate?
9746.0,CA-2017-137505,11/24/2017,11/24/2017,Same Day,BP-11290,Beth Paige,Consumer,United States,Los Angeles,California,90008.0,West,FUR-TA-10000617,Furniture,Tables,"Hon Practical Foundations 30 x 60 Training Table, Light Gray/Charcoal",364.08,2.0,0.2,9.102,CRM,Approved,
9747.0,CA-2017-137505,11/24/2017,11/24/2017,Same Day,BP-11290,Beth Paige,Consumer,United States,Los Angeles,California,90008.0,West,FUR-TA-10001676,Furniture,Tables,Hon 61000 Series Interactive Training Tables,71.088,2.0,0.2,-1.7772,Manual Upload,Pending,Urgent
9748.0,US-2014-140914,11/11/2014,11/15/2014,Standard Class,BH-11710,Brosina Hoffman,Consumer,United States,Chicago,Illinois,60653.0,Central,FUR-FU-10000175,Furniture,Furnishings,DAX Wood Document Frame.,10.984,2.0,0.6,-7.9634,Manual Upload,Approved,Check later
9749.0,US-2014-140914,11/11/2014,11/15/2014,Standard Class,BH-11710,Brosina Hoffman,Consumer,United States,Chicago,Illinois,60653.0,Central,FUR-CH-10003379,Furniture,Chairs,Global Commerce Series High-Back Swivel/Tilt Chairs,797.944,4.0,0.3,-56.996,Legacy,Approved,Urgent
9750.0,CA-2016-158358,3/4/2016,3/8/2016,Standard Class,EM-13810,Eleni McCrary,Corporate,United States,Dover,New Hampshire,3820.0,East,TEC-AC-10002567,Technology,Accessories,Logitech G602 Wireless Gaming Mouse,159.98,2.0,0.0,57.5928,Manual Upload,Approved,Duplicate?
9751.0,CA-2016-113390,10/11/2016,10/15/2016,Standard Class,EP-13915,Emily Phan,Consumer,United States,Chicago,Illinois,60610.0,Central,OFF-AR-10003183,Office Supplies,Art,Avery Fluorescent Highlighter Four-Color Set,5.344,2.0,0.2,0.668,Legacy,Rejected,Check later
9752.0,CA-2016-113390,10/11/2016,10/15/2016,Standard Class,EP-13915,Emily Phan,Consumer,United States,Chicago,Illinois,60610.0,Central,OFF-AR-10001446,Office Supplies,Art,Newell 309,27.72,3.0,0.2,3.465,Manual Upload,Approved,Check later
9753.0,US-2016-158680,7/1/2016,7/2/2016,First Class,NZ-18565,Nick Zandusky,Home Office,United States,Seattle,Washington,98115.0,West,OFF-BI-10000145,Office Supplies,Binders,Zipper Ring Binder Pockets,2.496,1.0,0.2,0.9048,ERP,,Duplicate?
9754.0,CA-2017-113705,3/27/2017,3/29/2017,Second Class,LC-16870,Lena Cacioppo,Consumer,United States,Richmond,Virginia,23223.0,South,OFF-LA-10000476,Office Supplies,Labels,"Avery 05222 Permanent Self-Adhesive File Folder Labels for Typewriters, on Rolls, White, 250/Roll",8.26,2.0,0.0,3.7996,Manual Upload,Approved,
9755.0,CA-2017-113705,3/27/2017,3/29/2017,Second Class,LC-16870,Lena Cacioppo,Consumer,United States,Richmond,Virginia,23223.0,South,OFF-BI-10001679,Office Supplies,Binders,GBC Instant Index System for Binding Systems,17.76,2.0,0.0,8.88,CRM,Rejected,Duplicate?
9756.0,CA-2017-113705,3/27/2017,3/29/2017,Second Class,LC-16870,Lena Cacioppo,Consumer,United States,Richmond,Virginia,23223.0,South,OFF-ST-10001128,Office Supplies,Storage,"Carina Mini System Audio Rack, Model AR050B",332.94,3.0,0.0,9.9882,ERP,,
9757.0,CA-2017-113705,3/27/2017,3/29/2017,Second Class,LC-16870,Lena Cacioppo,Consumer,United States,Richmond,Virginia,23223.0,South,FUR-TA-10002533,Furniture,Tables,BPI Conference Tables,292.1,2.0,0.0,58.42,CRM,Rejected,
9758.0,CA-2017-113705,3/27/2017,3/29/2017,Second Class,LC-16870,Lena Cacioppo,Consumer,United States,Richmond,Virginia,23223.0,South,TEC-PH-10004006,Technology,Phones,Panasonic KX - TS880B Telephone,206.1,5.0,0.0,55.647,ERP,Approved,Duplicate?
9759.0,CA-2017-113705,3/27/2017,3/29/2017,Second Class,LC-16870,Lena Cacioppo,Consumer,United States,Richmond,Virginia,23223.0,South,OFF-PA-10002615,Office Supplies,Paper,"Ampad Gold Fibre Wirebound Steno Books, 6"" x 9"", Gregg Ruled",17.64,4.0,0.0,8.1144,CRM,Rejected,Check later
9760.0,CA-2016-146913,10/31/2016,11/5/2016,Standard Class,SF-20965,Sylvia Foulston,Corporate,United States,San Francisco,California,94109.0,West,FUR-CH-10001854,Furniture,Chairs,Office Star - Professional Matrix Back Chair with 2-to-1 Synchro Tilt and Mesh Fabric Seat,1403.92,5.0,0.2,70.196,Legacy,Approved,Check later
9761.0,CA-2017-159135,11/4/2017,11/8/2017,Standard Class,KM-16375,Katherine Murray,Home Office,United States,Springdale,Arkansas,72762.0,South,OFF-AR-10000657,Office Supplies,Art,"Binney & Smith inkTank Desk Highlighter, Chisel Tip, Yellow, 12/Box",4.3,2.0,0.0,1.419,Manual Upload,Rejected,Urgent
9762.0,CA-2014-121762,2/14/2014,2/18/2014,Standard Class,ML-17395,Marina Lichtenstein,Corporate,United States,Seattle,Washington,98103.0,West,TEC-AC-10000736,Technology,Accessories,Logitech G600 MMO Gaming Mouse,239.97,3.0,0.0,0.0,ERP,Approved,
9763.0,CA-2014-121762,2/14/2014,2/18/2014,Standard Class,ML-17395,Marina Lichtenstein,Corporate,United States,Seattle,Washington,98103.0,West,OFF-AP-10001293,Office Supplies,Appliances,Belkin 8 Outlet Surge Protector,81.96,2.0,0.0,22.9488,Legacy,Rejected,
9764.0,CA-2014-121762,2/14/2014,2/18/2014,Standard Class,ML-17395,Marina Lichtenstein,Corporate,United States,Seattle,Washington,98103.0,West,OFF-SU-10000157,Office Supplies,Supplies,Compact Automatic Electric Letter Opener,238.62,2.0,0.0,4.7724,CRM,,
9765.0,CA-2014-123855,6/18/2014,6/23/2014,Standard Class,MC-18100,Mick Crebagga,Consumer,United States,Los Angeles,California,90036.0,West,TEC-PH-10000215,Technology,Phones,Plantronics Cordless Phone Headset with In-line Volume - M214C,139.8,5.0,0.2,12.2325,CRM,Pending,Urgent
9766.0,CA-2017-101959,2/28/2017,3/6/2017,Standard Class,DB-13660,Duane Benoit,Consumer,United States,Middletown,Connecticut,6457.0,East,OFF-BI-10001757,Office Supplies,Binders,Pressboard Hanging Data Binders for Unburst Sheets,9.84,2.0,0.0,4.7232,Manual Upload,Rejected,Check later
9767.0,CA-2017-101959,2/28/2017,3/6/2017,Standard Class,DB-13660,Duane Benoit,Consumer,United States,Middletown,Connecticut,6457.0,East,OFF-PA-10002137,Office Supplies,Paper,"Southworth 100% Résumé Paper, 24lb.",7.78,1.0,0.0,3.501,ERP,Approved,Urgent
9768.0,CA-2017-102659,12/9/2017,12/15/2017,Standard Class,LW-17215,Luke Weiss,Consumer,United States,Grand Rapids,Michigan,49505.0,Central,OFF-BI-10000088,Office Supplies,Binders,GBC Imprintable Covers,54.9,5.0,0.0,26.901,Legacy,,Check later
9769.0,CA-2017-142328,12/7/2017,12/14/2017,Standard Class,TC-21535,Tracy Collins,Home Office,United States,San Francisco,California,94122.0,West,OFF-PA-10000380,Office Supplies,Paper,"REDIFORM Incoming/Outgoing Call Register, 11"" X 8 1/2"", 100 Messages",50.04,6.0,0.0,25.02,ERP,Rejected,Check later
9770.0,CA-2016-123533,11/24/2016,11/30/2016,Standard Class,SC-20050,Sample Company A,Home Office,United States,Hialeah,Florida,33012.0,South,FUR-BO-10001619,Furniture,Bookcases,O'Sullivan Cherrywood Estates Traditional Bookcase,339.92,5.0,0.2,8.498,Manual Upload,Pending,
9771.0,CA-2016-123533,11/24/2016,11/30/2016,Standard Class,SC-20050,Sample Company A,Home Office,United States,Hialeah,Florida,33012.0,South,OFF-PA-10001609,Office Supplies,Paper,Tops Wirebound Message Log Books,10.528,4.0,0.2,3.4216,Legacy,Pending,
9772.0,CA-2016-123533,11/24/2016,11/30/2016,Standard Class,SC-20050,Sample Company A,Home Office,United States,Hialeah,Florida,33012.0,South,OFF-AP-10002765,Office Supplies,Appliances,Fellowes Advanced Computer Series Surge Protectors,42.384,2.0,0.2,4.2384,CRM,Approved,Duplicate?
9773.0,CA-2016-104983,7/3/2016,7/3/2016,Same Day,FM-14215,Filia McAdams,Corporate,United States,Philadelphia,Pennsylvania,19143.0,East,OFF-PA-10000167,Office Supplies,Paper,Xerox 1925,123.92,5.0,0.2,38.725,Manual Upload,Pending,
9774.0,CA-2016-160234,6/26/2016,7/3/2016,Standard Class,PF-19225,Phillip Flathmann,consumer,United States,Atlanta,Georgia,30318.0,South,TEC-PH-10004434,Technology,Phones,Cisco IP Phone 7961G VoIP phone - Dark gray,135.95,1.0,0.0,39.4255,Manual Upload,,Check later
9775.0,CA-2014-169019,7/26/2014,7/30/2014,Standard Class,LF-17185,Luke Foster,Consumer,United States,San Antonio,Texas,78207.0,Central,OFF-BI-10004995,Office Supplies,Binders,GBC DocuBind P400 Electric Binding System,2177.584,8.0,0.8,-3701.8928,ERP,,Urgent
9776.0,CA-2014-169019,7/26/2014,7/30/2014,Standard Class,LF-17185,Luke Foster,Consumer,United States,San Antonio,Texas,78207.0,Central,FUR-FU-10004666,Furniture,Furnishings,DAX Clear Channel Poster Frame,17.496,3.0,0.6,-10.0602,Legacy,,
9777.0,CA-2014-169019,7/26/2014,7/30/2014,Standard Class,LF-17185,Luke Foster,Consumer,United States,San Antonio,Texas,78207.0,Central,OFF-BI-10001524,Office Supplies,Binders,GBC Premium Transparent Covers with Diagonal Lined Pattern,16.784,4.0,0.8,-26.8544,CRM,Approved,Urgent
9778.0,CA-2014-169019,7/26/2014,7/30/2014,Standard Class,LF-17185,Luke Foster,Consumer,United States,San Antonio,Texas,78207.0,Central,TEC-AC-10002076,Technology,Accessories,Microsoft Natural Keyboard Elite,431.136,9.0,0.2,-26.946,Legacy,Rejected,Urgent
9779.0,CA-2014-169019,7/26/2014,7/30/2014,Standard Class,LF-17185,Luke Foster,Consumer,United States,San Antonio,Texas,78207.0,Central,OFF-BI-10001679,Office Supplies,Binders,GBC Instant Index System for Binding Systems,8.88,5.0,0.8,-13.32,CRM,,Check later
9780.0,CA-2014-169019,7/26/2014,7/30/2014,Standard Class,LF-17185,Luke Foster,Consumer,United States,San Antonio,Texas,78207.0,Central,OFF-AP-10003281,Office Supplies,Appliances,Acco 6 Outlet Guardian Standard Surge Suppressor,4.836,2.0,0.8,-12.09,ERP,Approved,
9781.0,CA-2016-153178,9/14/2016,9/18/2016,Standard Class,CL-12565,Clay Ludtke,Consumer,United States,Long Beach,New York,11561.0,East,TEC-PH-10001944,Technology,Phones,Wi-Ex zBoost YX540 Cellular Phone Signal Booster,437.85,3.0,0.0,131.355,Legacy,Pending,Duplicate?
9782.0,CA-2016-153178,9/14/2016,9/18/2016,Standard Class,CL-12565,Clay Ludtke,Consumer,United States,Long Beach,New York,11561.0,East,OFF-BI-10004390,Office Supplies,Binders,GBC DocuBind 200 Manual Binding Machine,673.568,2.0,0.2,252.588,CRM,Approved,Duplicate?
9783.0,CA-2015-149748,5/31/2015,6/2/2015,Second Class,EM-13825,Elizabeth Moffitt,Corporate,United States,Paterson,New Jersey,7501.0,East,OFF-PA-10002120,Office Supplies,Paper,Xerox 1889,274.8,5.0,0.0,134.652,Manual Upload,Approved,
9784.0,CA-2015-149748,5/31/2015,6/2/2015,Second Class,EM-13825,Elizabeth Moffitt,Corporate,United States,Paterson,New Jersey,7501.0,East,OFF-ST-10004340,Office Supplies,Storage,"Fellowes Mobile File Cart, Black",62.18,1.0,0.0,16.7886,Legacy,Approved,
9785.0,CA-2015-149748,5/31/2015,6/2/2015,Second Class,EM-13825,Elizabeth Moffitt,Corporate,United States,Paterson,New Jersey,7501.0,East,FUR-FU-10001847,Furniture,Furnishings,Eldon Image Series Black Desk Accessories,8.28,2.0,0.0,2.9808,Manual Upload,,Urgent
9786.0,CA-2015-155635,5/9/2015,5/13/2015,Standard Class,ME-17725,Max Engle,Consumer,United States,Louisville,Kentucky,40214.0,South,OFF-BI-10000962,Office Supplies,Binders,"Acco Flexible ACCOHIDE Square Ring Data Binder, Dark Blue, 11 1/2"" X 14"" 7/8""",48.81,3.0,0.0,23.9169,CRM,Pending,
9787.0,US-2014-114377,11/5/2014,11/5/2014,Same Day,BG-11035,Barry Gonzalez,Consumer,United States,Hampton,Virginia,23666.0,South,FUR-CH-10004754,Furniture,Chairs,"Global Stack Chair with Arms, Black",149.9,5.0,0.0,40.473,Legacy,Approved,
9788.0,CA-2017-144491,3/27/2017,4/1/2017,Standard Class,CJ-12010,Caroline Jumper,Consumer,United States,Houston,Texas,77070.0,Central,FUR-BO-10001811,Furniture,Bookcases,"Atlantic Metals Mobile 5-Shelf Bookcases, Custom Colors",1023.332,5.0,0.32,-30.098,CRM,Pending,Duplicate?
9789.0,CA-2017-144491,3/27/2017,4/1/2017,Standard Class,CJ-12010,Caroline Jumper,Consumer,United States,Houston,Texas,77070.0,Central,FUR-CH-10004063,Furniture,Chairs,Global Deluxe High-Back Manager's Chair,600.558,3.0,0.3,-8.5794,Legacy,,Check later
9790.0,CA-2017-144491,3/27/2017,4/1/2017,Standard Class,CJ-12010,Caroline Jumper,Consumer,United States,Houston,Texas,77070.0,Central,TEC-AC-10004901,Technology,Accessories,Kensington SlimBlade Notebook Wireless Mouse with Nano Receiver ,39.992,1.0,0.2,6.9986,Legacy,Approved,Urgent
9791.0,CA-2017-144491,3/27/2017,4/1/2017,Standard Class,CJ-12010,Caroline Jumper,Consumer,United States,Houston,Texas,77070.0,Central,FUR-CH-10001714,Furniture,Chairs,"Global Leather & Oak Executive Chair, Burgundy",211.246,2.0,0.3,-66.3916,Manual Upload,Pending,
9792.0,CA-2014-127166,5/21/2014,5/23/2014,Second Class,KH-16360,Katherine Hughes,Consumer,United States,Houston,Texas,77070.0,Central,OFF-EN-10003134,Office Supplies,Envelopes,Staple envelope,56.064,6.0,0.2,21.024,Manual Upload,Rejected,Duplicate?
9793.0,CA-2014-127166,5/21/2014,5/23/2014,Second Class,KH-16360,Katherine Hughes,Consumer,United States,Houston,Texas,77070.0,Central,FUR-CH-10003396,Furniture,Chairs,Global Deluxe Steno Chair,107.772,2.0,0.3,-29.2524,Legacy,Rejected,Check later
9794.0,CA-2014-127166,5/21/2014,5/23/2014,Second Class,KH-16360,Katherine Hughes,Consumer,United States,Houston,Texas,77070.0,Central,OFF-PA-10001560,Office Supplies,Paper,"Adams Telephone Message Books, 5 1/4 x 11",4.832,1.0,0.2,1.6308,CRM,Pending,Check later
9795.0,CA-2014-127166,5/21/2014,5/23/2014,SecondClass,KH-16360,Katherine Hughes,Consumer,United States,Houston,Texas,77070.0,Central,OFF-BI-10000977,Office Supplies,Binders,Ibico Plastic Spiral Binding Combs,18.24,3.0,0.8,-31.008,CRM,Pending,Urgent
9796.0,CA-2016-125920,5/21/2016,5/28/2016,Standard Class,SH-19975,Sally Hughsby,Corporate,United States,Chicago,Illinois,60610.0,Central,OFF-BI-10003429,Office Supplies,Binders,"Cardinal HOLDit! Binder Insert Strips,Extra Strips",3.798,3.0,0.8,50000.0,CRM,Pending,Duplicate?
9797.0,CA-2015-128608,1/12/2015,1/17/2015,Standard Class,CS-12490,Cindy Schnelling,Corporate,United States,Toledo,Ohio,43615.0,East,OFF-AR-10001374,Office Supplies,Art,"BIC Brite Liner Highlighters, Chisel Tip",10.368,2.0,0.2,1.5552,Manual Upload,Pending,
9798.0,CA-2015-128608,1/12/2015,1/17/2015,Standard Class,CS-12490,Cindy Schnelling,Corporate,United States,Toledo,Ohio,43615.0,East,TEC-PH-10004977,Technology,Phones,GE 30524EE4,235.188,2.0,0.4,-43.1178,Manual Upload,Approved,Duplicate?
9799.0,CA-2015-128608,1/12/2015,1/17/2015,Standard Class,CS-12490,Cindy Schnelling,Corporate,United States,Toledo,Ohio,43615.0,East,TEC-PH-10000912,Technology,Phones,Anker 24W Portable Micro USB Car Charger,26.376,4.0,0.4,2.6376,Legacy,Approved,
9800.0,CA-2015-128608,1/12/2015,Jan 17 2015,Standard Class,CS-12490,Cindy Schnelling,Corporate,United States,Toledo,Ohio,43615.0,East,TEC-AC-10000487,Technology,Accessories,SanDisk Cruzer 4 GB USB Flash Drive,10.384,2.0,0.2,2.2066,Legacy,,
9801.0,CA-2015-128608,12-01-2015,1/17/2015,Standard Class,CS-12490,Cindy Schnelling,Corporate,United States,Toledo,Ohio,43615.0,East,TEC-PH-10002262,Technology,Phones,LG Electronics Tone+ HBS-730 Bluetooth Headset,107.118,3.0,0.4,-21.4236,Legacy,,
9802.0,CA-2017-137918,9/29/2017,10/6/2017,Standard Class,JK-15730,Joe Kamberova,Consumer,United States,Lodi,California,95240.0,West,OFF-SU-10000898,Office Supplies,Supplies,"Acme Hot Forged Carbon Steel Scissors with Nickel-Plated Handles, 3 7/8"" Cut, 8""L",97.3,7.0,0.0,28.217,Manual Upload,Approved,Urgent
9803.0,CA-2015-122973,7/18/2015,7/20/2015,Second Class,PJ-19015,Pauline Johnson,Consumer,United States,New York City,New York,10024.0,East,OFF-BI-10004182,Office Supplies,Binders,Economy Binders,3.328,2.0,0.2,1.2064,CRM,Rejected,Duplicate?
9804.0,CA-2015-122973,7/18/2015,7/20/2015,Second Class,PJ-19015,Pauline Johnson,Consumer,United States,New York City,New York,10024.0,East,TEC-PH-10002468,Technology,Phones,"Plantronics CS 50-USB - headset - Convertible, Monaural",135.99,1.0,0.0,36.7173,Manual Upload,Approved,
9805.0,CA-2015-122973,7/18/2015,7/20/2015,Second Class,PJ-19015,Pauline Johnson,Consumer,United States,New York City,New York,10024.0,East,FUR-FU-10002364,Furniture,Furnishings,"Eldon Expressions Wood Desk Accessories, Oak",7.38,1.0,0.0,2.1402,CRM,Approved,Check later
9806.0,CA-2016-136322,10/21/2016,10/26/2016,Standard Class,AP-10720,Anne Pryor,Home Office,United States,Fort Lauderdale,Florida,33311.0,South,FUR-FU-10002878,Furniture,Furnishings,"Seth Thomas 14"" Day/Date Wall Clock",45.568,2.0,0.2,9.6832,Manual Upload,Rejected,Check later
9807.0,CA-2016-136322,10/21/2016,2016-10-26,Standard Class,AP-10720,Anne Pryor,Home Office,United States,Fort Lauderdale,Florida,33311.0,South,OFF-BI-10004817,Office Supplies,Binders,GBC Personal VeloBind Strips,28.752,8.0,0.7,-21.0848,CRM,Pending,Check later
9808.0,CA-2017-107209,7/27/2017,8/1/2017,Second Class,JW-15955,Joni Wasserman,Consumer,United States,Raleigh,North Carolina,27604.0,South,FUR-CH-10001146,Furniture,Chairs,"Global Value Mid-Back Manager's Chair, Gray",194.848,4.0,0.2,12.178,ERP,,
9809.0,CA-2017-145093,7/21/2017,7/26/2017,Standard Class,PT-19090,Pete Takahito,Consumer,United States,Chicago,Illinois,60623.0,Central,OFF-BI-10001116,Office Supplies,Binders,"Wilson Jones 1"" Hanging DublLock Ring Binders",2.112,2.0,0.8,-3.3792,CRM,Rejected,
9810.0,US-2014-139640,11/7/2014,11/11/2014,Second Class,TB-21595,Troy Blackwell,Consumer,United States,Portland,Oregon,97206.0,West,OFF-PA-10000304,Office Supplies,Paper,Xerox 1995,25.92,5.0,0.2,9.072,CRM,Rejected,
9811.0,US-2014-139640,11/7/2014,11/11/2014,Second Class,TB-21595,Troy Blackwell,Consumer,United States,Portland,Oregon,97206.0,West,OFF-AR-10002240,Office Supplies,Art,Panasonic KP-150 Electric Pencil Sharpener,120.768,4.0,0.2,9.0576,Legacy,Rejected,Urgent
9812.0,CA-2016-117583,11/27/2016,11/30/2016,First Class,CB-12025,Cassandra Brandow,Consumer,United States,East Orange,New Jersey,7017.0,East,OFF-PA-10001246,Office Supplies,Paper,Xerox 215,25.92,4.0,0.0,12.4416,ERP,Pending,
9813.0,CA-2016-117583,11/27/2016,11/30/2016,First Class,CB-12025,Cassandra Brandow,Consumer,United States,East Orange,New Jersey,7017.0,East,OFF-AR-10000658,Office Supplies,Art,Newell 324,34.65,3.0,0.0,9.702,ERP,Pending,Check later
9814.0,CA-2016-117583,11/27/2016,11/30/2016,First Class,CB-12025,Cassandra Brandow,Consumer,United States,East Orange,New Jersey,7017.0,East,OFF-PA-10000100,Office Supplies,Paper,Xerox 1945,204.95,5.0,0.0,100.4255,Manual Upload,Rejected,Check later
9815.0,CA-2016-117583,11/27/2016,11/30/2016,First Class,CB-12025,Cassandra Brandow,Consumer,United States,East Orange,New Jersey,7017.0,East,OFF-BI-10004233,Office Supplies,Binders,"GBC Pre-Punched Binding Paper, Plastic, White, 8-1/2"" x 11""",79.95,5.0,0.0,38.376,ERP,,
9816.0,CA-2015-162201,6/8/2015,6/12/2015,Standard Class,AG-10495,Andrew Gjertsen,Corporate,United States,Saint Petersburg,Florida,33710.0,South,OFF-PA-10002581,Office Supplies,Paper,Xerox 1951,173.488,7.0,0.2,54.215,Manual Upload,Approved,
9817.0,CA-2015-162201,6/8/2015,6/12/2015,Standard Class,AG-10495,Andrew Gjertsen,Corporate,United States,Saint Petersburg,Florida,33710.0,South,OFF-ST-10000046,Office Supplies,Storage,Fellowes Super Stor/Drawer Files,516.96,4.0,0.2,-6.462,CRM,Approved,Urgent
9818.0,CA-2015-162201,6/8/2015,6/12/2015,Standard Class,AG-10495,Andrew Gjertsen,Corporate,United States,Saint Petersburg,Florida,33710.0,South,FUR-FU-10001185,Furniture,Furnishings,"Advantus Employee of the Month Certificate Frame, 11 x 13-1/2",173.208,7.0,0.2,45.4671,ERP,Approved,
9819.0,CA-2015-162201,6/8/2015,6/12/2015,Standard Class,AG-10495,Andrew Gjertsen,Corporate,United States,Saint Petersburg,Florida,33710.0,South,OFF-AR-10003856,Office Supplies,Art,Newell 344,4.448,2.0,0.2,0.3336,ERP,Rejected,
9820.0,CA-2015-162201,6/8/2015,6/12/2015,Standard Class,AG-10495,Andrew Gjertsen,Corporate,United States,Saint Petersburg,Florida,33710.0,South,OFF-LA-10001982,Office Supplies,Labels,Smead Alpha-Z Color-Coded Name Labels First Letter Starter Set,9.0,3.0,0.2,3.15,CRM,,
9821.0,CA-2015-162201,6/8/2015,6/12/2015,Standard Class,AG-10495,Andrew Gjertsen,Corporate,United States,Saint Petersburg,Florida,33710.0,South,OFF-PA-10001215,Office Supplies,Paper,Xerox 1963,42.24,10.0,0.2,13.2,Manual Upload,,
9822.0,CA-2015-162201,6/8/2015,6/12/2015,Standard Class,AG-10495,Andrew Gjertsen,Corporate,United States,Saint Petersburg,Florida,33710.0,South,OFF-BI-10002429,Office Supplies,Binders,"Premier Elliptical Ring Binder, Black",18.264,2.0,0.7,-13.3936,Manual Upload,,
9823.0,US-2014-164406,8/15/2014,8/19/2014,Standard Class,BD-11605,Brian Dahlen,Consumer,United States,San Francisco,California,94122.0,West,OFF-AP-10003287,Office Supplies,Appliances,Tripp Lite TLP810NET Broadband Surge for Modem/Fax,152.91,3.0,0.0,42.8148,ERP,,Duplicate?
9824.0,US-2014-164406,8/15/2014,8/19/2014,Standard Class,BD-11605,Brian Dahlen,Consumer,United States,San Francisco,California,94122.0,West,OFF-PA-10000167,Office Supplies,Paper,Xerox 1925,92.94,3.0,0.0,41.823,ERP,,Duplicate?
9825.0,US-2014-164406,8/15/2014,8/19/2014,Standard Class,BD-11605,Brian Dahlen,Consumer,United States,San Francisco,California,94122.0,West,OFF-BI-10002309,Office Supplies,Binders,Avery Heavy-Duty EZD  Binder With Locking Rings,17.856,4.0,0.2,6.2496,Manual Upload,Rejected,Duplicate?
9826.0,US-2014-164406,8/15/2014,8/19/2014,Standard Class,BD-11605,Brian Dahlen,Consumer,United States,San Francisco,California,94122.0,West,OFF-BI-10003638,Office Supplies,Binders,GBC Durable Plastic Covers,46.44,3.0,0.2,15.093,CRM,Pending,Urgent
9827.0,US-2014-164406,8/15/2014,8/19/2014,Standard Class,BD-11605,Brian Dahlen,Consumer,United States,San Francisco,California,94122.0,West,FUR-CH-10003833,Furniture,Chairs,Novimex Fabric Task Chair,195.136,4.0,0.2,-12.196,Legacy,Rejected,Duplicate?
9828.0,CA-2017-169999,6/19/2017,6/26/2017,Standard Class,JS-15685,Jim Sink,Corporate,United States,New York City,New York,10035.0,East,OFF-ST-10001511,Office Supplies,Storage,Space Solutions Commercial Steel Shelving,129.3,2.0,0.0,6.465,ERP,,Check later
9829.0,CA-2017-169999,6/19/2017,6/26/2017,Standard Class,JS-15685,Jim Sink,Corporate,United States,New York City,New York,10035.0,East,OFF-BI-10004728,Office Supplies,Binders,Wilson Jones Turn Tabs Binder Tool for Ring Binders,11.568,3.0,0.2,3.7596,ERP,Approved,Urgent
9830.0,US-2017-152842,7/16/2017,7/23/2017,Standard Class,NF-18385,Natalie Fritzler,Consumer,United States,Charlotte,North Carolina,28205.0,South,FUR-CH-10004218,Furniture,Chairs,"Global Fabric Manager's Chair, Dark Gray",242.352,3.0,0.2,15.147,Legacy,Pending,Duplicate?
9831.0,CA-2014-113257,12/16/2014,12/18/2014,Second Class,SC-20305,Sean Christensen,Consumer,United States,Beaumont,Texas,77705.0,Central,TEC-AC-10004171,Technology,Accessories,Razer Kraken 7.1 Surround Sound Over Ear USB Gaming Headset,319.968,4.0,0.2,95.9904,Legacy,Pending,Check later
9832.0,CA-2014-113257,12/16/2014,12/18/2014,Second Class,SC-20305,Sean Christensen,Consumer,United States,Beaumont,Texas,77705.0,Central,FUR-FU-10001706,Furniture,Furnishings,Longer-Life Soft White Bulbs,8.624,7.0,0.6,-2.5872,CRM,,Duplicate?
9833.0,CA-2014-133963,5/18/2014,5/22/2014,Second Class,GA-14515,George Ashbrook,Consumer,United States,Dallas,Texas,75220.0,Central,OFF-PA-10001526,Office Supplies,Paper,Xerox 1949,3.984,1.0,0.2,1.4442,Manual Upload,Pending,Check later
9834.0,CA-2017-130302,9/14/2017,9/19/2017,Standard Class,CY-12745,Craig Yedwab,Corporate,United States,Springfield,Ohio,45503.0,East,TEC-AC-10002001,Technology,Accessories,Logitech Wireless Gaming Headset G930,895.944,7.0,0.2,190.3881,ERP,Approved,
9835.0,CA-2016-126627,10/10/2016,10/12/2016,First Class,WB-21850,William Brown,Consumer,United States,La Porte,Texas,77571.0,Central,FUR-FU-10004963,Furniture,Furnishings,"Eldon 400 Class Desk Accessories, Black Carbon",14.0,4.0,0.6,-6.3,ERP,,Check later
9836.0,CA-2016-126627,10/10/2016,10/12/2016,First Class,WB-21850,William Brown,Consumer,United States,La Porte,Texas,77571.0,Cntrl,OFF-BI-10001597,Office Supplies,Binders,"Wilson Jones Ledger-Size, Piano-Hinge Binder, 2"", Blue",16.392,2.0,0.8,-26.2272,Manual Upload,Rejected,
9837.0,US-2016-125402,9/25/2016,10/1/2016,Standard Class,DL-12865,Dan Lawera,Consumer,United States,Long Beach,California,90805.0,West,OFF-PA-10000141,Office Supplies,Paper,"Ampad Evidence Wirebond Steno Books, 6"" x 9""",10.9,5.0,0.0,5.123,ERP,,
9838.0,US-2016-125402,9/25/2016,10/1/2016,Standard Class,DL-12865,Dan Lawera,Consumer,United States,Long Beach,California,90805.0,West,OFF-LA-10003923,Office Supplies,Labels,Alphabetical Labels for Top Tab Filing,29.6,2.0,0.0,14.8,CRM,Approved,
9839.0,US-2016-125402,9/25/2016,10/1/2016,Standard Class,DL-12865,Dan Lawera,Consumer,United States,Long Beach,California,90805.0,West,OFF-LA-10001771,Office Supplies,Labels,Avery 513,4.98,1.0,0.0,2.2908,Manual Upload,Pending,Duplicate?
9840.0,US-2016-125402,9/25/2016,2016-10-01,Standard Class,DL-12865,Dan Lawera,Consumer,United States,Long Beach,California,90805.0,Wst,TEC-CO-10001943,Technology,Copiers,Canon PC-428 Personal Copier,479.976,3.0,0.2,161.9919,Legacy,Pending,Check later
9841.0,US-2016-125402,9/25/2016,10/1/2016,Standard Class,DL-12865,Dan Lawera,Consumer,United States,Long Beach,California,90805.0,West,TEC-PH-10003356,Technology,Phones,"SmartStand Mobile Device Holder, Assorted Colors",44.736,8.0,0.2,4.4736,Manual Upload,Pending,Urgent
9842.0,US-2016-125402,9/25/2016,10/1/2016,Standard Class,DL-12865,Dan Lawera,Consumer,United States,Long Beach,California,90805.0,West,OFF-AR-10002255,Office Supplies,Art,Newell 346,5.76,2.0,0.0,1.6704,CRM,Pending,
9843.0,US-2016-125402,9/25/2016,10/1/2016,Standard Class,DL-12865,Dan Lawera,Consumer,United States,Long Beach,California,90805.0,West,FUR-CH-10000665,Furniture,Chairs,"Global Airflow Leather Mesh Back Chair, Black",483.136,4.0,0.2,60.392,ERP,,Duplicate?
9844.0,CA-2014-163867,6/3/2014,6/6/2014,First Class,RE-19450,Richard Eichhorn,Consumer,United States,Decatur,Illinois,62521.0,Central,OFF-LA-10001771,Office Supplies,Labels,Avery 513,15.936,4.0,0.2,5.1792,CRM,Pending,
9845.0,CA-2014-163867,6/3/2014,6/6/2014,First Class,RE-19450,Richard Eichhorn,Consumer,United States,Decatur,Illinois,62521.0,Central,FUR-FU-10001475,Furniture,Furnishings,"Contract Clock, 14"", Brown",61.544,7.0,0.6,-40.0036,Manual Upload,Pending,Duplicate?
9846.0,CA-2014-163867,6/3/2014,6/6/2014,First Class,RE-19450,Richard Eichhorn,Consumer,United States,Decatur,Illinois,62521.0,Central,OFF-ST-10000877,Office Supplies,Storage,Recycled Steel Personal File for Standard File Folders,132.696,3.0,0.2,9.9522,ERP,Pending,
9847.0,CA-2017-169327,9/2/2017,9/4/2017,Second Class,MH-17290,Marc Harrigan,Home Office,United States,Los Angeles,California,90008.0,West,OFF-AP-10001492,Office Supplies,Appliances,"Acco Six-Outlet Power Strip, 4' Cord Length",43.1,5.0,0.0,11.206,ERP,Approved,
9848.0,CA-2017-169327,9/2/2017,9/4/2017,Second Class,MH-17290,Marc Harrigan,Home Office,United States,Los Angeles,California,90008.0,West,FUR-FU-10004188,Furniture,Furnishings,Luxo Professional Combination Clamp-On Lamps,511.5,5.0,0.0,132.99,Legacy,Approved,
9849.0,CA-2017-169327,9/2/2017,9/4/2017,Second Class,MH-17290,Marc Harrigan,Home Office,United States,Los Angeles,California,90008.0,West,OFF-BI-10004330,Office Supplies,Binders,"GBC Velobind Prepunched Cover Sets, Regency Series",147.92,5.0,0.2,46.225,Legacy,Approved,
9850.0,CA-2014-142979,4/12/2014,4/18/2014,Standard Class,EH-13765,Edward Hooks,Corporate,United States,Lodi,California,95240.0,West,OFF-AR-10002987,Office Supplies,Art,Prismacolor Color Pencil Set,39.68,2.0,0.0,16.2688,Legacy,Rejected,
9851.0,CA-2016-158155,5/2/2016,5/6/2016,Standard Class,EH-13765,Edward Hooks,Corporate,United States,New York City,New York,10009.0,East,FUR-FU-10000732,Furniture,Furnishings,Eldon 200 Class Desk Accessories,12.56,2.0,0.0,4.0192,Legacy,Pending,Check later
9852.0,CA-2016-158155,5/2/2016,5/6/2016,Standard Class,EH-13765,Edward Hooks,Corporate,United States,New York City,New York,10009.0,East,OFF-BI-10001670,Office Supplies,Binders,Vinyl Sectional Post Binders,90.48,3.0,0.2,33.93,Manual Upload,Approved,Urgent
9853.0,CA-2016-158155,5/2/2016,5/6/2016,Standard Class,EH-13765,Edward Hooks,Corporate,United States,New York City,New York,10009.0,East,OFF-PA-10000533,Office Supplies,Paper,Southworth Parchment Paper & Envelopes,13.08,2.0,0.0,6.0168,Manual Upload,Approved,Check later
9854.0,CA-2016-158155,5/2/2016,5/6/2016,Standard Class,EH-13765,Edward Hooks,Corporate,United States,New York City,New York,10009.0,East,FUR-FU-10002253,Furniture,Furnishings,"Howard Miller 13"" Diameter Pewter Finish Round Wall Clock",214.7,5.0,0.0,83.733,CRM,Approved,Duplicate?
9855.0,CA-2017-138870,6/19/2017,6/23/2017,Standard Class,GA-14515,George Ashbrook,Consumer,United States,San Francisco,California,94109.0,West,FUR-FU-10002396,Furniture,Furnishings,"DAX Copper Panel Document Frame, 5 x 7 Size",50.32,4.0,0.0,21.1344,Manual Upload,Approved,Check later
9856.0,CA-2017-138870,6/19/2017,6/23/2017,Standard Class,GA-14515,George Ashbrook,Consumer,United States,San Francisco,California,94109.0,West,OFF-PA-10004438,Office Supplies,Paper,Xerox 1907,24.56,2.0,0.0,11.5432,Manual Upload,,
9857.0,CA-2014-120950,11/6/2014,11/11/2014,Standard Class,GA-14515,George Ashbrook,Consumer,United States,Columbus,Georgia,31907.0,South,OFF-PA-10000587,Office Supplies,Paper,"Array Parchment Paper, Assorted Colors",43.68,6.0,0.0,20.9664,ERP,Approved,
9858.0,CA-2015-164301,3/26/2015,3/30/2015,Standard Class,EB-13840,Ellis Ballard,Corporate,United States,Seattle,Washington,98103.0,West,FUR-TA-10001889,Furniture,Tables,Bush Advantage Collection Racetrack Conference Table,3393.68,8.0,0.0,610.8624,Manual Upload,,
9859.0,CA-2017-113278,1/14/2017,1/20/2017,Standard Class,HR-14770,Hallie Redmond,Home Office,United States,Richmond,Indiana,47374.0,Central,OFF-ST-10001590,Office Supplies,Storage,"Tenex Personal Project File with Scoop Front Design, Black",67.4,5.0,0.0,17.524,Manual Upload,,
9860.0,CA-2017-113278,1/14/2017,1/20/2017,Standard Class,HR-14770,Hallie Redmond,Home Office,United States,Richmond,Indiana,47374.0,Central,OFF-FA-10003472,Office Supplies,Fasteners,Bagged Rubber Bands,2.52,2.0,0.0,0.1008,ERP,Rejected,Check later
9861.0,CA-2017-113278,1/14/2017,1/20/2017,Standard Class,HR-14770,Hallie Redmond,Home Office,United States,Richmond,Indiana,47374.0,Central,TEC-PH-10000169,Technology,Phones,ARKON Windshield Dashboard Air Vent Car Mount Holder,67.8,4.0,0.0,1.356,CRM,Pending,Urgent
9862.0,CA-2017-113278,1/14/2017,1/20/2017,Standard Class,HR-14770,Hallie Redmond,Home Office,United States,Richmond,Indiana,47374.0,Central,OFF-ST-10002562,Office Supplies,Storage,Staple magnet,18.76,2.0,0.0,5.2528,Legacy,Pending,
9863.0,CA-2017-113278,1/14/2017,1/20/2017,Standard Class,HR-14770,Hallie Redmond,Home Office,United States,Richmond,Indiana,47374.0,Central,TEC-AC-10001445,Technology,Accessories,Imation USB 2.0 Swivel Flash Drive USB flash drive - 4 GB - Pink,12.12,4.0,0.0,2.5452,CRM,,Duplicate?
9864.0,CA-2017-113278,1/14/2017,1/20/2017,Standard Class,HR-14770,Hallie Redmond,Home Office,United States,Richmond,Indiana,47374.0,Central,OFF-PA-10004156,Office Supplies,Paper,Xerox 188,11.34,1.0,0.0,5.5566,ERP,Pending,
9865.0,CA-2017-113278,1/14/2017,1/20/2017,Standard Class,HR-14770,Hallie Redmond,Home Office,United States,Richmond,Indiana,47374.0,Central,TEC-AC-10004469,Technology,Accessories,Microsoft Sculpt Comfort Mouse,159.8,4.0,0.0,70.312,ERP,,Duplicate?
9866.0,CA-2017-113278,1/14/2017,1/20/2017,Standard Class,HR-14770,Hallie Redmond,Home Office,United States,Richmond,Indiana,47374.0,Central,FUR-FU-10001037,Furniture,Furnishings,"DAX Charcoal/Nickel-Tone Document Frame, 5 x 7",18.96,2.0,0.0,8.532,Manual Upload,,
9867.0,US-2015-116981,3/26/2015,3/28/2015,Second Class,SM-20950,Suzanne McNair,Corporate,United States,New York City,New York,10009.0,East,OFF-ST-10002615,Office Supplies,Storage,"Dual Level, Single-Width Filing Carts",1085.42,7.0,0.0,282.2092,Legacy,,Urgent
9868.0,US-2015-116981,3/26/2015,3/28/2015,Second Class,SM-20950,Suzanne McNair,Corporate,United States,New York City,New York,10009.0,East,OFF-AP-10000595,Office Supplies,Appliances,Disposable Triple-Filter Dust Bags,13.11,3.0,0.0,3.4086,CRM,,Check later
9869.0,CA-2014-114195,11/1/2014,11/3/2014,First Class,EA-14035,Erin Ashbrook,Corporate,United States,Mason,Ohio,45040.0,East,FUR-FU-10002253,Furniture,Furnishings,"Howard Miller 13"" Diameter Pewter Finish Round Wall Clock",68.704,2.0,0.2,16.3172,Legacy,Approved,
9870.0,CA-2014-114195,11/1/2014,11/3/2014,First Class,EA-14035,Erin Ashbrook,Corporate,United States,Mason,Ohio,45040.0,East,OFF-BI-10000494,Office Supplies,Binders,Acco Economy Flexible Poly Round Ring Binder,3.132,2.0,0.7,-2.61,Legacy,Pending,
9871.0,CA-2014-114195,11/1/2014,11/3/2014,First Class,EA-14035,Erin Ashbrook,Corporate,United States,Mason,Ohio,45040.0,East,OFF-BI-10001658,Office Supplies,Binders,GBC Standard Therm-A-Bind Covers,22.428,3.0,0.7,-17.9424,CRM,,Check later
9872.0,CA-2017-146269,10/6/2017,10/6/2017,Same Day,MH-17455,Mark Hamilton,Consumer,United States,Chicago,Illinois,60623.0,Central,OFF-ST-10003208,Office Supplies,Storage,Adjustable Depth Letter/Legal Cart,290.336,2.0,0.2,32.6628,ERP,,
9873.0,CA-2017-146269,10/6/2017,10/6/2017,Same Day,MH-17455,Mark Hamilton,Consumer,United States,Chicago,Illinois,60623.0,Central,OFF-AR-10004790,Office Supplies,Art,Staples in misc. colors,19.152,2.0,0.2,1.197,ERP,Pending,Check later
9874.0,CA-2016-100587,12/10/2016,12/14/2016,Standard Class,SL-20155,Sara Luxemburg,Home Office,United States,New York City,New York,10024.0,East,OFF-PA-10004609,Office Supplies,Paper,Xerox 221,6.48,1.0,0.0,3.1104,Manual Upload,Approved,Duplicate?
9875.0,CA-2016-166653,9/22/2016,9/24/2016,Second Class,NP-18685,Nora Pelletier,Home Office,United States,Parma,Ohio,44134.0,East,OFF-EN-10003055,Office Supplies,Envelopes,"Blue String-Tie & Button Interoffice Envelopes, 10 x 13",63.968,2.0,0.2,19.99,Legacy,,
9876.0,CA-2015-130855,2015/12/29,1/5/2016,Standard Class,RF-19840,Roy Französisch,Consumer,United States,New York City,New York,10035.0,East,OFF-SU-10003936,Office Supplies,Supplies,Acme Serrated Blade Letter Opener,6.36,2.0,0.0,0.0636,ERP,Rejected,Urgent
9877.0,US-2017-166324,4/20/2017,4/21/2017,First Class,BE-11455,Brad Eason,Home Office,United States,Cleveland,Ohio,44105.0,East,OFF-ST-10000078,Office Supplies,Storage,Tennsco 6- and 18-Compartment Lockers,848.544,4.0,0.2,-21.2136,CRM,Pending,Check later
9878.0,US-2017-166324,4/20/2017,4/21/2017,First Class,BE-11455,Brad Eason,Home Office,United States,Cleveland,Ohio,44105.0,East,OFF-BI-10000174,Office Supplies,Binders,"Wilson Jones Clip & Carry Folder Binder Tool for Ring Binders, Clear",8.7,5.0,0.7,-6.38,ERP,Rejected,Check later
9879.0,US-2017-166324,4/20/2017,4/21/2017,First Class,BE-11455,Brad Eason,Home Office,United States,Cleveland,Ohio,44105.0,East,TEC-PH-10004080,Technology,Phones,Avaya 5410 Digital phone,122.382,3.0,0.4,-24.4764,CRM,Approved,
9880.0,CA-2016-122581,8/21/2016,8/25/2016,Standard Class,JK-15370,Jay Kimmel,Consumer,United States,New York City,New York,10035.0,East,FUR-CH-10002961,Furniture,Chairs,"Leather Task Chair, Black",573.174,7.0,0.1,63.686,ERP,,Urgent
9881.0,CA-2015-104297,5/29/2015,5/31/2015,First Class,CC-12100,Chad Cunningham,Home Office,United States,Cleveland,Ohio,44105.0,East,OFF-PA-10000474,Office Supplies,Paper,Easy-staple paper,85.056,3.0,0.2,28.7064,ERP,Rejected,
9882.0,CA-2014-153927,08/12/2014,8/13/2014,First Class,LL-16840,Lauren Leatherbury,Consumer,United States,Woodstock,Georgia,30188.0,South,OFF-BI-10000138,Office Supplies,Binders,Acco Translucent Poly Ring Binders,14.04,3.0,0.0,6.7392,CRM,Pending,Check later
9883.0,CA-2014-153927,8/12/2014,8/13/2014,First Class,LL-16840,Lauren Leatherbury,Consumer,United States,Woodstock,Georgia,30188.0,South,TEC-AC-10000023,Technology,Accessories,"Maxell 74 Minute CD-R Spindle, 50/Pack",272.61,13.0,0.0,98.1396,Legacy,,
9884.0,CA-2014-112291,4/3/2014,4/8/2014,Standard Class,KE-16420,Katrina Edelman,Corporate,United States,Los Angeles,California,90008.0,West,OFF-EN-10001415,Office Supplies,Envelopes,Staple envelope,11.16,2.0,0.0,5.58,Legacy,,
9885.0,CA-2014-112291,4/3/2014,4/8/2014,Standard Class,KE-16420,Katrina Edelman,Corporate,United States,Los Angeles,California,90008.0,West,TEC-AC-10001284,Technology,Accessories,Enermax Briskie RF Wireless Keyboard and Mouse Combo,62.31,3.0,0.0,22.4316,Legacy,Approved,Check later
9886.0,CA-2014-112291,4/3/2014,4/8/2014,Standard Class,KE-16420,Katrina Edelman,Corporate,United States,Los Angeles,California,90008.0,West,TEC-AC-10000736,Technology,Accessories,Logitech G600 MMO Gaming Mouse,159.98,2.0,0.0,57.5928,Manual Upload,Rejected,Urgent
9887.0,CA-2014-146997,1/23/2014,1/27/2014,Standard Class,SG-20605,Speros Goranitis,Consumer,United States,Lafayette,Indiana,47905.0,Central,OFF-FA-10003467,Office Supplies,Fasteners,"Alliance Big Bands Rubber Bands, 12/Pack",5.94,3.0,0.0,0.0,Manual Upload,,
9888.0,CA-2017-169607,10/12/2017,10/15/2017,First Class,CA-12265,Christina Anderson ,Consumer,United States,New York City,New York,10024.0,East,OFF-PA-10000477,Office Supplies,Paper,Xerox 1952,9.96,2.0,0.0,4.6812,Manual Upload,,
9889.0,CA-2015-127544,08 Aug 2015,8/12/2015,Standard Class,RD-19585,Rob Dowd,Consumer,United States,Utica,New York,13501.0,East,TEC-AC-10000736,Technology,Accessories,Logitech G600 MMO Gaming Mouse,79.99,1.0,0.0,28.7964,Legacy,Pending,
9890.0,CA-2017-166499,3/19/2017,3/20/2017,First Class,VG-21805,Vivek Grady,Corporate,United States,Lakewood,New Jersey,8701.0,East,OFF-AR-10002467,Office Supplies,Art,Dixon Ticonderoga Pencils,8.94,3.0,0.0,2.4138,CRM,Rejected,Urgent
9891.0,US-2016-115441,7/25/2016,7/28/2016,Second Class,SH-19975,Sally Hughsby,Corporate,United States,Milwaukee,Wisconsin,53209.0,Central,OFF-PA-10004996,Office Supplies,Paper,"Speediset Carbonless Redi-Letter 7"" x 8 1/2""",20.62,2.0,0.0,9.6914,CRM,Pending,
9892.0,US-2016-115441,7/25/2016,7/28/2016,Second Class,SH-19975,Sally Hughsby,Corporate,United States,Milwaukee,Wisconsin,53209.0,Central,TEC-AC-10003116,Technology,Accessories,Memorex Froggy Flash Drive 8 GB,124.25,7.0,0.0,48.4575,Manual Upload,Pending,Check later
9893.0,US-2016-115441,7/25/2016,7/28/2016,Second Class,SH-19975,Sally Hughsby,Corporate,United States,Milwaukee,Wisconsin,53209.0,Central,TEC-PH-10002262,Technology,Phones,LG Electronics Tone+ HBS-730 Bluetooth Headset,297.55,5.0,0.0,83.314,CRM,Approved,Duplicate?
9894.0,US-2016-115441,7/25/2016,7/28/2016,Second Class,SH-19975,Sally Hughsby,Corporate,United States,Milwaukee,Wisconsin,53209.0,Central,FUR-CH-10004626,Furniture,Chairs,Office Star Flex Back Scooter Chair with Aluminum Finish Frame,403.56,4.0,0.0,96.8544,Manual Upload,Rejected,Check later
9895.0,US-2016-115441,7/25/2016,7/28/2016,Second Class,SH-19975,Sally Hughsby,Corporate,United States,Milwaukee,Wisconsin,53209.0,Central,FUR-FU-10001756,Furniture,Furnishings,"Eldon Expressions Desk Accessory, Wood Photo Frame, Mahogany",95.2,5.0,0.0,27.608,Manual Upload,Pending,
9896.0,CA-2014-115049,9/26/2014,10/1/2014,Standard Class,MM-17920,Michael Moore,Consumer,United States,Chicago,Illinois,60623.0,Central,TEC-AC-10004859,Technology,Accessories,"Maxell Pro 80 Minute CD-R, 10/Pack",153.824,11.0,0.2,38.456,ERP,Approved,Urgent
9897.0,CA-2014-156342,6/17/2014,6/20/2014,Second Class,JF-15415,Jennifer Ferguson,Consumer,United States,Chicago,Illinois,60653.0,Central,OFF-PA-10001725,Office Supplies,Paper,Xerox 1892,62.016,2.0,0.2,22.4808,Manual Upload,,Urgent
9898.0,CA-2016-112830,6/6/2016,6/10/2016,Standard Class,LP-17095,Liz Preis,Consumer,United States,Fairfield,Ohio,45014.0,East,FUR-FU-10004306,Furniture,Furnishings,Electrix Halogen Magnifier Lamp,466.32,3.0,0.2,34.974,CRM,Rejected,Check later
9899.0,CA-2016-112830,6/6/2016,6/10/2016,Standard Class,LP-17095,Liz Preis,Consumer,United States,Fairfield,Ohio,45014.0,East,FUR-FU-10004845,Furniture,Furnishings,"Deflect-o EconoMat Nonstudded, No Bevel Mat",82.64,2.0,0.2,0.0,Manual Upload,,Check later
9900.0,US-2014-117380,3/28/2014,4/3/2014,Standard Class,MP-18175,Mike Pelletier,Home Office,United States,Springfield,Ohio,45503.0,East,FUR-TA-10000198,Furniture,Tables,Chromcraft Bull-Nose Wood Oval Conference Tables & Bases,330.588,1.0,0.4,-143.2548,Legacy,Approved,Duplicate?
9901.0,CA-2017-117646,8/21/2017,8/25/2017,Standard Class,SC-20845,Sung Chung,Consumer,United States,Louisville,Colorado,80027.0,West,OFF-ST-10000036,Office Supplies,Storage,"Recycled Data-Pak for Archival Bound Computer Printouts, 12-1/2 x 12-1/2 x 16",237.096,3.0,0.2,20.7459,CRM,Pending,Duplicate?
9902.0,CA-2017-117646,8/21/2017,8/25/2017,Standard Class,SC-20845,Sung Chung,Consumer,United States,Louisville,Colorado,80027.0,West,FUR-FU-10001037,Furniture,Furnishings,"DAX Charcoal/Nickel-Tone Document Frame, 5 x 7",22.752,3.0,0.2,7.11,ERP,Rejected,Duplicate?
9903.0,CA-2017-117646,8/21/2017,8/25/2017,Standard Class,SC-20845,Sung Chung,Consumer,United States,Louisville,Colorado,80027.0,West,OFF-PA-10001950,Office Supplies,Paper,Southworth 25% Cotton Antique Laid Paper & Envelopes,6.672,1.0,0.2,2.085,Manual Upload,Pending,
9904.0,CA-2014-122609,11/12/2014,11/18/2014,Standard Class,DP-13000,Darren Powers,Consumer,United States,Carrollton,Texas,75007.0,Central,FUR-FU-10004587,Furniture,Furnishings,"GE General Use Halogen Bulbs, 100 Watts, 1 Bulb per Pack",25.128,3.0,0.6,-6.9102,ERP,Approved,
9905.0,CA-2014-122609,11/12/2014,11/18/2014,Standard Class,DP-13000,Darren Powers,Consumer,United States,Carrollton,Texas,75007.0,Central,TEC-AC-10002567,Technology,Accessories,Logitech G602 Wireless Gaming Mouse,127.984,2.0,0.2,25.5968,CRM,Rejected,Check later
9906.0,US-2015-129007,9/13/2015,9/15/2015,First Class,KD-16615,Ken Dana,Corporate,United States,Anaheim,California,92804.0,West,FUR-FU-10004973,Furniture,Furnishings,Flat Face Poster Frame,131.88,7.0,0.0,55.3896,ERP,Pending,Duplicate?
9907.0,US-2015-129007,9/13/2015,9/15/2015,First Class,KD-16615,Ken Dana,Corporate,United States,Anaheim,California,92804.0,West,OFF-BI-10001628,Office Supplies,Binders,"Acco Data Flex Cable Posts For Top & Bottom Load Binders, 6"" Capacity",25.032,3.0,0.2,7.8225,CRM,Rejected,
9908.0,US-2015-129007,9/13/2015,9/15/2015,First Class,KD-16615,Ken Dana,Corporate,United States,Anaheim,California,92804.0,West,FUR-CH-10000155,Furniture,Chairs,Global Comet Stacking Armless Chair,717.72,3.0,0.2,71.772,Legacy,Pending,
9909.0,US-2015-129007,9/13/2015,9/15/2015,First Class,KD-16615,Ken Dana,Corporate,United States,Anaheim,California,92804.0,West,FUR-FU-10002379,Furniture,Furnishings,Eldon Econocleat Chair Mats for Low Pile Carpets,207.35,5.0,0.0,24.882,CRM,Pending,
9910.0,US-2015-129007,9/13/2015,9/15/2015,First Class,KD-16615,Ken Dana,Corporate,United States,Anaheim,California,92804.0,West,FUR-FU-10004018,Furniture,Furnishings,Tensor Computer Mounted Lamp,44.67,3.0,0.0,12.0609,Legacy,Approved,Check later
9911.0,US-2015-129007,9/13/2015,9/15/2015,First Class,KD-16615,Ken Dana,Corporate,United States,Anaheim,california,92804.0,West,OFF-PA-10000994,Office Supplies,Paper,Xerox 1915,209.7,2.0,0.0,100.656,CRM,,Check later
9912.0,US-2014-157231,4/5/2014,4/9/2014,Standard Class,RP-19855,Roy Phan,Corporate,United States,Richmond,Kentucky,40475.0,South,OFF-BI-10002852,Office Supplies,Binders,Ibico Standard Transparent Covers,115.36,7.0,0.0,56.5264,Legacy,Approved,Duplicate?
9913.0,CA-2015-132388,10/10/2015,10/12/2015,First Class,KN-16390,Katherine Nockton,Corporate,United States,Santa Barbara,California,93101.0,West,FUR-CH-10001714,Furniture,Chairs,"Global Leather & Oak Executive Chair, Burgundy",362.136,3.0,0.2,-54.3204,Legacy,,Duplicate?
9914.0,CA-2015-132388,10/10/2015,10/12/2015,First Class,KN-16390,Katherine Nockton,Corporate,United States,Santa Barbara,California,93101.0,West,OFF-LA-10000414,Office Supplies,Labels,Avery 503,31.05,3.0,0.0,14.904,CRM,Pending,
9915.0,CA-2017-160927,1/29/2017,1/31/2017,Second Class,TM-21010,Tamara Manning,Consumer,United States,Marion,Iowa,52302.0,Central,OFF-PA-10003848,Office Supplies,Paper,Xerox 1997,12.96,2.0,0.0,6.2208,ERP,Rejected,
9916.0,CA-2017-160927,1/29/2017,1/31/2017,Second Class,TM-21010,Tamara Manning,Consumer,United States,Marion,Iowa,52302.0,Central,OFF-PA-10000176,Office Supplies,Paper,Xerox 1887,94.85,5.0,0.0,45.528,Manual Upload,Approved,
9917.0,CA-2017-160927,1/29/2017,1/31/2017,Second Class,TM-21010,Tamara Manning,Consumer,United States,Marion,Iowa,52302.0,Central,OFF-ST-10001590,Office Supplies,Storage,"Tenex Personal Project File with Scoop Front Design, Black",13.48,1.0,0.0,3.5048,CRM,Pending,
9918.0,CA-2017-160927,1/29/2017,1/31/2017,Second Class,TM-21010,Tamara Manning,Consumer,United States,Marion,Iowa,52302.0,Central,FUR-FU-10000010,Furniture,Furnishings,"DAX Value U-Channel Document Frames, Easel Back",14.91,3.0,0.0,4.6221,CRM,Rejected,Urgent
9919.0,CA-2015-105508,9/24/2015,9/29/2015,Standard Class,JF-15190,Jamie Frazer,Consumer,United States,New York City,New York,10035.0,East,OFF-EN-10003055,Office Supplies,Envelopes,"Blue String-Tie & Button Interoffice Envelopes, 10 x 13",39.98,1.0,0.0,17.991,Manual Upload,Rejected,
9920.0,CA-2016-149272,3/15/2016,3/19/2016,Standard Class,MY-18295,Muhammed Yedwab,Corporate,United States,Bryan,Texas,77803.0,Central,FUR-CH-10000863,Furniture,Chairs,Novimex Swivel Fabric Task Chair,528.43,5.0,0.3,-143.431,Legacy,Approved,Check later
9921.0,CA-2016-149272,3/15/2016,3/19/2016,Standard Class,MY-18295,Muhammed Yedwab,Corporate,United States,Bryan,Texas,77803.0,Central,OFF-BI-10004233,Office Supplies,Binders,"GBC Pre-Punched Binding Paper, Plastic, White, 8-1/2"" x 11""",22.386,7.0,0.8,-35.8176,CRM,,
9922.0,CA-2014-111360,11/24/2014,11/30/2014,Standard Class,AT-10435,Alyssa Tate,Home Office,United States,Akron,Ohio,44312.0,East,OFF-BI-10003350,Office Supplies,Binders,Acco Expandable Hanging Binders,5.742,3.0,0.7,-4.5936,ERP,,Urgent
9923.0,US-2017-162124,5/6/2017,5/10/2017,Standard Class,JF-15490,Jeremy Farry,Consumer,United States,Chicago,Illinois,60653.0,Central,TEC-AC-10001990,Technology,Accessories,Kensington Orbit Wireless Mobile Trackball for PC and Mac,191.968,4.0,0.2,28.7952,ERP,Rejected,
9924.0,CA-2015-159534,3/20/2015,3/23/2015,First Class,DH-13075,Dave Hallsten,Corporate,United States,New York City,New York,10035.0,East,OFF-BI-10003982,Office Supplies,Binders,Wilson Jones Century Plastic Molded Ring Binders,49.848,3.0,0.2,16.8237,Legacy,Pending,Duplicate?
9925.0,CA-2015-159534,3/20/2015,3/23/2015,First Class,DH-13075,Dave Hallsten,Corporate,United States,New York City,New York,10035.0,East,OFF-EN-10004386,Office Supplies,Envelopes,"Recycled Interoffice Envelopes with String and Button Closure, 10 x 13",23.99,1.0,0.0,11.995,Legacy,Rejected,Urgent
9926.0,CA-2015-159534,3/20/2015,3/23/2015,First Class,DH-13075,Dave Hallsten,Corporate,United States,New York City,New York,10035.0,East,OFF-BI-10003656,Office Supplies,Binders,Fellowes PB200 Plastic Comb Binding Machine,1087.936,8.0,0.2,353.5792,CRM,Pending,Urgent
9927.0,CA-2015-159534,3/20/2015,3/23/2015,First Class,DH-13075,Dave Hallsten,Corporate,United States,New York City,New York,10035.0,East,TEC-PH-10002310,Technology,Phones,Panasonic KX T7731-B Digital phone,199.98,2.0,0.0,53.9946,Legacy,,Duplicate?
9928.0,CA-2015-159534,3/20/2015,3/23/2015,First Class,DH-13075,Dave Hallsten,Corporate,United States,New York City,New York,10035.0,East,OFF-ST-10001172,Office Supplies,Storage,"Tennsco Lockers, Sand",83.92,4.0,0.0,20.1408,Manual Upload,Pending,Check later
9929.0,CA-2016-129630,9/4/2016,9/4/2016,Same Day,IM-15055,Ionia McGrath,Consumer,United States,San Francisco,California,94122.0,West,FUR-FU-10000260,Furniture,Furnishings,"6"" Cubicle Wall Clock, Black",24.27,3.0,0.0,8.7372,ERP,Approved,Urgent
9930.0,CA-2016-129630,9/4/2016,9/4/2016,Same Day,IM-15055,Ionia McGrath,Consumer,United States,San Francisco,California,94122.0,West,TEC-CO-10003763,Technology,Copiers,Canon PC1060 Personal Laser Copier,2799.96,5.0,0.2,944.9865,Legacy,Pending,
9931.0,CA-2015-104948,11/13/2015,11/17/2015,Standard Class,KH-16510,Keith Herrera,Consumer,United States,San Bernardino,California,92404.0,West,OFF-BI-10001267,Office Supplies,Binders,"Universal Recycled Hanging Pressboard Report Binders, Letter Size",9.872,2.0,0.2,3.4552,ERP,Approved,Check later
9932.0,CA-2015-104948,11/13/2015,11/17/2015,Standard Class,KH-16510,Keith Herrera,Consumer,United States,San Bernardino,California,92404.0,West,FUR-BO-10004357,Furniture,Bookcases,O'Sullivan Living Dimensions 3-Shelf Bookcases,683.332,4.0,0.15,-40.196,ERP,Rejected,Check later
9933.0,CA-2015-104948,11/13/2015,11/17/2015,Standard Class,KH-16510,Keith Herrera,Consumer,United States,San Bernardino,California,92404.0,West,OFF-PA-10004610,Office Supplies,Paper,Xerox 1900,29.96,7.0,0.0,13.482,Legacy,Approved,
9934.0,CA-2014-166555,7/11/2014,7/14/2014,First Class,JK-15205,Jamie Kunitz,Consumer,United States,Niagara Falls,New York,14304.0,East,TEC-PH-10004912,Technology,Phones,Cisco SPA112 2 Port Phone Adapter,164.85,3.0,0.0,47.8065,Manual Upload,Approved,Duplicate?
9935.0,CA-2016-114405,4/7/2016,4/12/2016,Standard Class,AS-10240,Alan Shonely,Consumer,United States,Philadelphia,Pennsylvania,19120.0,East,OFF-AP-10003278,Office Supplies,Appliances,Belkin 7-Outlet SurgeMaster Home Series,33.528,3.0,0.2,2.5146,Manual Upload,Pending,
9936.0,CA-2016-114405,4/7/2016,4/12/2016,Standard Class,AS-10240,Alan Shonely,Consumer,United States,Philadelphia,Pennsylvania,19120.0,East,OFF-ST-10001627,Office Supplies,Storage,Eldon Jumbo ProFile Portable File Boxes Graphite/Black,36.744,3.0,0.2,3.6744,Manual Upload,Pending,
9937.0,CA-2017-132955,6/24/2017,6/28/2017,Standard Class,SC-20575,Sonia Cooley,Consumer,United States,Cranston,Rhode Island,2920.0,East,OFF-BI-10002735,Office Supplies,Binders,GBC Prestige Therm-A-Bind Covers,102.93,3.0,0.0,48.3771,CRM,Approved,
9938.0,CA-2016-164889,6/3/2016,6/6/2016,Second Class,CP-12340,Christine Phan,Corporate,United States,Los Angeles,California,90049.0,West,FUR-TA-10001676,Furniture,Tables,Hon 61000 Series Interactive Training Tables,71.088,2.0,0.2,-1.7772,Legacy,Pending,Urgent
9939.0,CA-2016-169824,12/12/2016,12/17/2016,Standard Class,NS-18640,Noel Staavos,Corporate,United States,New York City,New York,10009.0,East,FUR-FU-10004864,Furniture,Furnishings,Eldon 500 Class Desk Accessories,60.35,5.0,0.0,19.9155,Manual Upload,Approved,Urgent
9940.0,CA-2016-169824,12/12/2016,12/17/2016,Standard Class,NS-18640,Noel Staavos,Corporate,United States,New York City,New York,10009.0,East,OFF-SU-10000952,Office Supplies,Supplies,Fiskars Home & Office Scissors,35.52,4.0,0.0,9.9456,Legacy,Pending,Check later
9941.0,CA-2016-169824,12/12/2016,12/17/2016,Standard Class,NS-18640,Noel Staavos,Corporate,United States,New York City,New York,10009.0,East,OFF-AR-10000462,Office Supplies,Art,Sanford Pocket Accent Highlighters,11.2,7.0,0.0,4.816,CRM,Pending,Urgent
9942.0,CA-2017-164028,11/24/2017,11/30/2017,Standard Class,JL-15835,John Lee,Consumer,United States,San Francisco,California,94122.0,West,TEC-AC-10001772,Technology,Accessories,Memorex Mini Travel Drive 16 GB USB 2.0 Flash Drive,223.58,14.0,0.0,87.1962,Manual Upload,Rejected,Urgent
9943.0,CA-2014-143371,12/28/2014,1/3/2015,Standard Class,MD-17350,Maribeth Dona,Consumer,United States,Anaheim,California,92804.0,West,OFF-ST-10001128,Office Supplies,Storage,"Carina Mini System Audio Rack, Model AR050B",998.82,9.0,0.0,29.9646,Legacy,Pending,Duplicate?
9944.0,CA-2014-143371,12/28/2014,1/3/2015,Standard Class,MD-17350,Maribeth Dona,Consumer,United States,Anaheim,California,92804.0,West,OFF-SU-10002537,Office Supplies,Supplies,Acme Box Cutter Scissors,51.15,5.0,0.0,13.299,Manual Upload,Approved,Urgent
9945.0,CA-2015-145415,4/12/2015,4/17/2015,Second Class,RD-19660,Robert Dilbeck,Home Office,United States,Seattle,Washington,98103.0,West,OFF-ST-10000419,Office Supplies,Storage,"Rogers Jumbo File, Granite",40.74,3.0,0.0,0.4074,Legacy,Approved,
9946.0,CA-2014-111157,3/2/2014,3/6/2014,Standard Class,NH-18610,Nicole Hansen,Corporate,United States,Philadelphia,Pennsylvania,19120.0,East,OFF-PA-10000327,Office Supplies,Paper,Xerox 1971,3.424,1.0,-0.2,1.07,Manual Upload,Pending,Check later
9947.0,CA-2014-111157,3/2/2014,3/6/2014,Standard Class,NH-18610,Nicole Hansen,Corporate,United States,Philadelphia,Pennsylvania,19120.0,East,TEC-AC-10004353,Technology,Accessories,Hypercom P1300 Pinpad,151.2,3.0,0.2,32.13,ERP,,Duplicate?
9948.0,CA-2017-121559,6/1/2017,6/3/2017,Second Class,HW-14935,Helen Wasserman,Corporate,United States,Indianapolis,Indiana,46203.0,Central,FUR-CH-10003746,Furniture,Chairs,Hon 4070 Series Pagoda Round Back Stacking Chairs,1925.88,6.0,0.0,539.2464,ERP,,Check later
9949.0,CA-2017-121559,6/1/2017,6/3/2017,Second Class,HW-14935,Helen Wasserman,Corporate,United States,Indianapolis,Indiana,46203.0,Central,OFF-AP-10002945,Office Supplies,Appliances,Honeywell Enviracaire Portable HEPA Air Cleaner for 17' x 22' Room,2405.2,8.0,0.0,793.716,Legacy,Approved,Check later
9950.0,CA-2017-121559,6/1/2017,6/3/2017,Second Class,HW-14935,Helen Wasserman,Corporate,United States,Indianapolis,Indiana,46203.0,Central,TEC-AC-10004568,Technology,Accessories,Maxell LTO Ultrium - 800 GB,83.97,3.0,0.0,15.9543,Legacy,Pending,
9951.0,CA-2017-121559,6/1/2017,6/3/2017,Second Class,HW-14935,Helen Wasserman,Corporate,United States,Indianapolis,Indiana,46203.0,Central,TEC-AC-10001714,Technology,Accessories,Logitech MX Performance Wireless Mouse,39.89,1.0,0.0,14.7593,ERP,Approved,
9952.0,CA-2017-121559,6/1/2017,6/3/2017,Second Class,HW-14935,Helen Wasserman,Corporate,United States,Indianapolis,Indiana,46203.0,Central,OFF-BI-10002072,Office Supplies,Binders,Cardinal Slant-D Ring Binders,17.38,2.0,0.0,8.69,Manual Upload,Rejected,Duplicate?
9953.0,CA-2015-141593,12/14/2015,12/16/2015,Second Class,DB-12970,Darren Budd,Corporate,United States,Los Angeles,California,90045.0,West,OFF-BI-10001153,Office Supplies,Binders,Ibico Recycled Grain-Textured Covers,55.264,2.0,0.2,20.724,Legacy,Approved,
9954.0,CA-2015-141593,12/14/2015,12/16/2015,Second Class,DB-12970,Darren Budd,Corporate,United States,Los Angeles,California,90045.0,West,OFF-PA-10004983,Office Supplies,Paper,Xerox 23,6.48,1.0,0.0,3.1104,CRM,,Urgent
9955.0,CA-2015-141593,12/14/2015,12/16/2015,Second Class,DB-12970,Darren Budd,Corporate,United States,Los Angeles,California,90045.0,West,OFF-BI-10000948,Office Supplies,Binders,"GBC Laser Imprintable Binding System Covers, Desert Sand",34.248,3.0,0.2,11.5587,Legacy,Approved,
9956.0,CA-2015-141593,12/14/2015,12/16/2015,Second Class,DB-12970,Darren Budd,Corporate,United States,Los Angeles,California,90045.0,West,FUR-TA-10002622,Furniture,Tables,"Bush Andora Conference Table, Maple/Graphite Gray Finish",273.568,2.0,0.2,10.2588,Legacy,,Duplicate?
9957.0,US-2014-143287,11/11/2014,11/17/2014,Standard Class,KN-16705,Kristina Nunn,Home Office,United States,New Rochelle,New York,10801.0,East,OFF-PA-10001776,Office Supplies,Paper,"Wirebound Message Books, Four 2 3/4"" x 5"" Forms per Page, 600 Sets per Book",46.35,5.0,0.0,21.7845,Manual Upload,Rejected,Urgent
9958.0,US-2014-143287,11/11/2014,11/17/2014,Standard Class,KN-16705,Kristina Nunn,Home Office,United States,New Rochelle,New York,10801.0,East,OFF-PA-10004039,Office Supplies,Paper,Xerox 1882,223.92,4.0,0.0,109.7208,Legacy,Approved,Duplicate?
9959.0,US-2014-143287,11/11/2014,11/17/2014,Standard Class,KN-16705,Kristina Nunn,Home Office,United States,New Rochelle,New York,10801.0,East,OFF-SU-10001574,Office Supplies,Supplies,Acme Value Line Scissors,7.3,2.0,0.0,2.19,ERP,Pending,Check later
9960.0,CA-2017-137421,10/6/2017,10/11/2017,Standard Class,AJ-10945,Ashley Jarboe,Consumer,United States,Chandler,Arizona,85224.0,West,OFF-AR-10001761,Office Supplies,Art,Avery Hi-Liter Smear-Safe Highlighters,9.344,2.0,0.2,1.8688,Manual Upload,,Duplicate?
9961.0,CA-2017-141446,9/16/2017,9/18/2017,Second Class,CL-12700,Craig Leslie,Home Office,United States,Florence,Kentucky,41042.0,South,TEC-AC-10002305,Technology,Accessories,KeyTronic E03601U1 - Keyboard - Beige,18.0,1.0,0.0,3.24,ERP,Rejected,
9962.0,CA-2015-168088,3/19/2015,3/22/2015,First Class,CM-12655,Corinna Mitchell,Home Office,United States,Houston,Texas,77041.0,Central,OFF-PA-10000675,Office Supplies,Paper,Xerox 1919,65.584,2.0,0.2,23.7742,Manual Upload,,Urgent
9963.0,CA-2015-168088,3/19/2015,3/22/2015,First Class,CM-12655,Corinna Mitchell,Home Office,United States,Houston,Texas,77041.0,Central,FUR-BO-10004218,Furniture,Bookcases,"Bush Heritage Pine Collection 5-Shelf Bookcase, Albany Pine Finish, *Special Order",383.4656,4.0,0.32,-67.6704,ERP,Approved,Check later
9964.0,CA-2015-143700,7/26/2015,7/26/2015,Same Day,AS-10240,Alan Shonely,Consumer,United States,Philadelphia,Pennsylvania,19140.0,East,OFF-PA-10003072,Office Supplies,Paper,"Eureka Recycled Copy Paper 8 1/2"" x 11"", Ream",10.368,2.0,0.2,3.6288,CRM,Pending,Duplicate?
9965.0,CA-2016-146374,12/5/2016,12/10/2016,Second Class,HE-14800,Harold Engle,Corporate,United States,Newark,Delaware,19711.0,East,FUR-FU-10002671,Furniture,Furnishings,Electrix 20W Halogen Replacement Bulb for Zoom-In Desk Lamp,13.4,1.0,0.0,6.432,Manual Upload,Pending,Duplicate?
9966.0,CA-2016-146374,12/5/2016,12/10/2016,Second Class,HE-14800,Harold Engle,Corporate,United States,Newark,Delaware,19711.0,East,OFF-PA-10000349,Office Supplies,Paper,Easy-staple paper,4.98,1.0,0.0,2.3406,Legacy,Pending,
9967.0,CA-2016-146374,12/5/2016,12/10/2016,Second Class,HE-14800,Harold Engle,Corporate,United States,Newark,Delaware,19711.0,East,OFF-EN-10004483,Office Supplies,Envelopes,"#10 White Business Envelopes,4 1/8 x 9 1/2",109.69,7.0,0.0,51.5543,Legacy,,Urgent
9968.0,CA-2017-153871,12/11/2017,12/17/2017,Standard Class,RB-19435,Richard Bierner,Consumer,United States,Plainfield,New Jersey,7060.0,East,OFF-BI-10004209,Office Supplies,Binders,"Fellowes Twister Kit, Gray/Clear, 3/pkg",40.2,5.0,0.0,18.09,CRM,,Check later
9969.0,CA-2017-153871,12/11/2017,12/17/2017,Standard Class,RB-19435,Richard Bierner,Consumer,United States,Plainfield,New Jersey,7060.0,East,OFF-BI-10004600,Office Supplies,Binders,Ibico Ibimaster 300 Manual Binding System,735.98,2.0,0.0,331.191,CRM,Pending,Urgent
9970.0,CA-2017-153871,12/11/2017,12/17/2017,Standard Class,RB-19435,Richard Bierner,Consumer,United States,Plainfield,New Jersey,7060.0,East,OFF-AP-10003622,Office Supplies,Appliances,"Bravo II Megaboss 12-Amp Hard Body Upright, Replacement Belts, 2 Belts per Pack",22.75,7.0,0.0,6.5975,CRM,Rejected,Check later
9971.0,CA-2015-103772,6/28/2015,7/2/2015,Standard Class,MP-17470,Mark Packer,Home Office,United States,Smyrna,Georgia,30080.0,South,OFF-BI-10002867,Office Supplies,Binders,GBC Recycled Regency Composition Covers,119.56,2.0,0.0,54.9976,Legacy,Rejected,Urgent
9972.0,CA-2015-103772,6/28/2015,7/2/2015,Standard Class,MP-17470,Mark Packer,Home Office,United States,Smyrna,Georgia,30080.0,South,OFF-AR-10000538,OfficeSupply,Art,"Boston Model 1800 Electric Pencil Sharpener, Gray",140.75,5.0,0.0,42.225,ERP,Pending,Check later
9973.0,CA-2016-130225,9/11/2016,9/17/2016,Standard Class,RC-19960,Ryan Crowe,Consumer,United States,Houston,Texas,77041.0,Central,OFF-EN-10000056,Office Supplies,Envelopes,Cameo Buff Policy Envelopes,99.568,2.0,0.2,33.6042,CRM,Pending,Check later
9974.0,US-2016-103674,12/6/2016,12/10/2016,Standard Class,AP-10720,Anne Pryor,Home Office,United States,Los Angeles,California,90032.0,West,TEC-PH-10004080,Technology,Phones,Avaya 5410 Digital phone,271.96,5.0,0.2,27.196,CRM,Rejected,Urgent
9975.0,US-2016-103674,12/6/2016,12/10/2016,Standard Class,AP-10720,Anne Pryor,Home Office,United States,Los Angeles,California,90032.0,West,OFF-AR-10004752,Office Supplies,Art,Blackstonian Pencils,18.69,7.0,0.0,5.2332,ERP,Rejected,
9976.0,US-2016-103674,12/6/2016,12/10/2016,Standard Class,AP-10720,Anne Pryor,Home Office,United States,Los Angeles,California,90032.0,West,OFF-PA-10000743,Office Supplies,Paper,Xerox 1977,13.36,2.0,0.0,6.4128,Legacy,Approved,Check later
9977.0,US-2016-103674,12/6/2016,12/10/2016,Standard Class,AP-10720,Anne Pryor,Home Office,United States,Los Angeles,California,UNKNOWN,West,TEC-PH-10002496,Technology,Phones,Cisco SPA301,249.584,2.0,0.2,31.198,ERP,Pending,Check later
9978.0,US-2016-103674,12/6/2016,12/10/2016,Standard Class,AP-10720,Anne Pryor,Home Office,United States,Los Angeles,California,90032.0,West,OFF-FA-10003467,Office Supplies,Fasteners,"Alliance Big Bands Rubber Bands, 12/Pack",13.86,7.0,0.0,0.0,CRM,Pending,Duplicate?
9979.0,US-2016-103674,12/6/2016,12/10/2016,Standard Class,AP-10720,Anne Pryor,Home Office,United States,Los Angeles,California,90032.0,West,OFF-BI-10003727,Office Supplies,Binders,Avery Durable Slant Ring Binders With Label Holder,13.376,4.0,0.2,4.6816,ERP,Pending,
9980.0,US-2016-103674,12/6/2016,12/10/2016,Standard Class,AP-10720,Anne Pryor,Home Office,United States,Los Angeles,California,90032.0,West,OFF-BI-10002026,Office Supplies,Binders,Ibico Recycled Linen-Style Covers,437.472,14.0,0.2,153.1152,Manual Upload,Rejected,
9981.0,US-2015-151435,9/6/2015,9/9/2015,Second Class,SW-20455,Shaun Weien,Consumer,United States,Lafayette,Louisiana,70506.0,South,FUR-TA-10001039,Furniture,Tables,KI Adjustable-Height Table,85.98,1.0,0.0,22.3548,ERP,,Duplicate?
9982.0,CA-2017-163566,8/3/2017,8/6/2017,First Class,TB-21055,Ted Butterfield,Consumer,United States,Fairfield,Ohio,45014.0,East,OFF-LA-10004484,Office Supplies,Labels,Avery 476,16.52,5.0,0.2,5.369,ERP,Pending,Duplicate?
9983.0,US-2016-157728,9/22/2016,9/28/2016,Standard Class,RC-19960,Ryan Crowe,Consumer,United States,Grand Rapids,Michigan,49505.0,Central,OFF-PA-10002195,Office Supplies,Paper,"RSVP Cards & Envelopes, Blank White, 8-1/2"" X 11"", 24 Cards/25 Envelopes/Set",35.56,7.0,0.0,16.7132,Manual Upload,,
9984.0,US-2016-157728,9/22/2016,9/28/2016,standard class,RC-19960,Ryan Crowe,Consumer,United States,Grand Rapids,Michigan,49505.0,Central,TEC-PH-10001305,Technology,Phones,Panasonic KX TS208W Corded phone,97.98,2.0,0.0,27.4344,ERP,,Duplicate?
9985.0,CA-2015-100251,5/17/2015,5/23/2015,Standard Class,DV-13465,Dianna Vittorini,Consumer,United States,Long Beach,New York,11561.0,East,OFF-LA-10003766,Office Supplies,Labels,Self-Adhesive Removable Labels,31.5,10.0,0.0,15.12,CRM,,Duplicate?
9986.0,CA-2015-100251,5/17/2015,5/23/2015,Standard Class,DV-13465,Dianna Vittorini,Consumer,United States,Long Beach,New York,11561.0,East,OFF-SU-10000898,Office Supplies,Supplies,"Acme Hot Forged Carbon Steel Scissors with Nickel-Plated Handles, 3 7/8"" Cut, 8""L",55.6,4.0,0.0,16.124,Legacy,Pending,
9987.0,CA-2016-125794,9/29/2016,10/3/2016,Standard Class,ML-17410,Maris LaWare,Consumer,United States,Los Angeles,California,90008.0,West,TEC-AC-10003399,Technology,Accessories,Memorex Mini Travel Drive 64 GB USB 2.0 Flash Drive,36.24,1.0,0.0,15.2208,ERP,Approved,Check later
9988.0,CA-2017-163629,11/17/2017,11/21/2017,Standard Class,RA-19885,Ruben Ausman,Corporate,United States,Athens,Georgia,30605.0,South,TEC-AC-10001539,Technology,Accessories,Logitech G430 Surround Sound Gaming Headset with Dolby 7.1 Technology,79.99,1.0,0.0,28.7964,CRM,,Duplicate?
9989.0,CA-2017-163629,11/17/2017,11/21/2017,Standard Class,RA-19885,Ruben Ausman,Corporate,United States,Athens,Georgia,30605.0,SOUTH,TEC-PH-10004006,Technology,Phones,Panasonic KX - TS880B Telephone,206.1,5.0,0.0,55.647,Manual Upload,,Check later
9990.0,CA-2014-110422,1/21/2014,1/23/2014,Second Class,TB-21400,Tom Boeckenhauer,Consumer,United States,Miami,Florida,33180.0,South,FUR-FU-10001889,Furniture,Furnishings,Ultra Door Pull Handle,25.248,3.0,0.2,4.1028,CRM,Rejected,
9991.0,CA-2017-121258,2/26/2017,3/3/2017,Standard Class,DB-13060,Dave Brooks,Consumer,United States,Costa Mesa,California,92627.0,West,FUR-FU-10000747,Furniture,Furnishings,Tenex B1-RE Series Chair Mats for Low Pile Carpets,91.96,2.0,0.0,15.6332,ERP,Rejected,
9992.0,CA-2017-121258,2/26/2017,3/3/2017,Standard Class,DB-13060,Dave Brooks,Consumer,United States,Costa Mesa,California,92627.0,West,TEC-PH-10003645,Technology,Phones,Aastra 57i VoIP phone,258.576,2.0,0.2,19.3932,CRM,,Check later
9993.0,CA-2017-121258,2/26/2017,3/3/2017,Standard Class,DB-13060,Dave Brooks,Consumer,United States,Costa Mesa,California,92627.0,West,OFF-PA-10004041,Office Supplies,Paper,"It's Hot Message Books with Stickers, 2 3/4"" x 5""",29.6,4.0,0.0,13.32,Manual Upload,Rejected,Urgent
9994.0,CA-2017-119914,5/4/2017,5/9/2017,Second Class,CC-12220,Chris Cortes,Consumer,United States,Westminster,California,92683.0,West,OFF-AP-10002684,Office Supplies,Appliances,"Acco 7-Outlet Masterpiece Power Center, Wihtout Fax/Phone Line Protection",243.16,2.0,0.0,72.948,Legacy,Approved,Urgent
,,,,,,,,,,,,,,,,,,,,,Manual Upload,,Check later
,,,,,,,,,,,,,,,,,,,,,ERP,Approved,Check later
,,,,,,,,,,,,,,,,,,,,,Manual Upload,,
,,,,,,,,,,,,,,,,,,,,,CRM,Pending,Check later
,,,,,,,,,,,,,,,,,,,,,CRM,Approved,Urgent
523.0,CA-2017-145142,1/23/2017,1/25/2017,First Class,MC-17605,Matt Connell,Corporate,United States,Detroit,Michigan,48234.0,Central,FUR-TA-10001857,Furniture,Tables,Balt Solid Wood Rectangular Table,210.98,2.0,0.0,21.098,Manual Upload,Rejected,
5668.0,CA-2016-142405,6/11/2016,6/15/2016,Standard Class,SE-20110,Sanjit Engle,Consumer,United States,Seattle,Washington,98103.0,West,OFF-LA-10004093,Office Supplies,Labels,Avery 486,14.62,2.0,0.0,6.8714,Manual Upload,Rejected,Duplicate?
4031.0,CA-2017-124296,12/24/2017,12/28/2017,Standard Class,CS-12355,Christine Sundaresam,Consumer,United States,Lafayette,Louisiana,70506.0,South,FUR-CH-10002439,Furniture,Chairs,"Iceberg Nesting Folding Chair, 19w x 6d x 43h",232.88,4.0,0.0,60.5488,Manual Upload,Rejected,Check later
3199.0,CA-2014-131527,12/1/2014,12/7/2014,Standard Class,TB-21280,Toby Braunhardt,Consumer,United States,Jacksonville,North Carolina,28540.0,South,TEC-PH-10001644,Technology,Phones,"BlueLounge Milo Smartphone Stand, White/Metallic",95.968,4.0,0.2,-9999.0,CRM,,
2903.0,CA-2016-164035,6/12/2016,6/17/2016,Standard Class,CR-12730,Craig Reiter,Consumer,United States,Chicago,Illinois,,Central,OFF-PA-10002160,Office Supplies,Paper,Xerox 1978,23.12,5.0,0.2,8.381,ERP,,Check later
3358.0,CA-2017-100335,9/7/2017,9/13/2017,Standard Class,NF-18595,Nicole Fjeld,Home Office,United States,Chicago,Illinois,60610.0,Central,OFF-PA-10001685,Office Supplies,Paper,Easy-staple paper,73.008,9.0,0.2,26.4654,ERP,,Check later
4357.0,CA-2015-155600,12/4/2015,12/7/2015,Second Class,RO-19780,Rose O'Brian,Consumer,United States,Clarksville,Tennessee,37042.0,South,OFF-AR-10003752,Office Supplies,Art,Deluxe Chalkboard Eraser Cleaner,36.96,4.0,0.2,12.012,ERP,,Urgent
3106.0,CA-2016-103037,7/25/2016,7/29/2016,Standard Class,KH-16630,Ken Heidel,Corporate,United States,Houston,Texas,77070.0,Central,OFF-LA-10004345,Office Supplies,Labels,Avery 493,15.712,4.0,0.2,5.6956,Manual Upload,Approved,
15.0,US-2015-118983,11/22/2015,11/26/2015,Standard Class,HP-14815,Harold Pawlan,Home Office,United States,Fort Worth,Texas,76106.0,Central,OFF-AP-10002311,Office Supplies,Appliances,"Holmes Replacement Filter for HEPA Air Cleaner, Very Large Room, HEPA Filter",68.81,5.0,0.8,-123.858,Manual Upload,,Check later
4305.0,CA-2014-162278,10/26/2014,10/30/2014,Second Class,AH-10585,Angele Hood,Consumer,United States,Seattle,Washington,98105.0,West,FUR-FU-10000448,Furniture,Furnishings,Tenex Chairmats For Use With Carpeted Floors,63.92,4.0,0.0,3.196,Manual Upload,Pending,Check later
1689.0,CA-2017-143798,12/10/2017,12/12/2017,First Class,AW-10840,Anthony Witt,Consumer,United States,Philadelphia,Pennsylvania,19140.0,East,FUR-FU-10004306,Furniture,Furnishings,Electrix Halogen Magnifier Lamp,310.88,2.0,0.2,23.316,ERP,Rejected,Duplicate?
8773.0,CA-2017-115882,9/14/2017,9/17/2017,First Class,DB-13555,Dorothy Badders,Corporate,United States,Raleigh,North Carolina,27604.0,South,OFF-PA-10001125,Office Supplies,Paper,Xerox 1988,74.352,3.0,0.2,23.235,CRM,Rejected,Duplicate?
5244.0,CA-2016-149454,7/25/2016,7/26/2016,First Class,KM-16375,Katherine Murray,Home Office,United States,Arlington,Virginia,22204.0,South,OFF-BI-10003694,Office Supplies,Binders,"Avery 3 1/2"" Diskette Storage Pages, 10/Pack",10.44,1.0,0.0,4.8024,Manual Upload,,Duplicate?
382.0,CA-2016-134775,10/28/2016,10/29/2016,First Class,AS-10285,Alejandro Savely,Corporate,United States,San Francisco,California,94109.0,West,OFF-PA-10004734,Office Supplies,Paper,Southworth Structures Collection,50.96,7.0,0.0,25.48,Legacy,Pending,Duplicate?
920.0,CA-2016-165218,3/5/2016,3/11/2016,Standard Class,RW-19630,Rob Williams,Corporate,United States,Dallas,Texas,75220.0,Central,OFF-ST-10001558,Office Supplies,Storage,Acco Perma 4000 Stacking Storage Drawers,12.992,1.0,0.2,-0.812,CRM,Pending,
5396.0,CA-2014-104829,11/18/2014,11/21/2014,Second Class,JG-15805,John Grady,Corporate,United States,Provo,Utah,84604.0,West,OFF-PA-10003016,Office Supplies,Paper,"Adams ""While You Were Out"" Message Pads",21.98,7.0,0.0,9.891,Manual Upload,,Duplicate?
3258.0,US-2016-161844,12/9/2016,12/14/2016,Second Class,DK-12835,Damala Kotsonis,Corporate,United States,Franklin,Tennessee,37064.0,South,FUR-TA-10001676,Furniture,Tables,Hon 61000 Series Interactive Training Tables,79.974,3.0,0.4,-29.3238,CRM,,
6178.0,CA-2015-158421,9/21/2015,9/26/2015,Standard Class,GB-14575,Giulietta Baptist,Consumer,United States,Columbia,South Carolina,29203.0,South,OFF-EN-10001453,Office Supplies,Envelopes,"Tyvek Interoffice Envelopes, 9 1/2"" x 12 1/2"", 100/Box",121.96,2.0,0.0,57.3212,Manual Upload,Pending,
9135.0,CA-2016-124254,4/12/2016,4/17/2016,Standard Class,TB-21175,Thomas Boland,Corporate,United States,Wilson,North Carolina,27893.0,South,OFF-ST-10001469,Office Supplies,Storage,Fellowes Bankers Box Recycled Super Stor/Drawer,129.552,3.0,0.2,-22.6716,ERP,,Duplicate?
9313.0,CA-2017-148642,03/06/2017,3/12/2017,Standard Class,DW-13540,Don Weiss,Consumer,United States,Dallas,Texas,75220.0,Central,OFF-AR-10000588,Office Supplies,Art,Newell 345,63.488,4.0,0.2,50000.0,Manual Upload,Approved,Duplicate?
6192.0,CA-2017-107986,12/13/2017,12/13/2017,Same Day,MW-18220,Mitch Webber,Consumer,United States,Seattle,Washington,98103.0,West,OFF-ST-10001325,Office Supplies,Storage,Sterilite Officeware Hinged File Box,31.44,3.0,0.0,8.4888,Manual Upload,Rejected,Duplicate?
4493.0,CA-2014-150798,12/1/2014,12/3/2014,Second Class,JK-15730,Joe Kamberova,Consumer,United States,Columbus,Ohio,43229.0,East,FUR-FU-10000221,Furniture,Furnishings,"Master Caster Door Stop, Brown",8.128,2.0,0.2,1.4224,Legacy,Pending,
4664.0,CA-2016-111409,9/18/2016,9/22/2016,Standard Class,PO-18850,Patrick O'Brill,Consumer,United States,Jacksonville,Florida,32216.0,South,OFF-LA-10002787,Office Supplies,Labels,Avery 480,3.0,1.0,0.2,1.05,ERP,,Check later
149.0,CA-2016-114489,12/5/2016,12/9/2016,Standard Class,JE-16165,Justin Ellison,Corporate,United States,Franklin,Wisconsin,53132.0,Central,TEC-PH-10001448,Technology,Phones,Anker Astro 15000mAh USB Portable Charger,149.97,3.0,0.0,5.9988,Manual Upload,,
5219.0,CA-2017-167080,6/10/2017,6/14/2017,Standard Class,LC-16930,Linda Cazamias,Corporate,United States,New York City,New York,10011.0,East,OFF-AR-10001868,Office Supplies,Art,Prang Dustless Chalk Sticks,8.4,5.0,0.0,4.2,ERP,Rejected,Check later
2566.0,CA-2017-109589,12/21/2017,12/24/2017,First Class,BD-11635,Brian Derr,Consumer,United States,Bowling Green,Kentucky,42104.0,South,TEC-AC-10003116,Technology,Accessories,Memorex Froggy Flash Drive 8 GB,71.0,4.0,0.0,27.69,Legacy,Rejected,
5119.0,CA-2015-127173,9/26/2015,10/3/2015,Standard Class,GM-14500,Gene McClure,Consumer,United States,Oceanside,New York,11572.0,East,TEC-MA-10002859,Technology,Machines,Ativa MDM8000 8-Sheet Micro-Cut Shredder,629.93,7.0,0.0,296.0671,CRM,Rejected,Duplicate?
1972.0,CA-2017-140242,5/6/2017,5/11/2017,Standard Class,ML-17755,Max Ludwig,Home Office,United States,Chicago,Illinois,60623.0,Central,TEC-AC-10004659,Technology,Accessories,Imation Secure+ Hardware Encrypted USB 2.0 Flash Drive; 16GB,408.744,7.0,0.2,76.6395,ERP,,Duplicate?
957.0,CA-2017-102414,5/15/2017,5/18/2017,Second Class,JA-15970,Joseph Airdo,Consumer,United States,Phoenix,Arizona,85023.0,West,TEC-PH-10002923,Technology,Phones,"Logitech B530 USB Headset - headset - Full size, Binaural",29.592,1.0,0.2,2.5893,Manual Upload,Pending,Check later
7470.0,CA-2014-138100,9/15/2014,9/20/2014,Standard Class,AA-10315,Alex Avila,Consumer,United States,New York City,New York,10011.0,East,FUR-FU-10002456,Furniture,Furnishings,"Master Caster Door Stop, Large Neon Orange",14.56,2.0,0.0,6.2608,Manual Upload,Approved,
4431.0,CA-2016-168893,11/3/2016,11/8/2016,Second Class,AP-10915,Arthur Prichep,Consumer,United States,Henderson,Kentucky,42420.0,South,OFF-FA-10002280,Office Supplies,Fasteners,Advantus Plastic Paper Clips,20.0,4.0,0.0,9.6,ERP,Rejected,Duplicate?
6449.0,US-2017-119816,3/4/2017,3/6/2017,Second Class,TT-21460,Tonja Turnell,Home Office,United States,Houston,Texas,77095.0,Central,OFF-ST-10000918,Office Supplies,Storage,Crate-A-Files,8.72,1.0,0.2,0.654,Legacy,Rejected,Urgent
2253.0,CA-2016-117849,4/15/2016,4/17/2016,Second Class,JK-16120,Julie Kriz,Home Office,United States,San Diego,California,92105.0,West,OFF-PA-10004327,Office Supplies,Paper,Xerox 1911,143.7,3.0,0.0,68.976,ERP,Approved,Check later
7728.0,US-2015-150231,3/16/2015,3/20/2015,Second Class,JK-15640,Jim Kriz,Home Office,United States,New York City,New York,10009.0,East,OFF-AR-10001761,Office Supplies,Art,Avery Hi-Liter Smear-Safe Highlighters,17.52,3.0,0.0,-9999.0,ERP,,Duplicate?
3362.0,US-2015-142020,6/4/2015,6/8/2015,Second Class,TC-21535,Tracy Collins,Home Office,United States,New York City,New York,10024.0,East,FUR-FU-10000672,Furniture,Furnishings,"Executive Impressions 10"" Spectator Wall Clock",35.28,3.0,0.0,11.9952,Manual Upload,,
891.0,CA-2017-132934,6/20/2017,2017-06-26,Standard Class,JE-15475,Jeremy Ellison,Consumer,United States,New Rochelle,New York,10801.0,East,OFF-BI-10001098,Office Supplies,Binders,Acco D-Ring Binder w/DublLock,51.312,3.0,0.2,18.6006,Manual Upload,Pending,
3590.0,CA-2017-146535,11/24/2017,11/30/2017,Standard Class,FM-14290,Frank Merwin,Home Office,United States,Richmond,Kentucky,40475.0,South,OFF-BI-10000546,Office Supplies,Binders,Avery Durable Binders,2.88,1.0,0.0,1.4112,Legacy,Pending,
1104.0,US-2017-145863,4/21/2017,4/27/2017,Standard Class,RP-19390,Resi Pölking,Consumer,United States,HOUSTN,Texas,77041.0,Central,OFF-BI-10002049,Office Supplies,Binders,UniKeep View Case Binders,2.934,3.0,0.8,-4.9878,CRM,Pending,Duplicate?
4986.0,CA-2014-125171,9/3/2014,9/3/2014,Same Day,AG-10390,Allen Goldenen,Consumer,United States,New York City,New York,10009.0,East,OFF-LA-10001175,Office Supplies,Labels,Avery 514,14.4,5.0,0.0,7.056,Legacy,,
2217.0,CA-2017-129378,10/1/2017,10/2/2017,First Class,NS-18505,Neola Schneider,Consumer,United States,San Jose,California,95123.0,West,FUR-CH-10000553,Furniture,Chairs,"Metal Folding Chairs, Beige, 4/Carton",108.608,4.0,0.2,9.5032,ERP,,Check later
6244.0,CA-2016-165561,11/24/2016,11/28/2016,Standard Class,CR-12580,Clay Rozendal,Home Office,United States,Bellevue,Washington,98006.0,West,OFF-SU-10004782,Office Supplies,Supplies,"Elite 5"" Scissors",25.35,3.0,0.0,7.605,Legacy,,
8520.0,CA-2017-118003,12/4/2017,12/10/2017,Standard Class,DO-13645,Doug O'Connell,Consumer,United States,Paterson,New Jersey,7501.0,East,FUR-CH-10003817,Furniture,Chairs,"Global Value Steno Chair, Gray",182.22,3.0,0.0,45.555,Legacy,Pending,Duplicate?
4700.0,CA-2017-140298,5/11/2017,5/17/2017,Standard Class,JK-16120,Julie Kriz,Home Office,United States,Austin,Texas,78745.0,Central,OFF-AR-10003481,Office Supplies,Art,Newell 348,5.248,2.0,0.2,0.5904,ERP,Pending,
8295.0,US-2017-146906,3/13/2017,3/17/2017,Standard Class,MT-17815,Meg Tillman,Consumer,United States,New York City,New York,10011.0,East,TEC-PH-10001809,Technology,Phones,Panasonic KX T7736-B Digital phone,299.9,2.0,0.0,74.975,Manual Upload,Rejected,Urgent
69.0,CA-2014-106376,12/5/2014,12/10/2014,Standard Class,BS-11590,Brendan Sweed,Corporate,United States,Gilbert,Arizona,85234.0,West,TEC-PH-10002726,Technology,Phones,netTALK DUO VoIP Telephone Service,167.968,4.0,0.2,62.988,ERP,Approved,
8989.0,CA-2015-123092,12/3/2015,12/7/2015,Standard Class,JG-15115,Jack Garza,Consumer,United States,Jacksonville,North Carolina,28540.0,South,OFF-AR-10004078,Office Supplies,Art,Newell 312,9.344,2.0,0.2,1.168,CRM,Approved,
9755.0,CA-2017-113705,3/27/2017,3/29/2017,Second Class,LC-16870,Lena Cacioppo,Consumer,United States,Richmond,Virginia,23223.0,South,OFF-BI-10001679,Office Supplies,Binders,GBC Instant Index System for Binding Systems,17.76,2.0,0.0,8.88,ERP,,Duplicate?
5175.0,CA-2017-106432,10/19/2017,10/24/2017,Standard Class,CA-12265,Christina Anderson,Consumer,United States,Waco,Texas,76706.0,Central,OFF-BI-10002799,Office Supplies,Binders,"SlimView Poly Binder, 3/8""",2.072,2.0,0.8,-3.5224,CRM,Rejected,
2639.0,CA-2017-108441,6/12/2017,6/18/2017,Standard Class,SB-20170,Sarah Bern,Consumer,United States,New York City,New York,10035.0,East,OFF-BI-10000848,Office Supplies,Binders,Angle-D Ring Binders,13.128,3.0,0.2,4.2666,ERP,Approved,
7425.0,CA-2017-135069,4/10/2017,4/14/2017,Standard Class,BS-11755,Bruce Stewart,Consumer,United States,Philadelphia,Pennsylvania,19143.0,East,FUR-FU-10003878,Furniture,Furnishings,"Linden 10"" Round Wall Clock, Black",36.672,3.0,0.2,6.4176,ERP,,
5178.0,CA-2016-123015,12/26/2016,12/30/2016,Standard Class,AJ-10795,Anthony Johnson,Corporate,United States,New York City,New York,10024.0,East,OFF-BI-10004967,Office Supplies,Binders,Round Ring Binders,4.992,3.0,0.2,1.6848,Legacy,Pending,Check later
714.0,US-2017-100048,5/19/2017,5/24/2017,Standard Class,RS-19765,Roland Schwarz,Corporate,United States,Mount Vernon,New York,10550.0,East,TEC-PH-10003012,Technology,Phones,Nortel Meridian M3904 Professional Digital phone,307.98,2.0,0.0,89.3142,ERP,Rejected,Duplicate?
2670.0,US-2015-139759,8/25/2015,8/30/2015,Standard Class,NL-18310,Nancy Lomonaco,Home Office,United States,Los Angeles,California,90045.0,West,OFF-AP-10002765,Office Supplies,Appliances,Fellowes Advanced Computer Series Surge Protectors,105.96,4.0,0.0,29.6688,Manual Upload,Pending,Duplicate?
8835.0,US-2017-132675,9/24/2017,9/28/2017,Standard Class,KF-16285,Karen Ferguson,Home Office,United States,Sandy Springs,Georgia,30328.0,South,TEC-PH-10003171,Technology,Phones,Plantronics Encore H101 Dual Earpieces Headset,89.9,2.0,0.0,25.172,Legacy,,Urgent
4757.0,CA-2017-169817,9/21/2017,9/25/2017,Standard Class,EB-13870,Emily Burns,Consumer,United States,Philadelphia,Pennsylvania,19143.0,East,OFF-BI-10004141,Office Supplies,Binders,Insertable Tab Indexes For Data Binders,1.908,2.0,0.7,-1.5264,CRM,,
4237.0,CA-2016-162404,7/23/2016,7/27/2016,Standard Class,NF-18475,Neil Französisch,Home Office,United States,Rockford,Illinois,00000,Central,OFF-BI-10000948,Office Supplies,Binders,"GBC Laser Imprintable Binding System Covers, Desert Sand",11.416,4.0,0.8,-18.8364,Manual Upload,Rejected,
2515.0,CA-2016-124506,11/11/2016,11/17/2016,Standard Class,BB-11545,Brenda Bowman,Corporate,United States,Chicago,Illinois,60623.0,Central,FUR-CH-10004540,Furniture,Chairs,Global Chrome Stack Chair,47.992,2.0,0.3,-2.0568,CRM,Pending,
3446.0,CA-2015-131779,6/12/2015,6/17/2015,Standard Class,LE-16810,Laurel Elliston,Consumer,United States,Newark,Delaware,19711.0,East,OFF-ST-10001505,Office Supplies,Storage,"Perma STOR-ALL Hanging File Box, 13 1/8""W x 12 1/4""D x 10 1/2""H",29.9,5.0,0.0,5.083,Legacy,Approved,Check later
6464.0,US-2017-133361,5/14/2017,5/17/2017,First Class,AJ-10780,Anthony Jacobs,Corporate,United States,Baltimore,Maryland,21215.0,East,OFF-LA-10004544,Office Supplies,Labels,Avery 505,74.0,5.0,0.0,37.0,CRM,Rejected,
2041.0,CA-2015-122287,6/18/2015,6/23/2015,Standard Class,SN-20560,Skye Norling,Home Office,United States,Peoria,Arizona,85345.0,West,OFF-BI-10003707,Office Supplies,Binders,Aluminum Screw Posts,9.156,2.0,0.7,-6.104,ERP,Pending,
9762.0,CA-2014-121762,2/14/2014,2/18/2014,Standard Class,ML-17395,Marina Lichtenstein,Corporate,United States,Seattle,Washington,98103.0,West,TEC-AC-10000736,Technology,Accessories,Logitech G600 MMO Gaming Mouse,239.97,3.0,0.0,0.0,CRM,Pending,Urgent
2762.0,CA-2017-126536,10/12/2017,10/14/2017,First Class,NK-18490,Neil Knudson,Home Office,United States,San Francisco,California,94110.0,West,TEC-AC-10003709,Technology,Accessories,Maxell 4.7GB DVD-R 5/Pack,0.99,1.0,0.0,0.4356,CRM,Rejected,Duplicate?
5629.0,CA-2017-148810,6/26/2017,7/1/2017,Standard Class,DR-12880,Dan Reichenbach,Corporate,United States,Miami,Florida,33180.0,South,FUR-CH-10001545,Furniture,Chairs,Hon Comfortask Task/Swivel Chairs,273.552,3.0,0.2,-13.6776,Manual Upload,,Duplicate?
8892.0,CA-2016-162159,9/16/2016,9/18/2016,First Class,CR-12625,Corey Roper,Home Office,United States,Columbus,Georgia,31907.0,South,FUR-CH-10001146,Furniture,Chairs,"Global Value Mid-Back Manager's Chair, Gray",121.78,2.0,0.0,30.445,Legacy,,Check later
1696.0,CA-2015-156335,9/25/2015,9/28/2015,Second Class,PO-19195,Phillina Ober,Home Office,United States,Bayonne,New Jersey,7002.0,East,OFF-BI-10003314,Office Supplies,Binders,Tuff Stuff Recycled Round Ring Binders,14.46,3.0,0.0,7.0854,Legacy,Pending,Check later
5207.0,CA-2015-102015,9/12/2015,9/18/2015,Standard Class,TM-21010,Tamara Manning,Consumer,United States,Auburn,New York,13021.0,East,OFF-FA-10000490,Office Supplies,Fasteners,"OIC Binder Clips, Mini, 1/4"" Capacity, Black",1.24,1.0,0.0,0.5828,Manual Upload,Pending,
3885.0,CA-2014-152849,7/5/2014,7/12/2014,Standard Class,DW-13195,David Wiener,Corporate,United States,Knoxville,Tennessee,37918.0,South,OFF-AR-10002833,Office Supplies,Art,Newell 322,4.368,3.0,0.2,0.3822,Manual Upload,,
3077.0,CA-2014-143903,7/20/2014,7/24/2014,Standard Class,KM-16375,Katherine Murray,Home Office,United States,Dallas,Texas,75217.0,Central,FUR-FU-10003724,Furniture,Furnishings,Westinghouse Clip-On Gooseneck Lamps,16.74,5.0,0.6,-14.229,ERP,Pending,Urgent
6820.0,CA-2017-163860,12/28/2017,1/1/2018,Standard Class,LO-17170,Lori Olson,Corporate,United States,Peoria,Illinois,61604.0,Central,FUR-FU-10004586,Furniture,Furnishings,G.E. Longer-Life Indoor Recessed Floodlight Bulbs,7.968,3.0,0.6,-2.3904,CRM,Pending,
203.0,CA-2014-133690,8/3/2014,8/5/2014,First Class,BS-11755,Bruce Stewart,Consumer,United States,Denver,Colorado,80219.0,West,OFF-AP-10003622,Office Supplies,Appliances,"Bravo II Megaboss 12-Amp Hard Body Upright, Replacement Belts, 2 Belts per Pack",2.6,1.0,0.2,0.2925,ERP,Pending,
2896.0,CA-2017-139913,10/23/2017,10/29/2017,Standard Class,JC-16105,Julie Creighton,Corporate,United States,Rochester,New York,14609.0,East,TEC-PH-10001552,Technology,Phones,I Need's 3d Hello Kitty Hybrid Silicone Case Cover for HTC One X 4g with 3d Hello Kitty Stylus Pen Green/pink,35.88,3.0,0.0,10.0464,CRM,,
2201.0,US-2014-165659,6/1/2014,6/6/2014,Standard Class,LT-17110,Liz Thompson,Consumer,United States,Little Rock,Arkansas,72209.0,South,FUR-FU-10001935,Furniture,Furnishings,3M Hangers With Command Adhesive,22.2,6.0,0.0,9.102,Manual Upload,Pending,
8120.0,CA-2016-116722,11/11/2016,11/16/2016,Standard Class,LP-17080,Liz Pelletier,Consumer,United States,San Francisco,California,94110.0,West,FUR-FU-10001934,Furniture,Furnishings,Magnifier Swing Arm Lamp,41.96,2.0,0.0,10.9096,ERP,Rejected,Urgent
3529.0,CA-2016-130680,6/24/2016,6/29/2016,Standard Class,BD-11320,Bill Donatelli,Consumer,United States,San Diego,California,92024.0,West,TEC-PH-10004833,Technology,Phones,Macally Suction Cup Mount,38.24,4.0,0.2,-9.56,Manual Upload,Approved,Urgent
9725.0,CA-2015-117898,12/5/2015,12/11/2015,Standard Class,TB-21250,Tim Brockman,Consumer,United States,Bloomington,Illinois,61701.0,Central,OFF-EN-10004459,Office Supplies,Envelopes,Security-Tint Envelopes,12.224,2.0,0.2,4.4312,Manual Upload,Approved,
3658.0,CA-2015-128083,3/12/2015,3/17/2015,Standard Class,EB-13750,Edward Becker,Corporate,United States,Plantation,Florida,33317.0,South,OFF-EN-10004030,Office Supplies,Envelopes,Convenience Packs of Business Envelopes,8.688,3.0,0.2,2.9322,Manual Upload,Pending,Urgent
8832.0,CA-2015-145324,11/15/2015,11/19/2015,Standard Class,DH-13675,Duane Huffman,Home Office,United States,Harrisonburg,Virginia,22801.0,South,FUR-FU-10002759,Furniture,Furnishings,12-1/2 Diameter Round Wall Clock,39.96,2.0,0.0,14.3856,Legacy,Pending,Duplicate?
1819.0,US-2014-130379,5/25/2014,5/29/2014,Standard Class,JL-15235,Janet Lee,Consumer,United States,Chicago,Illinois,60623.0,Central,OFF-AP-10001394,Office Supplies,Appliances,Harmony Air Purifier,75.6,2.0,0.8,-166.32,Legacy,Pending,
6479.0,CA-2017-140872,6/3/2017,6/10/2017,Standard Class,NR-18550,Nick Radford,Consumer,United States,Pembroke Pines,Florida,33024.0,South,OFF-PA-10000809,Office Supplies,Paper,Xerox 206,15.552,3.0,0.2,5.4432,Manual Upload,Rejected,
2042.0,CA-2015-122287,6/18/2015,6/23/2015,Standard Class,SN-20560,Skye Norling,Home Office,United States,Peoria,Arizona,85345.0,West,FUR-FU-10004973,Furniture,Furnishings,Flat Face Poster Frame,75.36,5.0,0.2,20.724,ERP,Approved,
8085.0,CA-2015-150714,10/26/2015,11/1/2015,Standard Class,KH-16690,Kristen Hastings,Corporate,United States,Springfield,Oregon,97477.0,West,OFF-ST-10001809,Office Supplies,Storage,Fellowes Officeware Wire Shelving,718.64,10.0,0.2,-161.694,Legacy,,
7605.0,CA-2016-101791,5/27/2016,5/31/2016,Standard Class,BS-11665,Brian Stugart,Consumer,United States,Chicago,Illinois,60623.0,Central,FUR-FU-10003247,Furniture,Furnishings,36X48 HARDFLOOR CHAIRMAT,25.176,3.0,0.6,-33.3582,Legacy,Rejected,Check later
6245.0,CA-2015-112305,11/20/2015,11/25/2015,Standard Class,KB-16405,Katrina Bavinger,Home Office,United States,Seattle,Washington,98105.0,West,OFF-AR-10002067,Office Supplies,Art,Newell 334,119.04,6.0,0.0,30.9504,CRM,Pending,Duplicate?
9859.0,CA-2017-113278,1/14/2017,1/20/2017,Standard Class,HR-14770,Hallie Redmond,Home Office,United States,Richmond,Indiana,47374.0,Central,OFF-ST-10001590,Office Supplies,Storage,"Tenex Personal Project File with Scoop Front Design, Black",67.4,5.0,0.0,17.524,Legacy,Approved,
1184.0,CA-2017-138779,1/14/2017,1/15/2017,First Class,RB-19570,Rob Beeghly,Consumer,United States,Jacksonville,North Carolina,28540.0,South,TEC-PH-10003655,Technology,Phones,Sannysis Cute Owl Design Soft Skin Case Cover for Samsung Galaxy S4,7.92,5.0,0.2,0.693,CRM,,Urgent
9259.0,CA-2014-168368,2/11/2014,2/15/2014,Second Class,GA-14725,Guy Armstrong,Consumer,United States,Columbia,Missouri,65203.0,Central,OFF-BI-10004654,Office Supplies,Binders,VariCap6 Expandable Binder,51.9,3.0,0.0,24.393,Manual Upload,,Urgent
498.0,CA-2016-126158,7/25/2016,7/31/2016,Standard Class,SC-20095,Sanjit Chand,Consumer,United States,Costa Mesa,California,92627.0,West,FUR-FU-10004864,Furniture,Furnishings,"Howard Miller 14-1/2"" Diameter Chrome Round Wall Clock",255.76,4.0,0.0,81.8432,ERP,Pending,Urgent
2136.0,CA-2015-122210,11/30/2015,12/4/2015,Standard Class,WB-21850,William Brown,Consumer,United States,Philadelphia,Pennsylvania,19134.0,East,TEC-PH-10002807,Technology,Phones,Motorla HX550 Universal Bluetooth Headset,94.92,4.0,0.4,15.82,Legacy,Approved,
5933.0,US-2017-169551,7/7/2017,7/9/2017,First Class,RL-19615,Rob Lucas,Consumer,United States,Philadelphia,Pennsylvania,19120.0,East,OFF-ST-10004835,Office Supplies,Storage,Plastic Stacking Crates & Casters,13.392,3.0,0.2,1.0044,Legacy,Rejected,
2501.0,CA-2017-131618,6/17/2017,6/20/2017,First Class,LS-17200,Luke Schmidt,Corporate,United States,Skokie,Illinois,60076.0,Central,OFF-PA-10001892,Office Supplies,Paper,"Rediform Wirebound ""Phone Memo"" Message Book, 11 x 5-3/4",12.224,2.0,0.2,4.4312,ERP,Pending,Check later
7157.0,CA-2017-126718,29-04-2017,5/4/2017,Standard Class,KT-16480,Kean Thornton,Consumer,United States,Orange,New Jersey,7050.0,East,OFF-LA-10004055,Office Supplies,Labels,Color-Coded Legal Exhibit Labels,4.91,1.0,0.0,2.4059,CRM,Approved,Check later
8964.0,CA-2016-157280,11/5/2016,11/7/2016,First Class,LW-17125,Liz Willingham,Consumer,United States,Virginia Beach,Virginia,23464.0,South,TEC-AC-10000057,Technology,Accessories,Microsoft Natural Ergonomic Keyboard 4000,89.97,3.0,0.0,18.8937,Manual Upload,Pending,
3426.0,CA-2015-153381,9/24/2015,9/28/2015,Standard Class,DE-13255,Deanra Eno,Home Office,United States,Dubuque,Iowa,52001.0,Central,OFF-BI-10001525,Office Supplies,Binders,"Acco Pressboard Covers with Storage Hooks, 14 7/8"" x 11"", Executive Red",15.24,4.0,0.0,6.858,Manual Upload,,
104.0,US-2015-156867,11/13/2015,11/17/2015,Standard Class,LC-16870,Lena Cacioppo,Consumer,United States,Aurora,Colorado,80013.0,West,TEC-AC-10001552,Technology,Accessories,Logitech K350 2.4Ghz Wireless Keyboard,238.896,6.0,0.2,-26.8758,CRM,Approved,Check later
4079.0,CA-2015-100685,12/19/2015,12/21/2015,Second Class,SM-20950,Suzanne McNair,Corporate,United States,Omaha,Nebraska,68104.0,Central,OFF-PA-10001289,Office Supplies,Paper,White Computer Printout Paper by Universal,116.28,3.0,0.0,56.9772,CRM,Rejected,Urgent
5356.0,CA-2014-113768,5/13/2014,5/19/2014,Standard Class,AH-10030,Aaron Hawkins,Corporate,United States,Los Angeles,California,90004.0,West,OFF-PA-10003063,Office Supplies,Paper,EcoTones Memo Sheets,8.0,2.0,0.0,3.84,Legacy,Rejected,Duplicate?
4699.0,US-2015-138121,12/17/2015,12/17/2015,Same Day,JL-15835,John Lee,Consumer,United States,Detroit,Michigan,48205.0,Central,FUR-FU-10002116,Furniture,Furnishings,"Tenex Carpeted, Granite-Look or Clear Contemporary Contour Shape Chair Mats",212.13,3.0,0.0,14.8491,Legacy,Pending,Duplicate?
1648.0,CA-2015-105221,11/1/2015,11/3/2015,First Class,VM-21685,Valerie Mitchum,Home Office,United States,Philadelphia,Pennsylvania,19140.0,East,OFF-FA-10001135,Office Supplies,Fasteners,"Brites Rubber Bands, 1 1/2 oz. Box",3.168,2.0,0.2,-0.7128,Manual Upload,Pending,Check later
2131.0,US-2014-114188,5/20/2014,5/22/2014,Second Class,RF-19345,Randy Ferguson,Corporate,United States,Dover,New Hampshire,3820.0,East,OFF-AR-10004511,Office Supplies,Art,"Sanford Colorific Scented Colored Pencils, 12/Pack",38.52,9.0,0.0,11.9412,CRM,,Duplicate?
6769.0,CA-2014-109302,8/12/2014,Aug 16 2014,Standard Class,CS-12175,Charles Sheldon,Corporate,United States,Lakewood,New Jersey,8701.0,East,OFF-BI-10002854,Office Supplies,Binders,"Performers Binder/Pad Holder, Black",196.21,7.0,0.0,98.105,Legacy,Approved,Check later
